<?xml version="1.0" encoding="UTF-8"?>
<!-- track-length = 489220 filtered ascend = 3045 plain-ascend = -349 cost=666593 energy=2.6kwh time=26h 17m  -->
<gpx 
 xmlns="http://www.topografix.com/GPX/1/1" 
 xmlns:xsi="http://www.w3.org/2001/XMLSchema-instance" 
 xsi:schemaLocation="http://www.topografix.com/GPX/1/1 http://www.topografix.com/GPX/1/1/gpx.xsd" 
 version="1.1" 
 creator="BRouter-Web 99.71.0">
 <trk>
  <name>Clermont-Ferrand - Marseille (489.2km)</name>
  <link href="https://brouter.damsy.net/latest/#map=13/45.7800/3.1075/standard,Waymarked_Trails-Cycling&amp;lonlats=3.104808,45.781627;5.363056,43.298167">
   <text>BRouter-Web</text>
  </link>
  <trkseg>
   <trkpt lat="45.781605" lon="3.104829"><ele>353.75</ele></trkpt>
   <trkpt lat="45.781492" lon="3.104607"><ele>354</ele></trkpt>
   <trkpt lat="45.781428" lon="3.104475"><ele>354</ele></trkpt>
   <trkpt lat="45.781321" lon="3.104342"><ele>354.5</ele></trkpt>
   <trkpt lat="45.781286" lon="3.104323"><ele>354.75</ele></trkpt>
   <trkpt lat="45.781235" lon="3.104143"><ele>355</ele></trkpt>
   <trkpt lat="45.781214" lon="3.104102"><ele>355</ele></trkpt>
   <trkpt lat="45.781189" lon="3.104052"><ele>355</ele></trkpt>
   <trkpt lat="45.779956" lon="3.101642"><ele>358</ele></trkpt>
   <trkpt lat="45.77975" lon="3.101228"><ele>358</ele></trkpt>
   <trkpt lat="45.779563" lon="3.100863"><ele>358</ele></trkpt>
   <trkpt lat="45.779508" lon="3.10077"><ele>358</ele></trkpt>
   <trkpt lat="45.779472" lon="3.100704"><ele>358</ele></trkpt>
   <trkpt lat="45.779386" lon="3.100561"><ele>358</ele></trkpt>
   <trkpt lat="45.779222" lon="3.100228"><ele>358</ele></trkpt>
   <trkpt lat="45.779131" lon="3.100059"><ele>358</ele></trkpt>
   <trkpt lat="45.779061" lon="3.099985"><ele>358</ele></trkpt>
   <trkpt lat="45.778982" lon="3.099831"><ele>358</ele></trkpt>
   <trkpt lat="45.778966" lon="3.099789"><ele>358</ele></trkpt>
   <trkpt lat="45.778955" lon="3.099709"><ele>358</ele></trkpt>
   <trkpt lat="45.778942" lon="3.09968"><ele>358</ele></trkpt>
   <trkpt lat="45.778742" lon="3.099255"><ele>358.75</ele></trkpt>
   <trkpt lat="45.778716" lon="3.0992"><ele>358.75</ele></trkpt>
   <trkpt lat="45.778672" lon="3.099115"><ele>359</ele></trkpt>
   <trkpt lat="45.778586" lon="3.098951"><ele>358.75</ele></trkpt>
   <trkpt lat="45.778235" lon="3.098273"><ele>360.25</ele></trkpt>
   <trkpt lat="45.777761" lon="3.097349"><ele>362.5</ele></trkpt>
   <trkpt lat="45.777682" lon="3.09719"><ele>363</ele></trkpt>
   <trkpt lat="45.777508" lon="3.096827"><ele>363.25</ele></trkpt>
   <trkpt lat="45.777454" lon="3.096696"><ele>363.75</ele></trkpt>
   <trkpt lat="45.777414" lon="3.096578"><ele>364</ele></trkpt>
   <trkpt lat="45.777388" lon="3.096438"><ele>364.25</ele></trkpt>
   <trkpt lat="45.777393" lon="3.096211"><ele>364.75</ele></trkpt>
   <trkpt lat="45.777394" lon="3.096096"><ele>365</ele></trkpt>
   <trkpt lat="45.777307" lon="3.096087"><ele>365</ele></trkpt>
   <trkpt lat="45.777217" lon="3.09608"><ele>364.75</ele></trkpt>
   <trkpt lat="45.777179" lon="3.096088"><ele>364.75</ele></trkpt>
   <trkpt lat="45.777073" lon="3.096109"><ele>364.25</ele></trkpt>
   <trkpt lat="45.777033" lon="3.096108"><ele>364.25</ele></trkpt>
   <trkpt lat="45.776343" lon="3.095995"><ele>365.25</ele></trkpt>
   <trkpt lat="45.776289" lon="3.095916"><ele>365.25</ele></trkpt>
   <trkpt lat="45.776227" lon="3.095914"><ele>365</ele></trkpt>
   <trkpt lat="45.776123" lon="3.095907"><ele>364.75</ele></trkpt>
   <trkpt lat="45.776052" lon="3.095943"><ele>364.5</ele></trkpt>
   <trkpt lat="45.776002" lon="3.095947"><ele>364.75</ele></trkpt>
   <trkpt lat="45.775696" lon="3.095918"><ele>365</ele></trkpt>
   <trkpt lat="45.775588" lon="3.095899"><ele>365</ele></trkpt>
   <trkpt lat="45.775582" lon="3.095898"><ele>365</ele></trkpt>
   <trkpt lat="45.775492" lon="3.09588"><ele>365</ele></trkpt>
   <trkpt lat="45.77538" lon="3.095807"><ele>365</ele></trkpt>
   <trkpt lat="45.775281" lon="3.095711"><ele>365.25</ele></trkpt>
   <trkpt lat="45.775216" lon="3.095624"><ele>365.75</ele></trkpt>
   <trkpt lat="45.775196" lon="3.095646"><ele>365.75</ele></trkpt>
   <trkpt lat="45.775144" lon="3.095686"><ele>365.75</ele></trkpt>
   <trkpt lat="45.775029" lon="3.095727"><ele>365.75</ele></trkpt>
   <trkpt lat="45.774888" lon="3.095675"><ele>366.25</ele></trkpt>
   <trkpt lat="45.774881" lon="3.095721"><ele>366.25</ele></trkpt>
   <trkpt lat="45.774864" lon="3.095843"><ele>366.25</ele></trkpt>
   <trkpt lat="45.774864" lon="3.095872"><ele>366.25</ele></trkpt>
   <trkpt lat="45.774878" lon="3.095919"><ele>366.25</ele></trkpt>
   <trkpt lat="45.774872" lon="3.095927"><ele>366.25</ele></trkpt>
   <trkpt lat="45.774861" lon="3.095941"><ele>366.5</ele></trkpt>
   <trkpt lat="45.774783" lon="3.096044"><ele>366.75</ele></trkpt>
   <trkpt lat="45.774492" lon="3.096441"><ele>366.75</ele></trkpt>
   <trkpt lat="45.774431" lon="3.096521"><ele>365</ele></trkpt>
   <trkpt lat="45.774245" lon="3.096789"><ele>365.5</ele></trkpt>
   <trkpt lat="45.774116" lon="3.096977"><ele>367</ele></trkpt>
   <trkpt lat="45.773894" lon="3.097292"><ele>367.5</ele></trkpt>
   <trkpt lat="45.773876" lon="3.097317"><ele>367.5</ele></trkpt>
   <trkpt lat="45.773859" lon="3.097343"><ele>367.5</ele></trkpt>
   <trkpt lat="45.773759" lon="3.097529"><ele>367.25</ele></trkpt>
   <trkpt lat="45.773712" lon="3.097621"><ele>367.5</ele></trkpt>
   <trkpt lat="45.773697" lon="3.097645"><ele>367.5</ele></trkpt>
   <trkpt lat="45.773679" lon="3.097673"><ele>367.75</ele></trkpt>
   <trkpt lat="45.773517" lon="3.097929"><ele>367.75</ele></trkpt>
   <trkpt lat="45.773377" lon="3.098101"><ele>367.5</ele></trkpt>
   <trkpt lat="45.773338" lon="3.098163"><ele>367.5</ele></trkpt>
   <trkpt lat="45.773238" lon="3.098323"><ele>368</ele></trkpt>
   <trkpt lat="45.773215" lon="3.098357"><ele>368</ele></trkpt>
   <trkpt lat="45.773043" lon="3.098621"><ele>369</ele></trkpt>
   <trkpt lat="45.773057" lon="3.098669"><ele>368.5</ele></trkpt>
   <trkpt lat="45.773067" lon="3.098702"><ele>368</ele></trkpt>
   <trkpt lat="45.773175" lon="3.099059"><ele>364.5</ele></trkpt>
   <trkpt lat="45.773262" lon="3.099375"><ele>363.25</ele></trkpt>
   <trkpt lat="45.773268" lon="3.099452"><ele>363.25</ele></trkpt>
   <trkpt lat="45.773225" lon="3.099912"><ele>360.5</ele></trkpt>
   <trkpt lat="45.773212" lon="3.099985"><ele>359.75</ele></trkpt>
   <trkpt lat="45.773187" lon="3.100049"><ele>359.75</ele></trkpt>
   <trkpt lat="45.772875" lon="3.1007"><ele>357.75</ele></trkpt>
   <trkpt lat="45.77272" lon="3.101129"><ele>357.25</ele></trkpt>
   <trkpt lat="45.772646" lon="3.101351"><ele>356.5</ele></trkpt>
   <trkpt lat="45.772616" lon="3.101435"><ele>356.25</ele></trkpt>
   <trkpt lat="45.772504" lon="3.101776"><ele>355.75</ele></trkpt>
   <trkpt lat="45.772414" lon="3.102052"><ele>356</ele></trkpt>
   <trkpt lat="45.772355" lon="3.102288"><ele>355.5</ele></trkpt>
   <trkpt lat="45.772255" lon="3.102691"><ele>353.75</ele></trkpt>
   <trkpt lat="45.772195" lon="3.102817"><ele>354</ele></trkpt>
   <trkpt lat="45.772071" lon="3.103018"><ele>353.5</ele></trkpt>
   <trkpt lat="45.772021" lon="3.10311"><ele>353.25</ele></trkpt>
   <trkpt lat="45.772043" lon="3.103145"><ele>353.25</ele></trkpt>
   <trkpt lat="45.772064" lon="3.103177"><ele>353.5</ele></trkpt>
   <trkpt lat="45.772093" lon="3.103237"><ele>353.75</ele></trkpt>
   <trkpt lat="45.772106" lon="3.103287"><ele>354</ele></trkpt>
   <trkpt lat="45.772101" lon="3.103436"><ele>354</ele></trkpt>
   <trkpt lat="45.772003" lon="3.104255"><ele>351.25</ele></trkpt>
   <trkpt lat="45.771969" lon="3.104883"><ele>349.5</ele></trkpt>
   <trkpt lat="45.771967" lon="3.105986"><ele>347.75</ele></trkpt>
   <trkpt lat="45.771997" lon="3.107269"><ele>348.25</ele></trkpt>
   <trkpt lat="45.772017" lon="3.107993"><ele>348.5</ele></trkpt>
   <trkpt lat="45.772055" lon="3.109394"><ele>348.25</ele></trkpt>
   <trkpt lat="45.77206" lon="3.109594"><ele>348.75</ele></trkpt>
   <trkpt lat="45.772062" lon="3.109655"><ele>348.75</ele></trkpt>
   <trkpt lat="45.772078" lon="3.110262"><ele>348.25</ele></trkpt>
   <trkpt lat="45.772079" lon="3.110323"><ele>348.25</ele></trkpt>
   <trkpt lat="45.77208" lon="3.110339"><ele>348.25</ele></trkpt>
   <trkpt lat="45.772081" lon="3.110368"><ele>348.25</ele></trkpt>
   <trkpt lat="45.772099" lon="3.110752"><ele>348.25</ele></trkpt>
   <trkpt lat="45.772116" lon="3.111192"><ele>348.75</ele></trkpt>
   <trkpt lat="45.772155" lon="3.111943"><ele>348.75</ele></trkpt>
   <trkpt lat="45.772183" lon="3.11229"><ele>349</ele></trkpt>
   <trkpt lat="45.772276" lon="3.113174"><ele>350</ele></trkpt>
   <trkpt lat="45.772343" lon="3.113736"><ele>352.75</ele></trkpt>
   <trkpt lat="45.772363" lon="3.114041"><ele>354.25</ele></trkpt>
   <trkpt lat="45.772387" lon="3.114794"><ele>356</ele></trkpt>
   <trkpt lat="45.772409" lon="3.115824"><ele>355.25</ele></trkpt>
   <trkpt lat="45.772434" lon="3.116673"><ele>354.5</ele></trkpt>
   <trkpt lat="45.772437" lon="3.117132"><ele>354.5</ele></trkpt>
   <trkpt lat="45.772388" lon="3.117171"><ele>355</ele></trkpt>
   <trkpt lat="45.772371" lon="3.117356"><ele>355.5</ele></trkpt>
   <trkpt lat="45.772367" lon="3.117554"><ele>356</ele></trkpt>
   <trkpt lat="45.772403" lon="3.117642"><ele>356</ele></trkpt>
   <trkpt lat="45.772416" lon="3.117765"><ele>356</ele></trkpt>
   <trkpt lat="45.772418" lon="3.118166"><ele>356.5</ele></trkpt>
   <trkpt lat="45.772402" lon="3.118314"><ele>357.25</ele></trkpt>
   <trkpt lat="45.772327" lon="3.118657"><ele>359.5</ele></trkpt>
   <trkpt lat="45.772309" lon="3.118839"><ele>360.25</ele></trkpt>
   <trkpt lat="45.772427" lon="3.118898"><ele>358.25</ele></trkpt>
   <trkpt lat="45.772738" lon="3.118934"><ele>359.5</ele></trkpt>
   <trkpt lat="45.772752" lon="3.118935"><ele>359.5</ele></trkpt>
   <trkpt lat="45.772781" lon="3.118939"><ele>359.75</ele></trkpt>
   <trkpt lat="45.772784" lon="3.118843"><ele>359.5</ele></trkpt>
   <trkpt lat="45.772801" lon="3.118487"><ele>357.25</ele></trkpt>
   <trkpt lat="45.772824" lon="3.118314"><ele>356.75</ele></trkpt>
   <trkpt lat="45.772784" lon="3.118317"><ele>356.75</ele></trkpt>
   <trkpt lat="45.772759" lon="3.118329"><ele>356.75</ele></trkpt>
   <trkpt lat="45.772744" lon="3.118336"><ele>356.75</ele></trkpt>
   <trkpt lat="45.772713" lon="3.118437"><ele>357</ele></trkpt>
   <trkpt lat="45.772693" lon="3.118558"><ele>357.5</ele></trkpt>
   <trkpt lat="45.772678" lon="3.118702"><ele>358</ele></trkpt>
   <trkpt lat="45.772691" lon="3.119103"><ele>359.25</ele></trkpt>
   <trkpt lat="45.772689" lon="3.120171"><ele>359.75</ele></trkpt>
   <trkpt lat="45.772681" lon="3.120321"><ele>359.5</ele></trkpt>
   <trkpt lat="45.772647" lon="3.120924"><ele>358.5</ele></trkpt>
   <trkpt lat="45.772616" lon="3.121327"><ele>357.25</ele></trkpt>
   <trkpt lat="45.772585" lon="3.121673"><ele>355.75</ele></trkpt>
   <trkpt lat="45.772539" lon="3.122022"><ele>355.25</ele></trkpt>
   <trkpt lat="45.772469" lon="3.122504"><ele>357.25</ele></trkpt>
   <trkpt lat="45.772381" lon="3.122996"><ele>357</ele></trkpt>
   <trkpt lat="45.772315" lon="3.12333"><ele>355</ele></trkpt>
   <trkpt lat="45.772074" lon="3.124326"><ele>354.5</ele></trkpt>
   <trkpt lat="45.772021" lon="3.12454"><ele>354.25</ele></trkpt>
   <trkpt lat="45.771827" lon="3.125187"><ele>353.75</ele></trkpt>
   <trkpt lat="45.77163" lon="3.125792"><ele>354</ele></trkpt>
   <trkpt lat="45.771607" lon="3.126113"><ele>354.25</ele></trkpt>
   <trkpt lat="45.77157" lon="3.126412"><ele>354.5</ele></trkpt>
   <trkpt lat="45.771543" lon="3.126557"><ele>354.75</ele></trkpt>
   <trkpt lat="45.771503" lon="3.126725"><ele>355</ele></trkpt>
   <trkpt lat="45.771385" lon="3.127106"><ele>354.75</ele></trkpt>
   <trkpt lat="45.771235" lon="3.127503"><ele>355</ele></trkpt>
   <trkpt lat="45.771139" lon="3.127707"><ele>355</ele></trkpt>
   <trkpt lat="45.770549" lon="3.12892"><ele>354</ele></trkpt>
   <trkpt lat="45.770332" lon="3.128726"><ele>354</ele></trkpt>
   <trkpt lat="45.770286" lon="3.128712"><ele>354</ele></trkpt>
   <trkpt lat="45.770236" lon="3.128754"><ele>353.5</ele></trkpt>
   <trkpt lat="45.76998" lon="3.129208"><ele>353.75</ele></trkpt>
   <trkpt lat="45.769709" lon="3.129548"><ele>352.25</ele></trkpt>
   <trkpt lat="45.769591" lon="3.129763"><ele>353.25</ele></trkpt>
   <trkpt lat="45.769523" lon="3.12991"><ele>351.5</ele></trkpt>
   <trkpt lat="45.769438" lon="3.130173"><ele>351.75</ele></trkpt>
   <trkpt lat="45.769385" lon="3.130276"><ele>352.5</ele></trkpt>
   <trkpt lat="45.768991" lon="3.130912"><ele>349.5</ele></trkpt>
   <trkpt lat="45.768578" lon="3.131675"><ele>347.75</ele></trkpt>
   <trkpt lat="45.768592" lon="3.131783"><ele>347.5</ele></trkpt>
   <trkpt lat="45.768448" lon="3.131921"><ele>347.5</ele></trkpt>
   <trkpt lat="45.76838" lon="3.132007"><ele>347.25</ele></trkpt>
   <trkpt lat="45.768316" lon="3.132109"><ele>346.75</ele></trkpt>
   <trkpt lat="45.768254" lon="3.132224"><ele>346.25</ele></trkpt>
   <trkpt lat="45.768119" lon="3.132494"><ele>346.5</ele></trkpt>
   <trkpt lat="45.767484" lon="3.133706"><ele>345.25</ele></trkpt>
   <trkpt lat="45.767102" lon="3.134371"><ele>344.75</ele></trkpt>
   <trkpt lat="45.766874" lon="3.134763"><ele>345.25</ele></trkpt>
   <trkpt lat="45.766714" lon="3.135041"><ele>346</ele></trkpt>
   <trkpt lat="45.766496" lon="3.135325"><ele>344.75</ele></trkpt>
   <trkpt lat="45.766368" lon="3.135547"><ele>345.75</ele></trkpt>
   <trkpt lat="45.766086" lon="3.136073"><ele>346</ele></trkpt>
   <trkpt lat="45.765066" lon="3.137916"><ele>346.5</ele></trkpt>
   <trkpt lat="45.764529" lon="3.138919"><ele>347.75</ele></trkpt>
   <trkpt lat="45.764471" lon="3.139043"><ele>346.5</ele></trkpt>
   <trkpt lat="45.764332" lon="3.139299"><ele>346.25</ele></trkpt>
   <trkpt lat="45.763814" lon="3.140258"><ele>346.75</ele></trkpt>
   <trkpt lat="45.763667" lon="3.140539"><ele>347</ele></trkpt>
   <trkpt lat="45.763613" lon="3.140725"><ele>346.75</ele></trkpt>
   <trkpt lat="45.763582" lon="3.140873"><ele>346.75</ele></trkpt>
   <trkpt lat="45.763161" lon="3.141459"><ele>346.5</ele></trkpt>
   <trkpt lat="45.762768" lon="3.14215"><ele>347</ele></trkpt>
   <trkpt lat="45.762518" lon="3.142561"><ele>347.25</ele></trkpt>
   <trkpt lat="45.762406" lon="3.142764"><ele>348</ele></trkpt>
   <trkpt lat="45.762352" lon="3.142894"><ele>348</ele></trkpt>
   <trkpt lat="45.762338" lon="3.142994"><ele>348.25</ele></trkpt>
   <trkpt lat="45.762272" lon="3.143108"><ele>348</ele></trkpt>
   <trkpt lat="45.761923" lon="3.144039"><ele>348.75</ele></trkpt>
   <trkpt lat="45.761539" lon="3.144847"><ele>350.25</ele></trkpt>
   <trkpt lat="45.761448" lon="3.144987"><ele>350.75</ele></trkpt>
   <trkpt lat="45.76137" lon="3.145077"><ele>350.5</ele></trkpt>
   <trkpt lat="45.761313" lon="3.145134"><ele>350.25</ele></trkpt>
   <trkpt lat="45.761202" lon="3.145209"><ele>350.75</ele></trkpt>
   <trkpt lat="45.761032" lon="3.145356"><ele>350.5</ele></trkpt>
   <trkpt lat="45.760903" lon="3.145481"><ele>349</ele></trkpt>
   <trkpt lat="45.760777" lon="3.145658"><ele>349</ele></trkpt>
   <trkpt lat="45.760204" lon="3.146683"><ele>347.25</ele></trkpt>
   <trkpt lat="45.759421" lon="3.148019"><ele>347</ele></trkpt>
   <trkpt lat="45.759393" lon="3.148086"><ele>346.75</ele></trkpt>
   <trkpt lat="45.758143" lon="3.150346"><ele>348</ele></trkpt>
   <trkpt lat="45.757606" lon="3.151336"><ele>348</ele></trkpt>
   <trkpt lat="45.757182" lon="3.152063"><ele>348.25</ele></trkpt>
   <trkpt lat="45.756985" lon="3.152373"><ele>348</ele></trkpt>
   <trkpt lat="45.756492" lon="3.153054"><ele>348</ele></trkpt>
   <trkpt lat="45.756361" lon="3.153217"><ele>348</ele></trkpt>
   <trkpt lat="45.75629" lon="3.153307"><ele>348</ele></trkpt>
   <trkpt lat="45.756283" lon="3.153475"><ele>348</ele></trkpt>
   <trkpt lat="45.756267" lon="3.153713"><ele>348.5</ele></trkpt>
   <trkpt lat="45.756233" lon="3.153939"><ele>349</ele></trkpt>
   <trkpt lat="45.756015" lon="3.154555"><ele>349.25</ele></trkpt>
   <trkpt lat="45.755725" lon="3.155308"><ele>350</ele></trkpt>
   <trkpt lat="45.755734" lon="3.155328"><ele>350</ele></trkpt>
   <trkpt lat="45.755762" lon="3.155377"><ele>350</ele></trkpt>
   <trkpt lat="45.755786" lon="3.15543"><ele>350</ele></trkpt>
   <trkpt lat="45.755787" lon="3.155462"><ele>350</ele></trkpt>
   <trkpt lat="45.755765" lon="3.155581"><ele>350</ele></trkpt>
   <trkpt lat="45.755691" lon="3.155898"><ele>350</ele></trkpt>
   <trkpt lat="45.755627" lon="3.155988"><ele>350</ele></trkpt>
   <trkpt lat="45.755541" lon="3.156162"><ele>350</ele></trkpt>
   <trkpt lat="45.755498" lon="3.156298"><ele>350.5</ele></trkpt>
   <trkpt lat="45.75545" lon="3.156491"><ele>350.5</ele></trkpt>
   <trkpt lat="45.75529" lon="3.156953"><ele>350</ele></trkpt>
   <trkpt lat="45.755248" lon="3.157047"><ele>350.5</ele></trkpt>
   <trkpt lat="45.755205" lon="3.15713"><ele>351</ele></trkpt>
   <trkpt lat="45.755104" lon="3.157293"><ele>351</ele></trkpt>
   <trkpt lat="45.755041" lon="3.157356"><ele>351</ele></trkpt>
   <trkpt lat="45.75496" lon="3.157439"><ele>351.25</ele></trkpt>
   <trkpt lat="45.75481" lon="3.157559"><ele>351</ele></trkpt>
   <trkpt lat="45.754586" lon="3.157635"><ele>351.25</ele></trkpt>
   <trkpt lat="45.75449" lon="3.157641"><ele>351.5</ele></trkpt>
   <trkpt lat="45.754259" lon="3.157627"><ele>351.75</ele></trkpt>
   <trkpt lat="45.754145" lon="3.15763"><ele>351.75</ele></trkpt>
   <trkpt lat="45.753939" lon="3.157679"><ele>352.5</ele></trkpt>
   <trkpt lat="45.753853" lon="3.157724"><ele>352.75</ele></trkpt>
   <trkpt lat="45.753724" lon="3.15783"><ele>353</ele></trkpt>
   <trkpt lat="45.753594" lon="3.157963"><ele>353</ele></trkpt>
   <trkpt lat="45.753289" lon="3.158323"><ele>353.75</ele></trkpt>
   <trkpt lat="45.753122" lon="3.158568"><ele>354</ele></trkpt>
   <trkpt lat="45.752737" lon="3.159182"><ele>355</ele></trkpt>
   <trkpt lat="45.751708" lon="3.16102"><ele>358.5</ele></trkpt>
   <trkpt lat="45.751412" lon="3.161581"><ele>359.5</ele></trkpt>
   <trkpt lat="45.751144" lon="3.162059"><ele>360.75</ele></trkpt>
   <trkpt lat="45.750838" lon="3.162642"><ele>362.5</ele></trkpt>
   <trkpt lat="45.75071" lon="3.162928"><ele>363.25</ele></trkpt>
   <trkpt lat="45.750592" lon="3.163152"><ele>363.25</ele></trkpt>
   <trkpt lat="45.750458" lon="3.163417"><ele>363.75</ele></trkpt>
   <trkpt lat="45.750195" lon="3.163956"><ele>365</ele></trkpt>
   <trkpt lat="45.749948" lon="3.164491"><ele>366</ele></trkpt>
   <trkpt lat="45.749894" lon="3.16461"><ele>366.5</ele></trkpt>
   <trkpt lat="45.749795" lon="3.164798"><ele>367.25</ele></trkpt>
   <trkpt lat="45.749591" lon="3.165247"><ele>368.25</ele></trkpt>
   <trkpt lat="45.749427" lon="3.165668"><ele>369.25</ele></trkpt>
   <trkpt lat="45.748738" lon="3.167605"><ele>373.25</ele></trkpt>
   <trkpt lat="45.748458" lon="3.168437"><ele>374.25</ele></trkpt>
   <trkpt lat="45.748309" lon="3.168949"><ele>374.75</ele></trkpt>
   <trkpt lat="45.748292" lon="3.168991"><ele>374.75</ele></trkpt>
   <trkpt lat="45.748252" lon="3.168962"><ele>374.75</ele></trkpt>
   <trkpt lat="45.748227" lon="3.168941"><ele>374.5</ele></trkpt>
   <trkpt lat="45.748199" lon="3.168925"><ele>374.5</ele></trkpt>
   <trkpt lat="45.748185" lon="3.168916"><ele>374.5</ele></trkpt>
   <trkpt lat="45.748158" lon="3.1689"><ele>374.25</ele></trkpt>
   <trkpt lat="45.748138" lon="3.168887"><ele>374.25</ele></trkpt>
   <trkpt lat="45.748089" lon="3.168887"><ele>374</ele></trkpt>
   <trkpt lat="45.748056" lon="3.16891"><ele>374</ele></trkpt>
   <trkpt lat="45.748021" lon="3.168977"><ele>374</ele></trkpt>
   <trkpt lat="45.747968" lon="3.169033"><ele>374</ele></trkpt>
   <trkpt lat="45.747693" lon="3.169169"><ele>373.5</ele></trkpt>
   <trkpt lat="45.747681" lon="3.169202"><ele>373.75</ele></trkpt>
   <trkpt lat="45.747662" lon="3.169255"><ele>373.75</ele></trkpt>
   <trkpt lat="45.747656" lon="3.169293"><ele>374</ele></trkpt>
   <trkpt lat="45.747642" lon="3.169364"><ele>374</ele></trkpt>
   <trkpt lat="45.747631" lon="3.169412"><ele>374.25</ele></trkpt>
   <trkpt lat="45.747617" lon="3.169467"><ele>374.25</ele></trkpt>
   <trkpt lat="45.747611" lon="3.169491"><ele>374.25</ele></trkpt>
   <trkpt lat="45.7476" lon="3.169508"><ele>374</ele></trkpt>
   <trkpt lat="45.747524" lon="3.169509"><ele>373.75</ele></trkpt>
   <trkpt lat="45.747466" lon="3.169573"><ele>373.25</ele></trkpt>
   <trkpt lat="45.747344" lon="3.169623"><ele>372.75</ele></trkpt>
   <trkpt lat="45.747281" lon="3.169664"><ele>372.25</ele></trkpt>
   <trkpt lat="45.746881" lon="3.170098"><ele>371.75</ele></trkpt>
   <trkpt lat="45.746833" lon="3.170115"><ele>371.5</ele></trkpt>
   <trkpt lat="45.746613" lon="3.170115"><ele>370.5</ele></trkpt>
   <trkpt lat="45.746179" lon="3.170465"><ele>369.75</ele></trkpt>
   <trkpt lat="45.744844" lon="3.171571"><ele>368.25</ele></trkpt>
   <trkpt lat="45.744836" lon="3.171579"><ele>368.25</ele></trkpt>
   <trkpt lat="45.744785" lon="3.171627"><ele>368</ele></trkpt>
   <trkpt lat="45.74473" lon="3.171671"><ele>368</ele></trkpt>
   <trkpt lat="45.744726" lon="3.171675"><ele>368</ele></trkpt>
   <trkpt lat="45.743853" lon="3.1724"><ele>368.75</ele></trkpt>
   <trkpt lat="45.743786" lon="3.172483"><ele>368.75</ele></trkpt>
   <trkpt lat="45.743719" lon="3.172626"><ele>369</ele></trkpt>
   <trkpt lat="45.743366" lon="3.172942"><ele>369</ele></trkpt>
   <trkpt lat="45.742625" lon="3.173575"><ele>368.25</ele></trkpt>
   <trkpt lat="45.742361" lon="3.173766"><ele>368.25</ele></trkpt>
   <trkpt lat="45.741696" lon="3.174321"><ele>366</ele></trkpt>
   <trkpt lat="45.741516" lon="3.174459"><ele>365.25</ele></trkpt>
   <trkpt lat="45.741333" lon="3.174622"><ele>365.5</ele></trkpt>
   <trkpt lat="45.741325" lon="3.174655"><ele>365.5</ele></trkpt>
   <trkpt lat="45.741301" lon="3.1749"><ele>365.5</ele></trkpt>
   <trkpt lat="45.741287" lon="3.174935"><ele>365.5</ele></trkpt>
   <trkpt lat="45.741248" lon="3.174975"><ele>365.25</ele></trkpt>
   <trkpt lat="45.741211" lon="3.175012"><ele>365.25</ele></trkpt>
   <trkpt lat="45.741153" lon="3.175031"><ele>365</ele></trkpt>
   <trkpt lat="45.741091" lon="3.175038"><ele>364.75</ele></trkpt>
   <trkpt lat="45.741011" lon="3.175022"><ele>364.5</ele></trkpt>
   <trkpt lat="45.740899" lon="3.174952"><ele>364</ele></trkpt>
   <trkpt lat="45.740851" lon="3.174932"><ele>364</ele></trkpt>
   <trkpt lat="45.740801" lon="3.17494"><ele>363.75</ele></trkpt>
   <trkpt lat="45.740711" lon="3.174996"><ele>363.5</ele></trkpt>
   <trkpt lat="45.739003" lon="3.176332"><ele>359.25</ele></trkpt>
   <trkpt lat="45.738705" lon="3.176583"><ele>358.25</ele></trkpt>
   <trkpt lat="45.738403" lon="3.176806"><ele>357.25</ele></trkpt>
   <trkpt lat="45.738211" lon="3.176973"><ele>357</ele></trkpt>
   <trkpt lat="45.738172" lon="3.177025"><ele>357</ele></trkpt>
   <trkpt lat="45.738148" lon="3.17709"><ele>357</ele></trkpt>
   <trkpt lat="45.738107" lon="3.177148"><ele>357</ele></trkpt>
   <trkpt lat="45.738081" lon="3.177206"><ele>357</ele></trkpt>
   <trkpt lat="45.738064" lon="3.177276"><ele>357</ele></trkpt>
   <trkpt lat="45.738062" lon="3.17741"><ele>357</ele></trkpt>
   <trkpt lat="45.738039" lon="3.177413"><ele>357</ele></trkpt>
   <trkpt lat="45.737993" lon="3.177428"><ele>357</ele></trkpt>
   <trkpt lat="45.737913" lon="3.177374"><ele>357</ele></trkpt>
   <trkpt lat="45.737869" lon="3.177389"><ele>357</ele></trkpt>
   <trkpt lat="45.737826" lon="3.177426"><ele>357</ele></trkpt>
   <trkpt lat="45.737778" lon="3.177352"><ele>357</ele></trkpt>
   <trkpt lat="45.73775" lon="3.177319"><ele>356.75</ele></trkpt>
   <trkpt lat="45.737436" lon="3.177753"><ele>356.25</ele></trkpt>
   <trkpt lat="45.736958" lon="3.17844"><ele>356</ele></trkpt>
   <trkpt lat="45.736276" lon="3.179433"><ele>355.75</ele></trkpt>
   <trkpt lat="45.73546" lon="3.180758"><ele>355.75</ele></trkpt>
   <trkpt lat="45.735198" lon="3.181199"><ele>355</ele></trkpt>
   <trkpt lat="45.735004" lon="3.181561"><ele>355.25</ele></trkpt>
   <trkpt lat="45.734695" lon="3.182185"><ele>354.75</ele></trkpt>
   <trkpt lat="45.734071" lon="3.183627"><ele>354.5</ele></trkpt>
   <trkpt lat="45.734061" lon="3.183665"><ele>354.5</ele></trkpt>
   <trkpt lat="45.734025" lon="3.183702"><ele>354.5</ele></trkpt>
   <trkpt lat="45.733943" lon="3.183753"><ele>354.5</ele></trkpt>
   <trkpt lat="45.733879" lon="3.183811"><ele>354.5</ele></trkpt>
   <trkpt lat="45.73384" lon="3.18382"><ele>354.5</ele></trkpt>
   <trkpt lat="45.733803" lon="3.183815"><ele>354.5</ele></trkpt>
   <trkpt lat="45.733803" lon="3.183891"><ele>354.5</ele></trkpt>
   <trkpt lat="45.733798" lon="3.183953"><ele>354.5</ele></trkpt>
   <trkpt lat="45.733866" lon="3.183963"><ele>354.75</ele></trkpt>
   <trkpt lat="45.733897" lon="3.183986"><ele>355</ele></trkpt>
   <trkpt lat="45.733888" lon="3.184063"><ele>354.75</ele></trkpt>
   <trkpt lat="45.732683" lon="3.186951"><ele>356</ele></trkpt>
   <trkpt lat="45.732662" lon="3.186976"><ele>356</ele></trkpt>
   <trkpt lat="45.732622" lon="3.186991"><ele>356</ele></trkpt>
   <trkpt lat="45.732582" lon="3.187034"><ele>356.25</ele></trkpt>
   <trkpt lat="45.73255" lon="3.18704"><ele>356.25</ele></trkpt>
   <trkpt lat="45.732522" lon="3.187057"><ele>356.25</ele></trkpt>
   <trkpt lat="45.732496" lon="3.187099"><ele>356.5</ele></trkpt>
   <trkpt lat="45.73247" lon="3.187166"><ele>356.5</ele></trkpt>
   <trkpt lat="45.732468" lon="3.187212"><ele>356.75</ele></trkpt>
   <trkpt lat="45.732301" lon="3.187694"><ele>355.75</ele></trkpt>
   <trkpt lat="45.732089" lon="3.188425"><ele>355.5</ele></trkpt>
   <trkpt lat="45.732011" lon="3.188742"><ele>355.5</ele></trkpt>
   <trkpt lat="45.731995" lon="3.188804"><ele>355.75</ele></trkpt>
   <trkpt lat="45.731985" lon="3.188847"><ele>355.75</ele></trkpt>
   <trkpt lat="45.731908" lon="3.189281"><ele>355.75</ele></trkpt>
   <trkpt lat="45.73184" lon="3.189757"><ele>355.5</ele></trkpt>
   <trkpt lat="45.731781" lon="3.190284"><ele>355.25</ele></trkpt>
   <trkpt lat="45.731765" lon="3.190434"><ele>355.25</ele></trkpt>
   <trkpt lat="45.731673" lon="3.191339"><ele>356</ele></trkpt>
   <trkpt lat="45.731661" lon="3.191443"><ele>356</ele></trkpt>
   <trkpt lat="45.731497" lon="3.191378"><ele>356</ele></trkpt>
   <trkpt lat="45.731285" lon="3.191296"><ele>356</ele></trkpt>
   <trkpt lat="45.730772" lon="3.191093"><ele>355.5</ele></trkpt>
   <trkpt lat="45.730612" lon="3.191029"><ele>355.25</ele></trkpt>
   <trkpt lat="45.730535" lon="3.190999"><ele>355.25</ele></trkpt>
   <trkpt lat="45.730209" lon="3.190871"><ele>355</ele></trkpt>
   <trkpt lat="45.730109" lon="3.190828"><ele>355</ele></trkpt>
   <trkpt lat="45.730035" lon="3.190798"><ele>355</ele></trkpt>
   <trkpt lat="45.729288" lon="3.190455"><ele>356.25</ele></trkpt>
   <trkpt lat="45.728838" lon="3.19024"><ele>357</ele></trkpt>
   <trkpt lat="45.728545" lon="3.190097"><ele>357.5</ele></trkpt>
   <trkpt lat="45.728163" lon="3.189913"><ele>357.75</ele></trkpt>
   <trkpt lat="45.728036" lon="3.189854"><ele>358</ele></trkpt>
   <trkpt lat="45.727875" lon="3.189781"><ele>358.5</ele></trkpt>
   <trkpt lat="45.727476" lon="3.189594"><ele>359.5</ele></trkpt>
   <trkpt lat="45.72728" lon="3.189481"><ele>359.75</ele></trkpt>
   <trkpt lat="45.726902" lon="3.189311"><ele>360</ele></trkpt>
   <trkpt lat="45.726776" lon="3.189193"><ele>360</ele></trkpt>
   <trkpt lat="45.726733" lon="3.189117"><ele>359.75</ele></trkpt>
   <trkpt lat="45.726724" lon="3.189094"><ele>360</ele></trkpt>
   <trkpt lat="45.726706" lon="3.18901"><ele>360</ele></trkpt>
   <trkpt lat="45.726708" lon="3.188927"><ele>360</ele></trkpt>
   <trkpt lat="45.726692" lon="3.18886"><ele>359.75</ele></trkpt>
   <trkpt lat="45.72666" lon="3.188806"><ele>359.5</ele></trkpt>
   <trkpt lat="45.726618" lon="3.188769"><ele>359.25</ele></trkpt>
   <trkpt lat="45.726588" lon="3.188758"><ele>359.25</ele></trkpt>
   <trkpt lat="45.726544" lon="3.188759"><ele>359.25</ele></trkpt>
   <trkpt lat="45.726503" lon="3.188777"><ele>359</ele></trkpt>
   <trkpt lat="45.726468" lon="3.188813"><ele>359</ele></trkpt>
   <trkpt lat="45.726459" lon="3.188826"><ele>359</ele></trkpt>
   <trkpt lat="45.726368" lon="3.188863"><ele>359</ele></trkpt>
   <trkpt lat="45.72632" lon="3.188863"><ele>359</ele></trkpt>
   <trkpt lat="45.726264" lon="3.188847"><ele>359</ele></trkpt>
   <trkpt lat="45.726105" lon="3.188755"><ele>358.75</ele></trkpt>
   <trkpt lat="45.726041" lon="3.188679"><ele>358.75</ele></trkpt>
   <trkpt lat="45.725979" lon="3.188605"><ele>358.75</ele></trkpt>
   <trkpt lat="45.725502" lon="3.188035"><ele>357.5</ele></trkpt>
   <trkpt lat="45.72544" lon="3.187956"><ele>357.25</ele></trkpt>
   <trkpt lat="45.724953" lon="3.187371"><ele>355.75</ele></trkpt>
   <trkpt lat="45.724783" lon="3.187176"><ele>356</ele></trkpt>
   <trkpt lat="45.724712" lon="3.187103"><ele>355.75</ele></trkpt>
   <trkpt lat="45.724581" lon="3.186995"><ele>353</ele></trkpt>
   <trkpt lat="45.724346" lon="3.186842"><ele>352.5</ele></trkpt>
   <trkpt lat="45.723818" lon="3.186518"><ele>354.5</ele></trkpt>
   <trkpt lat="45.723709" lon="3.186452"><ele>354.25</ele></trkpt>
   <trkpt lat="45.723585" lon="3.186375"><ele>353.75</ele></trkpt>
   <trkpt lat="45.723526" lon="3.186339"><ele>353.75</ele></trkpt>
   <trkpt lat="45.723261" lon="3.18615"><ele>352.5</ele></trkpt>
   <trkpt lat="45.723119" lon="3.186112"><ele>352</ele></trkpt>
   <trkpt lat="45.72298" lon="3.186184"><ele>351.25</ele></trkpt>
   <trkpt lat="45.7227" lon="3.186303"><ele>349.5</ele></trkpt>
   <trkpt lat="45.722658" lon="3.18632"><ele>349.25</ele></trkpt>
   <trkpt lat="45.72248" lon="3.186404"><ele>347.75</ele></trkpt>
   <trkpt lat="45.722384" lon="3.186351"><ele>347.5</ele></trkpt>
   <trkpt lat="45.722332" lon="3.186307"><ele>347.5</ele></trkpt>
   <trkpt lat="45.722312" lon="3.186278"><ele>347.5</ele></trkpt>
   <trkpt lat="45.722286" lon="3.18626"><ele>347.5</ele></trkpt>
   <trkpt lat="45.722238" lon="3.186256"><ele>347.5</ele></trkpt>
   <trkpt lat="45.722206" lon="3.186284"><ele>347.25</ele></trkpt>
   <trkpt lat="45.722187" lon="3.186315"><ele>347.25</ele></trkpt>
   <trkpt lat="45.722176" lon="3.186353"><ele>347</ele></trkpt>
   <trkpt lat="45.722176" lon="3.186423"><ele>346.75</ele></trkpt>
   <trkpt lat="45.722126" lon="3.186548"><ele>346.25</ele></trkpt>
   <trkpt lat="45.722029" lon="3.186593"><ele>346.25</ele></trkpt>
   <trkpt lat="45.721968" lon="3.186621"><ele>346</ele></trkpt>
   <trkpt lat="45.721553" lon="3.186815"><ele>345.5</ele></trkpt>
   <trkpt lat="45.721399" lon="3.186875"><ele>345</ele></trkpt>
   <trkpt lat="45.721185" lon="3.187017"><ele>345</ele></trkpt>
   <trkpt lat="45.72112" lon="3.187126"><ele>345</ele></trkpt>
   <trkpt lat="45.721053" lon="3.187265"><ele>345</ele></trkpt>
   <trkpt lat="45.720928" lon="3.187505"><ele>344.75</ele></trkpt>
   <trkpt lat="45.720923" lon="3.187515"><ele>344.75</ele></trkpt>
   <trkpt lat="45.720878" lon="3.187602"><ele>344.5</ele></trkpt>
   <trkpt lat="45.720838" lon="3.187672"><ele>344.25</ele></trkpt>
   <trkpt lat="45.72081" lon="3.187708"><ele>344.25</ele></trkpt>
   <trkpt lat="45.720779" lon="3.187733"><ele>344.25</ele></trkpt>
   <trkpt lat="45.72068" lon="3.187766"><ele>344.5</ele></trkpt>
   <trkpt lat="45.720611" lon="3.187793"><ele>344.75</ele></trkpt>
   <trkpt lat="45.720482" lon="3.187837"><ele>344.75</ele></trkpt>
   <trkpt lat="45.720351" lon="3.187866"><ele>344.5</ele></trkpt>
   <trkpt lat="45.720276" lon="3.187889"><ele>344.5</ele></trkpt>
   <trkpt lat="45.720229" lon="3.187906"><ele>344.25</ele></trkpt>
   <trkpt lat="45.720017" lon="3.18803"><ele>344</ele></trkpt>
   <trkpt lat="45.71996" lon="3.188062"><ele>344.25</ele></trkpt>
   <trkpt lat="45.719772" lon="3.188171"><ele>345.5</ele></trkpt>
   <trkpt lat="45.719707" lon="3.188218"><ele>346</ele></trkpt>
   <trkpt lat="45.719637" lon="3.188273"><ele>346.25</ele></trkpt>
   <trkpt lat="45.719319" lon="3.188597"><ele>348.25</ele></trkpt>
   <trkpt lat="45.719294" lon="3.188624"><ele>348.5</ele></trkpt>
   <trkpt lat="45.719152" lon="3.1888"><ele>349.75</ele></trkpt>
   <trkpt lat="45.718966" lon="3.189051"><ele>351.5</ele></trkpt>
   <trkpt lat="45.718706" lon="3.189407"><ele>353.5</ele></trkpt>
   <trkpt lat="45.718332" lon="3.18992"><ele>355.5</ele></trkpt>
   <trkpt lat="45.718191" lon="3.190089"><ele>356.25</ele></trkpt>
   <trkpt lat="45.718044" lon="3.19023"><ele>356.75</ele></trkpt>
   <trkpt lat="45.717878" lon="3.19039"><ele>357.5</ele></trkpt>
   <trkpt lat="45.717802" lon="3.190522"><ele>357.75</ele></trkpt>
   <trkpt lat="45.717781" lon="3.190504"><ele>357.75</ele></trkpt>
   <trkpt lat="45.717733" lon="3.190498"><ele>357.75</ele></trkpt>
   <trkpt lat="45.717692" lon="3.190533"><ele>358</ele></trkpt>
   <trkpt lat="45.717672" lon="3.190596"><ele>358.25</ele></trkpt>
   <trkpt lat="45.717621" lon="3.190588"><ele>358.5</ele></trkpt>
   <trkpt lat="45.717569" lon="3.190594"><ele>358.75</ele></trkpt>
   <trkpt lat="45.717438" lon="3.190666"><ele>359.25</ele></trkpt>
   <trkpt lat="45.717175" lon="3.190832"><ele>359.25</ele></trkpt>
   <trkpt lat="45.717101" lon="3.190884"><ele>359.5</ele></trkpt>
   <trkpt lat="45.717027" lon="3.190945"><ele>359.75</ele></trkpt>
   <trkpt lat="45.71692" lon="3.19101"><ele>359.75</ele></trkpt>
   <trkpt lat="45.71673" lon="3.191143"><ele>359.5</ele></trkpt>
   <trkpt lat="45.716473" lon="3.191354"><ele>359.75</ele></trkpt>
   <trkpt lat="45.716069" lon="3.19174"><ele>359.75</ele></trkpt>
   <trkpt lat="45.715915" lon="3.191855"><ele>360.25</ele></trkpt>
   <trkpt lat="45.715683" lon="3.192113"><ele>360</ele></trkpt>
   <trkpt lat="45.71553" lon="3.192273"><ele>360</ele></trkpt>
   <trkpt lat="45.715456" lon="3.192381"><ele>360</ele></trkpt>
   <trkpt lat="45.715346" lon="3.192488"><ele>360.5</ele></trkpt>
   <trkpt lat="45.71465" lon="3.193198"><ele>360.5</ele></trkpt>
   <trkpt lat="45.714481" lon="3.193334"><ele>360.75</ele></trkpt>
   <trkpt lat="45.714256" lon="3.193559"><ele>361.25</ele></trkpt>
   <trkpt lat="45.71411" lon="3.193705"><ele>361.75</ele></trkpt>
   <trkpt lat="45.713959" lon="3.193881"><ele>361.75</ele></trkpt>
   <trkpt lat="45.71378" lon="3.194063"><ele>361.75</ele></trkpt>
   <trkpt lat="45.713668" lon="3.194192"><ele>361.75</ele></trkpt>
   <trkpt lat="45.713526" lon="3.194403"><ele>361.5</ele></trkpt>
   <trkpt lat="45.713485" lon="3.19448"><ele>361.25</ele></trkpt>
   <trkpt lat="45.713398" lon="3.194635"><ele>360.75</ele></trkpt>
   <trkpt lat="45.713168" lon="3.195124"><ele>360</ele></trkpt>
   <trkpt lat="45.713087" lon="3.195262"><ele>359.75</ele></trkpt>
   <trkpt lat="45.71302" lon="3.195388"><ele>360.25</ele></trkpt>
   <trkpt lat="45.712923" lon="3.195384"><ele>360</ele></trkpt>
   <trkpt lat="45.712844" lon="3.195415"><ele>360</ele></trkpt>
   <trkpt lat="45.712774" lon="3.195475"><ele>359.75</ele></trkpt>
   <trkpt lat="45.712717" lon="3.195559"><ele>359.5</ele></trkpt>
   <trkpt lat="45.712678" lon="3.195661"><ele>359.25</ele></trkpt>
   <trkpt lat="45.712659" lon="3.195774"><ele>359</ele></trkpt>
   <trkpt lat="45.712567" lon="3.195922"><ele>358.25</ele></trkpt>
   <trkpt lat="45.712138" lon="3.19623"><ele>356.75</ele></trkpt>
   <trkpt lat="45.711962" lon="3.196358"><ele>356</ele></trkpt>
   <trkpt lat="45.711788" lon="3.196515"><ele>355.75</ele></trkpt>
   <trkpt lat="45.711615" lon="3.196712"><ele>354.5</ele></trkpt>
   <trkpt lat="45.711445" lon="3.196962"><ele>353.75</ele></trkpt>
   <trkpt lat="45.710913" lon="3.197842"><ele>351</ele></trkpt>
   <trkpt lat="45.710739" lon="3.198106"><ele>351</ele></trkpt>
   <trkpt lat="45.710574" lon="3.198315"><ele>350.75</ele></trkpt>
   <trkpt lat="45.710495" lon="3.198543"><ele>350.25</ele></trkpt>
   <trkpt lat="45.71018" lon="3.199012"><ele>350</ele></trkpt>
   <trkpt lat="45.709993" lon="3.199174"><ele>349.75</ele></trkpt>
   <trkpt lat="45.709831" lon="3.199241"><ele>349.75</ele></trkpt>
   <trkpt lat="45.709668" lon="3.199277"><ele>350</ele></trkpt>
   <trkpt lat="45.709191" lon="3.19927"><ele>351.5</ele></trkpt>
   <trkpt lat="45.708847" lon="3.199152"><ele>352</ele></trkpt>
   <trkpt lat="45.70765" lon="3.199105"><ele>350.75</ele></trkpt>
   <trkpt lat="45.705958" lon="3.198994"><ele>345</ele></trkpt>
   <trkpt lat="45.704868" lon="3.198936"><ele>342.25</ele></trkpt>
   <trkpt lat="45.70477" lon="3.198932"><ele>342</ele></trkpt>
   <trkpt lat="45.704449" lon="3.198915"><ele>341.5</ele></trkpt>
   <trkpt lat="45.704038" lon="3.19889"><ele>340.25</ele></trkpt>
   <trkpt lat="45.703263" lon="3.198844"><ele>337.75</ele></trkpt>
   <trkpt lat="45.703019" lon="3.198814"><ele>336</ele></trkpt>
   <trkpt lat="45.702819" lon="3.198773"><ele>334.5</ele></trkpt>
   <trkpt lat="45.702648" lon="3.198721"><ele>333.75</ele></trkpt>
   <trkpt lat="45.702372" lon="3.1986"><ele>333.75</ele></trkpt>
   <trkpt lat="45.702071" lon="3.198422"><ele>331.5</ele></trkpt>
   <trkpt lat="45.701328" lon="3.197896"><ele>329.75</ele></trkpt>
   <trkpt lat="45.699469" lon="3.196558"><ele>330.25</ele></trkpt>
   <trkpt lat="45.699086" lon="3.196299"><ele>330.75</ele></trkpt>
   <trkpt lat="45.698971" lon="3.196239"><ele>330.5</ele></trkpt>
   <trkpt lat="45.698739" lon="3.196152"><ele>330.75</ele></trkpt>
   <trkpt lat="45.698508" lon="3.196112"><ele>330.75</ele></trkpt>
   <trkpt lat="45.698354" lon="3.196108"><ele>331</ele></trkpt>
   <trkpt lat="45.698145" lon="3.196132"><ele>330.75</ele></trkpt>
   <trkpt lat="45.698029" lon="3.196161"><ele>330.75</ele></trkpt>
   <trkpt lat="45.697889" lon="3.196211"><ele>330.75</ele></trkpt>
   <trkpt lat="45.6974" lon="3.196389"><ele>330.75</ele></trkpt>
   <trkpt lat="45.69732" lon="3.196406"><ele>330.75</ele></trkpt>
   <trkpt lat="45.697218" lon="3.19641"><ele>331</ele></trkpt>
   <trkpt lat="45.697174" lon="3.196359"><ele>331</ele></trkpt>
   <trkpt lat="45.697122" lon="3.196326"><ele>331.25</ele></trkpt>
   <trkpt lat="45.697066" lon="3.196313"><ele>331.25</ele></trkpt>
   <trkpt lat="45.697009" lon="3.196323"><ele>331.5</ele></trkpt>
   <trkpt lat="45.696955" lon="3.196354"><ele>331.75</ele></trkpt>
   <trkpt lat="45.696909" lon="3.196404"><ele>331.75</ele></trkpt>
   <trkpt lat="45.696874" lon="3.19647"><ele>331.5</ele></trkpt>
   <trkpt lat="45.696849" lon="3.196573"><ele>331.5</ele></trkpt>
   <trkpt lat="45.696695" lon="3.196696"><ele>330.75</ele></trkpt>
   <trkpt lat="45.696285" lon="3.196867"><ele>331</ele></trkpt>
   <trkpt lat="45.695989" lon="3.196984"><ele>330.75</ele></trkpt>
   <trkpt lat="45.695845" lon="3.197061"><ele>330.5</ele></trkpt>
   <trkpt lat="45.695697" lon="3.197173"><ele>330.5</ele></trkpt>
   <trkpt lat="45.695548" lon="3.1973"><ele>330.5</ele></trkpt>
   <trkpt lat="45.695407" lon="3.197443"><ele>330.5</ele></trkpt>
   <trkpt lat="45.695298" lon="3.197579"><ele>330.75</ele></trkpt>
   <trkpt lat="45.69468" lon="3.198499"><ele>331</ele></trkpt>
   <trkpt lat="45.694517" lon="3.198702"><ele>331</ele></trkpt>
   <trkpt lat="45.694375" lon="3.198833"><ele>331</ele></trkpt>
   <trkpt lat="45.694245" lon="3.198916"><ele>330.75</ele></trkpt>
   <trkpt lat="45.694094" lon="3.198987"><ele>330.5</ele></trkpt>
   <trkpt lat="45.69396" lon="3.199025"><ele>330</ele></trkpt>
   <trkpt lat="45.693814" lon="3.199043"><ele>329.75</ele></trkpt>
   <trkpt lat="45.693682" lon="3.199045"><ele>329.75</ele></trkpt>
   <trkpt lat="45.693483" lon="3.199005"><ele>330</ele></trkpt>
   <trkpt lat="45.692791" lon="3.198765"><ele>329.75</ele></trkpt>
   <trkpt lat="45.692502" lon="3.198699"><ele>330.5</ele></trkpt>
   <trkpt lat="45.692241" lon="3.198694"><ele>330.5</ele></trkpt>
   <trkpt lat="45.691997" lon="3.198722"><ele>330.5</ele></trkpt>
   <trkpt lat="45.691774" lon="3.198783"><ele>330.75</ele></trkpt>
   <trkpt lat="45.691572" lon="3.19887"><ele>331</ele></trkpt>
   <trkpt lat="45.691388" lon="3.198967"><ele>330.5</ele></trkpt>
   <trkpt lat="45.690551" lon="3.19954"><ele>331</ele></trkpt>
   <trkpt lat="45.690379" lon="3.199683"><ele>331.5</ele></trkpt>
   <trkpt lat="45.690258" lon="3.199806"><ele>331.5</ele></trkpt>
   <trkpt lat="45.690085" lon="3.199945"><ele>332.25</ele></trkpt>
   <trkpt lat="45.689931" lon="3.200082"><ele>332.75</ele></trkpt>
   <trkpt lat="45.689827" lon="3.200119"><ele>332.5</ele></trkpt>
   <trkpt lat="45.689784" lon="3.200099"><ele>332.25</ele></trkpt>
   <trkpt lat="45.689739" lon="3.200091"><ele>332.25</ele></trkpt>
   <trkpt lat="45.689677" lon="3.2001"><ele>332.25</ele></trkpt>
   <trkpt lat="45.689618" lon="3.200132"><ele>332.5</ele></trkpt>
   <trkpt lat="45.689568" lon="3.200184"><ele>332.75</ele></trkpt>
   <trkpt lat="45.689534" lon="3.20024"><ele>332.75</ele></trkpt>
   <trkpt lat="45.689424" lon="3.200291"><ele>332.75</ele></trkpt>
   <trkpt lat="45.689406" lon="3.200448"><ele>332.25</ele></trkpt>
   <trkpt lat="45.689382" lon="3.200546"><ele>331.75</ele></trkpt>
   <trkpt lat="45.689336" lon="3.2005"><ele>331.75</ele></trkpt>
   <trkpt lat="45.68921" lon="3.200437"><ele>331.75</ele></trkpt>
   <trkpt lat="45.688937" lon="3.200339"><ele>333</ele></trkpt>
   <trkpt lat="45.688855" lon="3.200324"><ele>333</ele></trkpt>
   <trkpt lat="45.688804" lon="3.200322"><ele>332.25</ele></trkpt>
   <trkpt lat="45.688735" lon="3.200299"><ele>331.5</ele></trkpt>
   <trkpt lat="45.688568" lon="3.200226"><ele>330.25</ele></trkpt>
   <trkpt lat="45.688491" lon="3.200196"><ele>330.25</ele></trkpt>
   <trkpt lat="45.688419" lon="3.200147"><ele>330.75</ele></trkpt>
   <trkpt lat="45.688287" lon="3.200039"><ele>332.75</ele></trkpt>
   <trkpt lat="45.688146" lon="3.199895"><ele>334.75</ele></trkpt>
   <trkpt lat="45.687325" lon="3.199053"><ele>338.25</ele></trkpt>
   <trkpt lat="45.687244" lon="3.19898"><ele>338.5</ele></trkpt>
   <trkpt lat="45.687139" lon="3.198909"><ele>339</ele></trkpt>
   <trkpt lat="45.687075" lon="3.198948"><ele>339.25</ele></trkpt>
   <trkpt lat="45.686988" lon="3.198979"><ele>339.75</ele></trkpt>
   <trkpt lat="45.686952" lon="3.198913"><ele>339.75</ele></trkpt>
   <trkpt lat="45.686458" lon="3.197988"><ele>343.25</ele></trkpt>
   <trkpt lat="45.686378" lon="3.197873"><ele>344</ele></trkpt>
   <trkpt lat="45.686168" lon="3.197642"><ele>344</ele></trkpt>
   <trkpt lat="45.685646" lon="3.197017"><ele>343.75</ele></trkpt>
   <trkpt lat="45.685539" lon="3.196897"><ele>343.5</ele></trkpt>
   <trkpt lat="45.685298" lon="3.196699"><ele>343</ele></trkpt>
   <trkpt lat="45.685193" lon="3.196617"><ele>343</ele></trkpt>
   <trkpt lat="45.68515" lon="3.196601"><ele>343.25</ele></trkpt>
   <trkpt lat="45.685112" lon="3.196591"><ele>343.5</ele></trkpt>
   <trkpt lat="45.685052" lon="3.196597"><ele>343.75</ele></trkpt>
   <trkpt lat="45.684957" lon="3.196632"><ele>344</ele></trkpt>
   <trkpt lat="45.684795" lon="3.196721"><ele>344.5</ele></trkpt>
   <trkpt lat="45.684676" lon="3.19683"><ele>344.25</ele></trkpt>
   <trkpt lat="45.684531" lon="3.196994"><ele>344.5</ele></trkpt>
   <trkpt lat="45.684334" lon="3.197237"><ele>345</ele></trkpt>
   <trkpt lat="45.684315" lon="3.19726"><ele>345</ele></trkpt>
   <trkpt lat="45.682748" lon="3.199132"><ele>345</ele></trkpt>
   <trkpt lat="45.680786" lon="3.201449"><ele>345.75</ele></trkpt>
   <trkpt lat="45.679639" lon="3.202834"><ele>346.75</ele></trkpt>
   <trkpt lat="45.679618" lon="3.202863"><ele>346.75</ele></trkpt>
   <trkpt lat="45.679583" lon="3.202911"><ele>346.75</ele></trkpt>
   <trkpt lat="45.679553" lon="3.202944"><ele>346.75</ele></trkpt>
   <trkpt lat="45.67954" lon="3.202889"><ele>347</ele></trkpt>
   <trkpt lat="45.679522" lon="3.202847"><ele>347.25</ele></trkpt>
   <trkpt lat="45.679501" lon="3.202809"><ele>347.5</ele></trkpt>
   <trkpt lat="45.679449" lon="3.202717"><ele>347.75</ele></trkpt>
   <trkpt lat="45.679405" lon="3.202775"><ele>348</ele></trkpt>
   <trkpt lat="45.679335" lon="3.202879"><ele>348</ele></trkpt>
   <trkpt lat="45.678764" lon="3.203533"><ele>348</ele></trkpt>
   <trkpt lat="45.678225" lon="3.204197"><ele>347.75</ele></trkpt>
   <trkpt lat="45.677472" lon="3.205085"><ele>348.75</ele></trkpt>
   <trkpt lat="45.677199" lon="3.205394"><ele>348.75</ele></trkpt>
   <trkpt lat="45.677048" lon="3.205532"><ele>348.75</ele></trkpt>
   <trkpt lat="45.676536" lon="3.205869"><ele>350.75</ele></trkpt>
   <trkpt lat="45.676288" lon="3.206047"><ele>352.25</ele></trkpt>
   <trkpt lat="45.676125" lon="3.206177"><ele>353</ele></trkpt>
   <trkpt lat="45.675974" lon="3.206317"><ele>353</ele></trkpt>
   <trkpt lat="45.675798" lon="3.206447"><ele>353.5</ele></trkpt>
   <trkpt lat="45.675632" lon="3.206555"><ele>354</ele></trkpt>
   <trkpt lat="45.675122" lon="3.206859"><ele>355.5</ele></trkpt>
   <trkpt lat="45.674562" lon="3.20722"><ele>355</ele></trkpt>
   <trkpt lat="45.674134" lon="3.207513"><ele>355</ele></trkpt>
   <trkpt lat="45.673932" lon="3.207624"><ele>355.25</ele></trkpt>
   <trkpt lat="45.673786" lon="3.207682"><ele>355.5</ele></trkpt>
   <trkpt lat="45.673628" lon="3.207724"><ele>355.75</ele></trkpt>
   <trkpt lat="45.672954" lon="3.207849"><ele>356.5</ele></trkpt>
   <trkpt lat="45.67281" lon="3.207842"><ele>356.75</ele></trkpt>
   <trkpt lat="45.672784" lon="3.20783"><ele>356.75</ele></trkpt>
   <trkpt lat="45.672731" lon="3.207806"><ele>356.75</ele></trkpt>
   <trkpt lat="45.672538" lon="3.208099"><ele>356.5</ele></trkpt>
   <trkpt lat="45.672022" lon="3.208846"><ele>356.5</ele></trkpt>
   <trkpt lat="45.671356" lon="3.209833"><ele>354.25</ele></trkpt>
   <trkpt lat="45.671138" lon="3.210129"><ele>354</ele></trkpt>
   <trkpt lat="45.671063" lon="3.210228"><ele>356</ele></trkpt>
   <trkpt lat="45.670976" lon="3.210326"><ele>356.25</ele></trkpt>
   <trkpt lat="45.670821" lon="3.210475"><ele>356.5</ele></trkpt>
   <trkpt lat="45.670719" lon="3.210556"><ele>356.5</ele></trkpt>
   <trkpt lat="45.670609" lon="3.210631"><ele>356</ele></trkpt>
   <trkpt lat="45.670478" lon="3.210702"><ele>356</ele></trkpt>
   <trkpt lat="45.670256" lon="3.210786"><ele>356</ele></trkpt>
   <trkpt lat="45.670143" lon="3.210811"><ele>356</ele></trkpt>
   <trkpt lat="45.669938" lon="3.21083"><ele>356</ele></trkpt>
   <trkpt lat="45.669716" lon="3.210812"><ele>356</ele></trkpt>
   <trkpt lat="45.669618" lon="3.210797"><ele>355.75</ele></trkpt>
   <trkpt lat="45.669488" lon="3.210757"><ele>355.25</ele></trkpt>
   <trkpt lat="45.66937" lon="3.210711"><ele>355</ele></trkpt>
   <trkpt lat="45.669238" lon="3.210644"><ele>354</ele></trkpt>
   <trkpt lat="45.669118" lon="3.210574"><ele>352.25</ele></trkpt>
   <trkpt lat="45.669089" lon="3.210556"><ele>351.75</ele></trkpt>
   <trkpt lat="45.668954" lon="3.210475"><ele>349</ele></trkpt>
   <trkpt lat="45.667625" lon="3.209638"><ele>343.75</ele></trkpt>
   <trkpt lat="45.666986" lon="3.209224"><ele>345.75</ele></trkpt>
   <trkpt lat="45.666444" lon="3.208858"><ele>345.75</ele></trkpt>
   <trkpt lat="45.66634" lon="3.208784"><ele>345.5</ele></trkpt>
   <trkpt lat="45.666105" lon="3.208619"><ele>345.75</ele></trkpt>
   <trkpt lat="45.665812" lon="3.208445"><ele>347</ele></trkpt>
   <trkpt lat="45.665434" lon="3.208275"><ele>347.75</ele></trkpt>
   <trkpt lat="45.665275" lon="3.208205"><ele>348.25</ele></trkpt>
   <trkpt lat="45.664944" lon="3.208093"><ele>349</ele></trkpt>
   <trkpt lat="45.664879" lon="3.208071"><ele>349.25</ele></trkpt>
   <trkpt lat="45.664724" lon="3.208053"><ele>349.75</ele></trkpt>
   <trkpt lat="45.664381" lon="3.208012"><ele>350.25</ele></trkpt>
   <trkpt lat="45.66414" lon="3.208016"><ele>351</ele></trkpt>
   <trkpt lat="45.663933" lon="3.207995"><ele>351.75</ele></trkpt>
   <trkpt lat="45.663461" lon="3.207987"><ele>352</ele></trkpt>
   <trkpt lat="45.663145" lon="3.207904"><ele>352</ele></trkpt>
   <trkpt lat="45.663089" lon="3.20788"><ele>352</ele></trkpt>
   <trkpt lat="45.663069" lon="3.207839"><ele>352</ele></trkpt>
   <trkpt lat="45.663042" lon="3.207812"><ele>352</ele></trkpt>
   <trkpt lat="45.663006" lon="3.207801"><ele>352</ele></trkpt>
   <trkpt lat="45.662971" lon="3.20781"><ele>352</ele></trkpt>
   <trkpt lat="45.662942" lon="3.207839"><ele>352</ele></trkpt>
   <trkpt lat="45.662923" lon="3.207878"><ele>352</ele></trkpt>
   <trkpt lat="45.662861" lon="3.207971"><ele>352</ele></trkpt>
   <trkpt lat="45.662669" lon="3.207968"><ele>352</ele></trkpt>
   <trkpt lat="45.662547" lon="3.207966"><ele>352</ele></trkpt>
   <trkpt lat="45.662067" lon="3.207958"><ele>352</ele></trkpt>
   <trkpt lat="45.661996" lon="3.207957"><ele>352</ele></trkpt>
   <trkpt lat="45.661715" lon="3.207955"><ele>352.25</ele></trkpt>
   <trkpt lat="45.661686" lon="3.207955"><ele>352.25</ele></trkpt>
   <trkpt lat="45.661487" lon="3.207953"><ele>352.75</ele></trkpt>
   <trkpt lat="45.661175" lon="3.20795"><ele>353</ele></trkpt>
   <trkpt lat="45.661056" lon="3.207941"><ele>353</ele></trkpt>
   <trkpt lat="45.661044" lon="3.20809"><ele>353</ele></trkpt>
   <trkpt lat="45.661039" lon="3.208126"><ele>353</ele></trkpt>
   <trkpt lat="45.66089" lon="3.209324"><ele>353</ele></trkpt>
   <trkpt lat="45.660888" lon="3.20942"><ele>353</ele></trkpt>
   <trkpt lat="45.660875" lon="3.209443"><ele>353</ele></trkpt>
   <trkpt lat="45.660868" lon="3.209464"><ele>353</ele></trkpt>
   <trkpt lat="45.660867" lon="3.209509"><ele>353</ele></trkpt>
   <trkpt lat="45.660869" lon="3.20952"><ele>353</ele></trkpt>
   <trkpt lat="45.660833" lon="3.209747"><ele>353</ele></trkpt>
   <trkpt lat="45.660791" lon="3.210016"><ele>354</ele></trkpt>
   <trkpt lat="45.660785" lon="3.210175"><ele>354</ele></trkpt>
   <trkpt lat="45.660755" lon="3.210416"><ele>354.5</ele></trkpt>
   <trkpt lat="45.660751" lon="3.210657"><ele>355.25</ele></trkpt>
   <trkpt lat="45.660757" lon="3.211058"><ele>357</ele></trkpt>
   <trkpt lat="45.660757" lon="3.211105"><ele>357</ele></trkpt>
   <trkpt lat="45.660426" lon="3.211163"><ele>358.75</ele></trkpt>
   <trkpt lat="45.660278" lon="3.211177"><ele>359.5</ele></trkpt>
   <trkpt lat="45.660242" lon="3.21118"><ele>359.75</ele></trkpt>
   <trkpt lat="45.660154" lon="3.211108"><ele>359.75</ele></trkpt>
   <trkpt lat="45.660129" lon="3.21112"><ele>360</ele></trkpt>
   <trkpt lat="45.659546" lon="3.211398"><ele>366.25</ele></trkpt>
   <trkpt lat="45.659528" lon="3.211407"><ele>366.25</ele></trkpt>
   <trkpt lat="45.659491" lon="3.211431"><ele>366.75</ele></trkpt>
   <trkpt lat="45.659349" lon="3.211525"><ele>367.75</ele></trkpt>
   <trkpt lat="45.659254" lon="3.211583"><ele>368.25</ele></trkpt>
   <trkpt lat="45.659163" lon="3.211606"><ele>368.75</ele></trkpt>
   <trkpt lat="45.659144" lon="3.211607"><ele>368.75</ele></trkpt>
   <trkpt lat="45.658469" lon="3.211633"><ele>369.75</ele></trkpt>
   <trkpt lat="45.658207" lon="3.211656"><ele>370.25</ele></trkpt>
   <trkpt lat="45.658092" lon="3.211676"><ele>370.75</ele></trkpt>
   <trkpt lat="45.657982" lon="3.2117"><ele>371</ele></trkpt>
   <trkpt lat="45.657865" lon="3.211731"><ele>371</ele></trkpt>
   <trkpt lat="45.657278" lon="3.21191"><ele>372.75</ele></trkpt>
   <trkpt lat="45.657257" lon="3.211917"><ele>372.75</ele></trkpt>
   <trkpt lat="45.657125" lon="3.211954"><ele>373.25</ele></trkpt>
   <trkpt lat="45.657012" lon="3.21198"><ele>373.75</ele></trkpt>
   <trkpt lat="45.656988" lon="3.211984"><ele>374</ele></trkpt>
   <trkpt lat="45.656861" lon="3.212018"><ele>374.75</ele></trkpt>
   <trkpt lat="45.656383" lon="3.212101"><ele>378</ele></trkpt>
   <trkpt lat="45.656153" lon="3.212144"><ele>378.75</ele></trkpt>
   <trkpt lat="45.656037" lon="3.212161"><ele>379</ele></trkpt>
   <trkpt lat="45.655918" lon="3.212176"><ele>379</ele></trkpt>
   <trkpt lat="45.655042" lon="3.212312"><ele>380.25</ele></trkpt>
   <trkpt lat="45.654968" lon="3.212321"><ele>380.25</ele></trkpt>
   <trkpt lat="45.654833" lon="3.212337"><ele>380.75</ele></trkpt>
   <trkpt lat="45.654697" lon="3.212355"><ele>381</ele></trkpt>
   <trkpt lat="45.654665" lon="3.212359"><ele>381</ele></trkpt>
   <trkpt lat="45.653916" lon="3.212456"><ele>381.75</ele></trkpt>
   <trkpt lat="45.653796" lon="3.21249"><ele>381.75</ele></trkpt>
   <trkpt lat="45.653745" lon="3.212535"><ele>382</ele></trkpt>
   <trkpt lat="45.653587" lon="3.212756"><ele>382</ele></trkpt>
   <trkpt lat="45.653532" lon="3.212839"><ele>382</ele></trkpt>
   <trkpt lat="45.653435" lon="3.212886"><ele>382</ele></trkpt>
   <trkpt lat="45.653378" lon="3.213073"><ele>382.75</ele></trkpt>
   <trkpt lat="45.653314" lon="3.21306"><ele>383</ele></trkpt>
   <trkpt lat="45.653129" lon="3.213084"><ele>383</ele></trkpt>
   <trkpt lat="45.653081" lon="3.213103"><ele>383</ele></trkpt>
   <trkpt lat="45.653035" lon="3.213136"><ele>383.25</ele></trkpt>
   <trkpt lat="45.652975" lon="3.213197"><ele>383.5</ele></trkpt>
   <trkpt lat="45.652599" lon="3.213643"><ele>384.5</ele></trkpt>
   <trkpt lat="45.652414" lon="3.213856"><ele>385</ele></trkpt>
   <trkpt lat="45.652052" lon="3.21433"><ele>386.5</ele></trkpt>
   <trkpt lat="45.651783" lon="3.214708"><ele>388.5</ele></trkpt>
   <trkpt lat="45.651596" lon="3.215004"><ele>389.25</ele></trkpt>
   <trkpt lat="45.651423" lon="3.215289"><ele>391.5</ele></trkpt>
   <trkpt lat="45.650984" lon="3.216081"><ele>395.75</ele></trkpt>
   <trkpt lat="45.650692" lon="3.216632"><ele>399.5</ele></trkpt>
   <trkpt lat="45.650096" lon="3.21776"><ele>407.25</ele></trkpt>
   <trkpt lat="45.649736" lon="3.218501"><ele>411</ele></trkpt>
   <trkpt lat="45.649649" lon="3.218695"><ele>412.5</ele></trkpt>
   <trkpt lat="45.64956" lon="3.218903"><ele>414.25</ele></trkpt>
   <trkpt lat="45.649312" lon="3.219544"><ele>418.75</ele></trkpt>
   <trkpt lat="45.648874" lon="3.220705"><ele>422</ele></trkpt>
   <trkpt lat="45.648743" lon="3.221016"><ele>424.5</ele></trkpt>
   <trkpt lat="45.648638" lon="3.221249"><ele>424.5</ele></trkpt>
   <trkpt lat="45.648244" lon="3.221985"><ele>427</ele></trkpt>
   <trkpt lat="45.647778" lon="3.222864"><ele>428</ele></trkpt>
   <trkpt lat="45.647471" lon="3.223456"><ele>429</ele></trkpt>
   <trkpt lat="45.647276" lon="3.223834"><ele>429.75</ele></trkpt>
   <trkpt lat="45.646996" lon="3.224414"><ele>431.5</ele></trkpt>
   <trkpt lat="45.646705" lon="3.225059"><ele>432.75</ele></trkpt>
   <trkpt lat="45.646616" lon="3.225276"><ele>433</ele></trkpt>
   <trkpt lat="45.64655" lon="3.225527"><ele>434.25</ele></trkpt>
   <trkpt lat="45.646279" lon="3.226191"><ele>435.25</ele></trkpt>
   <trkpt lat="45.646208" lon="3.226435"><ele>435.75</ele></trkpt>
   <trkpt lat="45.646147" lon="3.226597"><ele>436.5</ele></trkpt>
   <trkpt lat="45.646111" lon="3.226686"><ele>436.75</ele></trkpt>
   <trkpt lat="45.646043" lon="3.226868"><ele>437</ele></trkpt>
   <trkpt lat="45.645763" lon="3.227548"><ele>439.25</ele></trkpt>
   <trkpt lat="45.64522" lon="3.229052"><ele>444.25</ele></trkpt>
   <trkpt lat="45.64495" lon="3.229821"><ele>447</ele></trkpt>
   <trkpt lat="45.644809" lon="3.230284"><ele>448.5</ele></trkpt>
   <trkpt lat="45.644747" lon="3.230463"><ele>449.5</ele></trkpt>
   <trkpt lat="45.644742" lon="3.230518"><ele>449.5</ele></trkpt>
   <trkpt lat="45.644757" lon="3.230644"><ele>449.5</ele></trkpt>
   <trkpt lat="45.644751" lon="3.230686"><ele>449.75</ele></trkpt>
   <trkpt lat="45.644714" lon="3.230736"><ele>450</ele></trkpt>
   <trkpt lat="45.644692" lon="3.230692"><ele>450</ele></trkpt>
   <trkpt lat="45.644664" lon="3.230656"><ele>450</ele></trkpt>
   <trkpt lat="45.644635" lon="3.230631"><ele>450.25</ele></trkpt>
   <trkpt lat="45.644604" lon="3.230616"><ele>450.25</ele></trkpt>
   <trkpt lat="45.644537" lon="3.230613"><ele>450.5</ele></trkpt>
   <trkpt lat="45.644495" lon="3.230632"><ele>450.75</ele></trkpt>
   <trkpt lat="45.644458" lon="3.230665"><ele>450.75</ele></trkpt>
   <trkpt lat="45.644429" lon="3.230711"><ele>451</ele></trkpt>
   <trkpt lat="45.644409" lon="3.230766"><ele>451</ele></trkpt>
   <trkpt lat="45.644399" lon="3.230827"><ele>451</ele></trkpt>
   <trkpt lat="45.6444" lon="3.230883"><ele>451</ele></trkpt>
   <trkpt lat="45.64441" lon="3.230938"><ele>451</ele></trkpt>
   <trkpt lat="45.644429" lon="3.230988"><ele>451</ele></trkpt>
   <trkpt lat="45.644467" lon="3.231044"><ele>450.75</ele></trkpt>
   <trkpt lat="45.644515" lon="3.231079"><ele>450.5</ele></trkpt>
   <trkpt lat="45.644552" lon="3.231216"><ele>450.5</ele></trkpt>
   <trkpt lat="45.644563" lon="3.231285"><ele>450.5</ele></trkpt>
   <trkpt lat="45.644561" lon="3.231336"><ele>450.5</ele></trkpt>
   <trkpt lat="45.644542" lon="3.231452"><ele>450.5</ele></trkpt>
   <trkpt lat="45.644493" lon="3.231619"><ele>450</ele></trkpt>
   <trkpt lat="45.644481" lon="3.231678"><ele>450</ele></trkpt>
   <trkpt lat="45.644434" lon="3.231931"><ele>450</ele></trkpt>
   <trkpt lat="45.644434" lon="3.232023"><ele>450</ele></trkpt>
   <trkpt lat="45.644411" lon="3.232171"><ele>450.25</ele></trkpt>
   <trkpt lat="45.644267" lon="3.233139"><ele>449.5</ele></trkpt>
   <trkpt lat="45.644211" lon="3.23351"><ele>448.25</ele></trkpt>
   <trkpt lat="45.644166" lon="3.233833"><ele>447.75</ele></trkpt>
   <trkpt lat="45.644045" lon="3.234683"><ele>447.5</ele></trkpt>
   <trkpt lat="45.644009" lon="3.234904"><ele>449.25</ele></trkpt>
   <trkpt lat="45.643945" lon="3.235303"><ele>451.25</ele></trkpt>
   <trkpt lat="45.643848" lon="3.235992"><ele>453</ele></trkpt>
   <trkpt lat="45.643823" lon="3.236196"><ele>453.75</ele></trkpt>
   <trkpt lat="45.643823" lon="3.236451"><ele>454.75</ele></trkpt>
   <trkpt lat="45.643874" lon="3.237112"><ele>456.5</ele></trkpt>
   <trkpt lat="45.643893" lon="3.237362"><ele>457</ele></trkpt>
   <trkpt lat="45.643924" lon="3.237817"><ele>458.75</ele></trkpt>
   <trkpt lat="45.64393" lon="3.237924"><ele>458.75</ele></trkpt>
   <trkpt lat="45.643935" lon="3.238031"><ele>459</ele></trkpt>
   <trkpt lat="45.643945" lon="3.238217"><ele>459.5</ele></trkpt>
   <trkpt lat="45.643962" lon="3.238538"><ele>461</ele></trkpt>
   <trkpt lat="45.643967" lon="3.23863"><ele>461.75</ele></trkpt>
   <trkpt lat="45.64398" lon="3.238871"><ele>462.75</ele></trkpt>
   <trkpt lat="45.643975" lon="3.239205"><ele>464.25</ele></trkpt>
   <trkpt lat="45.643946" lon="3.239551"><ele>465</ele></trkpt>
   <trkpt lat="45.643844" lon="3.241031"><ele>469</ele></trkpt>
   <trkpt lat="45.643813" lon="3.241414"><ele>469.5</ele></trkpt>
   <trkpt lat="45.643774" lon="3.241679"><ele>470</ele></trkpt>
   <trkpt lat="45.643695" lon="3.242126"><ele>471</ele></trkpt>
   <trkpt lat="45.643641" lon="3.242382"><ele>471</ele></trkpt>
   <trkpt lat="45.643592" lon="3.242549"><ele>471</ele></trkpt>
   <trkpt lat="45.643522" lon="3.242673"><ele>471.5</ele></trkpt>
   <trkpt lat="45.643449" lon="3.242772"><ele>471.25</ele></trkpt>
   <trkpt lat="45.643369" lon="3.242846"><ele>471.5</ele></trkpt>
   <trkpt lat="45.643318" lon="3.242893"><ele>471.75</ele></trkpt>
   <trkpt lat="45.643279" lon="3.243115"><ele>473</ele></trkpt>
   <trkpt lat="45.643243" lon="3.243253"><ele>473.5</ele></trkpt>
   <trkpt lat="45.643148" lon="3.243562"><ele>474</ele></trkpt>
   <trkpt lat="45.643051" lon="3.243741"><ele>474.25</ele></trkpt>
   <trkpt lat="45.64291" lon="3.243996"><ele>475</ele></trkpt>
   <trkpt lat="45.64266" lon="3.244448"><ele>476</ele></trkpt>
   <trkpt lat="45.64263" lon="3.244502"><ele>476</ele></trkpt>
   <trkpt lat="45.64261" lon="3.244538"><ele>476</ele></trkpt>
   <trkpt lat="45.642433" lon="3.24482"><ele>476</ele></trkpt>
   <trkpt lat="45.642399" lon="3.244883"><ele>476</ele></trkpt>
   <trkpt lat="45.642368" lon="3.244936"><ele>476</ele></trkpt>
   <trkpt lat="45.642321" lon="3.245009"><ele>476</ele></trkpt>
   <trkpt lat="45.642241" lon="3.245173"><ele>476</ele></trkpt>
   <trkpt lat="45.642209" lon="3.245336"><ele>476</ele></trkpt>
   <trkpt lat="45.642205" lon="3.245374"><ele>476.25</ele></trkpt>
   <trkpt lat="45.642199" lon="3.245425"><ele>476.5</ele></trkpt>
   <trkpt lat="45.6422" lon="3.245571"><ele>477</ele></trkpt>
   <trkpt lat="45.642202" lon="3.245848"><ele>477</ele></trkpt>
   <trkpt lat="45.642202" lon="3.245906"><ele>477</ele></trkpt>
   <trkpt lat="45.642202" lon="3.245939"><ele>477</ele></trkpt>
   <trkpt lat="45.642227" lon="3.246784"><ele>478</ele></trkpt>
   <trkpt lat="45.642229" lon="3.246865"><ele>478</ele></trkpt>
   <trkpt lat="45.642179" lon="3.246885"><ele>478</ele></trkpt>
   <trkpt lat="45.641871" lon="3.246918"><ele>477.5</ele></trkpt>
   <trkpt lat="45.641775" lon="3.246947"><ele>477.25</ele></trkpt>
   <trkpt lat="45.641498" lon="3.24705"><ele>477</ele></trkpt>
   <trkpt lat="45.641347" lon="3.247075"><ele>477</ele></trkpt>
   <trkpt lat="45.641251" lon="3.247091"><ele>477</ele></trkpt>
   <trkpt lat="45.640738" lon="3.247191"><ele>476</ele></trkpt>
   <trkpt lat="45.640623" lon="3.247214"><ele>476</ele></trkpt>
   <trkpt lat="45.640425" lon="3.247253"><ele>475.25</ele></trkpt>
   <trkpt lat="45.640248" lon="3.247362"><ele>474.25</ele></trkpt>
   <trkpt lat="45.640051" lon="3.247484"><ele>472.25</ele></trkpt>
   <trkpt lat="45.639962" lon="3.247525"><ele>471.75</ele></trkpt>
   <trkpt lat="45.639915" lon="3.247519"><ele>471.75</ele></trkpt>
   <trkpt lat="45.639866" lon="3.247491"><ele>471.5</ele></trkpt>
   <trkpt lat="45.639742" lon="3.247366"><ele>470.5</ele></trkpt>
   <trkpt lat="45.639249" lon="3.246873"><ele>471.25</ele></trkpt>
   <trkpt lat="45.639069" lon="3.24674"><ele>472.25</ele></trkpt>
   <trkpt lat="45.638661" lon="3.246597"><ele>473</ele></trkpt>
   <trkpt lat="45.638431" lon="3.246528"><ele>473.75</ele></trkpt>
   <trkpt lat="45.638376" lon="3.246517"><ele>473.75</ele></trkpt>
   <trkpt lat="45.638331" lon="3.246519"><ele>474</ele></trkpt>
   <trkpt lat="45.638163" lon="3.246518"><ele>475</ele></trkpt>
   <trkpt lat="45.637862" lon="3.246549"><ele>476.75</ele></trkpt>
   <trkpt lat="45.637655" lon="3.246571"><ele>478</ele></trkpt>
   <trkpt lat="45.637355" lon="3.246642"><ele>479.5</ele></trkpt>
   <trkpt lat="45.636587" lon="3.24685"><ele>483.25</ele></trkpt>
   <trkpt lat="45.636451" lon="3.246903"><ele>483.75</ele></trkpt>
   <trkpt lat="45.636301" lon="3.247004"><ele>484.75</ele></trkpt>
   <trkpt lat="45.636096" lon="3.247213"><ele>485.25</ele></trkpt>
   <trkpt lat="45.635883" lon="3.247475"><ele>486.75</ele></trkpt>
   <trkpt lat="45.635493" lon="3.247926"><ele>489.5</ele></trkpt>
   <trkpt lat="45.635081" lon="3.248344"><ele>491.25</ele></trkpt>
   <trkpt lat="45.634607" lon="3.248763"><ele>493.75</ele></trkpt>
   <trkpt lat="45.633787" lon="3.249352"><ele>497.75</ele></trkpt>
   <trkpt lat="45.632472" lon="3.25022"><ele>501</ele></trkpt>
   <trkpt lat="45.631248" lon="3.250973"><ele>505</ele></trkpt>
   <trkpt lat="45.631058" lon="3.251048"><ele>505.75</ele></trkpt>
   <trkpt lat="45.630897" lon="3.251095"><ele>506.5</ele></trkpt>
   <trkpt lat="45.630701" lon="3.251115"><ele>507.25</ele></trkpt>
   <trkpt lat="45.630197" lon="3.251064"><ele>508.5</ele></trkpt>
   <trkpt lat="45.629878" lon="3.25109"><ele>509.75</ele></trkpt>
   <trkpt lat="45.6298" lon="3.251109"><ele>510.25</ele></trkpt>
   <trkpt lat="45.629534" lon="3.251174"><ele>511</ele></trkpt>
   <trkpt lat="45.629228" lon="3.251301"><ele>513</ele></trkpt>
   <trkpt lat="45.628637" lon="3.251641"><ele>518.5</ele></trkpt>
   <trkpt lat="45.628333" lon="3.251792"><ele>522</ele></trkpt>
   <trkpt lat="45.628151" lon="3.251864"><ele>523.25</ele></trkpt>
   <trkpt lat="45.627679" lon="3.251992"><ele>524.75</ele></trkpt>
   <trkpt lat="45.627459" lon="3.252097"><ele>526</ele></trkpt>
   <trkpt lat="45.627259" lon="3.252233"><ele>525.75</ele></trkpt>
   <trkpt lat="45.626656" lon="3.252741"><ele>525.5</ele></trkpt>
   <trkpt lat="45.625994" lon="3.253227"><ele>528.75</ele></trkpt>
   <trkpt lat="45.625783" lon="3.253425"><ele>530.5</ele></trkpt>
   <trkpt lat="45.625" lon="3.254443"><ele>537</ele></trkpt>
   <trkpt lat="45.624827" lon="3.254657"><ele>537.5</ele></trkpt>
   <trkpt lat="45.624652" lon="3.254846"><ele>538.5</ele></trkpt>
   <trkpt lat="45.624378" lon="3.255071"><ele>539.75</ele></trkpt>
   <trkpt lat="45.623434" lon="3.255733"><ele>543</ele></trkpt>
   <trkpt lat="45.623118" lon="3.255928"><ele>544.25</ele></trkpt>
   <trkpt lat="45.622979" lon="3.256"><ele>544.75</ele></trkpt>
   <trkpt lat="45.622129" lon="3.256384"><ele>548.5</ele></trkpt>
   <trkpt lat="45.621316" lon="3.256651"><ele>553.5</ele></trkpt>
   <trkpt lat="45.620691" lon="3.25685"><ele>557.25</ele></trkpt>
   <trkpt lat="45.62055" lon="3.256908"><ele>558</ele></trkpt>
   <trkpt lat="45.620409" lon="3.256985"><ele>559.25</ele></trkpt>
   <trkpt lat="45.620202" lon="3.25717"><ele>560.5</ele></trkpt>
   <trkpt lat="45.619938" lon="3.257459"><ele>562.25</ele></trkpt>
   <trkpt lat="45.619626" lon="3.257766"><ele>565</ele></trkpt>
   <trkpt lat="45.619483" lon="3.257854"><ele>566.5</ele></trkpt>
   <trkpt lat="45.619308" lon="3.257903"><ele>567.75</ele></trkpt>
   <trkpt lat="45.619" lon="3.257956"><ele>569.75</ele></trkpt>
   <trkpt lat="45.618803" lon="3.258027"><ele>570.5</ele></trkpt>
   <trkpt lat="45.618575" lon="3.258139"><ele>572</ele></trkpt>
   <trkpt lat="45.618075" lon="3.258383"><ele>573.75</ele></trkpt>
   <trkpt lat="45.617857" lon="3.258549"><ele>574.5</ele></trkpt>
   <trkpt lat="45.617774" lon="3.258637"><ele>574.75</ele></trkpt>
   <trkpt lat="45.617648" lon="3.258787"><ele>574.75</ele></trkpt>
   <trkpt lat="45.617561" lon="3.25889"><ele>575.75</ele></trkpt>
   <trkpt lat="45.617446" lon="3.259035"><ele>576</ele></trkpt>
   <trkpt lat="45.617133" lon="3.259377"><ele>579</ele></trkpt>
   <trkpt lat="45.61677" lon="3.259748"><ele>581.5</ele></trkpt>
   <trkpt lat="45.616339" lon="3.260091"><ele>583.75</ele></trkpt>
   <trkpt lat="45.616137" lon="3.260277"><ele>585</ele></trkpt>
   <trkpt lat="45.616049" lon="3.260389"><ele>585</ele></trkpt>
   <trkpt lat="45.615993" lon="3.260518"><ele>585.75</ele></trkpt>
   <trkpt lat="45.615786" lon="3.261411"><ele>589.5</ele></trkpt>
   <trkpt lat="45.615734" lon="3.261673"><ele>590.5</ele></trkpt>
   <trkpt lat="45.615712" lon="3.261911"><ele>591</ele></trkpt>
   <trkpt lat="45.615712" lon="3.262132"><ele>591.75</ele></trkpt>
   <trkpt lat="45.615779" lon="3.26287"><ele>595.5</ele></trkpt>
   <trkpt lat="45.61577" lon="3.262931"><ele>595.75</ele></trkpt>
   <trkpt lat="45.615742" lon="3.263054"><ele>596</ele></trkpt>
   <trkpt lat="45.615691" lon="3.263149"><ele>596.25</ele></trkpt>
   <trkpt lat="45.615596" lon="3.263219"><ele>596.5</ele></trkpt>
   <trkpt lat="45.615405" lon="3.263274"><ele>598.25</ele></trkpt>
   <trkpt lat="45.614032" lon="3.26356"><ele>606</ele></trkpt>
   <trkpt lat="45.613125" lon="3.263729"><ele>610.5</ele></trkpt>
   <trkpt lat="45.613018" lon="3.263737"><ele>611</ele></trkpt>
   <trkpt lat="45.612863" lon="3.263722"><ele>612</ele></trkpt>
   <trkpt lat="45.612699" lon="3.263645"><ele>612.75</ele></trkpt>
   <trkpt lat="45.612493" lon="3.263526"><ele>612.75</ele></trkpt>
   <trkpt lat="45.612415" lon="3.263518"><ele>612.75</ele></trkpt>
   <trkpt lat="45.612339" lon="3.263535"><ele>613.25</ele></trkpt>
   <trkpt lat="45.612236" lon="3.26362"><ele>615</ele></trkpt>
   <trkpt lat="45.61217" lon="3.263757"><ele>616.25</ele></trkpt>
   <trkpt lat="45.612154" lon="3.263976"><ele>618</ele></trkpt>
   <trkpt lat="45.612205" lon="3.264119"><ele>618</ele></trkpt>
   <trkpt lat="45.612264" lon="3.264197"><ele>618.5</ele></trkpt>
   <trkpt lat="45.612342" lon="3.264258"><ele>619.5</ele></trkpt>
   <trkpt lat="45.613844" lon="3.265205"><ele>626.75</ele></trkpt>
   <trkpt lat="45.614066" lon="3.265388"><ele>628.75</ele></trkpt>
   <trkpt lat="45.614378" lon="3.265694"><ele>631.75</ele></trkpt>
   <trkpt lat="45.614539" lon="3.265779"><ele>632.5</ele></trkpt>
   <trkpt lat="45.614901" lon="3.265863"><ele>634</ele></trkpt>
   <trkpt lat="45.615094" lon="3.265934"><ele>634.75</ele></trkpt>
   <trkpt lat="45.615382" lon="3.266115"><ele>635.5</ele></trkpt>
   <trkpt lat="45.615631" lon="3.266333"><ele>637.25</ele></trkpt>
   <trkpt lat="45.61586" lon="3.266652"><ele>639.25</ele></trkpt>
   <trkpt lat="45.616137" lon="3.267319"><ele>642.5</ele></trkpt>
   <trkpt lat="45.61632" lon="3.267739"><ele>644.5</ele></trkpt>
   <trkpt lat="45.616413" lon="3.268035"><ele>645.25</ele></trkpt>
   <trkpt lat="45.616482" lon="3.268486"><ele>647.25</ele></trkpt>
   <trkpt lat="45.616538" lon="3.268937"><ele>649.5</ele></trkpt>
   <trkpt lat="45.61658" lon="3.269286"><ele>651.25</ele></trkpt>
   <trkpt lat="45.616589" lon="3.269509"><ele>652</ele></trkpt>
   <trkpt lat="45.616581" lon="3.269764"><ele>652.75</ele></trkpt>
   <trkpt lat="45.616546" lon="3.270081"><ele>654</ele></trkpt>
   <trkpt lat="45.616493" lon="3.270351"><ele>654.5</ele></trkpt>
   <trkpt lat="45.616424" lon="3.270557"><ele>655</ele></trkpt>
   <trkpt lat="45.616334" lon="3.270727"><ele>654.5</ele></trkpt>
   <trkpt lat="45.616062" lon="3.271137"><ele>652.5</ele></trkpt>
   <trkpt lat="45.615925" lon="3.271416"><ele>652</ele></trkpt>
   <trkpt lat="45.615845" lon="3.271677"><ele>651</ele></trkpt>
   <trkpt lat="45.615804" lon="3.271962"><ele>649.5</ele></trkpt>
   <trkpt lat="45.615833" lon="3.272747"><ele>648</ele></trkpt>
   <trkpt lat="45.615815" lon="3.27291"><ele>647.25</ele></trkpt>
   <trkpt lat="45.615778" lon="3.273101"><ele>646</ele></trkpt>
   <trkpt lat="45.615706" lon="3.27334"><ele>645</ele></trkpt>
   <trkpt lat="45.615242" lon="3.27461"><ele>644.25</ele></trkpt>
   <trkpt lat="45.615073" lon="3.274954"><ele>644</ele></trkpt>
   <trkpt lat="45.614956" lon="3.275117"><ele>644</ele></trkpt>
   <trkpt lat="45.614898" lon="3.275149"><ele>643.75</ele></trkpt>
   <trkpt lat="45.614823" lon="3.275191"><ele>643.75</ele></trkpt>
   <trkpt lat="45.614634" lon="3.275206"><ele>643.25</ele></trkpt>
   <trkpt lat="45.614444" lon="3.275184"><ele>643.25</ele></trkpt>
   <trkpt lat="45.614178" lon="3.275088"><ele>642.5</ele></trkpt>
   <trkpt lat="45.614029" lon="3.275072"><ele>642.5</ele></trkpt>
   <trkpt lat="45.613947" lon="3.275099"><ele>642.5</ele></trkpt>
   <trkpt lat="45.613893" lon="3.275118"><ele>642.75</ele></trkpt>
   <trkpt lat="45.613185" lon="3.275462"><ele>639.25</ele></trkpt>
   <trkpt lat="45.612912" lon="3.275625"><ele>637.5</ele></trkpt>
   <trkpt lat="45.612742" lon="3.275824"><ele>636.25</ele></trkpt>
   <trkpt lat="45.612379" lon="3.276407"><ele>634.75</ele></trkpt>
   <trkpt lat="45.611873" lon="3.277003"><ele>632.5</ele></trkpt>
   <trkpt lat="45.611008" lon="3.27768"><ele>627.75</ele></trkpt>
   <trkpt lat="45.6098" lon="3.279053"><ele>621.25</ele></trkpt>
   <trkpt lat="45.609651" lon="3.279287"><ele>620.25</ele></trkpt>
   <trkpt lat="45.609536" lon="3.279547"><ele>619.5</ele></trkpt>
   <trkpt lat="45.609415" lon="3.279957"><ele>618.5</ele></trkpt>
   <trkpt lat="45.609241" lon="3.28067"><ele>616</ele></trkpt>
   <trkpt lat="45.609159" lon="3.280928"><ele>615.75</ele></trkpt>
   <trkpt lat="45.609041" lon="3.281138"><ele>614.5</ele></trkpt>
   <trkpt lat="45.608731" lon="3.281532"><ele>612.75</ele></trkpt>
   <trkpt lat="45.608471" lon="3.282005"><ele>610.5</ele></trkpt>
   <trkpt lat="45.608221" lon="3.282655"><ele>608.75</ele></trkpt>
   <trkpt lat="45.60809" lon="3.283155"><ele>607.25</ele></trkpt>
   <trkpt lat="45.608036" lon="3.283325"><ele>606.75</ele></trkpt>
   <trkpt lat="45.607912" lon="3.283505"><ele>606.25</ele></trkpt>
   <trkpt lat="45.607417" lon="3.283872"><ele>605.5</ele></trkpt>
   <trkpt lat="45.607233" lon="3.283926"><ele>605.25</ele></trkpt>
   <trkpt lat="45.607012" lon="3.283902"><ele>604.25</ele></trkpt>
   <trkpt lat="45.606869" lon="3.28391"><ele>603.5</ele></trkpt>
   <trkpt lat="45.606456" lon="3.284109"><ele>601.75</ele></trkpt>
   <trkpt lat="45.606311" lon="3.28416"><ele>601.5</ele></trkpt>
   <trkpt lat="45.606157" lon="3.284163"><ele>601</ele></trkpt>
   <trkpt lat="45.605978" lon="3.284112"><ele>600.75</ele></trkpt>
   <trkpt lat="45.605624" lon="3.283904"><ele>598.75</ele></trkpt>
   <trkpt lat="45.605423" lon="3.283814"><ele>597.75</ele></trkpt>
   <trkpt lat="45.605193" lon="3.283771"><ele>597.25</ele></trkpt>
   <trkpt lat="45.604922" lon="3.283758"><ele>596.5</ele></trkpt>
   <trkpt lat="45.604576" lon="3.283798"><ele>595.5</ele></trkpt>
   <trkpt lat="45.604367" lon="3.283851"><ele>594.5</ele></trkpt>
   <trkpt lat="45.604172" lon="3.283936"><ele>595</ele></trkpt>
   <trkpt lat="45.603921" lon="3.284096"><ele>593.25</ele></trkpt>
   <trkpt lat="45.603591" lon="3.284351"><ele>592.25</ele></trkpt>
   <trkpt lat="45.603374" lon="3.284574"><ele>592.5</ele></trkpt>
   <trkpt lat="45.603179" lon="3.284807"><ele>591</ele></trkpt>
   <trkpt lat="45.60309" lon="3.28495"><ele>590.25</ele></trkpt>
   <trkpt lat="45.602989" lon="3.285177"><ele>589.5</ele></trkpt>
   <trkpt lat="45.602962" lon="3.285278"><ele>589.5</ele></trkpt>
   <trkpt lat="45.602935" lon="3.285419"><ele>589.25</ele></trkpt>
   <trkpt lat="45.602879" lon="3.285792"><ele>589.25</ele></trkpt>
   <trkpt lat="45.602867" lon="3.285881"><ele>589</ele></trkpt>
   <trkpt lat="45.602598" lon="3.287875"><ele>582</ele></trkpt>
   <trkpt lat="45.602452" lon="3.288873"><ele>578</ele></trkpt>
   <trkpt lat="45.602386" lon="3.289129"><ele>577.25</ele></trkpt>
   <trkpt lat="45.602297" lon="3.289342"><ele>576.5</ele></trkpt>
   <trkpt lat="45.601815" lon="3.290347"><ele>571</ele></trkpt>
   <trkpt lat="45.60172" lon="3.290639"><ele>570.25</ele></trkpt>
   <trkpt lat="45.601677" lon="3.290975"><ele>569.5</ele></trkpt>
   <trkpt lat="45.601652" lon="3.291383"><ele>567.75</ele></trkpt>
   <trkpt lat="45.601684" lon="3.291737"><ele>566.5</ele></trkpt>
   <trkpt lat="45.601735" lon="3.292069"><ele>564.75</ele></trkpt>
   <trkpt lat="45.601744" lon="3.292265"><ele>563.75</ele></trkpt>
   <trkpt lat="45.601723" lon="3.292524"><ele>563.25</ele></trkpt>
   <trkpt lat="45.601527" lon="3.293393"><ele>560.75</ele></trkpt>
   <trkpt lat="45.601503" lon="3.293535"><ele>560.5</ele></trkpt>
   <trkpt lat="45.601474" lon="3.294536"><ele>556.25</ele></trkpt>
   <trkpt lat="45.601413" lon="3.294968"><ele>554.25</ele></trkpt>
   <trkpt lat="45.601156" lon="3.295539"><ele>551.25</ele></trkpt>
   <trkpt lat="45.600966" lon="3.295928"><ele>549.5</ele></trkpt>
   <trkpt lat="45.600874" lon="3.296039"><ele>549</ele></trkpt>
   <trkpt lat="45.600773" lon="3.296089"><ele>548.5</ele></trkpt>
   <trkpt lat="45.600649" lon="3.296085"><ele>548</ele></trkpt>
   <trkpt lat="45.600147" lon="3.295961"><ele>547.25</ele></trkpt>
   <trkpt lat="45.599937" lon="3.29587"><ele>546.5</ele></trkpt>
   <trkpt lat="45.599756" lon="3.295759"><ele>544.5</ele></trkpt>
   <trkpt lat="45.599715" lon="3.295734"><ele>544</ele></trkpt>
   <trkpt lat="45.59977" lon="3.295467"><ele>542.5</ele></trkpt>
   <trkpt lat="45.599785" lon="3.295273"><ele>541.25</ele></trkpt>
   <trkpt lat="45.599797" lon="3.294979"><ele>540.75</ele></trkpt>
   <trkpt lat="45.599791" lon="3.294764"><ele>540.5</ele></trkpt>
   <trkpt lat="45.599772" lon="3.294603"><ele>540.25</ele></trkpt>
   <trkpt lat="45.599729" lon="3.294447"><ele>540</ele></trkpt>
   <trkpt lat="45.599664" lon="3.294284"><ele>540</ele></trkpt>
   <trkpt lat="45.599505" lon="3.293959"><ele>539.5</ele></trkpt>
   <trkpt lat="45.599246" lon="3.293454"><ele>538.25</ele></trkpt>
   <trkpt lat="45.598679" lon="3.292311"><ele>534</ele></trkpt>
   <trkpt lat="45.598563" lon="3.292154"><ele>533.5</ele></trkpt>
   <trkpt lat="45.59842" lon="3.292027"><ele>532.5</ele></trkpt>
   <trkpt lat="45.598382" lon="3.292007"><ele>532.25</ele></trkpt>
   <trkpt lat="45.598295" lon="3.29198"><ele>532</ele></trkpt>
   <trkpt lat="45.597416" lon="3.291907"><ele>533</ele></trkpt>
   <trkpt lat="45.59726" lon="3.291876"><ele>532.75</ele></trkpt>
   <trkpt lat="45.597081" lon="3.291828"><ele>532.5</ele></trkpt>
   <trkpt lat="45.596623" lon="3.291649"><ele>532.75</ele></trkpt>
   <trkpt lat="45.596173" lon="3.291453"><ele>532.75</ele></trkpt>
   <trkpt lat="45.595629" lon="3.291177"><ele>531</ele></trkpt>
   <trkpt lat="45.595164" lon="3.290967"><ele>528.25</ele></trkpt>
   <trkpt lat="45.594866" lon="3.290823"><ele>527.75</ele></trkpt>
   <trkpt lat="45.594622" lon="3.290699"><ele>527.5</ele></trkpt>
   <trkpt lat="45.594493" lon="3.290618"><ele>527.75</ele></trkpt>
   <trkpt lat="45.594427" lon="3.290577"><ele>528</ele></trkpt>
   <trkpt lat="45.594258" lon="3.290431"><ele>528.5</ele></trkpt>
   <trkpt lat="45.594099" lon="3.290276"><ele>529</ele></trkpt>
   <trkpt lat="45.593906" lon="3.290051"><ele>529.75</ele></trkpt>
   <trkpt lat="45.593826" lon="3.289932"><ele>530.5</ele></trkpt>
   <trkpt lat="45.593749" lon="3.289793"><ele>531.25</ele></trkpt>
   <trkpt lat="45.593687" lon="3.289636"><ele>532</ele></trkpt>
   <trkpt lat="45.593647" lon="3.289513"><ele>532.5</ele></trkpt>
   <trkpt lat="45.593395" lon="3.288622"><ele>535.25</ele></trkpt>
   <trkpt lat="45.593331" lon="3.288428"><ele>535.25</ele></trkpt>
   <trkpt lat="45.593224" lon="3.288137"><ele>536</ele></trkpt>
   <trkpt lat="45.593092" lon="3.287845"><ele>536.75</ele></trkpt>
   <trkpt lat="45.592956" lon="3.287588"><ele>537</ele></trkpt>
   <trkpt lat="45.592908" lon="3.287511"><ele>537</ele></trkpt>
   <trkpt lat="45.592638" lon="3.287072"><ele>537</ele></trkpt>
   <trkpt lat="45.592513" lon="3.286852"><ele>537.5</ele></trkpt>
   <trkpt lat="45.592453" lon="3.286713"><ele>537.5</ele></trkpt>
   <trkpt lat="45.592363" lon="3.286422"><ele>537.5</ele></trkpt>
   <trkpt lat="45.592248" lon="3.285889"><ele>538.5</ele></trkpt>
   <trkpt lat="45.592094" lon="3.285264"><ele>536.75</ele></trkpt>
   <trkpt lat="45.591913" lon="3.284645"><ele>536.25</ele></trkpt>
   <trkpt lat="45.591771" lon="3.284185"><ele>534.75</ele></trkpt>
   <trkpt lat="45.591537" lon="3.283567"><ele>534.25</ele></trkpt>
   <trkpt lat="45.591375" lon="3.283172"><ele>534.75</ele></trkpt>
   <trkpt lat="45.591257" lon="3.282883"><ele>534.25</ele></trkpt>
   <trkpt lat="45.59009" lon="3.280146"><ele>531.5</ele></trkpt>
   <trkpt lat="45.589776" lon="3.279438"><ele>528.75</ele></trkpt>
   <trkpt lat="45.589632" lon="3.279158"><ele>527.25</ele></trkpt>
   <trkpt lat="45.589547" lon="3.27903"><ele>526.5</ele></trkpt>
   <trkpt lat="45.589467" lon="3.278929"><ele>526</ele></trkpt>
   <trkpt lat="45.589331" lon="3.278792"><ele>524.5</ele></trkpt>
   <trkpt lat="45.588655" lon="3.278252"><ele>519.75</ele></trkpt>
   <trkpt lat="45.588514" lon="3.278107"><ele>519.5</ele></trkpt>
   <trkpt lat="45.588446" lon="3.278024"><ele>519.5</ele></trkpt>
   <trkpt lat="45.588391" lon="3.277939"><ele>519.75</ele></trkpt>
   <trkpt lat="45.588244" lon="3.277668"><ele>519.75</ele></trkpt>
   <trkpt lat="45.587703" lon="3.27659"><ele>519</ele></trkpt>
   <trkpt lat="45.587336" lon="3.275921"><ele>520.25</ele></trkpt>
   <trkpt lat="45.586457" lon="3.274467"><ele>519.75</ele></trkpt>
   <trkpt lat="45.586431" lon="3.274431"><ele>519.75</ele></trkpt>
   <trkpt lat="45.586297" lon="3.274252"><ele>520</ele></trkpt>
   <trkpt lat="45.586219" lon="3.274168"><ele>520</ele></trkpt>
   <trkpt lat="45.586122" lon="3.274082"><ele>520.25</ele></trkpt>
   <trkpt lat="45.585914" lon="3.273934"><ele>520</ele></trkpt>
   <trkpt lat="45.585055" lon="3.273388"><ele>518</ele></trkpt>
   <trkpt lat="45.584727" lon="3.273202"><ele>517</ele></trkpt>
   <trkpt lat="45.584369" lon="3.273023"><ele>515.25</ele></trkpt>
   <trkpt lat="45.584234" lon="3.272962"><ele>514.25</ele></trkpt>
   <trkpt lat="45.583545" lon="3.272647"><ele>511</ele></trkpt>
   <trkpt lat="45.583295" lon="3.272507"><ele>509.5</ele></trkpt>
   <trkpt lat="45.583062" lon="3.272339"><ele>508.5</ele></trkpt>
   <trkpt lat="45.582524" lon="3.271834"><ele>506.5</ele></trkpt>
   <trkpt lat="45.582076" lon="3.271412"><ele>504.75</ele></trkpt>
   <trkpt lat="45.581881" lon="3.271252"><ele>504.25</ele></trkpt>
   <trkpt lat="45.581658" lon="3.271136"><ele>502.75</ele></trkpt>
   <trkpt lat="45.581393" lon="3.271032"><ele>501.5</ele></trkpt>
   <trkpt lat="45.581084" lon="3.270942"><ele>499.5</ele></trkpt>
   <trkpt lat="45.580373" lon="3.270793"><ele>494.25</ele></trkpt>
   <trkpt lat="45.580126" lon="3.270765"><ele>492.75</ele></trkpt>
   <trkpt lat="45.579573" lon="3.270772"><ele>489.25</ele></trkpt>
   <trkpt lat="45.579494" lon="3.270776"><ele>488.75</ele></trkpt>
   <trkpt lat="45.579467" lon="3.270894"><ele>487.75</ele></trkpt>
   <trkpt lat="45.579387" lon="3.271068"><ele>486.75</ele></trkpt>
   <trkpt lat="45.579106" lon="3.2713"><ele>486.75</ele></trkpt>
   <trkpt lat="45.578971" lon="3.271538"><ele>488</ele></trkpt>
   <trkpt lat="45.578898" lon="3.271607"><ele>488.25</ele></trkpt>
   <trkpt lat="45.578834" lon="3.271638"><ele>488.75</ele></trkpt>
   <trkpt lat="45.578784" lon="3.271644"><ele>489</ele></trkpt>
   <trkpt lat="45.57871" lon="3.271629"><ele>488.75</ele></trkpt>
   <trkpt lat="45.578553" lon="3.271747"><ele>490</ele></trkpt>
   <trkpt lat="45.578521" lon="3.271805"><ele>490.5</ele></trkpt>
   <trkpt lat="45.578499" lon="3.271903"><ele>491.25</ele></trkpt>
   <trkpt lat="45.578489" lon="3.272076"><ele>492.5</ele></trkpt>
   <trkpt lat="45.578442" lon="3.272374"><ele>492.5</ele></trkpt>
   <trkpt lat="45.57842" lon="3.272441"><ele>492.25</ele></trkpt>
   <trkpt lat="45.578393" lon="3.272822"><ele>492</ele></trkpt>
   <trkpt lat="45.578323" lon="3.272818"><ele>491</ele></trkpt>
   <trkpt lat="45.578017" lon="3.272754"><ele>488.5</ele></trkpt>
   <trkpt lat="45.577874" lon="3.272732"><ele>487.75</ele></trkpt>
   <trkpt lat="45.57784" lon="3.272727"><ele>487.5</ele></trkpt>
   <trkpt lat="45.577585" lon="3.272692"><ele>486.25</ele></trkpt>
   <trkpt lat="45.577445" lon="3.272682"><ele>486</ele></trkpt>
   <trkpt lat="45.576818" lon="3.272829"><ele>487.25</ele></trkpt>
   <trkpt lat="45.576644" lon="3.27282"><ele>487.5</ele></trkpt>
   <trkpt lat="45.576215" lon="3.272674"><ele>490.75</ele></trkpt>
   <trkpt lat="45.575492" lon="3.272514"><ele>494</ele></trkpt>
   <trkpt lat="45.575262" lon="3.27252"><ele>494</ele></trkpt>
   <trkpt lat="45.574792" lon="3.272609"><ele>492.5</ele></trkpt>
   <trkpt lat="45.574514" lon="3.272638"><ele>491.5</ele></trkpt>
   <trkpt lat="45.574305" lon="3.272622"><ele>490.75</ele></trkpt>
   <trkpt lat="45.574063" lon="3.272556"><ele>489.5</ele></trkpt>
   <trkpt lat="45.574006" lon="3.272551"><ele>489.5</ele></trkpt>
   <trkpt lat="45.573878" lon="3.272538"><ele>489.25</ele></trkpt>
   <trkpt lat="45.572613" lon="3.27272"><ele>492</ele></trkpt>
   <trkpt lat="45.57232" lon="3.272778"><ele>491.5</ele></trkpt>
   <trkpt lat="45.571972" lon="3.272916"><ele>489.75</ele></trkpt>
   <trkpt lat="45.57172" lon="3.273047"><ele>488.25</ele></trkpt>
   <trkpt lat="45.571549" lon="3.273065"><ele>487.5</ele></trkpt>
   <trkpt lat="45.571059" lon="3.272993"><ele>485</ele></trkpt>
   <trkpt lat="45.570347" lon="3.273019"><ele>483.75</ele></trkpt>
   <trkpt lat="45.569863" lon="3.273078"><ele>484.5</ele></trkpt>
   <trkpt lat="45.569711" lon="3.273059"><ele>485</ele></trkpt>
   <trkpt lat="45.569431" lon="3.273024"><ele>486.25</ele></trkpt>
   <trkpt lat="45.569204" lon="3.273034"><ele>485.75</ele></trkpt>
   <trkpt lat="45.568697" lon="3.273099"><ele>483.5</ele></trkpt>
   <trkpt lat="45.568544" lon="3.273119"><ele>482.5</ele></trkpt>
   <trkpt lat="45.568308" lon="3.273066"><ele>479.75</ele></trkpt>
   <trkpt lat="45.567893" lon="3.274318"><ele>483.5</ele></trkpt>
   <trkpt lat="45.567611" lon="3.274961"><ele>484.5</ele></trkpt>
   <trkpt lat="45.567386" lon="3.275534"><ele>486</ele></trkpt>
   <trkpt lat="45.566885" lon="3.276706"><ele>487</ele></trkpt>
   <trkpt lat="45.566666" lon="3.277241"><ele>484.75</ele></trkpt>
   <trkpt lat="45.566619" lon="3.277534"><ele>483</ele></trkpt>
   <trkpt lat="45.566612" lon="3.278184"><ele>480.25</ele></trkpt>
   <trkpt lat="45.566572" lon="3.278732"><ele>476.5</ele></trkpt>
   <trkpt lat="45.566423" lon="3.279601"><ele>473.25</ele></trkpt>
   <trkpt lat="45.56643" lon="3.2798"><ele>472.25</ele></trkpt>
   <trkpt lat="45.566795" lon="3.280003"><ele>472.75</ele></trkpt>
   <trkpt lat="45.567216" lon="3.28036"><ele>467.25</ele></trkpt>
   <trkpt lat="45.567879" lon="3.281072"><ele>461.5</ele></trkpt>
   <trkpt lat="45.568031" lon="3.281457"><ele>459</ele></trkpt>
   <trkpt lat="45.568201" lon="3.282051"><ele>456.25</ele></trkpt>
   <trkpt lat="45.568325" lon="3.282894"><ele>455.25</ele></trkpt>
   <trkpt lat="45.568325" lon="3.283033"><ele>455</ele></trkpt>
   <trkpt lat="45.568311" lon="3.283071"><ele>454.75</ele></trkpt>
   <trkpt lat="45.568294" lon="3.283095"><ele>455</ele></trkpt>
   <trkpt lat="45.568257" lon="3.28312"><ele>455</ele></trkpt>
   <trkpt lat="45.568225" lon="3.283126"><ele>455</ele></trkpt>
   <trkpt lat="45.568201" lon="3.283119"><ele>454.75</ele></trkpt>
   <trkpt lat="45.568055" lon="3.282969"><ele>453</ele></trkpt>
   <trkpt lat="45.567891" lon="3.282869"><ele>451</ele></trkpt>
   <trkpt lat="45.567134" lon="3.282666"><ele>442.75</ele></trkpt>
   <trkpt lat="45.566912" lon="3.282617"><ele>440.5</ele></trkpt>
   <trkpt lat="45.566628" lon="3.282637"><ele>438.5</ele></trkpt>
   <trkpt lat="45.56639" lon="3.282743"><ele>436.75</ele></trkpt>
   <trkpt lat="45.566072" lon="3.282995"><ele>435</ele></trkpt>
   <trkpt lat="45.565456" lon="3.283606"><ele>431.5</ele></trkpt>
   <trkpt lat="45.565134" lon="3.283907"><ele>430.5</ele></trkpt>
   <trkpt lat="45.564706" lon="3.284128"><ele>429.75</ele></trkpt>
   <trkpt lat="45.564479" lon="3.284295"><ele>427</ele></trkpt>
   <trkpt lat="45.564373" lon="3.284434"><ele>426</ele></trkpt>
   <trkpt lat="45.56424" lon="3.284817"><ele>425.75</ele></trkpt>
   <trkpt lat="45.564127" lon="3.284971"><ele>425</ele></trkpt>
   <trkpt lat="45.563968" lon="3.285133"><ele>423.5</ele></trkpt>
   <trkpt lat="45.563752" lon="3.285236"><ele>422.5</ele></trkpt>
   <trkpt lat="45.563567" lon="3.285246"><ele>421.5</ele></trkpt>
   <trkpt lat="45.563432" lon="3.285225"><ele>420.75</ele></trkpt>
   <trkpt lat="45.563296" lon="3.285203"><ele>420.25</ele></trkpt>
   <trkpt lat="45.563308" lon="3.285285"><ele>421</ele></trkpt>
   <trkpt lat="45.563304" lon="3.285371"><ele>421.5</ele></trkpt>
   <trkpt lat="45.563289" lon="3.285445"><ele>422</ele></trkpt>
   <trkpt lat="45.563261" lon="3.28551"><ele>422.5</ele></trkpt>
   <trkpt lat="45.563223" lon="3.285575"><ele>423</ele></trkpt>
   <trkpt lat="45.563123" lon="3.285657"><ele>424</ele></trkpt>
   <trkpt lat="45.563065" lon="3.285675"><ele>424.25</ele></trkpt>
   <trkpt lat="45.562938" lon="3.285681"><ele>424.75</ele></trkpt>
   <trkpt lat="45.56225" lon="3.28556"><ele>428.75</ele></trkpt>
   <trkpt lat="45.562129" lon="3.285551"><ele>429.25</ele></trkpt>
   <trkpt lat="45.562025" lon="3.285567"><ele>429.75</ele></trkpt>
   <trkpt lat="45.561854" lon="3.285631"><ele>431.5</ele></trkpt>
   <trkpt lat="45.561679" lon="3.285733"><ele>433.75</ele></trkpt>
   <trkpt lat="45.56152" lon="3.285851"><ele>435.5</ele></trkpt>
   <trkpt lat="45.561367" lon="3.286023"><ele>436.25</ele></trkpt>
   <trkpt lat="45.560952" lon="3.286633"><ele>440</ele></trkpt>
   <trkpt lat="45.560828" lon="3.286873"><ele>441</ele></trkpt>
   <trkpt lat="45.560765" lon="3.287015"><ele>442</ele></trkpt>
   <trkpt lat="45.56074" lon="3.287089"><ele>442.5</ele></trkpt>
   <trkpt lat="45.56072" lon="3.287238"><ele>443.75</ele></trkpt>
   <trkpt lat="45.560741" lon="3.287472"><ele>444.5</ele></trkpt>
   <trkpt lat="45.560803" lon="3.288029"><ele>445.75</ele></trkpt>
   <trkpt lat="45.560871" lon="3.28851"><ele>446</ele></trkpt>
   <trkpt lat="45.56089" lon="3.288655"><ele>446</ele></trkpt>
   <trkpt lat="45.560924" lon="3.288832"><ele>445.75</ele></trkpt>
   <trkpt lat="45.561213" lon="3.28968"><ele>446.25</ele></trkpt>
   <trkpt lat="45.56119" lon="3.289703"><ele>446.25</ele></trkpt>
   <trkpt lat="45.561091" lon="3.289767"><ele>445.5</ele></trkpt>
   <trkpt lat="45.560779" lon="3.289813"><ele>443.75</ele></trkpt>
   <trkpt lat="45.559704" lon="3.289918"><ele>443.25</ele></trkpt>
   <trkpt lat="45.559546" lon="3.289975"><ele>443.5</ele></trkpt>
   <trkpt lat="45.559411" lon="3.290108"><ele>443.5</ele></trkpt>
   <trkpt lat="45.559266" lon="3.290387"><ele>443</ele></trkpt>
   <trkpt lat="45.558957" lon="3.291174"><ele>441.25</ele></trkpt>
   <trkpt lat="45.558684" lon="3.291941"><ele>440.25</ele></trkpt>
   <trkpt lat="45.558653" lon="3.292041"><ele>440.25</ele></trkpt>
   <trkpt lat="45.558555" lon="3.292353"><ele>439</ele></trkpt>
   <trkpt lat="45.558379" lon="3.293066"><ele>436.5</ele></trkpt>
   <trkpt lat="45.558263" lon="3.293561"><ele>434</ele></trkpt>
   <trkpt lat="45.557904" lon="3.294778"><ele>428</ele></trkpt>
   <trkpt lat="45.557744" lon="3.29525"><ele>425.25</ele></trkpt>
   <trkpt lat="45.557656" lon="3.295417"><ele>424.5</ele></trkpt>
   <trkpt lat="45.5576" lon="3.295524"><ele>424</ele></trkpt>
   <trkpt lat="45.557279" lon="3.295973"><ele>421.25</ele></trkpt>
   <trkpt lat="45.557154" lon="3.296224"><ele>420.25</ele></trkpt>
   <trkpt lat="45.557118" lon="3.296298"><ele>419.75</ele></trkpt>
   <trkpt lat="45.556816" lon="3.297111"><ele>415.75</ele></trkpt>
   <trkpt lat="45.556577" lon="3.297726"><ele>413.25</ele></trkpt>
   <trkpt lat="45.556392" lon="3.298146"><ele>412.5</ele></trkpt>
   <trkpt lat="45.556161" lon="3.298569"><ele>411.25</ele></trkpt>
   <trkpt lat="45.555933" lon="3.298905"><ele>410.75</ele></trkpt>
   <trkpt lat="45.555889" lon="3.298966"><ele>410.25</ele></trkpt>
   <trkpt lat="45.5558" lon="3.298903"><ele>410.75</ele></trkpt>
   <trkpt lat="45.555641" lon="3.298922"><ele>410.75</ele></trkpt>
   <trkpt lat="45.555479" lon="3.298997"><ele>410</ele></trkpt>
   <trkpt lat="45.555419" lon="3.299035"><ele>409.75</ele></trkpt>
   <trkpt lat="45.555081" lon="3.299251"><ele>409</ele></trkpt>
   <trkpt lat="45.554913" lon="3.299349"><ele>408.75</ele></trkpt>
   <trkpt lat="45.554886" lon="3.299364"><ele>408.75</ele></trkpt>
   <trkpt lat="45.554475" lon="3.299605"><ele>407.75</ele></trkpt>
   <trkpt lat="45.552755" lon="3.300265"><ele>406</ele></trkpt>
   <trkpt lat="45.551954" lon="3.300561"><ele>404.75</ele></trkpt>
   <trkpt lat="45.550444" lon="3.301178"><ele>401.5</ele></trkpt>
   <trkpt lat="45.548823" lon="3.301813"><ele>396.75</ele></trkpt>
   <trkpt lat="45.546907" lon="3.302559"><ele>390.25</ele></trkpt>
   <trkpt lat="45.546683" lon="3.302625"><ele>389.5</ele></trkpt>
   <trkpt lat="45.546597" lon="3.30265"><ele>389.25</ele></trkpt>
   <trkpt lat="45.546213" lon="3.302843"><ele>388</ele></trkpt>
   <trkpt lat="45.545463" lon="3.302883"><ele>387.25</ele></trkpt>
   <trkpt lat="45.545209" lon="3.302829"><ele>387.25</ele></trkpt>
   <trkpt lat="45.544949" lon="3.302729"><ele>387</ele></trkpt>
   <trkpt lat="45.544752" lon="3.302646"><ele>387.25</ele></trkpt>
   <trkpt lat="45.544105" lon="3.302393"><ele>387</ele></trkpt>
   <trkpt lat="45.543744" lon="3.302204"><ele>387</ele></trkpt>
   <trkpt lat="45.543455" lon="3.301955"><ele>387.25</ele></trkpt>
   <trkpt lat="45.543221" lon="3.301805"><ele>387.75</ele></trkpt>
   <trkpt lat="45.542918" lon="3.301663"><ele>388.5</ele></trkpt>
   <trkpt lat="45.54232" lon="3.301308"><ele>389.75</ele></trkpt>
   <trkpt lat="45.542291" lon="3.30129"><ele>389.75</ele></trkpt>
   <trkpt lat="45.541334" lon="3.300906"><ele>388.25</ele></trkpt>
   <trkpt lat="45.540966" lon="3.300877"><ele>388</ele></trkpt>
   <trkpt lat="45.540589" lon="3.30091"><ele>387.25</ele></trkpt>
   <trkpt lat="45.540463" lon="3.300904"><ele>387</ele></trkpt>
   <trkpt lat="45.540315" lon="3.300851"><ele>387</ele></trkpt>
   <trkpt lat="45.54019" lon="3.30071"><ele>387</ele></trkpt>
   <trkpt lat="45.539703" lon="3.299781"><ele>389.5</ele></trkpt>
   <trkpt lat="45.538554" lon="3.297591"><ele>384.5</ele></trkpt>
   <trkpt lat="45.538458" lon="3.297425"><ele>384</ele></trkpt>
   <trkpt lat="45.538414" lon="3.297395"><ele>383.75</ele></trkpt>
   <trkpt lat="45.538365" lon="3.29739"><ele>383.5</ele></trkpt>
   <trkpt lat="45.538292" lon="3.297419"><ele>382.5</ele></trkpt>
   <trkpt lat="45.538245" lon="3.297471"><ele>381.5</ele></trkpt>
   <trkpt lat="45.537843" lon="3.298173"><ele>375.5</ele></trkpt>
   <trkpt lat="45.537381" lon="3.298736"><ele>373.75</ele></trkpt>
   <trkpt lat="45.537193" lon="3.298854"><ele>373.75</ele></trkpt>
   <trkpt lat="45.536363" lon="3.298994"><ele>374</ele></trkpt>
   <trkpt lat="45.536005" lon="3.298967"><ele>374.25</ele></trkpt>
   <trkpt lat="45.53581" lon="3.298951"><ele>373.75</ele></trkpt>
   <trkpt lat="45.535686" lon="3.298886"><ele>373.75</ele></trkpt>
   <trkpt lat="45.534867" lon="3.297728"><ele>373.25</ele></trkpt>
   <trkpt lat="45.534832" lon="3.297541"><ele>373.25</ele></trkpt>
   <trkpt lat="45.534806" lon="3.297484"><ele>373.25</ele></trkpt>
   <trkpt lat="45.534865" lon="3.297216"><ele>371.75</ele></trkpt>
   <trkpt lat="45.535274" lon="3.294466"><ele>373.75</ele></trkpt>
   <trkpt lat="45.535292" lon="3.294237"><ele>373.75</ele></trkpt>
   <trkpt lat="45.535274" lon="3.294027"><ele>374.25</ele></trkpt>
   <trkpt lat="45.535227" lon="3.293846"><ele>374.25</ele></trkpt>
   <trkpt lat="45.535128" lon="3.29367"><ele>373.75</ele></trkpt>
   <trkpt lat="45.534964" lon="3.293482"><ele>373.75</ele></trkpt>
   <trkpt lat="45.534747" lon="3.293268"><ele>373</ele></trkpt>
   <trkpt lat="45.534542" lon="3.293053"><ele>373.75</ele></trkpt>
   <trkpt lat="45.533715" lon="3.292218"><ele>372.5</ele></trkpt>
   <trkpt lat="45.533484" lon="3.29198"><ele>373.25</ele></trkpt>
   <trkpt lat="45.533423" lon="3.291862"><ele>373.5</ele></trkpt>
   <trkpt lat="45.533393" lon="3.291783"><ele>373.75</ele></trkpt>
   <trkpt lat="45.533371" lon="3.291673"><ele>373.75</ele></trkpt>
   <trkpt lat="45.533364" lon="3.291549"><ele>373.75</ele></trkpt>
   <trkpt lat="45.533369" lon="3.291417"><ele>373.75</ele></trkpt>
   <trkpt lat="45.533402" lon="3.29123"><ele>374</ele></trkpt>
   <trkpt lat="45.533441" lon="3.290996"><ele>374.25</ele></trkpt>
   <trkpt lat="45.533445" lon="3.290869"><ele>374.5</ele></trkpt>
   <trkpt lat="45.533432" lon="3.290739"><ele>374.5</ele></trkpt>
   <trkpt lat="45.533401" lon="3.290617"><ele>374.5</ele></trkpt>
   <trkpt lat="45.533339" lon="3.29045"><ele>374.5</ele></trkpt>
   <trkpt lat="45.533318" lon="3.290365"><ele>374.25</ele></trkpt>
   <trkpt lat="45.533316" lon="3.290285"><ele>374</ele></trkpt>
   <trkpt lat="45.533369" lon="3.289973"><ele>375</ele></trkpt>
   <trkpt lat="45.533335" lon="3.289968"><ele>375</ele></trkpt>
   <trkpt lat="45.533037" lon="3.289979"><ele>374.75</ele></trkpt>
   <trkpt lat="45.532946" lon="3.289983"><ele>375</ele></trkpt>
   <trkpt lat="45.532891" lon="3.289985"><ele>375</ele></trkpt>
   <trkpt lat="45.532793" lon="3.289995"><ele>375</ele></trkpt>
   <trkpt lat="45.532705" lon="3.290023"><ele>375</ele></trkpt>
   <trkpt lat="45.532637" lon="3.290071"><ele>375</ele></trkpt>
   <trkpt lat="45.532513" lon="3.290243"><ele>375</ele></trkpt>
   <trkpt lat="45.532396" lon="3.290489"><ele>376</ele></trkpt>
   <trkpt lat="45.532373" lon="3.290472"><ele>376</ele></trkpt>
   <trkpt lat="45.532303" lon="3.290429"><ele>376.25</ele></trkpt>
   <trkpt lat="45.532107" lon="3.29034"><ele>376</ele></trkpt>
   <trkpt lat="45.53183" lon="3.29019"><ele>376.25</ele></trkpt>
   <trkpt lat="45.530394" lon="3.289469"><ele>376</ele></trkpt>
   <trkpt lat="45.530324" lon="3.289447"><ele>376</ele></trkpt>
   <trkpt lat="45.530264" lon="3.289438"><ele>375.75</ele></trkpt>
   <trkpt lat="45.53021" lon="3.289438"><ele>375.75</ele></trkpt>
   <trkpt lat="45.53015" lon="3.28945"><ele>376</ele></trkpt>
   <trkpt lat="45.530051" lon="3.289499"><ele>376</ele></trkpt>
   <trkpt lat="45.529984" lon="3.289551"><ele>375.75</ele></trkpt>
   <trkpt lat="45.529937" lon="3.289607"><ele>375.25</ele></trkpt>
   <trkpt lat="45.529888" lon="3.289686"><ele>375</ele></trkpt>
   <trkpt lat="45.529625" lon="3.290383"><ele>376</ele></trkpt>
   <trkpt lat="45.529388" lon="3.290944"><ele>376.75</ele></trkpt>
   <trkpt lat="45.529289" lon="3.291144"><ele>377</ele></trkpt>
   <trkpt lat="45.529201" lon="3.29129"><ele>378.25</ele></trkpt>
   <trkpt lat="45.529117" lon="3.291408"><ele>379</ele></trkpt>
   <trkpt lat="45.529006" lon="3.291528"><ele>378.75</ele></trkpt>
   <trkpt lat="45.528802" lon="3.291712"><ele>380</ele></trkpt>
   <trkpt lat="45.528613" lon="3.291837"><ele>379</ele></trkpt>
   <trkpt lat="45.52843" lon="3.291936"><ele>379.5</ele></trkpt>
   <trkpt lat="45.528028" lon="3.292088"><ele>378.25</ele></trkpt>
   <trkpt lat="45.527704" lon="3.292134"><ele>378.25</ele></trkpt>
   <trkpt lat="45.52735" lon="3.292131"><ele>378.25</ele></trkpt>
   <trkpt lat="45.526929" lon="3.292095"><ele>377.5</ele></trkpt>
   <trkpt lat="45.526585" lon="3.292022"><ele>377.75</ele></trkpt>
   <trkpt lat="45.526146" lon="3.29188"><ele>378.5</ele></trkpt>
   <trkpt lat="45.526035" lon="3.291876"><ele>379</ele></trkpt>
   <trkpt lat="45.525882" lon="3.291931"><ele>379.75</ele></trkpt>
   <trkpt lat="45.525633" lon="3.292039"><ele>380</ele></trkpt>
   <trkpt lat="45.525456" lon="3.292064"><ele>380</ele></trkpt>
   <trkpt lat="45.525289" lon="3.292045"><ele>380</ele></trkpt>
   <trkpt lat="45.524164" lon="3.29176"><ele>380</ele></trkpt>
   <trkpt lat="45.52409" lon="3.29174"><ele>380</ele></trkpt>
   <trkpt lat="45.523848" lon="3.29169"><ele>380</ele></trkpt>
   <trkpt lat="45.523565" lon="3.291675"><ele>380.75</ele></trkpt>
   <trkpt lat="45.52349" lon="3.291654"><ele>380.75</ele></trkpt>
   <trkpt lat="45.523412" lon="3.291637"><ele>380.75</ele></trkpt>
   <trkpt lat="45.52332" lon="3.291474"><ele>381</ele></trkpt>
   <trkpt lat="45.523309" lon="3.2914"><ele>381</ele></trkpt>
   <trkpt lat="45.523261" lon="3.291311"><ele>381</ele></trkpt>
   <trkpt lat="45.523187" lon="3.291271"><ele>381.25</ele></trkpt>
   <trkpt lat="45.523126" lon="3.291282"><ele>381.25</ele></trkpt>
   <trkpt lat="45.522985" lon="3.291222"><ele>381</ele></trkpt>
   <trkpt lat="45.522935" lon="3.291229"><ele>381</ele></trkpt>
   <trkpt lat="45.522892" lon="3.291217"><ele>380.75</ele></trkpt>
   <trkpt lat="45.522842" lon="3.291202"><ele>380.75</ele></trkpt>
   <trkpt lat="45.522427" lon="3.291269"><ele>381.5</ele></trkpt>
   <trkpt lat="45.522145" lon="3.291277"><ele>381.5</ele></trkpt>
   <trkpt lat="45.522002" lon="3.291237"><ele>381.75</ele></trkpt>
   <trkpt lat="45.521756" lon="3.291133"><ele>382.5</ele></trkpt>
   <trkpt lat="45.521563" lon="3.29099"><ele>382.75</ele></trkpt>
   <trkpt lat="45.520544" lon="3.290137"><ele>382.5</ele></trkpt>
   <trkpt lat="45.519161" lon="3.289164"><ele>383</ele></trkpt>
   <trkpt lat="45.518255" lon="3.288458"><ele>382.75</ele></trkpt>
   <trkpt lat="45.518035" lon="3.288373"><ele>382.25</ele></trkpt>
   <trkpt lat="45.517712" lon="3.288314"><ele>381.5</ele></trkpt>
   <trkpt lat="45.517477" lon="3.288322"><ele>380.75</ele></trkpt>
   <trkpt lat="45.517387" lon="3.288351"><ele>380.75</ele></trkpt>
   <trkpt lat="45.517191" lon="3.288413"><ele>381</ele></trkpt>
   <trkpt lat="45.516719" lon="3.288641"><ele>381</ele></trkpt>
   <trkpt lat="45.516438" lon="3.2887"><ele>381.75</ele></trkpt>
   <trkpt lat="45.516161" lon="3.288688"><ele>381.25</ele></trkpt>
   <trkpt lat="45.515846" lon="3.288549"><ele>380.5</ele></trkpt>
   <trkpt lat="45.514615" lon="3.287861"><ele>379.5</ele></trkpt>
   <trkpt lat="45.514403" lon="3.287783"><ele>379.75</ele></trkpt>
   <trkpt lat="45.514264" lon="3.28775"><ele>379.75</ele></trkpt>
   <trkpt lat="45.514083" lon="3.287718"><ele>380</ele></trkpt>
   <trkpt lat="45.512258" lon="3.288129"><ele>383</ele></trkpt>
   <trkpt lat="45.512155" lon="3.288149"><ele>383</ele></trkpt>
   <trkpt lat="45.512077" lon="3.288149"><ele>383.5</ele></trkpt>
   <trkpt lat="45.511613" lon="3.28814"><ele>384.25</ele></trkpt>
   <trkpt lat="45.511385" lon="3.28811"><ele>385</ele></trkpt>
   <trkpt lat="45.510684" lon="3.287947"><ele>387.5</ele></trkpt>
   <trkpt lat="45.510478" lon="3.287909"><ele>388.25</ele></trkpt>
   <trkpt lat="45.510274" lon="3.287889"><ele>389.5</ele></trkpt>
   <trkpt lat="45.509814" lon="3.287884"><ele>393.5</ele></trkpt>
   <trkpt lat="45.509641" lon="3.287906"><ele>395</ele></trkpt>
   <trkpt lat="45.509527" lon="3.287947"><ele>395.75</ele></trkpt>
   <trkpt lat="45.509426" lon="3.288"><ele>396.25</ele></trkpt>
   <trkpt lat="45.509314" lon="3.288106"><ele>397.25</ele></trkpt>
   <trkpt lat="45.509208" lon="3.288255"><ele>398.25</ele></trkpt>
   <trkpt lat="45.509002" lon="3.288615"><ele>400.25</ele></trkpt>
   <trkpt lat="45.508885" lon="3.288783"><ele>402</ele></trkpt>
   <trkpt lat="45.508687" lon="3.28899"><ele>403.25</ele></trkpt>
   <trkpt lat="45.508361" lon="3.289261"><ele>405</ele></trkpt>
   <trkpt lat="45.508246" lon="3.28934"><ele>405.5</ele></trkpt>
   <trkpt lat="45.507728" lon="3.289589"><ele>409.5</ele></trkpt>
   <trkpt lat="45.507611" lon="3.289615"><ele>410.5</ele></trkpt>
   <trkpt lat="45.5075" lon="3.289617"><ele>412</ele></trkpt>
   <trkpt lat="45.507383" lon="3.289598"><ele>413</ele></trkpt>
   <trkpt lat="45.507244" lon="3.289547"><ele>414.25</ele></trkpt>
   <trkpt lat="45.507129" lon="3.289475"><ele>415.5</ele></trkpt>
   <trkpt lat="45.50694" lon="3.289271"><ele>417.5</ele></trkpt>
   <trkpt lat="45.506284" lon="3.28841"><ele>422.75</ele></trkpt>
   <trkpt lat="45.505781" lon="3.287748"><ele>424</ele></trkpt>
   <trkpt lat="45.505546" lon="3.287524"><ele>424.75</ele></trkpt>
   <trkpt lat="45.505291" lon="3.28742"><ele>425</ele></trkpt>
   <trkpt lat="45.504691" lon="3.287243"><ele>425</ele></trkpt>
   <trkpt lat="45.503647" lon="3.286923"><ele>426</ele></trkpt>
   <trkpt lat="45.501892" lon="3.286617"><ele>428</ele></trkpt>
   <trkpt lat="45.5009" lon="3.286356"><ele>429.25</ele></trkpt>
   <trkpt lat="45.499416" lon="3.285895"><ele>429.5</ele></trkpt>
   <trkpt lat="45.499051" lon="3.285836"><ele>430.25</ele></trkpt>
   <trkpt lat="45.498801" lon="3.285795"><ele>430.5</ele></trkpt>
   <trkpt lat="45.498311" lon="3.285634"><ele>429.5</ele></trkpt>
   <trkpt lat="45.497821" lon="3.285275"><ele>426.75</ele></trkpt>
   <trkpt lat="45.497123" lon="3.285135"><ele>424.5</ele></trkpt>
   <trkpt lat="45.496305" lon="3.285188"><ele>422</ele></trkpt>
   <trkpt lat="45.495986" lon="3.284989"><ele>420.75</ele></trkpt>
   <trkpt lat="45.495821" lon="3.284922"><ele>420.5</ele></trkpt>
   <trkpt lat="45.495671" lon="3.284984"><ele>419</ele></trkpt>
   <trkpt lat="45.495317" lon="3.285272"><ele>418.25</ele></trkpt>
   <trkpt lat="45.495089" lon="3.285338"><ele>417.5</ele></trkpt>
   <trkpt lat="45.494949" lon="3.285307"><ele>417</ele></trkpt>
   <trkpt lat="45.494782" lon="3.285226"><ele>416.5</ele></trkpt>
   <trkpt lat="45.494467" lon="3.285001"><ele>416.75</ele></trkpt>
   <trkpt lat="45.494039" lon="3.284669"><ele>419.75</ele></trkpt>
   <trkpt lat="45.493838" lon="3.284581"><ele>421.25</ele></trkpt>
   <trkpt lat="45.493677" lon="3.284688"><ele>422.5</ele></trkpt>
   <trkpt lat="45.493367" lon="3.285042"><ele>424.5</ele></trkpt>
   <trkpt lat="45.493093" lon="3.285234"><ele>425.75</ele></trkpt>
   <trkpt lat="45.492521" lon="3.285376"><ele>429.75</ele></trkpt>
   <trkpt lat="45.491995" lon="3.285403"><ele>433.5</ele></trkpt>
   <trkpt lat="45.491614" lon="3.285376"><ele>435.25</ele></trkpt>
   <trkpt lat="45.49118" lon="3.285494"><ele>437.5</ele></trkpt>
   <trkpt lat="45.490943" lon="3.285846"><ele>439.5</ele></trkpt>
   <trkpt lat="45.490914" lon="3.28589"><ele>439.5</ele></trkpt>
   <trkpt lat="45.490354" lon="3.286723"><ele>441.75</ele></trkpt>
   <trkpt lat="45.489694" lon="3.2875"><ele>444</ele></trkpt>
   <trkpt lat="45.489001" lon="3.288116"><ele>445.25</ele></trkpt>
   <trkpt lat="45.488597" lon="3.288375"><ele>446</ele></trkpt>
   <trkpt lat="45.488209" lon="3.288528"><ele>447.5</ele></trkpt>
   <trkpt lat="45.487378" lon="3.288696"><ele>449.75</ele></trkpt>
   <trkpt lat="45.487165" lon="3.288749"><ele>450</ele></trkpt>
   <trkpt lat="45.486811" lon="3.28884"><ele>450</ele></trkpt>
   <trkpt lat="45.486601" lon="3.288906"><ele>449.75</ele></trkpt>
   <trkpt lat="45.486215" lon="3.289075"><ele>448.5</ele></trkpt>
   <trkpt lat="45.485966" lon="3.289235"><ele>447.5</ele></trkpt>
   <trkpt lat="45.485794" lon="3.289329"><ele>447</ele></trkpt>
   <trkpt lat="45.485347" lon="3.289494"><ele>442.5</ele></trkpt>
   <trkpt lat="45.485085" lon="3.289615"><ele>441</ele></trkpt>
   <trkpt lat="45.484976" lon="3.289655"><ele>440.25</ele></trkpt>
   <trkpt lat="45.484867" lon="3.289671"><ele>439.75</ele></trkpt>
   <trkpt lat="45.484733" lon="3.289657"><ele>438.75</ele></trkpt>
   <trkpt lat="45.484629" lon="3.289626"><ele>438</ele></trkpt>
   <trkpt lat="45.484422" lon="3.289529"><ele>436.75</ele></trkpt>
   <trkpt lat="45.484289" lon="3.289485"><ele>435.75</ele></trkpt>
   <trkpt lat="45.48417" lon="3.289468"><ele>435</ele></trkpt>
   <trkpt lat="45.48404" lon="3.28947"><ele>433.75</ele></trkpt>
   <trkpt lat="45.483884" lon="3.289507"><ele>432.25</ele></trkpt>
   <trkpt lat="45.483083" lon="3.289735"><ele>429</ele></trkpt>
   <trkpt lat="45.482136" lon="3.289885"><ele>423</ele></trkpt>
   <trkpt lat="45.481243" lon="3.290049"><ele>417.25</ele></trkpt>
   <trkpt lat="45.480984" lon="3.290118"><ele>415.5</ele></trkpt>
   <trkpt lat="45.480545" lon="3.290271"><ele>412.75</ele></trkpt>
   <trkpt lat="45.48035" lon="3.290306"><ele>411.5</ele></trkpt>
   <trkpt lat="45.479928" lon="3.290354"><ele>409.75</ele></trkpt>
   <trkpt lat="45.479829" lon="3.290385"><ele>409.75</ele></trkpt>
   <trkpt lat="45.479488" lon="3.290517"><ele>408.25</ele></trkpt>
   <trkpt lat="45.478869" lon="3.290617"><ele>404.5</ele></trkpt>
   <trkpt lat="45.478657" lon="3.290663"><ele>403.75</ele></trkpt>
   <trkpt lat="45.478539" lon="3.290709"><ele>403</ele></trkpt>
   <trkpt lat="45.478434" lon="3.290776"><ele>401.75</ele></trkpt>
   <trkpt lat="45.478082" lon="3.291069"><ele>399.25</ele></trkpt>
   <trkpt lat="45.477939" lon="3.291166"><ele>398</ele></trkpt>
   <trkpt lat="45.477774" lon="3.291256"><ele>396.75</ele></trkpt>
   <trkpt lat="45.477646" lon="3.291299"><ele>396.5</ele></trkpt>
   <trkpt lat="45.477137" lon="3.291376"><ele>393.5</ele></trkpt>
   <trkpt lat="45.477078" lon="3.291424"><ele>393.5</ele></trkpt>
   <trkpt lat="45.477003" lon="3.291503"><ele>393.25</ele></trkpt>
   <trkpt lat="45.476946" lon="3.291603"><ele>393</ele></trkpt>
   <trkpt lat="45.47668" lon="3.292228"><ele>391</ele></trkpt>
   <trkpt lat="45.476348" lon="3.292876"><ele>391.25</ele></trkpt>
   <trkpt lat="45.476224" lon="3.293049"><ele>391.25</ele></trkpt>
   <trkpt lat="45.47612" lon="3.293177"><ele>391</ele></trkpt>
   <trkpt lat="45.476038" lon="3.29325"><ele>390.5</ele></trkpt>
   <trkpt lat="45.475833" lon="3.293434"><ele>389.75</ele></trkpt>
   <trkpt lat="45.47481" lon="3.294135"><ele>389.75</ele></trkpt>
   <trkpt lat="45.474632" lon="3.294262"><ele>389.5</ele></trkpt>
   <trkpt lat="45.474514" lon="3.294384"><ele>389.5</ele></trkpt>
   <trkpt lat="45.474372" lon="3.29458"><ele>389.5</ele></trkpt>
   <trkpt lat="45.474121" lon="3.295031"><ele>389.75</ele></trkpt>
   <trkpt lat="45.473424" lon="3.295925"><ele>389</ele></trkpt>
   <trkpt lat="45.4733" lon="3.296133"><ele>388.75</ele></trkpt>
   <trkpt lat="45.47322" lon="3.296358"><ele>388.5</ele></trkpt>
   <trkpt lat="45.473054" lon="3.296999"><ele>389</ele></trkpt>
   <trkpt lat="45.472895" lon="3.297544"><ele>389</ele></trkpt>
   <trkpt lat="45.472809" lon="3.297767"><ele>389</ele></trkpt>
   <trkpt lat="45.472734" lon="3.297918"><ele>389.25</ele></trkpt>
   <trkpt lat="45.47262" lon="3.298112"><ele>389.5</ele></trkpt>
   <trkpt lat="45.472513" lon="3.298255"><ele>389.5</ele></trkpt>
   <trkpt lat="45.47143" lon="3.299372"><ele>389.75</ele></trkpt>
   <trkpt lat="45.47125" lon="3.299518"><ele>389.5</ele></trkpt>
   <trkpt lat="45.47096" lon="3.299723"><ele>389.25</ele></trkpt>
   <trkpt lat="45.470712" lon="3.299871"><ele>389.5</ele></trkpt>
   <trkpt lat="45.470483" lon="3.299961"><ele>389.75</ele></trkpt>
   <trkpt lat="45.470322" lon="3.30001"><ele>390</ele></trkpt>
   <trkpt lat="45.470008" lon="3.300048"><ele>390</ele></trkpt>
   <trkpt lat="45.469317" lon="3.300091"><ele>389</ele></trkpt>
   <trkpt lat="45.468962" lon="3.300158"><ele>389.5</ele></trkpt>
   <trkpt lat="45.468691" lon="3.300245"><ele>389.75</ele></trkpt>
   <trkpt lat="45.468397" lon="3.300399"><ele>389.75</ele></trkpt>
   <trkpt lat="45.467975" lon="3.300655"><ele>390</ele></trkpt>
   <trkpt lat="45.466939" lon="3.301323"><ele>391.5</ele></trkpt>
   <trkpt lat="45.466857" lon="3.301363"><ele>391.5</ele></trkpt>
   <trkpt lat="45.466395" lon="3.301589"><ele>391</ele></trkpt>
   <trkpt lat="45.466" lon="3.301802"><ele>391</ele></trkpt>
   <trkpt lat="45.465139" lon="3.302353"><ele>391</ele></trkpt>
   <trkpt lat="45.464518" lon="3.302711"><ele>391</ele></trkpt>
   <trkpt lat="45.464132" lon="3.302952"><ele>391</ele></trkpt>
   <trkpt lat="45.463603" lon="3.303359"><ele>391.75</ele></trkpt>
   <trkpt lat="45.462676" lon="3.303735"><ele>392</ele></trkpt>
   <trkpt lat="45.462526" lon="3.303786"><ele>392</ele></trkpt>
   <trkpt lat="45.46236" lon="3.303821"><ele>392</ele></trkpt>
   <trkpt lat="45.462189" lon="3.303825"><ele>392</ele></trkpt>
   <trkpt lat="45.461748" lon="3.303788"><ele>392</ele></trkpt>
   <trkpt lat="45.461484" lon="3.303744"><ele>392.25</ele></trkpt>
   <trkpt lat="45.461182" lon="3.303651"><ele>392</ele></trkpt>
   <trkpt lat="45.460309" lon="3.303323"><ele>392</ele></trkpt>
   <trkpt lat="45.459752" lon="3.303104"><ele>392</ele></trkpt>
   <trkpt lat="45.459607" lon="3.303065"><ele>392</ele></trkpt>
   <trkpt lat="45.459276" lon="3.303075"><ele>391.25</ele></trkpt>
   <trkpt lat="45.458909" lon="3.303137"><ele>391.25</ele></trkpt>
   <trkpt lat="45.45858" lon="3.30318"><ele>391.75</ele></trkpt>
   <trkpt lat="45.458336" lon="3.303199"><ele>392</ele></trkpt>
   <trkpt lat="45.456655" lon="3.303282"><ele>391.75</ele></trkpt>
   <trkpt lat="45.45617" lon="3.303327"><ele>391.75</ele></trkpt>
   <trkpt lat="45.455032" lon="3.303514"><ele>394.75</ele></trkpt>
   <trkpt lat="45.454136" lon="3.303694"><ele>394.75</ele></trkpt>
   <trkpt lat="45.453783" lon="3.303776"><ele>395</ele></trkpt>
   <trkpt lat="45.453336" lon="3.303933"><ele>396.25</ele></trkpt>
   <trkpt lat="45.453092" lon="3.304054"><ele>395.25</ele></trkpt>
   <trkpt lat="45.452924" lon="3.304165"><ele>396</ele></trkpt>
   <trkpt lat="45.452684" lon="3.304309"><ele>397</ele></trkpt>
   <trkpt lat="45.452651" lon="3.304322"><ele>396.25</ele></trkpt>
   <trkpt lat="45.452666" lon="3.304184"><ele>393</ele></trkpt>
   <trkpt lat="45.452794" lon="3.302781"><ele>394.5</ele></trkpt>
   <trkpt lat="45.452838" lon="3.302567"><ele>397</ele></trkpt>
   <trkpt lat="45.452846" lon="3.30253"><ele>397.5</ele></trkpt>
   <trkpt lat="45.452848" lon="3.302451"><ele>398.25</ele></trkpt>
   <trkpt lat="45.452757" lon="3.30243"><ele>398.5</ele></trkpt>
   <trkpt lat="45.452716" lon="3.302408"><ele>398.5</ele></trkpt>
   <trkpt lat="45.452673" lon="3.302388"><ele>398.75</ele></trkpt>
   <trkpt lat="45.452475" lon="3.302268"><ele>398.5</ele></trkpt>
   <trkpt lat="45.452082" lon="3.301779"><ele>398.25</ele></trkpt>
   <trkpt lat="45.451969" lon="3.301671"><ele>398.25</ele></trkpt>
   <trkpt lat="45.451643" lon="3.301407"><ele>397</ele></trkpt>
   <trkpt lat="45.451558" lon="3.301315"><ele>396.75</ele></trkpt>
   <trkpt lat="45.45148" lon="3.301213"><ele>397</ele></trkpt>
   <trkpt lat="45.451342" lon="3.301006"><ele>397.25</ele></trkpt>
   <trkpt lat="45.451014" lon="3.300411"><ele>399</ele></trkpt>
   <trkpt lat="45.450828" lon="3.3001"><ele>394.75</ele></trkpt>
   <trkpt lat="45.45015" lon="3.299192"><ele>393.5</ele></trkpt>
   <trkpt lat="45.449973" lon="3.298978"><ele>394</ele></trkpt>
   <trkpt lat="45.449803" lon="3.298826"><ele>394.25</ele></trkpt>
   <trkpt lat="45.449714" lon="3.298765"><ele>394.5</ele></trkpt>
   <trkpt lat="45.449575" lon="3.298709"><ele>394.25</ele></trkpt>
   <trkpt lat="45.449437" lon="3.298695"><ele>394.25</ele></trkpt>
   <trkpt lat="45.449312" lon="3.298696"><ele>393.75</ele></trkpt>
   <trkpt lat="45.449197" lon="3.298716"><ele>393.25</ele></trkpt>
   <trkpt lat="45.448583" lon="3.298862"><ele>395.5</ele></trkpt>
   <trkpt lat="45.447439" lon="3.299146"><ele>394.75</ele></trkpt>
   <trkpt lat="45.447181" lon="3.299228"><ele>395.25</ele></trkpt>
   <trkpt lat="45.447053" lon="3.299313"><ele>395.5</ele></trkpt>
   <trkpt lat="45.446938" lon="3.29943"><ele>395.75</ele></trkpt>
   <trkpt lat="45.446839" lon="3.299555"><ele>397</ele></trkpt>
   <trkpt lat="45.44661" lon="3.299887"><ele>397.25</ele></trkpt>
   <trkpt lat="45.446379" lon="3.300252"><ele>396.5</ele></trkpt>
   <trkpt lat="45.44612" lon="3.300632"><ele>397.25</ele></trkpt>
   <trkpt lat="45.446057" lon="3.300717"><ele>397.25</ele></trkpt>
   <trkpt lat="45.445905" lon="3.300891"><ele>397.5</ele></trkpt>
   <trkpt lat="45.44536" lon="3.301494"><ele>400.5</ele></trkpt>
   <trkpt lat="45.444814" lon="3.302127"><ele>403.5</ele></trkpt>
   <trkpt lat="45.444713" lon="3.302234"><ele>402.25</ele></trkpt>
   <trkpt lat="45.444456" lon="3.302427"><ele>403.25</ele></trkpt>
   <trkpt lat="45.444353" lon="3.302467"><ele>403.5</ele></trkpt>
   <trkpt lat="45.444252" lon="3.302492"><ele>403.75</ele></trkpt>
   <trkpt lat="45.44407" lon="3.302485"><ele>403.5</ele></trkpt>
   <trkpt lat="45.443784" lon="3.302428"><ele>402.5</ele></trkpt>
   <trkpt lat="45.443482" lon="3.302297"><ele>403</ele></trkpt>
   <trkpt lat="45.442935" lon="3.302004"><ele>402.75</ele></trkpt>
   <trkpt lat="45.442715" lon="3.301907"><ele>403</ele></trkpt>
   <trkpt lat="45.442588" lon="3.301876"><ele>403.25</ele></trkpt>
   <trkpt lat="45.442516" lon="3.301897"><ele>403.75</ele></trkpt>
   <trkpt lat="45.442378" lon="3.301953"><ele>404.75</ele></trkpt>
   <trkpt lat="45.44231" lon="3.302012"><ele>405.25</ele></trkpt>
   <trkpt lat="45.442259" lon="3.302082"><ele>405.75</ele></trkpt>
   <trkpt lat="45.442219" lon="3.302166"><ele>406</ele></trkpt>
   <trkpt lat="45.442182" lon="3.302296"><ele>406.5</ele></trkpt>
   <trkpt lat="45.442168" lon="3.302438"><ele>407.5</ele></trkpt>
   <trkpt lat="45.442179" lon="3.302577"><ele>408.5</ele></trkpt>
   <trkpt lat="45.442212" lon="3.302704"><ele>409.25</ele></trkpt>
   <trkpt lat="45.442259" lon="3.302803"><ele>410.25</ele></trkpt>
   <trkpt lat="45.442366" lon="3.302934"><ele>411.5</ele></trkpt>
   <trkpt lat="45.442523" lon="3.303065"><ele>413</ele></trkpt>
   <trkpt lat="45.442631" lon="3.30317"><ele>415.25</ele></trkpt>
   <trkpt lat="45.442735" lon="3.303298"><ele>416.25</ele></trkpt>
   <trkpt lat="45.44282" lon="3.303456"><ele>417.75</ele></trkpt>
   <trkpt lat="45.443026" lon="3.303796"><ele>419.75</ele></trkpt>
   <trkpt lat="45.443301" lon="3.304174"><ele>423</ele></trkpt>
   <trkpt lat="45.44338" lon="3.304306"><ele>423.75</ele></trkpt>
   <trkpt lat="45.443474" lon="3.304464"><ele>425</ele></trkpt>
   <trkpt lat="45.443591" lon="3.304693"><ele>426.75</ele></trkpt>
   <trkpt lat="45.443681" lon="3.304916"><ele>428</ele></trkpt>
   <trkpt lat="45.443769" lon="3.305184"><ele>429.25</ele></trkpt>
   <trkpt lat="45.443836" lon="3.305372"><ele>429.75</ele></trkpt>
   <trkpt lat="45.443965" lon="3.30572"><ele>431.25</ele></trkpt>
   <trkpt lat="45.44402" lon="3.305863"><ele>432</ele></trkpt>
   <trkpt lat="45.44408" lon="3.306017"><ele>432.75</ele></trkpt>
   <trkpt lat="45.44411" lon="3.306108"><ele>433.5</ele></trkpt>
   <trkpt lat="45.444143" lon="3.306256"><ele>433.75</ele></trkpt>
   <trkpt lat="45.444162" lon="3.306413"><ele>433.75</ele></trkpt>
   <trkpt lat="45.444172" lon="3.306616"><ele>434</ele></trkpt>
   <trkpt lat="45.444186" lon="3.307405"><ele>434</ele></trkpt>
   <trkpt lat="45.444191" lon="3.307784"><ele>434</ele></trkpt>
   <trkpt lat="45.444193" lon="3.307843"><ele>434</ele></trkpt>
   <trkpt lat="45.444206" lon="3.308442"><ele>431.75</ele></trkpt>
   <trkpt lat="45.444208" lon="3.308559"><ele>431.25</ele></trkpt>
   <trkpt lat="45.444213" lon="3.308706"><ele>430.75</ele></trkpt>
   <trkpt lat="45.444215" lon="3.309092"><ele>429.25</ele></trkpt>
   <trkpt lat="45.444222" lon="3.309251"><ele>428.5</ele></trkpt>
   <trkpt lat="45.444258" lon="3.309507"><ele>427.25</ele></trkpt>
   <trkpt lat="45.444341" lon="3.309848"><ele>425.25</ele></trkpt>
   <trkpt lat="45.444389" lon="3.310158"><ele>422</ele></trkpt>
   <trkpt lat="45.444397" lon="3.310305"><ele>420.5</ele></trkpt>
   <trkpt lat="45.444396" lon="3.310477"><ele>419.5</ele></trkpt>
   <trkpt lat="45.444352" lon="3.311132"><ele>416.5</ele></trkpt>
   <trkpt lat="45.444295" lon="3.31168"><ele>410</ele></trkpt>
   <trkpt lat="45.444272" lon="3.311879"><ele>409.75</ele></trkpt>
   <trkpt lat="45.444201" lon="3.312281"><ele>408.75</ele></trkpt>
   <trkpt lat="45.444009" lon="3.313206"><ele>408</ele></trkpt>
   <trkpt lat="45.443839" lon="3.313962"><ele>405.5</ele></trkpt>
   <trkpt lat="45.443503" lon="3.315104"><ele>403</ele></trkpt>
   <trkpt lat="45.443492" lon="3.315184"><ele>403</ele></trkpt>
   <trkpt lat="45.443493" lon="3.315253"><ele>402.75</ele></trkpt>
   <trkpt lat="45.443506" lon="3.315313"><ele>402.5</ele></trkpt>
   <trkpt lat="45.443544" lon="3.315383"><ele>402</ele></trkpt>
   <trkpt lat="45.443665" lon="3.315458"><ele>401</ele></trkpt>
   <trkpt lat="45.443698" lon="3.315487"><ele>400.25</ele></trkpt>
   <trkpt lat="45.443731" lon="3.315534"><ele>399.75</ele></trkpt>
   <trkpt lat="45.443759" lon="3.315603"><ele>399</ele></trkpt>
   <trkpt lat="45.44378" lon="3.315692"><ele>398.5</ele></trkpt>
   <trkpt lat="45.443786" lon="3.315766"><ele>398</ele></trkpt>
   <trkpt lat="45.443766" lon="3.315946"><ele>397.5</ele></trkpt>
   <trkpt lat="45.443104" lon="3.319118"><ele>398.5</ele></trkpt>
   <trkpt lat="45.443057" lon="3.319399"><ele>398</ele></trkpt>
   <trkpt lat="45.443023" lon="3.319707"><ele>396.75</ele></trkpt>
   <trkpt lat="45.44297" lon="3.320544"><ele>395.75</ele></trkpt>
   <trkpt lat="45.442952" lon="3.32078"><ele>395.75</ele></trkpt>
   <trkpt lat="45.44293" lon="3.320978"><ele>395.5</ele></trkpt>
   <trkpt lat="45.44292" lon="3.321062"><ele>395.5</ele></trkpt>
   <trkpt lat="45.442847" lon="3.321478"><ele>394.25</ele></trkpt>
   <trkpt lat="45.442679" lon="3.322351"><ele>394.75</ele></trkpt>
   <trkpt lat="45.442648" lon="3.322478"><ele>394.25</ele></trkpt>
   <trkpt lat="45.442606" lon="3.322628"><ele>394.5</ele></trkpt>
   <trkpt lat="45.442549" lon="3.322794"><ele>395</ele></trkpt>
   <trkpt lat="45.442461" lon="3.322996"><ele>396.25</ele></trkpt>
   <trkpt lat="45.442337" lon="3.323238"><ele>395.75</ele></trkpt>
   <trkpt lat="45.44195" lon="3.323967"><ele>396.75</ele></trkpt>
   <trkpt lat="45.441713" lon="3.324386"><ele>397.75</ele></trkpt>
   <trkpt lat="45.441441" lon="3.324734"><ele>397</ele></trkpt>
   <trkpt lat="45.441298" lon="3.324865"><ele>398.25</ele></trkpt>
   <trkpt lat="45.440846" lon="3.325115"><ele>396.5</ele></trkpt>
   <trkpt lat="45.440724" lon="3.325193"><ele>397.75</ele></trkpt>
   <trkpt lat="45.440609" lon="3.32531"><ele>397</ele></trkpt>
   <trkpt lat="45.440471" lon="3.325479"><ele>398</ele></trkpt>
   <trkpt lat="45.439493" lon="3.326868"><ele>398</ele></trkpt>
   <trkpt lat="45.43943" lon="3.326973"><ele>397.25</ele></trkpt>
   <trkpt lat="45.439365" lon="3.327095"><ele>398.25</ele></trkpt>
   <trkpt lat="45.439319" lon="3.327207"><ele>397.5</ele></trkpt>
   <trkpt lat="45.439272" lon="3.32734"><ele>397</ele></trkpt>
   <trkpt lat="45.439244" lon="3.327472"><ele>396.5</ele></trkpt>
   <trkpt lat="45.439224" lon="3.327618"><ele>396.5</ele></trkpt>
   <trkpt lat="45.439162" lon="3.328366"><ele>396</ele></trkpt>
   <trkpt lat="45.439131" lon="3.328544"><ele>396</ele></trkpt>
   <trkpt lat="45.439093" lon="3.328704"><ele>395.75</ele></trkpt>
   <trkpt lat="45.439053" lon="3.328841"><ele>395.5</ele></trkpt>
   <trkpt lat="45.439001" lon="3.328965"><ele>395.25</ele></trkpt>
   <trkpt lat="45.438911" lon="3.329123"><ele>395.5</ele></trkpt>
   <trkpt lat="45.43884" lon="3.329216"><ele>395.5</ele></trkpt>
   <trkpt lat="45.438768" lon="3.329295"><ele>395</ele></trkpt>
   <trkpt lat="45.438666" lon="3.329391"><ele>395.5</ele></trkpt>
   <trkpt lat="45.43856" lon="3.329478"><ele>397.5</ele></trkpt>
   <trkpt lat="45.43842" lon="3.329575"><ele>400</ele></trkpt>
   <trkpt lat="45.438151" lon="3.329731"><ele>397.25</ele></trkpt>
   <trkpt lat="45.437631" lon="3.329945"><ele>397.75</ele></trkpt>
   <trkpt lat="45.437522" lon="3.329989"><ele>397.75</ele></trkpt>
   <trkpt lat="45.437383" lon="3.330062"><ele>397.75</ele></trkpt>
   <trkpt lat="45.437265" lon="3.330142"><ele>397.25</ele></trkpt>
   <trkpt lat="45.437164" lon="3.330228"><ele>397</ele></trkpt>
   <trkpt lat="45.437054" lon="3.330333"><ele>396.75</ele></trkpt>
   <trkpt lat="45.43692" lon="3.330485"><ele>396.75</ele></trkpt>
   <trkpt lat="45.436706" lon="3.330757"><ele>396.5</ele></trkpt>
   <trkpt lat="45.436056" lon="3.331658"><ele>396</ele></trkpt>
   <trkpt lat="45.435957" lon="3.331769"><ele>395.5</ele></trkpt>
   <trkpt lat="45.435832" lon="3.33189"><ele>395.75</ele></trkpt>
   <trkpt lat="45.434979" lon="3.332605"><ele>395.5</ele></trkpt>
   <trkpt lat="45.433818" lon="3.333389"><ele>398</ele></trkpt>
   <trkpt lat="45.433681" lon="3.333471"><ele>398.25</ele></trkpt>
   <trkpt lat="45.433565" lon="3.333529"><ele>398.5</ele></trkpt>
   <trkpt lat="45.433389" lon="3.333597"><ele>398.75</ele></trkpt>
   <trkpt lat="45.433032" lon="3.333698"><ele>399</ele></trkpt>
   <trkpt lat="45.432642" lon="3.33379"><ele>400</ele></trkpt>
   <trkpt lat="45.4317" lon="3.333965"><ele>399.25</ele></trkpt>
   <trkpt lat="45.431371" lon="3.334027"><ele>399.5</ele></trkpt>
   <trkpt lat="45.431037" lon="3.334061"><ele>399.75</ele></trkpt>
   <trkpt lat="45.430668" lon="3.334073"><ele>399.75</ele></trkpt>
   <trkpt lat="45.430199" lon="3.33407"><ele>399.25</ele></trkpt>
   <trkpt lat="45.429698" lon="3.334049"><ele>399.5</ele></trkpt>
   <trkpt lat="45.429435" lon="3.333991"><ele>398.75</ele></trkpt>
   <trkpt lat="45.428785" lon="3.333634"><ele>402.5</ele></trkpt>
   <trkpt lat="45.428661" lon="3.333565"><ele>403</ele></trkpt>
   <trkpt lat="45.428535" lon="3.333522"><ele>404</ele></trkpt>
   <trkpt lat="45.428451" lon="3.333504"><ele>404.25</ele></trkpt>
   <trkpt lat="45.428314" lon="3.333478"><ele>404.75</ele></trkpt>
   <trkpt lat="45.428243" lon="3.333462"><ele>404.75</ele></trkpt>
   <trkpt lat="45.428161" lon="3.333443"><ele>404.5</ele></trkpt>
   <trkpt lat="45.427962" lon="3.333423"><ele>404</ele></trkpt>
   <trkpt lat="45.427277" lon="3.333367"><ele>402.5</ele></trkpt>
   <trkpt lat="45.426733" lon="3.333338"><ele>401.75</ele></trkpt>
   <trkpt lat="45.426698" lon="3.333337"><ele>401.75</ele></trkpt>
   <trkpt lat="45.425221" lon="3.333248"><ele>399.5</ele></trkpt>
   <trkpt lat="45.42498" lon="3.333237"><ele>399.5</ele></trkpt>
   <trkpt lat="45.424745" lon="3.333252"><ele>399.25</ele></trkpt>
   <trkpt lat="45.424508" lon="3.333285"><ele>399.25</ele></trkpt>
   <trkpt lat="45.424222" lon="3.33335"><ele>398.75</ele></trkpt>
   <trkpt lat="45.423876" lon="3.333464"><ele>398.5</ele></trkpt>
   <trkpt lat="45.422811" lon="3.333864"><ele>400.25</ele></trkpt>
   <trkpt lat="45.422405" lon="3.334016"><ele>401.25</ele></trkpt>
   <trkpt lat="45.420369" lon="3.33477"><ele>400</ele></trkpt>
   <trkpt lat="45.420315" lon="3.334796"><ele>400</ele></trkpt>
   <trkpt lat="45.4199" lon="3.334984"><ele>400.25</ele></trkpt>
   <trkpt lat="45.419342" lon="3.335263"><ele>400.25</ele></trkpt>
   <trkpt lat="45.418516" lon="3.335634"><ele>399.5</ele></trkpt>
   <trkpt lat="45.418127" lon="3.335827"><ele>399</ele></trkpt>
   <trkpt lat="45.41782" lon="3.335962"><ele>399.25</ele></trkpt>
   <trkpt lat="45.417689" lon="3.336007"><ele>399.5</ele></trkpt>
   <trkpt lat="45.417508" lon="3.336048"><ele>400</ele></trkpt>
   <trkpt lat="45.417394" lon="3.336062"><ele>400.25</ele></trkpt>
   <trkpt lat="45.417308" lon="3.33607"><ele>400.5</ele></trkpt>
   <trkpt lat="45.417214" lon="3.336064"><ele>401</ele></trkpt>
   <trkpt lat="45.417119" lon="3.336055"><ele>401</ele></trkpt>
   <trkpt lat="45.416986" lon="3.336029"><ele>401.25</ele></trkpt>
   <trkpt lat="45.416665" lon="3.335945"><ele>403</ele></trkpt>
   <trkpt lat="45.416367" lon="3.335877"><ele>403</ele></trkpt>
   <trkpt lat="45.415979" lon="3.335837"><ele>404</ele></trkpt>
   <trkpt lat="45.415851" lon="3.335825"><ele>404</ele></trkpt>
   <trkpt lat="45.415028" lon="3.335765"><ele>404</ele></trkpt>
   <trkpt lat="45.414682" lon="3.335744"><ele>405</ele></trkpt>
   <trkpt lat="45.414384" lon="3.335718"><ele>405</ele></trkpt>
   <trkpt lat="45.414282" lon="3.33569"><ele>405</ele></trkpt>
   <trkpt lat="45.414156" lon="3.335627"><ele>405</ele></trkpt>
   <trkpt lat="45.41403" lon="3.335516"><ele>405</ele></trkpt>
   <trkpt lat="45.413896" lon="3.335354"><ele>405</ele></trkpt>
   <trkpt lat="45.41378" lon="3.335157"><ele>405</ele></trkpt>
   <trkpt lat="45.413687" lon="3.334909"><ele>405</ele></trkpt>
   <trkpt lat="45.413532" lon="3.334496"><ele>404.5</ele></trkpt>
   <trkpt lat="45.413465" lon="3.334336"><ele>404.25</ele></trkpt>
   <trkpt lat="45.413389" lon="3.334155"><ele>404</ele></trkpt>
   <trkpt lat="45.41336" lon="3.334085"><ele>404</ele></trkpt>
   <trkpt lat="45.413323" lon="3.333995"><ele>403.75</ele></trkpt>
   <trkpt lat="45.413049" lon="3.333331"><ele>400.75</ele></trkpt>
   <trkpt lat="45.412845" lon="3.332785"><ele>400</ele></trkpt>
   <trkpt lat="45.412787" lon="3.332594"><ele>400</ele></trkpt>
   <trkpt lat="45.412745" lon="3.332448"><ele>399.75</ele></trkpt>
   <trkpt lat="45.412565" lon="3.331831"><ele>399</ele></trkpt>
   <trkpt lat="45.412447" lon="3.331422"><ele>399</ele></trkpt>
   <trkpt lat="45.412411" lon="3.331312"><ele>399</ele></trkpt>
   <trkpt lat="45.412355" lon="3.331148"><ele>399.25</ele></trkpt>
   <trkpt lat="45.412291" lon="3.330985"><ele>399.5</ele></trkpt>
   <trkpt lat="45.412187" lon="3.330773"><ele>400</ele></trkpt>
   <trkpt lat="45.412126" lon="3.330668"><ele>400</ele></trkpt>
   <trkpt lat="45.411963" lon="3.330429"><ele>400</ele></trkpt>
   <trkpt lat="45.411774" lon="3.330193"><ele>399.25</ele></trkpt>
   <trkpt lat="45.411169" lon="3.329557"><ele>400.5</ele></trkpt>
   <trkpt lat="45.41109" lon="3.329479"><ele>400.75</ele></trkpt>
   <trkpt lat="45.410523" lon="3.328883"><ele>401</ele></trkpt>
   <trkpt lat="45.410458" lon="3.328816"><ele>401</ele></trkpt>
   <trkpt lat="45.409727" lon="3.32807"><ele>400.75</ele></trkpt>
   <trkpt lat="45.409101" lon="3.327399"><ele>400.75</ele></trkpt>
   <trkpt lat="45.409074" lon="3.32737"><ele>400.75</ele></trkpt>
   <trkpt lat="45.409007" lon="3.327279"><ele>400.75</ele></trkpt>
   <trkpt lat="45.408851" lon="3.327065"><ele>401.5</ele></trkpt>
   <trkpt lat="45.408855" lon="3.327028"><ele>401.5</ele></trkpt>
   <trkpt lat="45.408852" lon="3.326993"><ele>401.75</ele></trkpt>
   <trkpt lat="45.408841" lon="3.32696"><ele>401.75</ele></trkpt>
   <trkpt lat="45.408807" lon="3.326916"><ele>402</ele></trkpt>
   <trkpt lat="45.408785" lon="3.326906"><ele>402</ele></trkpt>
   <trkpt lat="45.408739" lon="3.32691"><ele>402</ele></trkpt>
   <trkpt lat="45.408714" lon="3.326929"><ele>402</ele></trkpt>
   <trkpt lat="45.408695" lon="3.326958"><ele>401.75</ele></trkpt>
   <trkpt lat="45.408684" lon="3.326994"><ele>401.75</ele></trkpt>
   <trkpt lat="45.408681" lon="3.327044"><ele>401.5</ele></trkpt>
   <trkpt lat="45.408615" lon="3.327096"><ele>401.25</ele></trkpt>
   <trkpt lat="45.408561" lon="3.32714"><ele>401.25</ele></trkpt>
   <trkpt lat="45.408515" lon="3.327176"><ele>401</ele></trkpt>
   <trkpt lat="45.408342" lon="3.327241"><ele>400.75</ele></trkpt>
   <trkpt lat="45.408074" lon="3.327301"><ele>400.75</ele></trkpt>
   <trkpt lat="45.407135" lon="3.32754"><ele>399.75</ele></trkpt>
   <trkpt lat="45.406666" lon="3.327632"><ele>400</ele></trkpt>
   <trkpt lat="45.406378" lon="3.327672"><ele>400</ele></trkpt>
   <trkpt lat="45.406117" lon="3.327686"><ele>400</ele></trkpt>
   <trkpt lat="45.406029" lon="3.327684"><ele>400</ele></trkpt>
   <trkpt lat="45.405266" lon="3.327682"><ele>399.25</ele></trkpt>
   <trkpt lat="45.405024" lon="3.327691"><ele>399.25</ele></trkpt>
   <trkpt lat="45.404781" lon="3.327725"><ele>399</ele></trkpt>
   <trkpt lat="45.404568" lon="3.327759"><ele>399</ele></trkpt>
   <trkpt lat="45.403913" lon="3.327862"><ele>399.5</ele></trkpt>
   <trkpt lat="45.403831" lon="3.327874"><ele>399.5</ele></trkpt>
   <trkpt lat="45.403318" lon="3.327956"><ele>399.25</ele></trkpt>
   <trkpt lat="45.402835" lon="3.328066"><ele>399.75</ele></trkpt>
   <trkpt lat="45.402527" lon="3.32814"><ele>399.75</ele></trkpt>
   <trkpt lat="45.401627" lon="3.328355"><ele>400</ele></trkpt>
   <trkpt lat="45.401441" lon="3.328374"><ele>400</ele></trkpt>
   <trkpt lat="45.401266" lon="3.328362"><ele>400</ele></trkpt>
   <trkpt lat="45.401096" lon="3.328316"><ele>400</ele></trkpt>
   <trkpt lat="45.400571" lon="3.328099"><ele>400</ele></trkpt>
   <trkpt lat="45.400195" lon="3.327934"><ele>400</ele></trkpt>
   <trkpt lat="45.399179" lon="3.327557"><ele>400.75</ele></trkpt>
   <trkpt lat="45.398848" lon="3.327445"><ele>401.25</ele></trkpt>
   <trkpt lat="45.398094" lon="3.327162"><ele>401.5</ele></trkpt>
   <trkpt lat="45.397299" lon="3.32684"><ele>402</ele></trkpt>
   <trkpt lat="45.396883" lon="3.326643"><ele>402</ele></trkpt>
   <trkpt lat="45.396762" lon="3.326586"><ele>402.25</ele></trkpt>
   <trkpt lat="45.395791" lon="3.326089"><ele>403</ele></trkpt>
   <trkpt lat="45.395636" lon="3.326012"><ele>403</ele></trkpt>
   <trkpt lat="45.39544" lon="3.325916"><ele>403</ele></trkpt>
   <trkpt lat="45.395165" lon="3.325783"><ele>403</ele></trkpt>
   <trkpt lat="45.395073" lon="3.325747"><ele>403.25</ele></trkpt>
   <trkpt lat="45.394927" lon="3.325689"><ele>403.5</ele></trkpt>
   <trkpt lat="45.394894" lon="3.325839"><ele>403.25</ele></trkpt>
   <trkpt lat="45.394874" lon="3.325912"><ele>403</ele></trkpt>
   <trkpt lat="45.394842" lon="3.325963"><ele>402.75</ele></trkpt>
   <trkpt lat="45.394552" lon="3.326108"><ele>403</ele></trkpt>
   <trkpt lat="45.394437" lon="3.326202"><ele>403.5</ele></trkpt>
   <trkpt lat="45.394087" lon="3.326615"><ele>403.25</ele></trkpt>
   <trkpt lat="45.393806" lon="3.326962"><ele>403.25</ele></trkpt>
   <trkpt lat="45.393727" lon="3.327017"><ele>403.25</ele></trkpt>
   <trkpt lat="45.393643" lon="3.327109"><ele>403.25</ele></trkpt>
   <trkpt lat="45.393583" lon="3.32714"><ele>403.25</ele></trkpt>
   <trkpt lat="45.393539" lon="3.327189"><ele>403.25</ele></trkpt>
   <trkpt lat="45.393499" lon="3.327242"><ele>403.25</ele></trkpt>
   <trkpt lat="45.393422" lon="3.327335"><ele>403.25</ele></trkpt>
   <trkpt lat="45.393175" lon="3.327634"><ele>403.5</ele></trkpt>
   <trkpt lat="45.393074" lon="3.327714"><ele>403.25</ele></trkpt>
   <trkpt lat="45.393168" lon="3.327737"><ele>403</ele></trkpt>
   <trkpt lat="45.393458" lon="3.327865"><ele>402.25</ele></trkpt>
   <trkpt lat="45.393492" lon="3.327917"><ele>402</ele></trkpt>
   <trkpt lat="45.393499" lon="3.327993"><ele>402</ele></trkpt>
   <trkpt lat="45.393486" lon="3.32812"><ele>401.75</ele></trkpt>
   <trkpt lat="45.393453" lon="3.328236"><ele>401.5</ele></trkpt>
   <trkpt lat="45.393411" lon="3.328321"><ele>401.5</ele></trkpt>
   <trkpt lat="45.393328" lon="3.328441"><ele>401.5</ele></trkpt>
   <trkpt lat="45.393309" lon="3.328535"><ele>401</ele></trkpt>
   <trkpt lat="45.393309" lon="3.328656"><ele>401</ele></trkpt>
   <trkpt lat="45.393332" lon="3.328795"><ele>401</ele></trkpt>
   <trkpt lat="45.393413" lon="3.32916"><ele>401</ele></trkpt>
   <trkpt lat="45.393441" lon="3.329329"><ele>401</ele></trkpt>
   <trkpt lat="45.393441" lon="3.329463"><ele>401</ele></trkpt>
   <trkpt lat="45.393425" lon="3.329704"><ele>400.75</ele></trkpt>
   <trkpt lat="45.393437" lon="3.3298"><ele>401</ele></trkpt>
   <trkpt lat="45.393456" lon="3.329893"><ele>401</ele></trkpt>
   <trkpt lat="45.39349" lon="3.330004"><ele>401</ele></trkpt>
   <trkpt lat="45.393731" lon="3.330657"><ele>401</ele></trkpt>
   <trkpt lat="45.393791" lon="3.330907"><ele>401</ele></trkpt>
   <trkpt lat="45.393802" lon="3.331128"><ele>401</ele></trkpt>
   <trkpt lat="45.393792" lon="3.331327"><ele>401</ele></trkpt>
   <trkpt lat="45.393758" lon="3.331495"><ele>401</ele></trkpt>
   <trkpt lat="45.393647" lon="3.331963"><ele>400.75</ele></trkpt>
   <trkpt lat="45.393597" lon="3.332154"><ele>400.75</ele></trkpt>
   <trkpt lat="45.393534" lon="3.332393"><ele>400.25</ele></trkpt>
   <trkpt lat="45.393458" lon="3.332727"><ele>400</ele></trkpt>
   <trkpt lat="45.393333" lon="3.333451"><ele>400.75</ele></trkpt>
   <trkpt lat="45.393224" lon="3.334128"><ele>401</ele></trkpt>
   <trkpt lat="45.393141" lon="3.334603"><ele>401</ele></trkpt>
   <trkpt lat="45.393076" lon="3.334935"><ele>401.75</ele></trkpt>
   <trkpt lat="45.392818" lon="3.336187"><ele>402</ele></trkpt>
   <trkpt lat="45.392778" lon="3.33624"><ele>402</ele></trkpt>
   <trkpt lat="45.392753" lon="3.336262"><ele>401.5</ele></trkpt>
   <trkpt lat="45.392963" lon="3.336683"><ele>402</ele></trkpt>
   <trkpt lat="45.393024" lon="3.336804"><ele>402</ele></trkpt>
   <trkpt lat="45.393202" lon="3.337204"><ele>402.75</ele></trkpt>
   <trkpt lat="45.39327" lon="3.337323"><ele>403</ele></trkpt>
   <trkpt lat="45.393349" lon="3.337441"><ele>403.5</ele></trkpt>
   <trkpt lat="45.3934" lon="3.337502"><ele>403.75</ele></trkpt>
   <trkpt lat="45.393755" lon="3.337852"><ele>403.5</ele></trkpt>
   <trkpt lat="45.394765" lon="3.338823"><ele>405</ele></trkpt>
   <trkpt lat="45.395139" lon="3.339187"><ele>408</ele></trkpt>
   <trkpt lat="45.39526" lon="3.339322"><ele>409.25</ele></trkpt>
   <trkpt lat="45.395326" lon="3.339413"><ele>410.25</ele></trkpt>
   <trkpt lat="45.395398" lon="3.339531"><ele>411.75</ele></trkpt>
   <trkpt lat="45.395625" lon="3.339964"><ele>413</ele></trkpt>
   <trkpt lat="45.395893" lon="3.340498"><ele>413.75</ele></trkpt>
   <trkpt lat="45.395989" lon="3.340674"><ele>414</ele></trkpt>
   <trkpt lat="45.396101" lon="3.34093"><ele>414.25</ele></trkpt>
   <trkpt lat="45.396131" lon="3.341059"><ele>414.75</ele></trkpt>
   <trkpt lat="45.396151" lon="3.341223"><ele>415</ele></trkpt>
   <trkpt lat="45.396163" lon="3.341435"><ele>415.25</ele></trkpt>
   <trkpt lat="45.396158" lon="3.342278"><ele>417</ele></trkpt>
   <trkpt lat="45.396169" lon="3.342456"><ele>417</ele></trkpt>
   <trkpt lat="45.396187" lon="3.342579"><ele>417</ele></trkpt>
   <trkpt lat="45.396225" lon="3.342709"><ele>417.25</ele></trkpt>
   <trkpt lat="45.396552" lon="3.343332"><ele>418</ele></trkpt>
   <trkpt lat="45.396586" lon="3.343476"><ele>418.25</ele></trkpt>
   <trkpt lat="45.39661" lon="3.343642"><ele>418.75</ele></trkpt>
   <trkpt lat="45.39662" lon="3.343685"><ele>418.75</ele></trkpt>
   <trkpt lat="45.396101" lon="3.344114"><ele>417</ele></trkpt>
   <trkpt lat="45.395775" lon="3.344421"><ele>415.5</ele></trkpt>
   <trkpt lat="45.395436" lon="3.344761"><ele>414.75</ele></trkpt>
   <trkpt lat="45.395281" lon="3.344916"><ele>413</ele></trkpt>
   <trkpt lat="45.394697" lon="3.345496"><ele>408</ele></trkpt>
   <trkpt lat="45.393854" lon="3.346353"><ele>404.75</ele></trkpt>
   <trkpt lat="45.393483" lon="3.346713"><ele>404</ele></trkpt>
   <trkpt lat="45.393376" lon="3.346836"><ele>404</ele></trkpt>
   <trkpt lat="45.393133" lon="3.347104"><ele>403.75</ele></trkpt>
   <trkpt lat="45.392867" lon="3.347453"><ele>404.25</ele></trkpt>
   <trkpt lat="45.392635" lon="3.347839"><ele>404.25</ele></trkpt>
   <trkpt lat="45.392498" lon="3.348093"><ele>405.75</ele></trkpt>
   <trkpt lat="45.392367" lon="3.348367"><ele>404.75</ele></trkpt>
   <trkpt lat="45.392172" lon="3.348843"><ele>404</ele></trkpt>
   <trkpt lat="45.391847" lon="3.349747"><ele>405.5</ele></trkpt>
   <trkpt lat="45.391736" lon="3.350087"><ele>408.75</ele></trkpt>
   <trkpt lat="45.391657" lon="3.350378"><ele>405.75</ele></trkpt>
   <trkpt lat="45.391579" lon="3.350725"><ele>407.25</ele></trkpt>
   <trkpt lat="45.391435" lon="3.351428"><ele>408</ele></trkpt>
   <trkpt lat="45.391291" lon="3.351981"><ele>408.75</ele></trkpt>
   <trkpt lat="45.391201" lon="3.352276"><ele>407.5</ele></trkpt>
   <trkpt lat="45.391087" lon="3.352582"><ele>408</ele></trkpt>
   <trkpt lat="45.390866" lon="3.3531"><ele>408.25</ele></trkpt>
   <trkpt lat="45.390751" lon="3.353333"><ele>406.5</ele></trkpt>
   <trkpt lat="45.390637" lon="3.353545"><ele>408.75</ele></trkpt>
   <trkpt lat="45.390041" lon="3.354494"><ele>406.75</ele></trkpt>
   <trkpt lat="45.389938" lon="3.354686"><ele>406.25</ele></trkpt>
   <trkpt lat="45.389854" lon="3.354887"><ele>408.25</ele></trkpt>
   <trkpt lat="45.389777" lon="3.355122"><ele>407.75</ele></trkpt>
   <trkpt lat="45.389729" lon="3.355307"><ele>407.25</ele></trkpt>
   <trkpt lat="45.389677" lon="3.35557"><ele>406.25</ele></trkpt>
   <trkpt lat="45.389641" lon="3.355796"><ele>407.25</ele></trkpt>
   <trkpt lat="45.389614" lon="3.356083"><ele>409.75</ele></trkpt>
   <trkpt lat="45.38958" lon="3.356681"><ele>410</ele></trkpt>
   <trkpt lat="45.389554" lon="3.356966"><ele>410.75</ele></trkpt>
   <trkpt lat="45.389525" lon="3.357194"><ele>411.5</ele></trkpt>
   <trkpt lat="45.389482" lon="3.357429"><ele>412.75</ele></trkpt>
   <trkpt lat="45.389337" lon="3.358005"><ele>415.5</ele></trkpt>
   <trkpt lat="45.389127" lon="3.358743"><ele>412.5</ele></trkpt>
   <trkpt lat="45.388909" lon="3.359476"><ele>412</ele></trkpt>
   <trkpt lat="45.388817" lon="3.359761"><ele>411.75</ele></trkpt>
   <trkpt lat="45.388714" lon="3.36005"><ele>411</ele></trkpt>
   <trkpt lat="45.388651" lon="3.360151"><ele>410.25</ele></trkpt>
   <trkpt lat="45.388589" lon="3.360189"><ele>409.75</ele></trkpt>
   <trkpt lat="45.388539" lon="3.360194"><ele>409.75</ele></trkpt>
   <trkpt lat="45.388493" lon="3.360183"><ele>409.75</ele></trkpt>
   <trkpt lat="45.388405" lon="3.360122"><ele>409.5</ele></trkpt>
   <trkpt lat="45.387325" lon="3.358976"><ele>407.25</ele></trkpt>
   <trkpt lat="45.387036" lon="3.358758"><ele>406.5</ele></trkpt>
   <trkpt lat="45.38683" lon="3.35863"><ele>406.75</ele></trkpt>
   <trkpt lat="45.386589" lon="3.358468"><ele>406.5</ele></trkpt>
   <trkpt lat="45.386508" lon="3.358413"><ele>407.25</ele></trkpt>
   <trkpt lat="45.386452" lon="3.358401"><ele>408</ele></trkpt>
   <trkpt lat="45.386404" lon="3.358403"><ele>408.5</ele></trkpt>
   <trkpt lat="45.386279" lon="3.358441"><ele>407.5</ele></trkpt>
   <trkpt lat="45.38623" lon="3.35846"><ele>407</ele></trkpt>
   <trkpt lat="45.386277" lon="3.358629"><ele>406.75</ele></trkpt>
   <trkpt lat="45.386512" lon="3.359448"><ele>405.75</ele></trkpt>
   <trkpt lat="45.38662" lon="3.359835"><ele>405.75</ele></trkpt>
   <trkpt lat="45.38702" lon="3.361252"><ele>411.5</ele></trkpt>
   <trkpt lat="45.387114" lon="3.361524"><ele>412</ele></trkpt>
   <trkpt lat="45.387066" lon="3.361564"><ele>412.25</ele></trkpt>
   <trkpt lat="45.386914" lon="3.361769"><ele>413.25</ele></trkpt>
   <trkpt lat="45.386777" lon="3.361897"><ele>413.75</ele></trkpt>
   <trkpt lat="45.386661" lon="3.361929"><ele>413.75</ele></trkpt>
   <trkpt lat="45.386516" lon="3.361945"><ele>414.5</ele></trkpt>
   <trkpt lat="45.386298" lon="3.36195"><ele>415</ele></trkpt>
   <trkpt lat="45.386193" lon="3.36196"><ele>415</ele></trkpt>
   <trkpt lat="45.38601" lon="3.362005"><ele>415</ele></trkpt>
   <trkpt lat="45.385228" lon="3.36225"><ele>413.75</ele></trkpt>
   <trkpt lat="45.385018" lon="3.362297"><ele>413.5</ele></trkpt>
   <trkpt lat="45.384901" lon="3.362296"><ele>413.25</ele></trkpt>
   <trkpt lat="45.384541" lon="3.362175"><ele>413.5</ele></trkpt>
   <trkpt lat="45.38428" lon="3.362097"><ele>412.75</ele></trkpt>
   <trkpt lat="45.384172" lon="3.36208"><ele>412.5</ele></trkpt>
   <trkpt lat="45.383609" lon="3.362042"><ele>412.25</ele></trkpt>
   <trkpt lat="45.383314" lon="3.362003"><ele>412</ele></trkpt>
   <trkpt lat="45.383018" lon="3.361929"><ele>412</ele></trkpt>
   <trkpt lat="45.382892" lon="3.361874"><ele>412</ele></trkpt>
   <trkpt lat="45.382853" lon="3.361853"><ele>412</ele></trkpt>
   <trkpt lat="45.382303" lon="3.361519"><ele>410.75</ele></trkpt>
   <trkpt lat="45.382187" lon="3.361463"><ele>410</ele></trkpt>
   <trkpt lat="45.382083" lon="3.361439"><ele>409.5</ele></trkpt>
   <trkpt lat="45.3817" lon="3.361389"><ele>408</ele></trkpt>
   <trkpt lat="45.381657" lon="3.361385"><ele>407.75</ele></trkpt>
   <trkpt lat="45.381499" lon="3.36138"><ele>407.75</ele></trkpt>
   <trkpt lat="45.381353" lon="3.361394"><ele>408</ele></trkpt>
   <trkpt lat="45.381328" lon="3.361398"><ele>408.25</ele></trkpt>
   <trkpt lat="45.381188" lon="3.361422"><ele>408.75</ele></trkpt>
   <trkpt lat="45.381081" lon="3.36145"><ele>409</ele></trkpt>
   <trkpt lat="45.380958" lon="3.36151"><ele>409</ele></trkpt>
   <trkpt lat="45.380763" lon="3.361645"><ele>409.5</ele></trkpt>
   <trkpt lat="45.380525" lon="3.361861"><ele>409.5</ele></trkpt>
   <trkpt lat="45.379884" lon="3.362513"><ele>410.75</ele></trkpt>
   <trkpt lat="45.379767" lon="3.362607"><ele>410.5</ele></trkpt>
   <trkpt lat="45.379558" lon="3.362729"><ele>410.25</ele></trkpt>
   <trkpt lat="45.379475" lon="3.362797"><ele>411.25</ele></trkpt>
   <trkpt lat="45.379397" lon="3.362882"><ele>410.75</ele></trkpt>
   <trkpt lat="45.378775" lon="3.363704"><ele>410.25</ele></trkpt>
   <trkpt lat="45.378638" lon="3.363905"><ele>410.5</ele></trkpt>
   <trkpt lat="45.378218" lon="3.364625"><ele>409.5</ele></trkpt>
   <trkpt lat="45.377937" lon="3.365124"><ele>407.5</ele></trkpt>
   <trkpt lat="45.37763" lon="3.365616"><ele>408</ele></trkpt>
   <trkpt lat="45.377266" lon="3.366197"><ele>409.5</ele></trkpt>
   <trkpt lat="45.377167" lon="3.366327"><ele>409.75</ele></trkpt>
   <trkpt lat="45.377022" lon="3.366445"><ele>410</ele></trkpt>
   <trkpt lat="45.376857" lon="3.366515"><ele>409.5</ele></trkpt>
   <trkpt lat="45.376683" lon="3.366569"><ele>409.25</ele></trkpt>
   <trkpt lat="45.376477" lon="3.366604"><ele>409.5</ele></trkpt>
   <trkpt lat="45.376353" lon="3.366608"><ele>409.75</ele></trkpt>
   <trkpt lat="45.376252" lon="3.366623"><ele>410.25</ele></trkpt>
   <trkpt lat="45.376166" lon="3.366651"><ele>411.25</ele></trkpt>
   <trkpt lat="45.376084" lon="3.366683"><ele>411.5</ele></trkpt>
   <trkpt lat="45.375825" lon="3.366826"><ele>410.75</ele></trkpt>
   <trkpt lat="45.37561" lon="3.366973"><ele>412.25</ele></trkpt>
   <trkpt lat="45.375446" lon="3.367045"><ele>412</ele></trkpt>
   <trkpt lat="45.375271" lon="3.367078"><ele>411.25</ele></trkpt>
   <trkpt lat="45.375086" lon="3.367089"><ele>411.5</ele></trkpt>
   <trkpt lat="45.374887" lon="3.367061"><ele>411.75</ele></trkpt>
   <trkpt lat="45.374486" lon="3.366904"><ele>411.75</ele></trkpt>
   <trkpt lat="45.374345" lon="3.366864"><ele>410.5</ele></trkpt>
   <trkpt lat="45.374211" lon="3.366867"><ele>410</ele></trkpt>
   <trkpt lat="45.374051" lon="3.366914"><ele>410.75</ele></trkpt>
   <trkpt lat="45.373663" lon="3.367065"><ele>409.25</ele></trkpt>
   <trkpt lat="45.373257" lon="3.367248"><ele>409.25</ele></trkpt>
   <trkpt lat="45.373149" lon="3.367336"><ele>408.75</ele></trkpt>
   <trkpt lat="45.373054" lon="3.367462"><ele>409.25</ele></trkpt>
   <trkpt lat="45.372968" lon="3.367674"><ele>410</ele></trkpt>
   <trkpt lat="45.372845" lon="3.368107"><ele>410.5</ele></trkpt>
   <trkpt lat="45.37276" lon="3.36828"><ele>409</ele></trkpt>
   <trkpt lat="45.37268" lon="3.368369"><ele>409</ele></trkpt>
   <trkpt lat="45.372555" lon="3.368465"><ele>410</ele></trkpt>
   <trkpt lat="45.372161" lon="3.368597"><ele>412</ele></trkpt>
   <trkpt lat="45.371966" lon="3.368707"><ele>412</ele></trkpt>
   <trkpt lat="45.37176" lon="3.368873"><ele>412.25</ele></trkpt>
   <trkpt lat="45.371443" lon="3.369113"><ele>413</ele></trkpt>
   <trkpt lat="45.370516" lon="3.369595"><ele>414</ele></trkpt>
   <trkpt lat="45.37033" lon="3.36964"><ele>414.25</ele></trkpt>
   <trkpt lat="45.370154" lon="3.369649"><ele>414.25</ele></trkpt>
   <trkpt lat="45.369962" lon="3.36962"><ele>413.75</ele></trkpt>
   <trkpt lat="45.36971" lon="3.36953"><ele>414.5</ele></trkpt>
   <trkpt lat="45.369521" lon="3.369492"><ele>414</ele></trkpt>
   <trkpt lat="45.369346" lon="3.369517"><ele>413.5</ele></trkpt>
   <trkpt lat="45.369178" lon="3.369599"><ele>413</ele></trkpt>
   <trkpt lat="45.369041" lon="3.369725"><ele>412.5</ele></trkpt>
   <trkpt lat="45.368946" lon="3.369829"><ele>412.5</ele></trkpt>
   <trkpt lat="45.368727" lon="3.370119"><ele>413</ele></trkpt>
   <trkpt lat="45.368524" lon="3.370403"><ele>412</ele></trkpt>
   <trkpt lat="45.368366" lon="3.370698"><ele>412</ele></trkpt>
   <trkpt lat="45.368277" lon="3.370987"><ele>412.25</ele></trkpt>
   <trkpt lat="45.368118" lon="3.371509"><ele>412.5</ele></trkpt>
   <trkpt lat="45.368032" lon="3.37173"><ele>411.75</ele></trkpt>
   <trkpt lat="45.36747" lon="3.372689"><ele>410.5</ele></trkpt>
   <trkpt lat="45.367399" lon="3.372801"><ele>410.5</ele></trkpt>
   <trkpt lat="45.367346" lon="3.372895"><ele>411.25</ele></trkpt>
   <trkpt lat="45.366756" lon="3.373884"><ele>412.5</ele></trkpt>
   <trkpt lat="45.366578" lon="3.374156"><ele>411.75</ele></trkpt>
   <trkpt lat="45.365729" lon="3.375271"><ele>410.75</ele></trkpt>
   <trkpt lat="45.365586" lon="3.375502"><ele>410.25</ele></trkpt>
   <trkpt lat="45.365462" lon="3.375779"><ele>410.75</ele></trkpt>
   <trkpt lat="45.365067" lon="3.376952"><ele>409</ele></trkpt>
   <trkpt lat="45.364918" lon="3.377329"><ele>409.5</ele></trkpt>
   <trkpt lat="45.364782" lon="3.377581"><ele>409.75</ele></trkpt>
   <trkpt lat="45.364652" lon="3.377782"><ele>409.5</ele></trkpt>
   <trkpt lat="45.364473" lon="3.377975"><ele>409.75</ele></trkpt>
   <trkpt lat="45.36426" lon="3.378169"><ele>410</ele></trkpt>
   <trkpt lat="45.364001" lon="3.378327"><ele>409.75</ele></trkpt>
   <trkpt lat="45.36371" lon="3.378413"><ele>409</ele></trkpt>
   <trkpt lat="45.362294" lon="3.378602"><ele>408.75</ele></trkpt>
   <trkpt lat="45.361969" lon="3.378713"><ele>408</ele></trkpt>
   <trkpt lat="45.360903" lon="3.379197"><ele>409</ele></trkpt>
   <trkpt lat="45.360746" lon="3.379254"><ele>409</ele></trkpt>
   <trkpt lat="45.360595" lon="3.379278"><ele>409.25</ele></trkpt>
   <trkpt lat="45.360163" lon="3.379253"><ele>409.25</ele></trkpt>
   <trkpt lat="45.359996" lon="3.379291"><ele>409.25</ele></trkpt>
   <trkpt lat="45.359809" lon="3.379395"><ele>409.5</ele></trkpt>
   <trkpt lat="45.359048" lon="3.379919"><ele>409.5</ele></trkpt>
   <trkpt lat="45.358707" lon="3.380141"><ele>409</ele></trkpt>
   <trkpt lat="45.358468" lon="3.380269"><ele>409.25</ele></trkpt>
   <trkpt lat="45.358285" lon="3.380329"><ele>409.5</ele></trkpt>
   <trkpt lat="45.357895" lon="3.380419"><ele>409</ele></trkpt>
   <trkpt lat="45.357428" lon="3.380537"><ele>409</ele></trkpt>
   <trkpt lat="45.357286" lon="3.380581"><ele>409.5</ele></trkpt>
   <trkpt lat="45.35681" lon="3.380816"><ele>409.25</ele></trkpt>
   <trkpt lat="45.356535" lon="3.380905"><ele>409.75</ele></trkpt>
   <trkpt lat="45.355264" lon="3.381226"><ele>409.25</ele></trkpt>
   <trkpt lat="45.355068" lon="3.381316"><ele>409.5</ele></trkpt>
   <trkpt lat="45.354866" lon="3.381444"><ele>410</ele></trkpt>
   <trkpt lat="45.354612" lon="3.381646"><ele>409.75</ele></trkpt>
   <trkpt lat="45.35348" lon="3.382764"><ele>411</ele></trkpt>
   <trkpt lat="45.35324" lon="3.382958"><ele>411</ele></trkpt>
   <trkpt lat="45.352498" lon="3.383473"><ele>412</ele></trkpt>
   <trkpt lat="45.352292" lon="3.383589"><ele>412.5</ele></trkpt>
   <trkpt lat="45.351702" lon="3.383831"><ele>413</ele></trkpt>
   <trkpt lat="45.351588" lon="3.383886"><ele>413.25</ele></trkpt>
   <trkpt lat="45.35102" lon="3.384127"><ele>415</ele></trkpt>
   <trkpt lat="45.350877" lon="3.384183"><ele>415.5</ele></trkpt>
   <trkpt lat="45.350804" lon="3.384212"><ele>415.5</ele></trkpt>
   <trkpt lat="45.350681" lon="3.384261"><ele>415</ele></trkpt>
   <trkpt lat="45.350609" lon="3.384273"><ele>415</ele></trkpt>
   <trkpt lat="45.350567" lon="3.384267"><ele>415</ele></trkpt>
   <trkpt lat="45.35052" lon="3.384249"><ele>414.75</ele></trkpt>
   <trkpt lat="45.350464" lon="3.384217"><ele>414.75</ele></trkpt>
   <trkpt lat="45.350071" lon="3.383902"><ele>414</ele></trkpt>
   <trkpt lat="45.349955" lon="3.383828"><ele>413.75</ele></trkpt>
   <trkpt lat="45.349897" lon="3.3838"><ele>413.5</ele></trkpt>
   <trkpt lat="45.349662" lon="3.383719"><ele>413</ele></trkpt>
   <trkpt lat="45.349299" lon="3.383644"><ele>412.25</ele></trkpt>
   <trkpt lat="45.349114" lon="3.383601"><ele>412</ele></trkpt>
   <trkpt lat="45.348706" lon="3.383472"><ele>412</ele></trkpt>
   <trkpt lat="45.348531" lon="3.38344"><ele>412</ele></trkpt>
   <trkpt lat="45.348303" lon="3.383441"><ele>411.75</ele></trkpt>
   <trkpt lat="45.348236" lon="3.383448"><ele>411.5</ele></trkpt>
   <trkpt lat="45.348092" lon="3.383477"><ele>411</ele></trkpt>
   <trkpt lat="45.34794" lon="3.383528"><ele>411</ele></trkpt>
   <trkpt lat="45.345361" lon="3.384675"><ele>411</ele></trkpt>
   <trkpt lat="45.345176" lon="3.384777"><ele>411</ele></trkpt>
   <trkpt lat="45.344589" lon="3.385193"><ele>411</ele></trkpt>
   <trkpt lat="45.344302" lon="3.385366"><ele>411</ele></trkpt>
   <trkpt lat="45.34391" lon="3.385566"><ele>411</ele></trkpt>
   <trkpt lat="45.343514" lon="3.385727"><ele>411</ele></trkpt>
   <trkpt lat="45.343074" lon="3.385883"><ele>411</ele></trkpt>
   <trkpt lat="45.341914" lon="3.386153"><ele>412</ele></trkpt>
   <trkpt lat="45.341681" lon="3.386233"><ele>412.25</ele></trkpt>
   <trkpt lat="45.341437" lon="3.386355"><ele>412</ele></trkpt>
   <trkpt lat="45.340287" lon="3.386963"><ele>413</ele></trkpt>
   <trkpt lat="45.340092" lon="3.38708"><ele>413</ele></trkpt>
   <trkpt lat="45.339944" lon="3.387184"><ele>413.25</ele></trkpt>
   <trkpt lat="45.339802" lon="3.387323"><ele>414.5</ele></trkpt>
   <trkpt lat="45.33966" lon="3.38749"><ele>415.5</ele></trkpt>
   <trkpt lat="45.339509" lon="3.387701"><ele>415.75</ele></trkpt>
   <trkpt lat="45.339369" lon="3.387966"><ele>417.75</ele></trkpt>
   <trkpt lat="45.339238" lon="3.388269"><ele>418.25</ele></trkpt>
   <trkpt lat="45.338855" lon="3.389449"><ele>419.75</ele></trkpt>
   <trkpt lat="45.338758" lon="3.389714"><ele>422</ele></trkpt>
   <trkpt lat="45.338664" lon="3.389893"><ele>421.75</ele></trkpt>
   <trkpt lat="45.338579" lon="3.390023"><ele>421.5</ele></trkpt>
   <trkpt lat="45.338479" lon="3.390149"><ele>422.25</ele></trkpt>
   <trkpt lat="45.33817" lon="3.390475"><ele>423.75</ele></trkpt>
   <trkpt lat="45.338043" lon="3.39065"><ele>422.75</ele></trkpt>
   <trkpt lat="45.337946" lon="3.390826"><ele>421</ele></trkpt>
   <trkpt lat="45.337893" lon="3.390952"><ele>422.5</ele></trkpt>
   <trkpt lat="45.337847" lon="3.391102"><ele>424.5</ele></trkpt>
   <trkpt lat="45.337809" lon="3.391298"><ele>424.25</ele></trkpt>
   <trkpt lat="45.337785" lon="3.391534"><ele>423.25</ele></trkpt>
   <trkpt lat="45.337763" lon="3.392199"><ele>421.25</ele></trkpt>
   <trkpt lat="45.337725" lon="3.39265"><ele>420.25</ele></trkpt>
   <trkpt lat="45.337679" lon="3.392953"><ele>421.25</ele></trkpt>
   <trkpt lat="45.337634" lon="3.39309"><ele>421.75</ele></trkpt>
   <trkpt lat="45.337563" lon="3.393223"><ele>422</ele></trkpt>
   <trkpt lat="45.337487" lon="3.393337"><ele>421.75</ele></trkpt>
   <trkpt lat="45.337334" lon="3.393506"><ele>423.25</ele></trkpt>
   <trkpt lat="45.337089" lon="3.393694"><ele>421.75</ele></trkpt>
   <trkpt lat="45.336186" lon="3.394252"><ele>421.75</ele></trkpt>
   <trkpt lat="45.336016" lon="3.394324"><ele>422.25</ele></trkpt>
   <trkpt lat="45.335867" lon="3.394346"><ele>421.75</ele></trkpt>
   <trkpt lat="45.334886" lon="3.394344"><ele>423.25</ele></trkpt>
   <trkpt lat="45.333923" lon="3.394504"><ele>421.75</ele></trkpt>
   <trkpt lat="45.333746" lon="3.394555"><ele>421</ele></trkpt>
   <trkpt lat="45.333583" lon="3.394642"><ele>421</ele></trkpt>
   <trkpt lat="45.33338" lon="3.394798"><ele>422.5</ele></trkpt>
   <trkpt lat="45.333245" lon="3.394946"><ele>422.75</ele></trkpt>
   <trkpt lat="45.333113" lon="3.395152"><ele>422.5</ele></trkpt>
   <trkpt lat="45.333014" lon="3.39535"><ele>422</ele></trkpt>
   <trkpt lat="45.332651" lon="3.396237"><ele>424</ele></trkpt>
   <trkpt lat="45.332562" lon="3.396414"><ele>424</ele></trkpt>
   <trkpt lat="45.33242" lon="3.396662"><ele>421</ele></trkpt>
   <trkpt lat="45.332279" lon="3.396865"><ele>419.25</ele></trkpt>
   <trkpt lat="45.332076" lon="3.397099"><ele>419.25</ele></trkpt>
   <trkpt lat="45.331763" lon="3.397364"><ele>420.75</ele></trkpt>
   <trkpt lat="45.33164" lon="3.397529"><ele>420.25</ele></trkpt>
   <trkpt lat="45.331531" lon="3.397718"><ele>419.5</ele></trkpt>
   <trkpt lat="45.331147" lon="3.398553"><ele>420.25</ele></trkpt>
   <trkpt lat="45.330779" lon="3.399377"><ele>420</ele></trkpt>
   <trkpt lat="45.33064" lon="3.399649"><ele>420.75</ele></trkpt>
   <trkpt lat="45.330579" lon="3.399752"><ele>419</ele></trkpt>
   <trkpt lat="45.330532" lon="3.399829"><ele>419.25</ele></trkpt>
   <trkpt lat="45.330419" lon="3.399973"><ele>420</ele></trkpt>
   <trkpt lat="45.329685" lon="3.400814"><ele>418.5</ele></trkpt>
   <trkpt lat="45.329495" lon="3.401085"><ele>419.5</ele></trkpt>
   <trkpt lat="45.328926" lon="3.401986"><ele>420.25</ele></trkpt>
   <trkpt lat="45.328617" lon="3.402426"><ele>419</ele></trkpt>
   <trkpt lat="45.328068" lon="3.403273"><ele>419.75</ele></trkpt>
   <trkpt lat="45.327822" lon="3.403722"><ele>420.5</ele></trkpt>
   <trkpt lat="45.327509" lon="3.404468"><ele>421.75</ele></trkpt>
   <trkpt lat="45.327358" lon="3.404763"><ele>421</ele></trkpt>
   <trkpt lat="45.327136" lon="3.405116"><ele>421.75</ele></trkpt>
   <trkpt lat="45.32705" lon="3.405251"><ele>422</ele></trkpt>
   <trkpt lat="45.326841" lon="3.405621"><ele>421.75</ele></trkpt>
   <trkpt lat="45.326619" lon="3.406131"><ele>422.25</ele></trkpt>
   <trkpt lat="45.326547" lon="3.4063"><ele>421.25</ele></trkpt>
   <trkpt lat="45.326409" lon="3.406607"><ele>421.5</ele></trkpt>
   <trkpt lat="45.326297" lon="3.406803"><ele>421</ele></trkpt>
   <trkpt lat="45.326201" lon="3.406943"><ele>420.75</ele></trkpt>
   <trkpt lat="45.325985" lon="3.407191"><ele>421.25</ele></trkpt>
   <trkpt lat="45.325701" lon="3.407415"><ele>420.75</ele></trkpt>
   <trkpt lat="45.324269" lon="3.408378"><ele>418.5</ele></trkpt>
   <trkpt lat="45.322811" lon="3.409862"><ele>417.5</ele></trkpt>
   <trkpt lat="45.322674" lon="3.410033"><ele>418</ele></trkpt>
   <trkpt lat="45.32255" lon="3.410217"><ele>418</ele></trkpt>
   <trkpt lat="45.322044" lon="3.41108"><ele>418.25</ele></trkpt>
   <trkpt lat="45.321908" lon="3.411275"><ele>418</ele></trkpt>
   <trkpt lat="45.321742" lon="3.411438"><ele>418.25</ele></trkpt>
   <trkpt lat="45.321273" lon="3.411762"><ele>417.5</ele></trkpt>
   <trkpt lat="45.321074" lon="3.411967"><ele>417</ele></trkpt>
   <trkpt lat="45.320927" lon="3.412165"><ele>417.75</ele></trkpt>
   <trkpt lat="45.320776" lon="3.412417"><ele>418</ele></trkpt>
   <trkpt lat="45.32044" lon="3.413197"><ele>418.75</ele></trkpt>
   <trkpt lat="45.32029" lon="3.413462"><ele>418.5</ele></trkpt>
   <trkpt lat="45.320127" lon="3.413694"><ele>419</ele></trkpt>
   <trkpt lat="45.319958" lon="3.41389"><ele>417.75</ele></trkpt>
   <trkpt lat="45.31976" lon="3.414077"><ele>419.25</ele></trkpt>
   <trkpt lat="45.31955" lon="3.414211"><ele>419</ele></trkpt>
   <trkpt lat="45.319275" lon="3.414351"><ele>418.75</ele></trkpt>
   <trkpt lat="45.318981" lon="3.414424"><ele>418.75</ele></trkpt>
   <trkpt lat="45.318722" lon="3.414446"><ele>418.25</ele></trkpt>
   <trkpt lat="45.318261" lon="3.41441"><ele>418</ele></trkpt>
   <trkpt lat="45.318017" lon="3.414423"><ele>418</ele></trkpt>
   <trkpt lat="45.317874" lon="3.414447"><ele>418</ele></trkpt>
   <trkpt lat="45.317703" lon="3.414505"><ele>418</ele></trkpt>
   <trkpt lat="45.317443" lon="3.414655"><ele>418</ele></trkpt>
   <trkpt lat="45.317217" lon="3.414872"><ele>418</ele></trkpt>
   <trkpt lat="45.31706" lon="3.4151"><ele>418</ele></trkpt>
   <trkpt lat="45.316426" lon="3.416283"><ele>418.75</ele></trkpt>
   <trkpt lat="45.31614" lon="3.416765"><ele>419.25</ele></trkpt>
   <trkpt lat="45.315911" lon="3.41709"><ele>420.25</ele></trkpt>
   <trkpt lat="45.315533" lon="3.417562"><ele>420</ele></trkpt>
   <trkpt lat="45.315435" lon="3.417755"><ele>420.5</ele></trkpt>
   <trkpt lat="45.31537" lon="3.417978"><ele>420.5</ele></trkpt>
   <trkpt lat="45.315315" lon="3.418259"><ele>421</ele></trkpt>
   <trkpt lat="45.315264" lon="3.418594"><ele>420.75</ele></trkpt>
   <trkpt lat="45.315218" lon="3.418832"><ele>420.5</ele></trkpt>
   <trkpt lat="45.315167" lon="3.419028"><ele>420.5</ele></trkpt>
   <trkpt lat="45.315124" lon="3.419163"><ele>420.75</ele></trkpt>
   <trkpt lat="45.315046" lon="3.419373"><ele>421</ele></trkpt>
   <trkpt lat="45.314927" lon="3.419618"><ele>420.5</ele></trkpt>
   <trkpt lat="45.314771" lon="3.41989"><ele>420.5</ele></trkpt>
   <trkpt lat="45.314582" lon="3.420118"><ele>420.5</ele></trkpt>
   <trkpt lat="45.314065" lon="3.420617"><ele>422</ele></trkpt>
   <trkpt lat="45.313489" lon="3.421167"><ele>423</ele></trkpt>
   <trkpt lat="45.313343" lon="3.421353"><ele>423.75</ele></trkpt>
   <trkpt lat="45.313254" lon="3.421516"><ele>423.5</ele></trkpt>
   <trkpt lat="45.312859" lon="3.422624"><ele>425.25</ele></trkpt>
   <trkpt lat="45.312779" lon="3.422755"><ele>425.75</ele></trkpt>
   <trkpt lat="45.312629" lon="3.42283"><ele>426</ele></trkpt>
   <trkpt lat="45.312381" lon="3.422937"><ele>426.5</ele></trkpt>
   <trkpt lat="45.31107" lon="3.42035"><ele>420</ele></trkpt>
   <trkpt lat="45.310472" lon="3.419188"><ele>420</ele></trkpt>
   <trkpt lat="45.310406" lon="3.419059"><ele>419.75</ele></trkpt>
   <trkpt lat="45.310315" lon="3.418881"><ele>419.75</ele></trkpt>
   <trkpt lat="45.310276" lon="3.418892"><ele>419.75</ele></trkpt>
   <trkpt lat="45.310206" lon="3.418897"><ele>419.5</ele></trkpt>
   <trkpt lat="45.310086" lon="3.41886"><ele>419.25</ele></trkpt>
   <trkpt lat="45.30786" lon="3.418023"><ele>420</ele></trkpt>
   <trkpt lat="45.307203" lon="3.417953"><ele>420</ele></trkpt>
   <trkpt lat="45.30672" lon="3.418018"><ele>420</ele></trkpt>
   <trkpt lat="45.30577" lon="3.418082"><ele>420</ele></trkpt>
   <trkpt lat="45.305321" lon="3.418152"><ele>420.25</ele></trkpt>
   <trkpt lat="45.302969" lon="3.418727"><ele>421.5</ele></trkpt>
   <trkpt lat="45.301635" lon="3.419026"><ele>422.25</ele></trkpt>
   <trkpt lat="45.301476" lon="3.419099"><ele>422</ele></trkpt>
   <trkpt lat="45.301237" lon="3.41924"><ele>422.5</ele></trkpt>
   <trkpt lat="45.301009" lon="3.419315"><ele>423</ele></trkpt>
   <trkpt lat="45.30031" lon="3.419472"><ele>423</ele></trkpt>
   <trkpt lat="45.299998" lon="3.41958"><ele>424</ele></trkpt>
   <trkpt lat="45.299703" lon="3.41974"><ele>424</ele></trkpt>
   <trkpt lat="45.299075" lon="3.420168"><ele>425</ele></trkpt>
   <trkpt lat="45.29861" lon="3.420425"><ele>425.5</ele></trkpt>
   <trkpt lat="45.297748" lon="3.420941"><ele>426.75</ele></trkpt>
   <trkpt lat="45.296878" lon="3.421526"><ele>427.25</ele></trkpt>
   <trkpt lat="45.296796" lon="3.421627"><ele>427.25</ele></trkpt>
   <trkpt lat="45.296741" lon="3.421694"><ele>427.25</ele></trkpt>
   <trkpt lat="45.296673" lon="3.421919"><ele>427.75</ele></trkpt>
   <trkpt lat="45.296607" lon="3.42256"><ele>428</ele></trkpt>
   <trkpt lat="45.296753" lon="3.423847"><ele>429.75</ele></trkpt>
   <trkpt lat="45.296624" lon="3.42384"><ele>429.75</ele></trkpt>
   <trkpt lat="45.296384" lon="3.423836"><ele>429.75</ele></trkpt>
   <trkpt lat="45.296312" lon="3.423833"><ele>429.5</ele></trkpt>
   <trkpt lat="45.296235" lon="3.423831"><ele>429.25</ele></trkpt>
   <trkpt lat="45.295813" lon="3.423873"><ele>427.75</ele></trkpt>
   <trkpt lat="45.295405" lon="3.423988"><ele>428.5</ele></trkpt>
   <trkpt lat="45.295067" lon="3.424155"><ele>429.75</ele></trkpt>
   <trkpt lat="45.294845" lon="3.424258"><ele>430.25</ele></trkpt>
   <trkpt lat="45.294804" lon="3.424263"><ele>430.25</ele></trkpt>
   <trkpt lat="45.294692" lon="3.42423"><ele>430.25</ele></trkpt>
   <trkpt lat="45.294668" lon="3.424223"><ele>430</ele></trkpt>
   <trkpt lat="45.294595" lon="3.424206"><ele>430</ele></trkpt>
   <trkpt lat="45.294447" lon="3.424197"><ele>430</ele></trkpt>
   <trkpt lat="45.294404" lon="3.424207"><ele>430.25</ele></trkpt>
   <trkpt lat="45.294252" lon="3.424287"><ele>430.75</ele></trkpt>
   <trkpt lat="45.294201" lon="3.4243"><ele>430.75</ele></trkpt>
   <trkpt lat="45.293914" lon="3.424309"><ele>431</ele></trkpt>
   <trkpt lat="45.293696" lon="3.424228"><ele>431</ele></trkpt>
   <trkpt lat="45.293469" lon="3.424142"><ele>430.75</ele></trkpt>
   <trkpt lat="45.29295" lon="3.423925"><ele>432</ele></trkpt>
   <trkpt lat="45.292473" lon="3.423693"><ele>433.25</ele></trkpt>
   <trkpt lat="45.292085" lon="3.42354"><ele>434.25</ele></trkpt>
   <trkpt lat="45.291973" lon="3.423496"><ele>434.75</ele></trkpt>
   <trkpt lat="45.2918" lon="3.423485"><ele>435.5</ele></trkpt>
   <trkpt lat="45.291661" lon="3.423469"><ele>436</ele></trkpt>
   <trkpt lat="45.291485" lon="3.423454"><ele>436.5</ele></trkpt>
   <trkpt lat="45.291338" lon="3.423378"><ele>437</ele></trkpt>
   <trkpt lat="45.291038" lon="3.423614"><ele>438</ele></trkpt>
   <trkpt lat="45.290942" lon="3.423692"><ele>438</ele></trkpt>
   <trkpt lat="45.290795" lon="3.42365"><ele>438.25</ele></trkpt>
   <trkpt lat="45.290666" lon="3.423623"><ele>439</ele></trkpt>
   <trkpt lat="45.290364" lon="3.423672"><ele>440.5</ele></trkpt>
   <trkpt lat="45.290228" lon="3.42365"><ele>441</ele></trkpt>
   <trkpt lat="45.290036" lon="3.423597"><ele>440.75</ele></trkpt>
   <trkpt lat="45.28993" lon="3.423586"><ele>441</ele></trkpt>
   <trkpt lat="45.289867" lon="3.423601"><ele>441</ele></trkpt>
   <trkpt lat="45.289821" lon="3.423613"><ele>441</ele></trkpt>
   <trkpt lat="45.289773" lon="3.423645"><ele>441</ele></trkpt>
   <trkpt lat="45.2895" lon="3.423827"><ele>441.75</ele></trkpt>
   <trkpt lat="45.289349" lon="3.424014"><ele>442</ele></trkpt>
   <trkpt lat="45.289277" lon="3.424101"><ele>442.25</ele></trkpt>
   <trkpt lat="45.289164" lon="3.424219"><ele>443</ele></trkpt>
   <trkpt lat="45.289115" lon="3.424259"><ele>443</ele></trkpt>
   <trkpt lat="45.289092" lon="3.424278"><ele>443</ele></trkpt>
   <trkpt lat="45.289001" lon="3.424304"><ele>443</ele></trkpt>
   <trkpt lat="45.28889" lon="3.424353"><ele>443</ele></trkpt>
   <trkpt lat="45.288835" lon="3.424404"><ele>443</ele></trkpt>
   <trkpt lat="45.288804" lon="3.424656"><ele>443.75</ele></trkpt>
   <trkpt lat="45.288809" lon="3.424729"><ele>444</ele></trkpt>
   <trkpt lat="45.288792" lon="3.424741"><ele>443.75</ele></trkpt>
   <trkpt lat="45.288776" lon="3.424752"><ele>444</ele></trkpt>
   <trkpt lat="45.28821" lon="3.425199"><ele>444.75</ele></trkpt>
   <trkpt lat="45.287885" lon="3.425481"><ele>446</ele></trkpt>
   <trkpt lat="45.287598" lon="3.425696"><ele>448</ele></trkpt>
   <trkpt lat="45.287285" lon="3.425963"><ele>450</ele></trkpt>
   <trkpt lat="45.287191" lon="3.426049"><ele>451.25</ele></trkpt>
   <trkpt lat="45.287147" lon="3.426093"><ele>452</ele></trkpt>
   <trkpt lat="45.286533" lon="3.426753"><ele>456.75</ele></trkpt>
   <trkpt lat="45.286264" lon="3.426936"><ele>457.75</ele></trkpt>
   <trkpt lat="45.285911" lon="3.427073"><ele>458.5</ele></trkpt>
   <trkpt lat="45.285873" lon="3.427084"><ele>458.25</ele></trkpt>
   <trkpt lat="45.285048" lon="3.427329"><ele>459.5</ele></trkpt>
   <trkpt lat="45.284689" lon="3.427436"><ele>460</ele></trkpt>
   <trkpt lat="45.28446" lon="3.427539"><ele>459.75</ele></trkpt>
   <trkpt lat="45.284323" lon="3.427713"><ele>460.25</ele></trkpt>
   <trkpt lat="45.284033" lon="3.428347"><ele>461.25</ele></trkpt>
   <trkpt lat="45.284012" lon="3.428392"><ele>461.5</ele></trkpt>
   <trkpt lat="45.283039" lon="3.430658"><ele>463.25</ele></trkpt>
   <trkpt lat="45.282654" lon="3.431667"><ele>465.25</ele></trkpt>
   <trkpt lat="45.282027" lon="3.433092"><ele>465.5</ele></trkpt>
   <trkpt lat="45.281442" lon="3.434908"><ele>472.25</ele></trkpt>
   <trkpt lat="45.281175" lon="3.435729"><ele>475.5</ele></trkpt>
   <trkpt lat="45.280264" lon="3.437877"><ele>476</ele></trkpt>
   <trkpt lat="45.279938" lon="3.438827"><ele>477.5</ele></trkpt>
   <trkpt lat="45.279171" lon="3.440974"><ele>482.75</ele></trkpt>
   <trkpt lat="45.279056" lon="3.441266"><ele>483</ele></trkpt>
   <trkpt lat="45.278989" lon="3.441413"><ele>483</ele></trkpt>
   <trkpt lat="45.278926" lon="3.441524"><ele>483.25</ele></trkpt>
   <trkpt lat="45.278857" lon="3.441625"><ele>483.75</ele></trkpt>
   <trkpt lat="45.278771" lon="3.441732"><ele>483.5</ele></trkpt>
   <trkpt lat="45.277182" lon="3.443381"><ele>485</ele></trkpt>
   <trkpt lat="45.277058" lon="3.4435"><ele>485.25</ele></trkpt>
   <trkpt lat="45.276933" lon="3.443599"><ele>485.75</ele></trkpt>
   <trkpt lat="45.276789" lon="3.443692"><ele>485.75</ele></trkpt>
   <trkpt lat="45.276645" lon="3.443755"><ele>486</ele></trkpt>
   <trkpt lat="45.276424" lon="3.443819"><ele>486</ele></trkpt>
   <trkpt lat="45.27616" lon="3.44391"><ele>486.75</ele></trkpt>
   <trkpt lat="45.276045" lon="3.443967"><ele>487</ele></trkpt>
   <trkpt lat="45.275938" lon="3.444038"><ele>487</ele></trkpt>
   <trkpt lat="45.275813" lon="3.444141"><ele>487</ele></trkpt>
   <trkpt lat="45.275705" lon="3.444264"><ele>487</ele></trkpt>
   <trkpt lat="45.275623" lon="3.444382"><ele>487</ele></trkpt>
   <trkpt lat="45.275555" lon="3.444519"><ele>486.5</ele></trkpt>
   <trkpt lat="45.275468" lon="3.444717"><ele>486.5</ele></trkpt>
   <trkpt lat="45.274921" lon="3.446081"><ele>486.25</ele></trkpt>
   <trkpt lat="45.274846" lon="3.446302"><ele>486</ele></trkpt>
   <trkpt lat="45.274785" lon="3.446529"><ele>486.5</ele></trkpt>
   <trkpt lat="45.274671" lon="3.447075"><ele>487.25</ele></trkpt>
   <trkpt lat="45.274634" lon="3.447309"><ele>487.5</ele></trkpt>
   <trkpt lat="45.274608" lon="3.447557"><ele>487.75</ele></trkpt>
   <trkpt lat="45.274584" lon="3.447817"><ele>488</ele></trkpt>
   <trkpt lat="45.274572" lon="3.448103"><ele>489.25</ele></trkpt>
   <trkpt lat="45.274552" lon="3.449112"><ele>494</ele></trkpt>
   <trkpt lat="45.274543" lon="3.449283"><ele>495</ele></trkpt>
   <trkpt lat="45.274525" lon="3.449455"><ele>495.5</ele></trkpt>
   <trkpt lat="45.274476" lon="3.449769"><ele>495.25</ele></trkpt>
   <trkpt lat="45.274415" lon="3.450021"><ele>496.5</ele></trkpt>
   <trkpt lat="45.274347" lon="3.450267"><ele>498.25</ele></trkpt>
   <trkpt lat="45.273784" lon="3.452099"><ele>496.25</ele></trkpt>
   <trkpt lat="45.273729" lon="3.452264"><ele>495.5</ele></trkpt>
   <trkpt lat="45.273683" lon="3.452379"><ele>494</ele></trkpt>
   <trkpt lat="45.273212" lon="3.453294"><ele>488.5</ele></trkpt>
   <trkpt lat="45.273069" lon="3.453603"><ele>487</ele></trkpt>
   <trkpt lat="45.273006" lon="3.453742"><ele>486.5</ele></trkpt>
   <trkpt lat="45.272284" lon="3.455381"><ele>482.5</ele></trkpt>
   <trkpt lat="45.271782" lon="3.456592"><ele>482</ele></trkpt>
   <trkpt lat="45.271485" lon="3.457101"><ele>481.75</ele></trkpt>
   <trkpt lat="45.271248" lon="3.457507"><ele>482.5</ele></trkpt>
   <trkpt lat="45.270771" lon="3.458231"><ele>483</ele></trkpt>
   <trkpt lat="45.269835" lon="3.459169"><ele>482</ele></trkpt>
   <trkpt lat="45.26941" lon="3.459724"><ele>481.75</ele></trkpt>
   <trkpt lat="45.268992" lon="3.460268"><ele>481</ele></trkpt>
   <trkpt lat="45.268695" lon="3.460751"><ele>480.5</ele></trkpt>
   <trkpt lat="45.268428" lon="3.461263"><ele>479</ele></trkpt>
   <trkpt lat="45.268137" lon="3.461948"><ele>477.25</ele></trkpt>
   <trkpt lat="45.267113" lon="3.4645"><ele>470.25</ele></trkpt>
   <trkpt lat="45.266904" lon="3.465128"><ele>471</ele></trkpt>
   <trkpt lat="45.266598" lon="3.466303"><ele>469.5</ele></trkpt>
   <trkpt lat="45.266536" lon="3.466628"><ele>469.5</ele></trkpt>
   <trkpt lat="45.26652" lon="3.466841"><ele>469</ele></trkpt>
   <trkpt lat="45.266516" lon="3.46714"><ele>468.5</ele></trkpt>
   <trkpt lat="45.266537" lon="3.467396"><ele>468.5</ele></trkpt>
   <trkpt lat="45.266608" lon="3.467847"><ele>468.75</ele></trkpt>
   <trkpt lat="45.266633" lon="3.468114"><ele>469.5</ele></trkpt>
   <trkpt lat="45.266646" lon="3.468363"><ele>469.75</ele></trkpt>
   <trkpt lat="45.266633" lon="3.4689"><ele>469.75</ele></trkpt>
   <trkpt lat="45.266635" lon="3.469257"><ele>470.5</ele></trkpt>
   <trkpt lat="45.266648" lon="3.469628"><ele>471.25</ele></trkpt>
   <trkpt lat="45.266683" lon="3.470221"><ele>472.25</ele></trkpt>
   <trkpt lat="45.26669" lon="3.470439"><ele>471.75</ele></trkpt>
   <trkpt lat="45.26668" lon="3.470692"><ele>471</ele></trkpt>
   <trkpt lat="45.266662" lon="3.470985"><ele>470.25</ele></trkpt>
   <trkpt lat="45.266628" lon="3.471277"><ele>469.75</ele></trkpt>
   <trkpt lat="45.266578" lon="3.471604"><ele>469</ele></trkpt>
   <trkpt lat="45.266379" lon="3.472708"><ele>469</ele></trkpt>
   <trkpt lat="45.266317" lon="3.473111"><ele>469.5</ele></trkpt>
   <trkpt lat="45.266284" lon="3.473415"><ele>470</ele></trkpt>
   <trkpt lat="45.266266" lon="3.473729"><ele>471.25</ele></trkpt>
   <trkpt lat="45.26626" lon="3.474063"><ele>471.5</ele></trkpt>
   <trkpt lat="45.266265" lon="3.474506"><ele>472.25</ele></trkpt>
   <trkpt lat="45.26628" lon="3.474815"><ele>472.75</ele></trkpt>
   <trkpt lat="45.266312" lon="3.475148"><ele>473.25</ele></trkpt>
   <trkpt lat="45.266353" lon="3.475476"><ele>473.5</ele></trkpt>
   <trkpt lat="45.266425" lon="3.475931"><ele>474.75</ele></trkpt>
   <trkpt lat="45.266548" lon="3.476586"><ele>475.5</ele></trkpt>
   <trkpt lat="45.266842" lon="3.478003"><ele>473.25</ele></trkpt>
   <trkpt lat="45.266948" lon="3.478565"><ele>474.75</ele></trkpt>
   <trkpt lat="45.26697" lon="3.478734"><ele>475.25</ele></trkpt>
   <trkpt lat="45.266977" lon="3.478926"><ele>475.5</ele></trkpt>
   <trkpt lat="45.266972" lon="3.479099"><ele>476.5</ele></trkpt>
   <trkpt lat="45.266946" lon="3.479268"><ele>476.75</ele></trkpt>
   <trkpt lat="45.266901" lon="3.479412"><ele>477.25</ele></trkpt>
   <trkpt lat="45.266839" lon="3.479543"><ele>478.25</ele></trkpt>
   <trkpt lat="45.266758" lon="3.479684"><ele>478.25</ele></trkpt>
   <trkpt lat="45.265807" lon="3.481106"><ele>476.75</ele></trkpt>
   <trkpt lat="45.265402" lon="3.481692"><ele>477.25</ele></trkpt>
   <trkpt lat="45.265297" lon="3.481856"><ele>476</ele></trkpt>
   <trkpt lat="45.2652" lon="3.482036"><ele>476.5</ele></trkpt>
   <trkpt lat="45.265119" lon="3.482204"><ele>476.5</ele></trkpt>
   <trkpt lat="45.265029" lon="3.482427"><ele>474.75</ele></trkpt>
   <trkpt lat="45.264961" lon="3.482653"><ele>474.25</ele></trkpt>
   <trkpt lat="45.264878" lon="3.482965"><ele>474.75</ele></trkpt>
   <trkpt lat="45.264816" lon="3.483229"><ele>475.75</ele></trkpt>
   <trkpt lat="45.264763" lon="3.483392"><ele>475.5</ele></trkpt>
   <trkpt lat="45.264615" lon="3.483773"><ele>476</ele></trkpt>
   <trkpt lat="45.264278" lon="3.484547"><ele>477.25</ele></trkpt>
   <trkpt lat="45.264173" lon="3.484811"><ele>477</ele></trkpt>
   <trkpt lat="45.263647" lon="3.486369"><ele>481.75</ele></trkpt>
   <trkpt lat="45.263587" lon="3.486533"><ele>481.75</ele></trkpt>
   <trkpt lat="45.263537" lon="3.486637"><ele>481.25</ele></trkpt>
   <trkpt lat="45.263479" lon="3.48672"><ele>480.75</ele></trkpt>
   <trkpt lat="45.263384" lon="3.48682"><ele>480.25</ele></trkpt>
   <trkpt lat="45.263289" lon="3.486887"><ele>480</ele></trkpt>
   <trkpt lat="45.263211" lon="3.486927"><ele>480.5</ele></trkpt>
   <trkpt lat="45.262993" lon="3.486997"><ele>479.5</ele></trkpt>
   <trkpt lat="45.262239" lon="3.487207"><ele>477.75</ele></trkpt>
   <trkpt lat="45.262117" lon="3.487263"><ele>477.25</ele></trkpt>
   <trkpt lat="45.261995" lon="3.487335"><ele>477</ele></trkpt>
   <trkpt lat="45.261892" lon="3.487405"><ele>477</ele></trkpt>
   <trkpt lat="45.26174" lon="3.487524"><ele>477.25</ele></trkpt>
   <trkpt lat="45.261448" lon="3.487802"><ele>477.5</ele></trkpt>
   <trkpt lat="45.261298" lon="3.487973"><ele>478</ele></trkpt>
   <trkpt lat="45.261163" lon="3.488144"><ele>478.5</ele></trkpt>
   <trkpt lat="45.261039" lon="3.488334"><ele>478.25</ele></trkpt>
   <trkpt lat="45.260924" lon="3.488543"><ele>478.25</ele></trkpt>
   <trkpt lat="45.260765" lon="3.488861"><ele>477.75</ele></trkpt>
   <trkpt lat="45.260716" lon="3.48896"><ele>478</ele></trkpt>
   <trkpt lat="45.260636" lon="3.489119"><ele>478.5</ele></trkpt>
   <trkpt lat="45.26046" lon="3.489439"><ele>478.5</ele></trkpt>
   <trkpt lat="45.260322" lon="3.489686"><ele>479</ele></trkpt>
   <trkpt lat="45.260235" lon="3.489876"><ele>479.25</ele></trkpt>
   <trkpt lat="45.26016" lon="3.490064"><ele>479.25</ele></trkpt>
   <trkpt lat="45.260095" lon="3.490282"><ele>479.5</ele></trkpt>
   <trkpt lat="45.26005" lon="3.490467"><ele>480</ele></trkpt>
   <trkpt lat="45.25996" lon="3.490889"><ele>481.75</ele></trkpt>
   <trkpt lat="45.259674" lon="3.492294"><ele>485.5</ele></trkpt>
   <trkpt lat="45.259578" lon="3.492658"><ele>483.75</ele></trkpt>
   <trkpt lat="45.259492" lon="3.492919"><ele>483.5</ele></trkpt>
   <trkpt lat="45.259291" lon="3.493479"><ele>482.75</ele></trkpt>
   <trkpt lat="45.259114" lon="3.494028"><ele>482</ele></trkpt>
   <trkpt lat="45.259046" lon="3.494278"><ele>482</ele></trkpt>
   <trkpt lat="45.259002" lon="3.494497"><ele>481.75</ele></trkpt>
   <trkpt lat="45.258979" lon="3.494693"><ele>481.75</ele></trkpt>
   <trkpt lat="45.258957" lon="3.494959"><ele>481.75</ele></trkpt>
   <trkpt lat="45.258951" lon="3.495174"><ele>481.75</ele></trkpt>
   <trkpt lat="45.258965" lon="3.495345"><ele>482</ele></trkpt>
   <trkpt lat="45.259122" lon="3.495955"><ele>482.5</ele></trkpt>
   <trkpt lat="45.259155" lon="3.496131"><ele>482.75</ele></trkpt>
   <trkpt lat="45.259168" lon="3.496288"><ele>483</ele></trkpt>
   <trkpt lat="45.259169" lon="3.496484"><ele>483</ele></trkpt>
   <trkpt lat="45.25916" lon="3.496882"><ele>482.75</ele></trkpt>
   <trkpt lat="45.259133" lon="3.497397"><ele>482</ele></trkpt>
   <trkpt lat="45.259078" lon="3.498438"><ele>481</ele></trkpt>
   <trkpt lat="45.259073" lon="3.498664"><ele>481</ele></trkpt>
   <trkpt lat="45.259078" lon="3.498861"><ele>481</ele></trkpt>
   <trkpt lat="45.259105" lon="3.499102"><ele>480.5</ele></trkpt>
   <trkpt lat="45.259157" lon="3.499386"><ele>481.5</ele></trkpt>
   <trkpt lat="45.259355" lon="3.500221"><ele>481.5</ele></trkpt>
   <trkpt lat="45.259412" lon="3.500517"><ele>482.5</ele></trkpt>
   <trkpt lat="45.259445" lon="3.500799"><ele>483</ele></trkpt>
   <trkpt lat="45.259473" lon="3.501168"><ele>484</ele></trkpt>
   <trkpt lat="45.25952" lon="3.501936"><ele>488</ele></trkpt>
   <trkpt lat="45.259561" lon="3.502693"><ele>486.25</ele></trkpt>
   <trkpt lat="45.25957" lon="3.502949"><ele>486</ele></trkpt>
   <trkpt lat="45.259566" lon="3.503173"><ele>486.25</ele></trkpt>
   <trkpt lat="45.259544" lon="3.503396"><ele>487</ele></trkpt>
   <trkpt lat="45.259509" lon="3.503595"><ele>488</ele></trkpt>
   <trkpt lat="45.259456" lon="3.5038"><ele>487.25</ele></trkpt>
   <trkpt lat="45.259376" lon="3.504019"><ele>488.75</ele></trkpt>
   <trkpt lat="45.259309" lon="3.504172"><ele>489.5</ele></trkpt>
   <trkpt lat="45.258698" lon="3.505167"><ele>489</ele></trkpt>
   <trkpt lat="45.258581" lon="3.505383"><ele>485.5</ele></trkpt>
   <trkpt lat="45.25832" lon="3.505897"><ele>486</ele></trkpt>
   <trkpt lat="45.257879" lon="3.506707"><ele>488.25</ele></trkpt>
   <trkpt lat="45.257773" lon="3.506876"><ele>487.5</ele></trkpt>
   <trkpt lat="45.25766" lon="3.507004"><ele>488.75</ele></trkpt>
   <trkpt lat="45.257531" lon="3.507116"><ele>489.25</ele></trkpt>
   <trkpt lat="45.257397" lon="3.507198"><ele>489.25</ele></trkpt>
   <trkpt lat="45.257283" lon="3.507253"><ele>489.25</ele></trkpt>
   <trkpt lat="45.257151" lon="3.507286"><ele>489.75</ele></trkpt>
   <trkpt lat="45.25704" lon="3.507293"><ele>490.25</ele></trkpt>
   <trkpt lat="45.256873" lon="3.50728"><ele>490.25</ele></trkpt>
   <trkpt lat="45.256753" lon="3.507254"><ele>489.5</ele></trkpt>
   <trkpt lat="45.256631" lon="3.50721"><ele>489.25</ele></trkpt>
   <trkpt lat="45.256521" lon="3.507136"><ele>489.5</ele></trkpt>
   <trkpt lat="45.256413" lon="3.50704"><ele>489.75</ele></trkpt>
   <trkpt lat="45.255371" lon="3.505979"><ele>489.5</ele></trkpt>
   <trkpt lat="45.255264" lon="3.505903"><ele>489.75</ele></trkpt>
   <trkpt lat="45.255134" lon="3.505832"><ele>488.75</ele></trkpt>
   <trkpt lat="45.255005" lon="3.505792"><ele>488.5</ele></trkpt>
   <trkpt lat="45.254855" lon="3.505771"><ele>488.75</ele></trkpt>
   <trkpt lat="45.254703" lon="3.505777"><ele>489.25</ele></trkpt>
   <trkpt lat="45.254558" lon="3.505804"><ele>489.5</ele></trkpt>
   <trkpt lat="45.254425" lon="3.505845"><ele>490</ele></trkpt>
   <trkpt lat="45.254316" lon="3.505898"><ele>490</ele></trkpt>
   <trkpt lat="45.254142" lon="3.506036"><ele>490</ele></trkpt>
   <trkpt lat="45.25405" lon="3.506154"><ele>490.75</ele></trkpt>
   <trkpt lat="45.253106" lon="3.50749"><ele>493.5</ele></trkpt>
   <trkpt lat="45.253008" lon="3.50761"><ele>492</ele></trkpt>
   <trkpt lat="45.252909" lon="3.507715"><ele>492</ele></trkpt>
   <trkpt lat="45.252813" lon="3.507794"><ele>492</ele></trkpt>
   <trkpt lat="45.252335" lon="3.508103"><ele>488.75</ele></trkpt>
   <trkpt lat="45.252058" lon="3.508276"><ele>490.25</ele></trkpt>
   <trkpt lat="45.251615" lon="3.508554"><ele>491.5</ele></trkpt>
   <trkpt lat="45.251507" lon="3.508628"><ele>491.75</ele></trkpt>
   <trkpt lat="45.251339" lon="3.508794"><ele>492.25</ele></trkpt>
   <trkpt lat="45.25124" lon="3.508968"><ele>493.25</ele></trkpt>
   <trkpt lat="45.251178" lon="3.5091"><ele>494.5</ele></trkpt>
   <trkpt lat="45.25113" lon="3.50927"><ele>495.5</ele></trkpt>
   <trkpt lat="45.251076" lon="3.509505"><ele>496.75</ele></trkpt>
   <trkpt lat="45.250854" lon="3.510731"><ele>502.25</ele></trkpt>
   <trkpt lat="45.250798" lon="3.510974"><ele>503.75</ele></trkpt>
   <trkpt lat="45.250735" lon="3.511159"><ele>504.5</ele></trkpt>
   <trkpt lat="45.250662" lon="3.511313"><ele>504.5</ele></trkpt>
   <trkpt lat="45.250578" lon="3.511442"><ele>505.25</ele></trkpt>
   <trkpt lat="45.25046" lon="3.511593"><ele>506.25</ele></trkpt>
   <trkpt lat="45.250017" lon="3.512103"><ele>506</ele></trkpt>
   <trkpt lat="45.24994" lon="3.512214"><ele>506.25</ele></trkpt>
   <trkpt lat="45.249868" lon="3.51233"><ele>507.25</ele></trkpt>
   <trkpt lat="45.249808" lon="3.512448"><ele>507.75</ele></trkpt>
   <trkpt lat="45.249737" lon="3.512633"><ele>507.75</ele></trkpt>
   <trkpt lat="45.24938" lon="3.513703"><ele>510.25</ele></trkpt>
   <trkpt lat="45.249312" lon="3.513883"><ele>510.75</ele></trkpt>
   <trkpt lat="45.249235" lon="3.514051"><ele>512</ele></trkpt>
   <trkpt lat="45.249154" lon="3.514207"><ele>513.25</ele></trkpt>
   <trkpt lat="45.249049" lon="3.514364"><ele>514.5</ele></trkpt>
   <trkpt lat="45.248857" lon="3.514582"><ele>516.5</ele></trkpt>
   <trkpt lat="45.248746" lon="3.514674"><ele>517.25</ele></trkpt>
   <trkpt lat="45.24858" lon="3.514773"><ele>518</ele></trkpt>
   <trkpt lat="45.247677" lon="3.515145"><ele>523.25</ele></trkpt>
   <trkpt lat="45.247471" lon="3.515253"><ele>525</ele></trkpt>
   <trkpt lat="45.247343" lon="3.515337"><ele>525.5</ele></trkpt>
   <trkpt lat="45.247166" lon="3.515491"><ele>526.75</ele></trkpt>
   <trkpt lat="45.246924" lon="3.515741"><ele>528</ele></trkpt>
   <trkpt lat="45.246339" lon="3.516322"><ele>531</ele></trkpt>
   <trkpt lat="45.245894" lon="3.516705"><ele>531.75</ele></trkpt>
   <trkpt lat="45.245204" lon="3.517311"><ele>535.5</ele></trkpt>
   <trkpt lat="45.245087" lon="3.517422"><ele>536</ele></trkpt>
   <trkpt lat="45.244007" lon="3.518638"><ele>537.75</ele></trkpt>
   <trkpt lat="45.242984" lon="3.519839"><ele>537.75</ele></trkpt>
   <trkpt lat="45.242679" lon="3.520191"><ele>538.5</ele></trkpt>
   <trkpt lat="45.242505" lon="3.520375"><ele>538.5</ele></trkpt>
   <trkpt lat="45.242264" lon="3.520574"><ele>538.75</ele></trkpt>
   <trkpt lat="45.242022" lon="3.520703"><ele>539</ele></trkpt>
   <trkpt lat="45.241856" lon="3.520762"><ele>539</ele></trkpt>
   <trkpt lat="45.241597" lon="3.520789"><ele>538</ele></trkpt>
   <trkpt lat="45.240989" lon="3.520819"><ele>538.5</ele></trkpt>
   <trkpt lat="45.240766" lon="3.52089"><ele>538.75</ele></trkpt>
   <trkpt lat="45.240583" lon="3.521012"><ele>538.5</ele></trkpt>
   <trkpt lat="45.240046" lon="3.521478"><ele>536.5</ele></trkpt>
   <trkpt lat="45.239897" lon="3.521616"><ele>535.5</ele></trkpt>
   <trkpt lat="45.239745" lon="3.521713"><ele>534</ele></trkpt>
   <trkpt lat="45.239567" lon="3.521811"><ele>533.5</ele></trkpt>
   <trkpt lat="45.239356" lon="3.521886"><ele>532.75</ele></trkpt>
   <trkpt lat="45.23833" lon="3.522121"><ele>528.75</ele></trkpt>
   <trkpt lat="45.237426" lon="3.522361"><ele>527.75</ele></trkpt>
   <trkpt lat="45.236905" lon="3.522515"><ele>526.75</ele></trkpt>
   <trkpt lat="45.236342" lon="3.522621"><ele>525.75</ele></trkpt>
   <trkpt lat="45.236181" lon="3.522636"><ele>525.75</ele></trkpt>
   <trkpt lat="45.23535" lon="3.52265"><ele>528.25</ele></trkpt>
   <trkpt lat="45.234757" lon="3.522669"><ele>532.25</ele></trkpt>
   <trkpt lat="45.234243" lon="3.522689"><ele>532.5</ele></trkpt>
   <trkpt lat="45.233993" lon="3.522673"><ele>530.75</ele></trkpt>
   <trkpt lat="45.233727" lon="3.522645"><ele>528</ele></trkpt>
   <trkpt lat="45.233511" lon="3.522619"><ele>527.5</ele></trkpt>
   <trkpt lat="45.233416" lon="3.522597"><ele>528</ele></trkpt>
   <trkpt lat="45.233097" lon="3.522447"><ele>530.5</ele></trkpt>
   <trkpt lat="45.232735" lon="3.522218"><ele>532.25</ele></trkpt>
   <trkpt lat="45.232384" lon="3.521975"><ele>533</ele></trkpt>
   <trkpt lat="45.231548" lon="3.521454"><ele>531</ele></trkpt>
   <trkpt lat="45.231364" lon="3.521358"><ele>530.75</ele></trkpt>
   <trkpt lat="45.231248" lon="3.521307"><ele>530</ele></trkpt>
   <trkpt lat="45.231114" lon="3.521265"><ele>529.5</ele></trkpt>
   <trkpt lat="45.23093" lon="3.521224"><ele>529.25</ele></trkpt>
   <trkpt lat="45.228926" lon="3.520983"><ele>526.75</ele></trkpt>
   <trkpt lat="45.228704" lon="3.52097"><ele>527.5</ele></trkpt>
   <trkpt lat="45.227971" lon="3.520935"><ele>529</ele></trkpt>
   <trkpt lat="45.226772" lon="3.520906"><ele>531.5</ele></trkpt>
   <trkpt lat="45.226544" lon="3.520865"><ele>532</ele></trkpt>
   <trkpt lat="45.226271" lon="3.520802"><ele>531.75</ele></trkpt>
   <trkpt lat="45.225879" lon="3.520671"><ele>532.75</ele></trkpt>
   <trkpt lat="45.224797" lon="3.520364"><ele>535.5</ele></trkpt>
   <trkpt lat="45.223539" lon="3.519977"><ele>537</ele></trkpt>
   <trkpt lat="45.223043" lon="3.519817"><ele>538</ele></trkpt>
   <trkpt lat="45.222869" lon="3.519771"><ele>538</ele></trkpt>
   <trkpt lat="45.222757" lon="3.519759"><ele>538</ele></trkpt>
   <trkpt lat="45.222572" lon="3.519753"><ele>538.75</ele></trkpt>
   <trkpt lat="45.222057" lon="3.519786"><ele>540</ele></trkpt>
   <trkpt lat="45.221811" lon="3.519781"><ele>540.25</ele></trkpt>
   <trkpt lat="45.221579" lon="3.51975"><ele>541</ele></trkpt>
   <trkpt lat="45.221396" lon="3.519708"><ele>540.75</ele></trkpt>
   <trkpt lat="45.221207" lon="3.51963"><ele>541</ele></trkpt>
   <trkpt lat="45.221052" lon="3.519552"><ele>540.75</ele></trkpt>
   <trkpt lat="45.220818" lon="3.519397"><ele>539.75</ele></trkpt>
   <trkpt lat="45.219235" lon="3.51806"><ele>526.5</ele></trkpt>
   <trkpt lat="45.218916" lon="3.517838"><ele>524.5</ele></trkpt>
   <trkpt lat="45.218813" lon="3.517787"><ele>524</ele></trkpt>
   <trkpt lat="45.218458" lon="3.517653"><ele>520.75</ele></trkpt>
   <trkpt lat="45.217078" lon="3.51715"><ele>520.5</ele></trkpt>
   <trkpt lat="45.216203" lon="3.51682"><ele>519.5</ele></trkpt>
   <trkpt lat="45.214919" lon="3.516345"><ele>519.75</ele></trkpt>
   <trkpt lat="45.214317" lon="3.516117"><ele>520</ele></trkpt>
   <trkpt lat="45.213988" lon="3.516007"><ele>520.25</ele></trkpt>
   <trkpt lat="45.213758" lon="3.515952"><ele>520.25</ele></trkpt>
   <trkpt lat="45.213536" lon="3.515917"><ele>520.25</ele></trkpt>
   <trkpt lat="45.212735" lon="3.515812"><ele>521.75</ele></trkpt>
   <trkpt lat="45.212591" lon="3.515764"><ele>521.75</ele></trkpt>
   <trkpt lat="45.212473" lon="3.515692"><ele>521.5</ele></trkpt>
   <trkpt lat="45.212374" lon="3.515606"><ele>522</ele></trkpt>
   <trkpt lat="45.212245" lon="3.515464"><ele>522.5</ele></trkpt>
   <trkpt lat="45.212182" lon="3.515376"><ele>522.25</ele></trkpt>
   <trkpt lat="45.212137" lon="3.515286"><ele>522.25</ele></trkpt>
   <trkpt lat="45.212031" lon="3.51539"><ele>522.75</ele></trkpt>
   <trkpt lat="45.211953" lon="3.515483"><ele>522.75</ele></trkpt>
   <trkpt lat="45.211887" lon="3.51556"><ele>523</ele></trkpt>
   <trkpt lat="45.211829" lon="3.515614"><ele>523.25</ele></trkpt>
   <trkpt lat="45.211727" lon="3.515653"><ele>523.5</ele></trkpt>
   <trkpt lat="45.211662" lon="3.515663"><ele>523.5</ele></trkpt>
   <trkpt lat="45.211538" lon="3.515663"><ele>523.75</ele></trkpt>
   <trkpt lat="45.211055" lon="3.515592"><ele>524</ele></trkpt>
   <trkpt lat="45.210742" lon="3.515546"><ele>525.25</ele></trkpt>
   <trkpt lat="45.21014" lon="3.51545"><ele>527.75</ele></trkpt>
   <trkpt lat="45.21009" lon="3.515453"><ele>528.25</ele></trkpt>
   <trkpt lat="45.210052" lon="3.51547"><ele>528.5</ele></trkpt>
   <trkpt lat="45.210011" lon="3.515502"><ele>528.75</ele></trkpt>
   <trkpt lat="45.209973" lon="3.515591"><ele>528.75</ele></trkpt>
   <trkpt lat="45.20996" lon="3.515673"><ele>528.75</ele></trkpt>
   <trkpt lat="45.209963" lon="3.515775"><ele>528.25</ele></trkpt>
   <trkpt lat="45.210002" lon="3.516284"><ele>527.75</ele></trkpt>
   <trkpt lat="45.210025" lon="3.516515"><ele>527.75</ele></trkpt>
   <trkpt lat="45.210032" lon="3.516653"><ele>527.75</ele></trkpt>
   <trkpt lat="45.210029" lon="3.516752"><ele>527.75</ele></trkpt>
   <trkpt lat="45.210019" lon="3.516827"><ele>527.75</ele></trkpt>
   <trkpt lat="45.209971" lon="3.517004"><ele>527.75</ele></trkpt>
   <trkpt lat="45.209842" lon="3.51728"><ele>527.5</ele></trkpt>
   <trkpt lat="45.209755" lon="3.517482"><ele>527.75</ele></trkpt>
   <trkpt lat="45.209673" lon="3.51764"><ele>528</ele></trkpt>
   <trkpt lat="45.209605" lon="3.517751"><ele>528.25</ele></trkpt>
   <trkpt lat="45.209539" lon="3.517849"><ele>528.5</ele></trkpt>
   <trkpt lat="45.209466" lon="3.517944"><ele>528.75</ele></trkpt>
   <trkpt lat="45.209431" lon="3.517979"><ele>529</ele></trkpt>
   <trkpt lat="45.209399" lon="3.518011"><ele>529</ele></trkpt>
   <trkpt lat="45.209378" lon="3.517969"><ele>529.25</ele></trkpt>
   <trkpt lat="45.209348" lon="3.51794"><ele>529.25</ele></trkpt>
   <trkpt lat="45.209312" lon="3.517928"><ele>529.5</ele></trkpt>
   <trkpt lat="45.209276" lon="3.517933"><ele>529.75</ele></trkpt>
   <trkpt lat="45.209244" lon="3.517955"><ele>529.75</ele></trkpt>
   <trkpt lat="45.209219" lon="3.517992"><ele>529.75</ele></trkpt>
   <trkpt lat="45.209204" lon="3.518039"><ele>529.75</ele></trkpt>
   <trkpt lat="45.209202" lon="3.518097"><ele>530</ele></trkpt>
   <trkpt lat="45.209168" lon="3.518104"><ele>530</ele></trkpt>
   <trkpt lat="45.208792" lon="3.518177"><ele>531.75</ele></trkpt>
   <trkpt lat="45.207187" lon="3.518639"><ele>538</ele></trkpt>
   <trkpt lat="45.20673" lon="3.518792"><ele>538</ele></trkpt>
   <trkpt lat="45.206464" lon="3.518917"><ele>538.5</ele></trkpt>
   <trkpt lat="45.205582" lon="3.519388"><ele>540</ele></trkpt>
   <trkpt lat="45.204715" lon="3.519839"><ele>540</ele></trkpt>
   <trkpt lat="45.203051" lon="3.520641"><ele>538.5</ele></trkpt>
   <trkpt lat="45.202485" lon="3.520846"><ele>537</ele></trkpt>
   <trkpt lat="45.201703" lon="3.521109"><ele>535</ele></trkpt>
   <trkpt lat="45.201207" lon="3.521325"><ele>534.75</ele></trkpt>
   <trkpt lat="45.200792" lon="3.52152"><ele>534.75</ele></trkpt>
   <trkpt lat="45.20069" lon="3.521588"><ele>534.75</ele></trkpt>
   <trkpt lat="45.200284" lon="3.522039"><ele>534</ele></trkpt>
   <trkpt lat="45.200214" lon="3.52219"><ele>533.5</ele></trkpt>
   <trkpt lat="45.199626" lon="3.523143"><ele>533.75</ele></trkpt>
   <trkpt lat="45.199199" lon="3.523874"><ele>535</ele></trkpt>
   <trkpt lat="45.199068" lon="3.524072"><ele>535.5</ele></trkpt>
   <trkpt lat="45.19859" lon="3.524477"><ele>536.25</ele></trkpt>
   <trkpt lat="45.197661" lon="3.525235"><ele>538</ele></trkpt>
   <trkpt lat="45.197474" lon="3.525423"><ele>538.5</ele></trkpt>
   <trkpt lat="45.197387" lon="3.52559"><ele>538.5</ele></trkpt>
   <trkpt lat="45.197266" lon="3.525883"><ele>538.5</ele></trkpt>
   <trkpt lat="45.197106" lon="3.526245"><ele>538</ele></trkpt>
   <trkpt lat="45.196868" lon="3.526634"><ele>538.25</ele></trkpt>
   <trkpt lat="45.196614" lon="3.526942"><ele>538.5</ele></trkpt>
   <trkpt lat="45.196335" lon="3.527136"><ele>538</ele></trkpt>
   <trkpt lat="45.196172" lon="3.527272"><ele>538.25</ele></trkpt>
   <trkpt lat="45.196048" lon="3.52745"><ele>538</ele></trkpt>
   <trkpt lat="45.195891" lon="3.527867"><ele>537.5</ele></trkpt>
   <trkpt lat="45.195705" lon="3.528464"><ele>536.75</ele></trkpt>
   <trkpt lat="45.195671" lon="3.528609"><ele>536.75</ele></trkpt>
   <trkpt lat="45.195649" lon="3.528754"><ele>536.75</ele></trkpt>
   <trkpt lat="45.195589" lon="3.529852"><ele>537</ele></trkpt>
   <trkpt lat="45.195523" lon="3.530377"><ele>536.75</ele></trkpt>
   <trkpt lat="45.195411" lon="3.531034"><ele>536.25</ele></trkpt>
   <trkpt lat="45.195311" lon="3.531537"><ele>537</ele></trkpt>
   <trkpt lat="45.195255" lon="3.531819"><ele>537</ele></trkpt>
   <trkpt lat="45.195155" lon="3.532127"><ele>537</ele></trkpt>
   <trkpt lat="45.195008" lon="3.532418"><ele>537.5</ele></trkpt>
   <trkpt lat="45.194079" lon="3.533722"><ele>540.5</ele></trkpt>
   <trkpt lat="45.193904" lon="3.534033"><ele>540.75</ele></trkpt>
   <trkpt lat="45.193753" lon="3.534389"><ele>542.5</ele></trkpt>
   <trkpt lat="45.193678" lon="3.534666"><ele>542.5</ele></trkpt>
   <trkpt lat="45.193629" lon="3.53494"><ele>542.25</ele></trkpt>
   <trkpt lat="45.193587" lon="3.535333"><ele>542.75</ele></trkpt>
   <trkpt lat="45.193552" lon="3.535754"><ele>543.5</ele></trkpt>
   <trkpt lat="45.193531" lon="3.536168"><ele>544.25</ele></trkpt>
   <trkpt lat="45.193541" lon="3.536752"><ele>545.25</ele></trkpt>
   <trkpt lat="45.193537" lon="3.537148"><ele>545.25</ele></trkpt>
   <trkpt lat="45.193478" lon="3.537684"><ele>545</ele></trkpt>
   <trkpt lat="45.192892" lon="3.540955"><ele>548.25</ele></trkpt>
   <trkpt lat="45.19282" lon="3.541319"><ele>549</ele></trkpt>
   <trkpt lat="45.192761" lon="3.541526"><ele>549.25</ele></trkpt>
   <trkpt lat="45.192456" lon="3.542208"><ele>548.25</ele></trkpt>
   <trkpt lat="45.192251" lon="3.542605"><ele>547.75</ele></trkpt>
   <trkpt lat="45.19213" lon="3.542745"><ele>548</ele></trkpt>
   <trkpt lat="45.192006" lon="3.542794"><ele>547.5</ele></trkpt>
   <trkpt lat="45.191523" lon="3.54293"><ele>546.75</ele></trkpt>
   <trkpt lat="45.191304" lon="3.543058"><ele>547</ele></trkpt>
   <trkpt lat="45.191099" lon="3.543332"><ele>547.75</ele></trkpt>
   <trkpt lat="45.190841" lon="3.543722"><ele>548.25</ele></trkpt>
   <trkpt lat="45.189897" lon="3.544853"><ele>548.5</ele></trkpt>
   <trkpt lat="45.189591" lon="3.545245"><ele>549.25</ele></trkpt>
   <trkpt lat="45.189416" lon="3.545065"><ele>548</ele></trkpt>
   <trkpt lat="45.189134" lon="3.544775"><ele>546.75</ele></trkpt>
   <trkpt lat="45.188915" lon="3.544502"><ele>547.25</ele></trkpt>
   <trkpt lat="45.188828" lon="3.544365"><ele>546.5</ele></trkpt>
   <trkpt lat="45.188662" lon="3.544074"><ele>545.75</ele></trkpt>
   <trkpt lat="45.188549" lon="3.543924"><ele>546</ele></trkpt>
   <trkpt lat="45.188412" lon="3.543826"><ele>546.5</ele></trkpt>
   <trkpt lat="45.188228" lon="3.543826"><ele>547.25</ele></trkpt>
   <trkpt lat="45.188151" lon="3.543826"><ele>547.5</ele></trkpt>
   <trkpt lat="45.187823" lon="3.543901"><ele>548.75</ele></trkpt>
   <trkpt lat="45.187376" lon="3.544142"><ele>551.25</ele></trkpt>
   <trkpt lat="45.187032" lon="3.544534"><ele>554</ele></trkpt>
   <trkpt lat="45.186824" lon="3.544743"><ele>555</ele></trkpt>
   <trkpt lat="45.186484" lon="3.544856"><ele>557.25</ele></trkpt>
   <trkpt lat="45.186114" lon="3.54492"><ele>560</ele></trkpt>
   <trkpt lat="45.185509" lon="3.544727"><ele>563.25</ele></trkpt>
   <trkpt lat="45.185385" lon="3.544696"><ele>564.5</ele></trkpt>
   <trkpt lat="45.185293" lon="3.544673"><ele>565.25</ele></trkpt>
   <trkpt lat="45.185066" lon="3.544722"><ele>566.5</ele></trkpt>
   <trkpt lat="45.183259" lon="3.5455"><ele>579.25</ele></trkpt>
   <trkpt lat="45.182866" lon="3.545698"><ele>580.75</ele></trkpt>
   <trkpt lat="45.182401" lon="3.546122"><ele>582.25</ele></trkpt>
   <trkpt lat="45.18206" lon="3.546374"><ele>583</ele></trkpt>
   <trkpt lat="45.181694" lon="3.546508"><ele>583.75</ele></trkpt>
   <trkpt lat="45.181108" lon="3.546636"><ele>585</ele></trkpt>
   <trkpt lat="45.180567" lon="3.546755"><ele>585.75</ele></trkpt>
   <trkpt lat="45.18045" lon="3.546814"><ele>586.25</ele></trkpt>
   <trkpt lat="45.180348" lon="3.546932"><ele>586.5</ele></trkpt>
   <trkpt lat="45.179383" lon="3.548482"><ele>590</ele></trkpt>
   <trkpt lat="45.17885" lon="3.549517"><ele>592.75</ele></trkpt>
   <trkpt lat="45.177546" lon="3.552269"><ele>600.5</ele></trkpt>
   <trkpt lat="45.177243" lon="3.55301"><ele>601.75</ele></trkpt>
   <trkpt lat="45.176808" lon="3.554244"><ele>604</ele></trkpt>
   <trkpt lat="45.176619" lon="3.55486"><ele>604</ele></trkpt>
   <trkpt lat="45.176385" lon="3.556303"><ele>606</ele></trkpt>
   <trkpt lat="45.17629" lon="3.55647"><ele>606.25</ele></trkpt>
   <trkpt lat="45.175862" lon="3.557371"><ele>609.25</ele></trkpt>
   <trkpt lat="45.175836" lon="3.557425"><ele>609.5</ele></trkpt>
   <trkpt lat="45.175711" lon="3.557613"><ele>610.75</ele></trkpt>
   <trkpt lat="45.175579" lon="3.557811"><ele>611.75</ele></trkpt>
   <trkpt lat="45.174214" lon="3.559694"><ele>620</ele></trkpt>
   <trkpt lat="45.174032" lon="3.559914"><ele>620.75</ele></trkpt>
   <trkpt lat="45.173809" lon="3.56008"><ele>620.5</ele></trkpt>
   <trkpt lat="45.172977" lon="3.560627"><ele>619.75</ele></trkpt>
   <trkpt lat="45.172788" lon="3.560708"><ele>619.75</ele></trkpt>
   <trkpt lat="45.171631" lon="3.561072"><ele>621</ele></trkpt>
   <trkpt lat="45.170757" lon="3.561292"><ele>625.25</ele></trkpt>
   <trkpt lat="45.1689" lon="3.561555"><ele>628</ele></trkpt>
   <trkpt lat="45.1688" lon="3.561588"><ele>628</ele></trkpt>
   <trkpt lat="45.168734" lon="3.561609"><ele>628.25</ele></trkpt>
   <trkpt lat="45.168054" lon="3.562026"><ele>629.25</ele></trkpt>
   <trkpt lat="45.167762" lon="3.562204"><ele>629.75</ele></trkpt>
   <trkpt lat="45.167391" lon="3.562494"><ele>630.25</ele></trkpt>
   <trkpt lat="45.167138" lon="3.562746"><ele>631.25</ele></trkpt>
   <trkpt lat="45.167013" lon="3.562982"><ele>632.75</ele></trkpt>
   <trkpt lat="45.166828" lon="3.563417"><ele>635.25</ele></trkpt>
   <trkpt lat="45.166661" lon="3.563685"><ele>636.75</ele></trkpt>
   <trkpt lat="45.166514" lon="3.563835"><ele>637.25</ele></trkpt>
   <trkpt lat="45.165621" lon="3.564366"><ele>639</ele></trkpt>
   <trkpt lat="45.165575" lon="3.564402"><ele>638.75</ele></trkpt>
   <trkpt lat="45.165402" lon="3.564538"><ele>639</ele></trkpt>
   <trkpt lat="45.165236" lon="3.564774"><ele>640</ele></trkpt>
   <trkpt lat="45.165062" lon="3.565106"><ele>640</ele></trkpt>
   <trkpt lat="45.164797" lon="3.565841"><ele>641.5</ele></trkpt>
   <trkpt lat="45.164264" lon="3.566684"><ele>644</ele></trkpt>
   <trkpt lat="45.164154" lon="3.566823"><ele>645</ele></trkpt>
   <trkpt lat="45.163791" lon="3.567284"><ele>647</ele></trkpt>
   <trkpt lat="45.163254" lon="3.568202"><ele>650.25</ele></trkpt>
   <trkpt lat="45.162788" lon="3.568899"><ele>653</ele></trkpt>
   <trkpt lat="45.162516" lon="3.569232"><ele>655</ele></trkpt>
   <trkpt lat="45.162395" lon="3.569478"><ele>656</ele></trkpt>
   <trkpt lat="45.162369" lon="3.569672"><ele>656.75</ele></trkpt>
   <trkpt lat="45.162379" lon="3.569802"><ele>657</ele></trkpt>
   <trkpt lat="45.162418" lon="3.569918"><ele>657</ele></trkpt>
   <trkpt lat="45.16255" lon="3.570149"><ele>657.5</ele></trkpt>
   <trkpt lat="45.162689" lon="3.570339"><ele>658</ele></trkpt>
   <trkpt lat="45.163312" lon="3.571194"><ele>660.25</ele></trkpt>
   <trkpt lat="45.163862" lon="3.571893"><ele>661.25</ele></trkpt>
   <trkpt lat="45.164052" lon="3.572209"><ele>663.5</ele></trkpt>
   <trkpt lat="45.164101" lon="3.572343"><ele>663.75</ele></trkpt>
   <trkpt lat="45.164122" lon="3.572425"><ele>663.75</ele></trkpt>
   <trkpt lat="45.164114" lon="3.572526"><ele>664</ele></trkpt>
   <trkpt lat="45.164071" lon="3.572617"><ele>664.5</ele></trkpt>
   <trkpt lat="45.163869" lon="3.572912"><ele>665.75</ele></trkpt>
   <trkpt lat="45.159921" lon="3.577161"><ele>683.5</ele></trkpt>
   <trkpt lat="45.158533" lon="3.578671"><ele>697.25</ele></trkpt>
   <trkpt lat="45.1585" lon="3.578704"><ele>697.5</ele></trkpt>
   <trkpt lat="45.158398" lon="3.578874"><ele>699.75</ele></trkpt>
   <trkpt lat="45.158373" lon="3.578942"><ele>700.5</ele></trkpt>
   <trkpt lat="45.158346" lon="3.579074"><ele>701.75</ele></trkpt>
   <trkpt lat="45.158364" lon="3.579747"><ele>707.25</ele></trkpt>
   <trkpt lat="45.158287" lon="3.579784"><ele>707</ele></trkpt>
   <trkpt lat="45.158244" lon="3.579815"><ele>706.75</ele></trkpt>
   <trkpt lat="45.158192" lon="3.579879"><ele>706.5</ele></trkpt>
   <trkpt lat="45.158171" lon="3.579954"><ele>706.25</ele></trkpt>
   <trkpt lat="45.158178" lon="3.580054"><ele>706.25</ele></trkpt>
   <trkpt lat="45.158213" lon="3.580174"><ele>706.5</ele></trkpt>
   <trkpt lat="45.158317" lon="3.580381"><ele>707</ele></trkpt>
   <trkpt lat="45.158442" lon="3.58053"><ele>706.5</ele></trkpt>
   <trkpt lat="45.158505" lon="3.580681"><ele>706.25</ele></trkpt>
   <trkpt lat="45.15851" lon="3.580722"><ele>706.25</ele></trkpt>
   <trkpt lat="45.158495" lon="3.580781"><ele>705.5</ele></trkpt>
   <trkpt lat="45.158469" lon="3.580843"><ele>704.75</ele></trkpt>
   <trkpt lat="45.158374" lon="3.581014"><ele>702.5</ele></trkpt>
   <trkpt lat="45.158284" lon="3.581273"><ele>700.75</ele></trkpt>
   <trkpt lat="45.158234" lon="3.58132"><ele>700.25</ele></trkpt>
   <trkpt lat="45.158159" lon="3.581354"><ele>699.5</ele></trkpt>
   <trkpt lat="45.158066" lon="3.581354"><ele>698.75</ele></trkpt>
   <trkpt lat="45.15747" lon="3.581234"><ele>696.5</ele></trkpt>
   <trkpt lat="45.157438" lon="3.581224"><ele>696.5</ele></trkpt>
   <trkpt lat="45.157359" lon="3.581198"><ele>696.75</ele></trkpt>
   <trkpt lat="45.157279" lon="3.581166"><ele>696.75</ele></trkpt>
   <trkpt lat="45.157192" lon="3.581111"><ele>696.75</ele></trkpt>
   <trkpt lat="45.15708" lon="3.581027"><ele>696.5</ele></trkpt>
   <trkpt lat="45.156948" lon="3.580984"><ele>696.5</ele></trkpt>
   <trkpt lat="45.156742" lon="3.580961"><ele>697</ele></trkpt>
   <trkpt lat="45.156634" lon="3.580903"><ele>697</ele></trkpt>
   <trkpt lat="45.156533" lon="3.580794"><ele>697</ele></trkpt>
   <trkpt lat="45.156452" lon="3.580681"><ele>697</ele></trkpt>
   <trkpt lat="45.156392" lon="3.580546"><ele>696.75</ele></trkpt>
   <trkpt lat="45.155911" lon="3.579065"><ele>700.25</ele></trkpt>
   <trkpt lat="45.155653" lon="3.578129"><ele>700.5</ele></trkpt>
   <trkpt lat="45.155547" lon="3.577883"><ele>699.75</ele></trkpt>
   <trkpt lat="45.155445" lon="3.577712"><ele>698.75</ele></trkpt>
   <trkpt lat="45.155014" lon="3.577097"><ele>694</ele></trkpt>
   <trkpt lat="45.154901" lon="3.576871"><ele>692.25</ele></trkpt>
   <trkpt lat="45.154831" lon="3.576611"><ele>691</ele></trkpt>
   <trkpt lat="45.154687" lon="3.575809"><ele>688.5</ele></trkpt>
   <trkpt lat="45.154644" lon="3.575603"><ele>687</ele></trkpt>
   <trkpt lat="45.154568" lon="3.57539"><ele>686.25</ele></trkpt>
   <trkpt lat="45.154469" lon="3.575228"><ele>685.5</ele></trkpt>
   <trkpt lat="45.15436" lon="3.575096"><ele>684.75</ele></trkpt>
   <trkpt lat="45.153358" lon="3.574141"><ele>681.75</ele></trkpt>
   <trkpt lat="45.153191" lon="3.573889"><ele>682</ele></trkpt>
   <trkpt lat="45.152948" lon="3.573443"><ele>682.75</ele></trkpt>
   <trkpt lat="45.152836" lon="3.573265"><ele>683.5</ele></trkpt>
   <trkpt lat="45.152733" lon="3.573145"><ele>683.75</ele></trkpt>
   <trkpt lat="45.152595" lon="3.57304"><ele>684</ele></trkpt>
   <trkpt lat="45.151918" lon="3.572674"><ele>687.25</ele></trkpt>
   <trkpt lat="45.151805" lon="3.572578"><ele>687.5</ele></trkpt>
   <trkpt lat="45.151712" lon="3.572494"><ele>687.5</ele></trkpt>
   <trkpt lat="45.15164" lon="3.572403"><ele>687.25</ele></trkpt>
   <trkpt lat="45.151535" lon="3.572223"><ele>686.75</ele></trkpt>
   <trkpt lat="45.151281" lon="3.571733"><ele>686.25</ele></trkpt>
   <trkpt lat="45.150943" lon="3.571027"><ele>685.5</ele></trkpt>
   <trkpt lat="45.150644" lon="3.570405"><ele>685.25</ele></trkpt>
   <trkpt lat="45.150591" lon="3.570374"><ele>685</ele></trkpt>
   <trkpt lat="45.150532" lon="3.570375"><ele>684.5</ele></trkpt>
   <trkpt lat="45.150445" lon="3.570424"><ele>683.5</ele></trkpt>
   <trkpt lat="45.149779" lon="3.570981"><ele>681.25</ele></trkpt>
   <trkpt lat="45.149695" lon="3.571068"><ele>681</ele></trkpt>
   <trkpt lat="45.149625" lon="3.571113"><ele>681.25</ele></trkpt>
   <trkpt lat="45.149549" lon="3.571128"><ele>681</ele></trkpt>
   <trkpt lat="45.149458" lon="3.571118"><ele>680</ele></trkpt>
   <trkpt lat="45.14941" lon="3.571093"><ele>679.5</ele></trkpt>
   <trkpt lat="45.149379" lon="3.571065"><ele>679</ele></trkpt>
   <trkpt lat="45.149303" lon="3.570952"><ele>678.25</ele></trkpt>
   <trkpt lat="45.149271" lon="3.570837"><ele>678.25</ele></trkpt>
   <trkpt lat="45.149261" lon="3.570697"><ele>679.25</ele></trkpt>
   <trkpt lat="45.149275" lon="3.570594"><ele>680</ele></trkpt>
   <trkpt lat="45.14931" lon="3.570482"><ele>680.5</ele></trkpt>
   <trkpt lat="45.149533" lon="3.570144"><ele>680</ele></trkpt>
   <trkpt lat="45.149631" lon="3.569914"><ele>680.5</ele></trkpt>
   <trkpt lat="45.149994" lon="3.568605"><ele>687</ele></trkpt>
   <trkpt lat="45.150131" lon="3.568216"><ele>689.75</ele></trkpt>
   <trkpt lat="45.150182" lon="3.568023"><ele>690.75</ele></trkpt>
   <trkpt lat="45.150191" lon="3.567831"><ele>691.25</ele></trkpt>
   <trkpt lat="45.150164" lon="3.567644"><ele>691.5</ele></trkpt>
   <trkpt lat="45.150089" lon="3.567478"><ele>691.5</ele></trkpt>
   <trkpt lat="45.149999" lon="3.567381"><ele>691.5</ele></trkpt>
   <trkpt lat="45.14987" lon="3.567274"><ele>691.5</ele></trkpt>
   <trkpt lat="45.149756" lon="3.567233"><ele>691.75</ele></trkpt>
   <trkpt lat="45.149616" lon="3.56721"><ele>691.75</ele></trkpt>
   <trkpt lat="45.149298" lon="3.567263"><ele>692.75</ele></trkpt>
   <trkpt lat="45.149029" lon="3.567359"><ele>693.5</ele></trkpt>
   <trkpt lat="45.148914" lon="3.567378"><ele>694</ele></trkpt>
   <trkpt lat="45.148757" lon="3.567349"><ele>694.25</ele></trkpt>
   <trkpt lat="45.148587" lon="3.567225"><ele>694</ele></trkpt>
   <trkpt lat="45.148103" lon="3.566695"><ele>694.75</ele></trkpt>
   <trkpt lat="45.147762" lon="3.566399"><ele>695</ele></trkpt>
   <trkpt lat="45.147516" lon="3.566228"><ele>696.25</ele></trkpt>
   <trkpt lat="45.147194" lon="3.566131"><ele>697.25</ele></trkpt>
   <trkpt lat="45.146926" lon="3.566013"><ele>698.5</ele></trkpt>
   <trkpt lat="45.146479" lon="3.565755"><ele>700</ele></trkpt>
   <trkpt lat="45.145897" lon="3.56537"><ele>700</ele></trkpt>
   <trkpt lat="45.144818" lon="3.564543"><ele>696.5</ele></trkpt>
   <trkpt lat="45.144652" lon="3.564463"><ele>696</ele></trkpt>
   <trkpt lat="45.144435" lon="3.564468"><ele>696</ele></trkpt>
   <trkpt lat="45.144132" lon="3.564447"><ele>694.75</ele></trkpt>
   <trkpt lat="45.143886" lon="3.564379"><ele>693.5</ele></trkpt>
   <trkpt lat="45.143621" lon="3.564166"><ele>694.75</ele></trkpt>
   <trkpt lat="45.14345" lon="3.563958"><ele>695.25</ele></trkpt>
   <trkpt lat="45.143109" lon="3.563389"><ele>697.75</ele></trkpt>
   <trkpt lat="45.14306" lon="3.563327"><ele>697.75</ele></trkpt>
   <trkpt lat="45.14301" lon="3.563217"><ele>698.25</ele></trkpt>
   <trkpt lat="45.142913" lon="3.56314"><ele>699</ele></trkpt>
   <trkpt lat="45.14283" lon="3.56312"><ele>699.75</ele></trkpt>
   <trkpt lat="45.142785" lon="3.563116"><ele>700</ele></trkpt>
   <trkpt lat="45.142741" lon="3.563117"><ele>700</ele></trkpt>
   <trkpt lat="45.142706" lon="3.563136"><ele>700.25</ele></trkpt>
   <trkpt lat="45.142627" lon="3.563196"><ele>700.5</ele></trkpt>
   <trkpt lat="45.142495" lon="3.563213"><ele>700.5</ele></trkpt>
   <trkpt lat="45.142446" lon="3.563252"><ele>700.5</ele></trkpt>
   <trkpt lat="45.142294" lon="3.563323"><ele>700</ele></trkpt>
   <trkpt lat="45.142123" lon="3.563377"><ele>699.75</ele></trkpt>
   <trkpt lat="45.142061" lon="3.563423"><ele>699.5</ele></trkpt>
   <trkpt lat="45.141624" lon="3.563664"><ele>698.5</ele></trkpt>
   <trkpt lat="45.141269" lon="3.563856"><ele>697.25</ele></trkpt>
   <trkpt lat="45.140868" lon="3.564087"><ele>696</ele></trkpt>
   <trkpt lat="45.140496" lon="3.564257"><ele>696.25</ele></trkpt>
   <trkpt lat="45.140403" lon="3.564285"><ele>695.75</ele></trkpt>
   <trkpt lat="45.140392" lon="3.564352"><ele>695.75</ele></trkpt>
   <trkpt lat="45.140341" lon="3.564461"><ele>695.75</ele></trkpt>
   <trkpt lat="45.140061" lon="3.564879"><ele>699.75</ele></trkpt>
   <trkpt lat="45.139925" lon="3.565182"><ele>700.75</ele></trkpt>
   <trkpt lat="45.139581" lon="3.566047"><ele>703.5</ele></trkpt>
   <trkpt lat="45.13936" lon="3.566669"><ele>705.25</ele></trkpt>
   <trkpt lat="45.139249" lon="3.567087"><ele>706.25</ele></trkpt>
   <trkpt lat="45.139167" lon="3.567583"><ele>708</ele></trkpt>
   <trkpt lat="45.139118" lon="3.568021"><ele>708.5</ele></trkpt>
   <trkpt lat="45.139087" lon="3.56869"><ele>710.75</ele></trkpt>
   <trkpt lat="45.139034" lon="3.56891"><ele>711</ele></trkpt>
   <trkpt lat="45.138975" lon="3.569074"><ele>711.5</ele></trkpt>
   <trkpt lat="45.13889" lon="3.569224"><ele>712</ele></trkpt>
   <trkpt lat="45.138768" lon="3.569345"><ele>712.25</ele></trkpt>
   <trkpt lat="45.138645" lon="3.569417"><ele>712.75</ele></trkpt>
   <trkpt lat="45.138287" lon="3.569598"><ele>714</ele></trkpt>
   <trkpt lat="45.136519" lon="3.570426"><ele>720.5</ele></trkpt>
   <trkpt lat="45.136017" lon="3.570815"><ele>721.75</ele></trkpt>
   <trkpt lat="45.135777" lon="3.571187"><ele>724</ele></trkpt>
   <trkpt lat="45.135245" lon="3.572939"><ele>729</ele></trkpt>
   <trkpt lat="45.135192" lon="3.57339"><ele>730.25</ele></trkpt>
   <trkpt lat="45.13526" lon="3.573787"><ele>731.5</ele></trkpt>
   <trkpt lat="45.135467" lon="3.57446"><ele>732.5</ele></trkpt>
   <trkpt lat="45.13552" lon="3.574846"><ele>734</ele></trkpt>
   <trkpt lat="45.135482" lon="3.575307"><ele>735.5</ele></trkpt>
   <trkpt lat="45.135361" lon="3.575737"><ele>736.25</ele></trkpt>
   <trkpt lat="45.135119" lon="3.576091"><ele>736.5</ele></trkpt>
   <trkpt lat="45.134749" lon="3.576694"><ele>739.25</ele></trkpt>
   <trkpt lat="45.134564" lon="3.577039"><ele>740.25</ele></trkpt>
   <trkpt lat="45.13445" lon="3.577333"><ele>741.25</ele></trkpt>
   <trkpt lat="45.134378" lon="3.577664"><ele>741.5</ele></trkpt>
   <trkpt lat="45.134329" lon="3.578037"><ele>741.75</ele></trkpt>
   <trkpt lat="45.134313" lon="3.578326"><ele>742.5</ele></trkpt>
   <trkpt lat="45.134322" lon="3.578679"><ele>743.25</ele></trkpt>
   <trkpt lat="45.134355" lon="3.579113"><ele>744.5</ele></trkpt>
   <trkpt lat="45.13446" lon="3.579577"><ele>745.5</ele></trkpt>
   <trkpt lat="45.134695" lon="3.580414"><ele>747.25</ele></trkpt>
   <trkpt lat="45.134808" lon="3.580693"><ele>747.75</ele></trkpt>
   <trkpt lat="45.13496" lon="3.580919"><ele>748.5</ele></trkpt>
   <trkpt lat="45.135092" lon="3.581045"><ele>749.25</ele></trkpt>
   <trkpt lat="45.135219" lon="3.581132"><ele>749.75</ele></trkpt>
   <trkpt lat="45.135652" lon="3.581318"><ele>751.25</ele></trkpt>
   <trkpt lat="45.135796" lon="3.581388"><ele>751.75</ele></trkpt>
   <trkpt lat="45.135931" lon="3.581488"><ele>751.75</ele></trkpt>
   <trkpt lat="45.136099" lon="3.581698"><ele>752.75</ele></trkpt>
   <trkpt lat="45.136154" lon="3.581795"><ele>753</ele></trkpt>
   <trkpt lat="45.13621" lon="3.581895"><ele>753</ele></trkpt>
   <trkpt lat="45.136399" lon="3.582276"><ele>754</ele></trkpt>
   <trkpt lat="45.136583" lon="3.582756"><ele>754.5</ele></trkpt>
   <trkpt lat="45.136654" lon="3.583057"><ele>755.75</ele></trkpt>
   <trkpt lat="45.136689" lon="3.583402"><ele>757</ele></trkpt>
   <trkpt lat="45.136685" lon="3.583653"><ele>758</ele></trkpt>
   <trkpt lat="45.136645" lon="3.583975"><ele>759</ele></trkpt>
   <trkpt lat="45.136479" lon="3.584741"><ele>761.25</ele></trkpt>
   <trkpt lat="45.136449" lon="3.584872"><ele>761.25</ele></trkpt>
   <trkpt lat="45.136021" lon="3.586791"><ele>766.25</ele></trkpt>
   <trkpt lat="45.135779" lon="3.587665"><ele>767.5</ele></trkpt>
   <trkpt lat="45.135743" lon="3.58786"><ele>768</ele></trkpt>
   <trkpt lat="45.135716" lon="3.588139"><ele>768.5</ele></trkpt>
   <trkpt lat="45.135728" lon="3.588447"><ele>769.5</ele></trkpt>
   <trkpt lat="45.135777" lon="3.588676"><ele>770.5</ele></trkpt>
   <trkpt lat="45.135959" lon="3.589276"><ele>773</ele></trkpt>
   <trkpt lat="45.135977" lon="3.589396"><ele>772.75</ele></trkpt>
   <trkpt lat="45.135969" lon="3.589521"><ele>773.5</ele></trkpt>
   <trkpt lat="45.135941" lon="3.589607"><ele>774</ele></trkpt>
   <trkpt lat="45.135885" lon="3.589689"><ele>774.75</ele></trkpt>
   <trkpt lat="45.135819" lon="3.589756"><ele>775.5</ele></trkpt>
   <trkpt lat="45.135582" lon="3.589871"><ele>775.75</ele></trkpt>
   <trkpt lat="45.135315" lon="3.590017"><ele>776.5</ele></trkpt>
   <trkpt lat="45.135159" lon="3.590183"><ele>777</ele></trkpt>
   <trkpt lat="45.135053" lon="3.590323"><ele>777.75</ele></trkpt>
   <trkpt lat="45.134948" lon="3.590477"><ele>778</ele></trkpt>
   <trkpt lat="45.134748" lon="3.590806"><ele>779</ele></trkpt>
   <trkpt lat="45.134559" lon="3.591165"><ele>780.5</ele></trkpt>
   <trkpt lat="45.134416" lon="3.591498"><ele>781.25</ele></trkpt>
   <trkpt lat="45.134271" lon="3.592077"><ele>783.5</ele></trkpt>
   <trkpt lat="45.134139" lon="3.592488"><ele>783.75</ele></trkpt>
   <trkpt lat="45.134006" lon="3.592934"><ele>784.5</ele></trkpt>
   <trkpt lat="45.133911" lon="3.5933"><ele>787</ele></trkpt>
   <trkpt lat="45.133674" lon="3.594343"><ele>790.5</ele></trkpt>
   <trkpt lat="45.133612" lon="3.59449"><ele>790.5</ele></trkpt>
   <trkpt lat="45.133559" lon="3.594576"><ele>791</ele></trkpt>
   <trkpt lat="45.133434" lon="3.594653"><ele>790.75</ele></trkpt>
   <trkpt lat="45.133297" lon="3.594701"><ele>790.75</ele></trkpt>
   <trkpt lat="45.133141" lon="3.594822"><ele>791.75</ele></trkpt>
   <trkpt lat="45.132878" lon="3.595078"><ele>793</ele></trkpt>
   <trkpt lat="45.132093" lon="3.596061"><ele>797.25</ele></trkpt>
   <trkpt lat="45.131845" lon="3.596467"><ele>798.5</ele></trkpt>
   <trkpt lat="45.13169" lon="3.596797"><ele>799.75</ele></trkpt>
   <trkpt lat="45.131636" lon="3.597026"><ele>799</ele></trkpt>
   <trkpt lat="45.131591" lon="3.597276"><ele>798.75</ele></trkpt>
   <trkpt lat="45.131607" lon="3.597508"><ele>800.5</ele></trkpt>
   <trkpt lat="45.131697" lon="3.59787"><ele>801.75</ele></trkpt>
   <trkpt lat="45.131789" lon="3.598119"><ele>801.5</ele></trkpt>
   <trkpt lat="45.131849" lon="3.598407"><ele>801.25</ele></trkpt>
   <trkpt lat="45.131877" lon="3.59866"><ele>802</ele></trkpt>
   <trkpt lat="45.131878" lon="3.599222"><ele>803.25</ele></trkpt>
   <trkpt lat="45.131943" lon="3.599443"><ele>806.75</ele></trkpt>
   <trkpt lat="45.132038" lon="3.599555"><ele>806.75</ele></trkpt>
   <trkpt lat="45.132347" lon="3.599772"><ele>808.25</ele></trkpt>
   <trkpt lat="45.132592" lon="3.600037"><ele>809.75</ele></trkpt>
   <trkpt lat="45.133113" lon="3.600756"><ele>812</ele></trkpt>
   <trkpt lat="45.133249" lon="3.601021"><ele>812.5</ele></trkpt>
   <trkpt lat="45.133332" lon="3.601293"><ele>813.5</ele></trkpt>
   <trkpt lat="45.133499" lon="3.602175"><ele>815.25</ele></trkpt>
   <trkpt lat="45.133696" lon="3.603621"><ele>819</ele></trkpt>
   <trkpt lat="45.133809" lon="3.604062"><ele>820.25</ele></trkpt>
   <trkpt lat="45.133953" lon="3.604415"><ele>822.25</ele></trkpt>
   <trkpt lat="45.134116" lon="3.604666"><ele>822.25</ele></trkpt>
   <trkpt lat="45.134331" lon="3.604844"><ele>824.25</ele></trkpt>
   <trkpt lat="45.134678" lon="3.605184"><ele>825.25</ele></trkpt>
   <trkpt lat="45.134839" lon="3.605434"><ele>826.25</ele></trkpt>
   <trkpt lat="45.134945" lon="3.605705"><ele>826.75</ele></trkpt>
   <trkpt lat="45.134999" lon="3.605965"><ele>827.75</ele></trkpt>
   <trkpt lat="45.135009" lon="3.606322"><ele>828.25</ele></trkpt>
   <trkpt lat="45.135005" lon="3.607387"><ele>830.75</ele></trkpt>
   <trkpt lat="45.13496" lon="3.607794"><ele>832.5</ele></trkpt>
   <trkpt lat="45.134906" lon="3.608064"><ele>833</ele></trkpt>
   <trkpt lat="45.134791" lon="3.608296"><ele>834</ele></trkpt>
   <trkpt lat="45.134726" lon="3.608362"><ele>834.25</ele></trkpt>
   <trkpt lat="45.134634" lon="3.608395"><ele>834.75</ele></trkpt>
   <trkpt lat="45.134522" lon="3.608395"><ele>835.5</ele></trkpt>
   <trkpt lat="45.134428" lon="3.608355"><ele>836</ele></trkpt>
   <trkpt lat="45.134359" lon="3.608282"><ele>836.25</ele></trkpt>
   <trkpt lat="45.134241" lon="3.608095"><ele>836.5</ele></trkpt>
   <trkpt lat="45.134137" lon="3.607761"><ele>837.25</ele></trkpt>
   <trkpt lat="45.134044" lon="3.607183"><ele>838</ele></trkpt>
   <trkpt lat="45.133968" lon="3.606936"><ele>837.5</ele></trkpt>
   <trkpt lat="45.133824" lon="3.606775"><ele>839</ele></trkpt>
   <trkpt lat="45.132863" lon="3.606389"><ele>843.5</ele></trkpt>
   <trkpt lat="45.132356" lon="3.606475"><ele>845.75</ele></trkpt>
   <trkpt lat="45.13172" lon="3.606904"><ele>848.5</ele></trkpt>
   <trkpt lat="45.130888" lon="3.607633"><ele>852.25</ele></trkpt>
   <trkpt lat="45.130335" lon="3.608545"><ele>856.5</ele></trkpt>
   <trkpt lat="45.130108" lon="3.608889"><ele>858</ele></trkpt>
   <trkpt lat="45.129654" lon="3.60921"><ele>860</ele></trkpt>
   <trkpt lat="45.129351" lon="3.609565"><ele>862</ele></trkpt>
   <trkpt lat="45.129033" lon="3.610165"><ele>864.25</ele></trkpt>
   <trkpt lat="45.128874" lon="3.610273"><ele>864</ele></trkpt>
   <trkpt lat="45.128269" lon="3.61009"><ele>867.25</ele></trkpt>
   <trkpt lat="45.128125" lon="3.609919"><ele>867.5</ele></trkpt>
   <trkpt lat="45.128043" lon="3.60968"><ele>869</ele></trkpt>
   <trkpt lat="45.127966" lon="3.609393"><ele>870</ele></trkpt>
   <trkpt lat="45.127919" lon="3.609267"><ele>870.5</ele></trkpt>
   <trkpt lat="45.127856" lon="3.609146"><ele>871</ele></trkpt>
   <trkpt lat="45.127711" lon="3.608996"><ele>872.25</ele></trkpt>
   <trkpt lat="45.127601" lon="3.608948"><ele>872.75</ele></trkpt>
   <trkpt lat="45.126702" lon="3.608814"><ele>875.5</ele></trkpt>
   <trkpt lat="45.126384" lon="3.608728"><ele>876.75</ele></trkpt>
   <trkpt lat="45.125786" lon="3.608449"><ele>880.25</ele></trkpt>
   <trkpt lat="45.125563" lon="3.608449"><ele>881.75</ele></trkpt>
   <trkpt lat="45.125419" lon="3.608615"><ele>882.75</ele></trkpt>
   <trkpt lat="45.125343" lon="3.60884"><ele>883.5</ele></trkpt>
   <trkpt lat="45.125109" lon="3.610049"><ele>886.75</ele></trkpt>
   <trkpt lat="45.124832" lon="3.611485"><ele>891.5</ele></trkpt>
   <trkpt lat="45.12479" lon="3.611716"><ele>892.75</ele></trkpt>
   <trkpt lat="45.124684" lon="3.612177"><ele>893</ele></trkpt>
   <trkpt lat="45.124633" lon="3.612441"><ele>893.75</ele></trkpt>
   <trkpt lat="45.124578" lon="3.612923"><ele>895</ele></trkpt>
   <trkpt lat="45.124567" lon="3.613276"><ele>895.25</ele></trkpt>
   <trkpt lat="45.124574" lon="3.61343"><ele>895.5</ele></trkpt>
   <trkpt lat="45.124638" lon="3.614149"><ele>897.25</ele></trkpt>
   <trkpt lat="45.12456" lon="3.614388"><ele>898</ele></trkpt>
   <trkpt lat="45.124543" lon="3.61448"><ele>898.25</ele></trkpt>
   <trkpt lat="45.12451" lon="3.614478"><ele>898</ele></trkpt>
   <trkpt lat="45.1244" lon="3.614494"><ele>897.5</ele></trkpt>
   <trkpt lat="45.124058" lon="3.614542"><ele>894.5</ele></trkpt>
   <trkpt lat="45.123977" lon="3.614553"><ele>894</ele></trkpt>
   <trkpt lat="45.123712" lon="3.614645"><ele>893.25</ele></trkpt>
   <trkpt lat="45.123646" lon="3.614689"><ele>893</ele></trkpt>
   <trkpt lat="45.123601" lon="3.614719"><ele>892.75</ele></trkpt>
   <trkpt lat="45.123553" lon="3.614752"><ele>892.75</ele></trkpt>
   <trkpt lat="45.123401" lon="3.61494"><ele>892.25</ele></trkpt>
   <trkpt lat="45.123356" lon="3.615035"><ele>892</ele></trkpt>
   <trkpt lat="45.12328" lon="3.615192"><ele>891.75</ele></trkpt>
   <trkpt lat="45.122912" lon="3.616188"><ele>891.25</ele></trkpt>
   <trkpt lat="45.122423" lon="3.617648"><ele>891</ele></trkpt>
   <trkpt lat="45.122319" lon="3.617912"><ele>890.5</ele></trkpt>
   <trkpt lat="45.120899" lon="3.620519"><ele>874.75</ele></trkpt>
   <trkpt lat="45.119492" lon="3.622895"><ele>858</ele></trkpt>
   <trkpt lat="45.119257" lon="3.623238"><ele>855.5</ele></trkpt>
   <trkpt lat="45.118929" lon="3.623541"><ele>854.5</ele></trkpt>
   <trkpt lat="45.11866" lon="3.623831"><ele>857</ele></trkpt>
   <trkpt lat="45.118537" lon="3.624043"><ele>858</ele></trkpt>
   <trkpt lat="45.118458" lon="3.624246"><ele>859.5</ele></trkpt>
   <trkpt lat="45.118408" lon="3.624415"><ele>861</ele></trkpt>
   <trkpt lat="45.118255" lon="3.624996"><ele>864</ele></trkpt>
   <trkpt lat="45.118183" lon="3.625188"><ele>865</ele></trkpt>
   <trkpt lat="45.11809" lon="3.625417"><ele>866.5</ele></trkpt>
   <trkpt lat="45.117657" lon="3.626234"><ele>872.5</ele></trkpt>
   <trkpt lat="45.117471" lon="3.626696"><ele>874.5</ele></trkpt>
   <trkpt lat="45.117305" lon="3.627516"><ele>878.75</ele></trkpt>
   <trkpt lat="45.117218" lon="3.627822"><ele>881</ele></trkpt>
   <trkpt lat="45.117091" lon="3.628093"><ele>883</ele></trkpt>
   <trkpt lat="45.116921" lon="3.628308"><ele>884.25</ele></trkpt>
   <trkpt lat="45.116728" lon="3.62842"><ele>886.25</ele></trkpt>
   <trkpt lat="45.116614" lon="3.62846"><ele>887.25</ele></trkpt>
   <trkpt lat="45.116429" lon="3.628495"><ele>889</ele></trkpt>
   <trkpt lat="45.116006" lon="3.628505"><ele>890.5</ele></trkpt>
   <trkpt lat="45.115793" lon="3.628522"><ele>891</ele></trkpt>
   <trkpt lat="45.115555" lon="3.628559"><ele>892</ele></trkpt>
   <trkpt lat="45.115162" lon="3.628643"><ele>892.25</ele></trkpt>
   <trkpt lat="45.114906" lon="3.628718"><ele>892.75</ele></trkpt>
   <trkpt lat="45.114807" lon="3.628759"><ele>892.5</ele></trkpt>
   <trkpt lat="45.114729" lon="3.628804"><ele>892.5</ele></trkpt>
   <trkpt lat="45.114644" lon="3.628865"><ele>892.5</ele></trkpt>
   <trkpt lat="45.114593" lon="3.628907"><ele>892.5</ele></trkpt>
   <trkpt lat="45.11452" lon="3.628983"><ele>892.5</ele></trkpt>
   <trkpt lat="45.114415" lon="3.629123"><ele>892.75</ele></trkpt>
   <trkpt lat="45.114337" lon="3.629241"><ele>893</ele></trkpt>
   <trkpt lat="45.114254" lon="3.629396"><ele>893.25</ele></trkpt>
   <trkpt lat="45.113908" lon="3.630107"><ele>894.25</ele></trkpt>
   <trkpt lat="45.113814" lon="3.630275"><ele>894.25</ele></trkpt>
   <trkpt lat="45.113722" lon="3.630426"><ele>894.25</ele></trkpt>
   <trkpt lat="45.113613" lon="3.630578"><ele>895</ele></trkpt>
   <trkpt lat="45.113535" lon="3.630678"><ele>895</ele></trkpt>
   <trkpt lat="45.113438" lon="3.630786"><ele>895.5</ele></trkpt>
   <trkpt lat="45.11339" lon="3.630833"><ele>895.75</ele></trkpt>
   <trkpt lat="45.113225" lon="3.630967"><ele>896.75</ele></trkpt>
   <trkpt lat="45.113017" lon="3.631106"><ele>897</ele></trkpt>
   <trkpt lat="45.112822" lon="3.631205"><ele>898</ele></trkpt>
   <trkpt lat="45.112718" lon="3.63124"><ele>898.5</ele></trkpt>
   <trkpt lat="45.112624" lon="3.631261"><ele>898.75</ele></trkpt>
   <trkpt lat="45.11247" lon="3.631283"><ele>899</ele></trkpt>
   <trkpt lat="45.112237" lon="3.631287"><ele>899</ele></trkpt>
   <trkpt lat="45.111535" lon="3.631199"><ele>899.75</ele></trkpt>
   <trkpt lat="45.111409" lon="3.631195"><ele>900.25</ele></trkpt>
   <trkpt lat="45.111303" lon="3.631205"><ele>900.5</ele></trkpt>
   <trkpt lat="45.111131" lon="3.631256"><ele>900.75</ele></trkpt>
   <trkpt lat="45.111023" lon="3.631306"><ele>901</ele></trkpt>
   <trkpt lat="45.11094" lon="3.631366"><ele>901.5</ele></trkpt>
   <trkpt lat="45.110795" lon="3.631486"><ele>902.25</ele></trkpt>
   <trkpt lat="45.110442" lon="3.631826"><ele>904.25</ele></trkpt>
   <trkpt lat="45.110335" lon="3.631911"><ele>904.75</ele></trkpt>
   <trkpt lat="45.110228" lon="3.631977"><ele>905.5</ele></trkpt>
   <trkpt lat="45.110097" lon="3.632048"><ele>906.75</ele></trkpt>
   <trkpt lat="45.109811" lon="3.632183"><ele>907.5</ele></trkpt>
   <trkpt lat="45.108547" lon="3.632758"><ele>912.25</ele></trkpt>
   <trkpt lat="45.108412" lon="3.632829"><ele>912</ele></trkpt>
   <trkpt lat="45.108231" lon="3.63294"><ele>912.25</ele></trkpt>
   <trkpt lat="45.107782" lon="3.633247"><ele>913.25</ele></trkpt>
   <trkpt lat="45.107621" lon="3.633327"><ele>913.25</ele></trkpt>
   <trkpt lat="45.107528" lon="3.633355"><ele>913</ele></trkpt>
   <trkpt lat="45.107438" lon="3.633368"><ele>913</ele></trkpt>
   <trkpt lat="45.107333" lon="3.633368"><ele>913</ele></trkpt>
   <trkpt lat="45.107247" lon="3.633351"><ele>913</ele></trkpt>
   <trkpt lat="45.107099" lon="3.633294"><ele>912.75</ele></trkpt>
   <trkpt lat="45.106833" lon="3.633138"><ele>912.25</ele></trkpt>
   <trkpt lat="45.105921" lon="3.632567"><ele>910.5</ele></trkpt>
   <trkpt lat="45.105832" lon="3.632527"><ele>910</ele></trkpt>
   <trkpt lat="45.105767" lon="3.632507"><ele>910</ele></trkpt>
   <trkpt lat="45.105497" lon="3.632483"><ele>909.75</ele></trkpt>
   <trkpt lat="45.105432" lon="3.632468"><ele>909.75</ele></trkpt>
   <trkpt lat="45.105381" lon="3.632448"><ele>909.75</ele></trkpt>
   <trkpt lat="45.105332" lon="3.632411"><ele>909.5</ele></trkpt>
   <trkpt lat="45.105146" lon="3.632229"><ele>908.5</ele></trkpt>
   <trkpt lat="45.105063" lon="3.632173"><ele>907.75</ele></trkpt>
   <trkpt lat="45.105001" lon="3.632155"><ele>907.5</ele></trkpt>
   <trkpt lat="45.104935" lon="3.632143"><ele>906.5</ele></trkpt>
   <trkpt lat="45.104842" lon="3.632157"><ele>905.5</ele></trkpt>
   <trkpt lat="45.10476" lon="3.63219"><ele>904.75</ele></trkpt>
   <trkpt lat="45.104685" lon="3.632236"><ele>904.25</ele></trkpt>
   <trkpt lat="45.104624" lon="3.632284"><ele>903.25</ele></trkpt>
   <trkpt lat="45.104575" lon="3.632327"><ele>902.75</ele></trkpt>
   <trkpt lat="45.10445" lon="3.632476"><ele>901.75</ele></trkpt>
   <trkpt lat="45.10441" lon="3.632537"><ele>901.25</ele></trkpt>
   <trkpt lat="45.104376" lon="3.632621"><ele>900.75</ele></trkpt>
   <trkpt lat="45.104347" lon="3.632728"><ele>900.5</ele></trkpt>
   <trkpt lat="45.104321" lon="3.632965"><ele>899.5</ele></trkpt>
   <trkpt lat="45.104305" lon="3.633354"><ele>897.75</ele></trkpt>
   <trkpt lat="45.104268" lon="3.633906"><ele>894.25</ele></trkpt>
   <trkpt lat="45.104163" lon="3.634825"><ele>889.75</ele></trkpt>
   <trkpt lat="45.104144" lon="3.634947"><ele>889.25</ele></trkpt>
   <trkpt lat="45.104117" lon="3.635051"><ele>889</ele></trkpt>
   <trkpt lat="45.10409" lon="3.635124"><ele>889</ele></trkpt>
   <trkpt lat="45.104049" lon="3.635198"><ele>888.75</ele></trkpt>
   <trkpt lat="45.10397" lon="3.635281"><ele>888.75</ele></trkpt>
   <trkpt lat="45.10392" lon="3.635307"><ele>888</ele></trkpt>
   <trkpt lat="45.103854" lon="3.635316"><ele>888</ele></trkpt>
   <trkpt lat="45.103791" lon="3.63531"><ele>888.25</ele></trkpt>
   <trkpt lat="45.103727" lon="3.635288"><ele>888.5</ele></trkpt>
   <trkpt lat="45.103678" lon="3.635254"><ele>888.5</ele></trkpt>
   <trkpt lat="45.103634" lon="3.635209"><ele>888.25</ele></trkpt>
   <trkpt lat="45.103604" lon="3.635159"><ele>888.25</ele></trkpt>
   <trkpt lat="45.103567" lon="3.635077"><ele>889</ele></trkpt>
   <trkpt lat="45.103544" lon="3.634989"><ele>889.25</ele></trkpt>
   <trkpt lat="45.103526" lon="3.634878"><ele>889.25</ele></trkpt>
   <trkpt lat="45.103485" lon="3.634444"><ele>889.5</ele></trkpt>
   <trkpt lat="45.103465" lon="3.63431"><ele>889.75</ele></trkpt>
   <trkpt lat="45.103429" lon="3.634184"><ele>890.25</ele></trkpt>
   <trkpt lat="45.103377" lon="3.634056"><ele>891.25</ele></trkpt>
   <trkpt lat="45.103316" lon="3.633943"><ele>892.25</ele></trkpt>
   <trkpt lat="45.103264" lon="3.633868"><ele>892.5</ele></trkpt>
   <trkpt lat="45.103204" lon="3.633808"><ele>892.75</ele></trkpt>
   <trkpt lat="45.103061" lon="3.633721"><ele>893.5</ele></trkpt>
   <trkpt lat="45.102987" lon="3.633698"><ele>894</ele></trkpt>
   <trkpt lat="45.102842" lon="3.633677"><ele>894.75</ele></trkpt>
   <trkpt lat="45.102755" lon="3.633679"><ele>895.25</ele></trkpt>
   <trkpt lat="45.101913" lon="3.63378"><ele>900</ele></trkpt>
   <trkpt lat="45.09943" lon="3.634025"><ele>907</ele></trkpt>
   <trkpt lat="45.099237" lon="3.634041"><ele>908</ele></trkpt>
   <trkpt lat="45.098999" lon="3.634037"><ele>909.25</ele></trkpt>
   <trkpt lat="45.098843" lon="3.634016"><ele>910</ele></trkpt>
   <trkpt lat="45.098732" lon="3.633991"><ele>910.75</ele></trkpt>
   <trkpt lat="45.09853" lon="3.63392"><ele>912</ele></trkpt>
   <trkpt lat="45.097923" lon="3.633585"><ele>916.25</ele></trkpt>
   <trkpt lat="45.09767" lon="3.633462"><ele>918</ele></trkpt>
   <trkpt lat="45.097252" lon="3.633281"><ele>917.75</ele></trkpt>
   <trkpt lat="45.09689" lon="3.633168"><ele>918.25</ele></trkpt>
   <trkpt lat="45.096481" lon="3.63309"><ele>916.75</ele></trkpt>
   <trkpt lat="45.096081" lon="3.633019"><ele>915.5</ele></trkpt>
   <trkpt lat="45.095725" lon="3.632955"><ele>913.5</ele></trkpt>
   <trkpt lat="45.09569" lon="3.632949"><ele>913.25</ele></trkpt>
   <trkpt lat="45.095302" lon="3.632878"><ele>910.75</ele></trkpt>
   <trkpt lat="45.095266" lon="3.632854"><ele>910.25</ele></trkpt>
   <trkpt lat="45.095192" lon="3.633008"><ele>910.75</ele></trkpt>
   <trkpt lat="45.09515" lon="3.633102"><ele>910.75</ele></trkpt>
   <trkpt lat="45.095129" lon="3.633204"><ele>911.25</ele></trkpt>
   <trkpt lat="45.095108" lon="3.633469"><ele>912.25</ele></trkpt>
   <trkpt lat="45.095097" lon="3.633609"><ele>912.25</ele></trkpt>
   <trkpt lat="45.095101" lon="3.633786"><ele>914</ele></trkpt>
   <trkpt lat="45.095106" lon="3.633992"><ele>915.25</ele></trkpt>
   <trkpt lat="45.094995" lon="3.63444"><ele>913.75</ele></trkpt>
   <trkpt lat="45.094739" lon="3.634591"><ele>912</ele></trkpt>
   <trkpt lat="45.094385" lon="3.634714"><ele>910.75</ele></trkpt>
   <trkpt lat="45.094226" lon="3.634695"><ele>910.75</ele></trkpt>
   <trkpt lat="45.094122" lon="3.63465"><ele>911</ele></trkpt>
   <trkpt lat="45.093902" lon="3.63447"><ele>911</ele></trkpt>
   <trkpt lat="45.093777" lon="3.634378"><ele>912.25</ele></trkpt>
   <trkpt lat="45.09372" lon="3.634336"><ele>913.25</ele></trkpt>
   <trkpt lat="45.093542" lon="3.634304"><ele>916.5</ele></trkpt>
   <trkpt lat="45.093272" lon="3.634296"><ele>920.25</ele></trkpt>
   <trkpt lat="45.092997" lon="3.634352"><ele>922.5</ele></trkpt>
   <trkpt lat="45.092929" lon="3.634312"><ele>924</ele></trkpt>
   <trkpt lat="45.09289" lon="3.634327"><ele>924.5</ele></trkpt>
   <trkpt lat="45.092583" lon="3.634504"><ele>927</ele></trkpt>
   <trkpt lat="45.092385" lon="3.634646"><ele>928.25</ele></trkpt>
   <trkpt lat="45.092319" lon="3.634705"><ele>928.75</ele></trkpt>
   <trkpt lat="45.092159" lon="3.634896"><ele>930.25</ele></trkpt>
   <trkpt lat="45.092093" lon="3.63507"><ele>930.75</ele></trkpt>
   <trkpt lat="45.092052" lon="3.63525"><ele>932</ele></trkpt>
   <trkpt lat="45.09204" lon="3.635467"><ele>932.5</ele></trkpt>
   <trkpt lat="45.092034" lon="3.635732"><ele>934</ele></trkpt>
   <trkpt lat="45.092041" lon="3.63701"><ele>937.75</ele></trkpt>
   <trkpt lat="45.09207" lon="3.637353"><ele>938.75</ele></trkpt>
   <trkpt lat="45.092155" lon="3.637828"><ele>939.25</ele></trkpt>
   <trkpt lat="45.092208" lon="3.638221"><ele>939.5</ele></trkpt>
   <trkpt lat="45.092206" lon="3.638441"><ele>940.5</ele></trkpt>
   <trkpt lat="45.092196" lon="3.638687"><ele>941.5</ele></trkpt>
   <trkpt lat="45.092159" lon="3.638973"><ele>943.5</ele></trkpt>
   <trkpt lat="45.092003" lon="3.639568"><ele>946.75</ele></trkpt>
   <trkpt lat="45.091959" lon="3.639795"><ele>948</ele></trkpt>
   <trkpt lat="45.091931" lon="3.640089"><ele>949.75</ele></trkpt>
   <trkpt lat="45.091915" lon="3.640567"><ele>952.5</ele></trkpt>
   <trkpt lat="45.091878" lon="3.640823"><ele>954.5</ele></trkpt>
   <trkpt lat="45.091809" lon="3.641352"><ele>957.25</ele></trkpt>
   <trkpt lat="45.091805" lon="3.641545"><ele>957.75</ele></trkpt>
   <trkpt lat="45.091821" lon="3.641738"><ele>958.25</ele></trkpt>
   <trkpt lat="45.091844" lon="3.641924"><ele>958.75</ele></trkpt>
   <trkpt lat="45.091894" lon="3.64212"><ele>959.5</ele></trkpt>
   <trkpt lat="45.091955" lon="3.642288"><ele>960.5</ele></trkpt>
   <trkpt lat="45.09203" lon="3.642437"><ele>962</ele></trkpt>
   <trkpt lat="45.092132" lon="3.642566"><ele>963</ele></trkpt>
   <trkpt lat="45.092275" lon="3.642683"><ele>963.75</ele></trkpt>
   <trkpt lat="45.092454" lon="3.642792"><ele>965</ele></trkpt>
   <trkpt lat="45.093238" lon="3.643121"><ele>971.5</ele></trkpt>
   <trkpt lat="45.093344" lon="3.643183"><ele>972.75</ele></trkpt>
   <trkpt lat="45.093474" lon="3.643318"><ele>974.25</ele></trkpt>
   <trkpt lat="45.093562" lon="3.643444"><ele>974.5</ele></trkpt>
   <trkpt lat="45.093624" lon="3.643577"><ele>974.75</ele></trkpt>
   <trkpt lat="45.093672" lon="3.643729"><ele>975.5</ele></trkpt>
   <trkpt lat="45.093703" lon="3.643921"><ele>976.5</ele></trkpt>
   <trkpt lat="45.093708" lon="3.64409"><ele>977.25</ele></trkpt>
   <trkpt lat="45.093696" lon="3.644305"><ele>978.5</ele></trkpt>
   <trkpt lat="45.093647" lon="3.644653"><ele>979.5</ele></trkpt>
   <trkpt lat="45.093577" lon="3.645004"><ele>981.25</ele></trkpt>
   <trkpt lat="45.093507" lon="3.645243"><ele>982.25</ele></trkpt>
   <trkpt lat="45.093399" lon="3.645461"><ele>984</ele></trkpt>
   <trkpt lat="45.093265" lon="3.645642"><ele>985.25</ele></trkpt>
   <trkpt lat="45.092221" lon="3.646709"><ele>994</ele></trkpt>
   <trkpt lat="45.092118" lon="3.646856"><ele>995</ele></trkpt>
   <trkpt lat="45.092018" lon="3.647092"><ele>996</ele></trkpt>
   <trkpt lat="45.091693" lon="3.648231"><ele>1001.75</ele></trkpt>
   <trkpt lat="45.091647" lon="3.648619"><ele>1004.25</ele></trkpt>
   <trkpt lat="45.091608" lon="3.648793"><ele>1005.75</ele></trkpt>
   <trkpt lat="45.091558" lon="3.648915"><ele>1006.5</ele></trkpt>
   <trkpt lat="45.091475" lon="3.649062"><ele>1006.5</ele></trkpt>
   <trkpt lat="45.090638" lon="3.649963"><ele>1011.5</ele></trkpt>
   <trkpt lat="45.09" lon="3.650683"><ele>1013.5</ele></trkpt>
   <trkpt lat="45.089566" lon="3.651259"><ele>1015.5</ele></trkpt>
   <trkpt lat="45.089379" lon="3.651451"><ele>1016</ele></trkpt>
   <trkpt lat="45.088784" lon="3.651892"><ele>1019.5</ele></trkpt>
   <trkpt lat="45.088629" lon="3.652053"><ele>1020.5</ele></trkpt>
   <trkpt lat="45.088437" lon="3.652331"><ele>1020.75</ele></trkpt>
   <trkpt lat="45.08828" lon="3.652582"><ele>1021</ele></trkpt>
   <trkpt lat="45.088179" lon="3.652816"><ele>1021</ele></trkpt>
   <trkpt lat="45.088125" lon="3.653027"><ele>1022</ele></trkpt>
   <trkpt lat="45.088076" lon="3.65337"><ele>1020.75</ele></trkpt>
   <trkpt lat="45.087966" lon="3.654411"><ele>1021</ele></trkpt>
   <trkpt lat="45.087692" lon="3.655674"><ele>1022.25</ele></trkpt>
   <trkpt lat="45.087605" lon="3.656056"><ele>1022.5</ele></trkpt>
   <trkpt lat="45.087474" lon="3.656637"><ele>1024</ele></trkpt>
   <trkpt lat="45.087426" lon="3.656783"><ele>1024.5</ele></trkpt>
   <trkpt lat="45.087318" lon="3.657115"><ele>1024.5</ele></trkpt>
   <trkpt lat="45.087074" lon="3.657669"><ele>1025.25</ele></trkpt>
   <trkpt lat="45.086315" lon="3.659226"><ele>1022</ele></trkpt>
   <trkpt lat="45.086211" lon="3.659409"><ele>1022</ele></trkpt>
   <trkpt lat="45.086112" lon="3.659563"><ele>1021.5</ele></trkpt>
   <trkpt lat="45.085995" lon="3.659696"><ele>1021</ele></trkpt>
   <trkpt lat="45.085834" lon="3.659813"><ele>1020.25</ele></trkpt>
   <trkpt lat="45.085696" lon="3.659889"><ele>1020.25</ele></trkpt>
   <trkpt lat="45.085172" lon="3.660073"><ele>1021.75</ele></trkpt>
   <trkpt lat="45.085006" lon="3.660168"><ele>1022</ele></trkpt>
   <trkpt lat="45.084232" lon="3.660854"><ele>1026.75</ele></trkpt>
   <trkpt lat="45.084107" lon="3.661001"><ele>1028.25</ele></trkpt>
   <trkpt lat="45.083982" lon="3.661192"><ele>1029.75</ele></trkpt>
   <trkpt lat="45.082986" lon="3.662946"><ele>1036.75</ele></trkpt>
   <trkpt lat="45.082705" lon="3.663362"><ele>1037.25</ele></trkpt>
   <trkpt lat="45.082463" lon="3.663659"><ele>1036.5</ele></trkpt>
   <trkpt lat="45.08194" lon="3.66418"><ele>1033.75</ele></trkpt>
   <trkpt lat="45.080675" lon="3.665333"><ele>1035.5</ele></trkpt>
   <trkpt lat="45.08019" lon="3.665859"><ele>1038.75</ele></trkpt>
   <trkpt lat="45.079694" lon="3.666545"><ele>1042.5</ele></trkpt>
   <trkpt lat="45.079429" lon="3.666873"><ele>1043.25</ele></trkpt>
   <trkpt lat="45.079307" lon="3.667162"><ele>1044</ele></trkpt>
   <trkpt lat="45.079139" lon="3.667747"><ele>1046.25</ele></trkpt>
   <trkpt lat="45.079069" lon="3.667956"><ele>1047.25</ele></trkpt>
   <trkpt lat="45.078982" lon="3.668123"><ele>1047.5</ele></trkpt>
   <trkpt lat="45.078682" lon="3.668541"><ele>1047.25</ele></trkpt>
   <trkpt lat="45.078501" lon="3.668852"><ele>1047.25</ele></trkpt>
   <trkpt lat="45.078194" lon="3.669169"><ele>1048.25</ele></trkpt>
   <trkpt lat="45.078016" lon="3.669464"><ele>1047</ele></trkpt>
   <trkpt lat="45.077845" lon="3.66985"><ele>1045</ele></trkpt>
   <trkpt lat="45.077737" lon="3.669976"><ele>1046.25</ele></trkpt>
   <trkpt lat="45.077554" lon="3.670113"><ele>1046.25</ele></trkpt>
   <trkpt lat="45.07726" lon="3.670279"><ele>1044.5</ele></trkpt>
   <trkpt lat="45.076351" lon="3.670711"><ele>1041.25</ele></trkpt>
   <trkpt lat="45.076209" lon="3.670778"><ele>1042</ele></trkpt>
   <trkpt lat="45.07608" lon="3.670864"><ele>1044</ele></trkpt>
   <trkpt lat="45.076012" lon="3.670998"><ele>1046.5</ele></trkpt>
   <trkpt lat="45.075989" lon="3.671164"><ele>1047.5</ele></trkpt>
   <trkpt lat="45.076013" lon="3.671272"><ele>1046.75</ele></trkpt>
   <trkpt lat="45.076031" lon="3.671357"><ele>1046.5</ele></trkpt>
   <trkpt lat="45.076167" lon="3.671529"><ele>1046.25</ele></trkpt>
   <trkpt lat="45.076349" lon="3.671631"><ele>1047.25</ele></trkpt>
   <trkpt lat="45.076826" lon="3.67176"><ele>1049.25</ele></trkpt>
   <trkpt lat="45.077055" lon="3.671867"><ele>1050.5</ele></trkpt>
   <trkpt lat="45.077254" lon="3.671974"><ele>1051.25</ele></trkpt>
   <trkpt lat="45.077485" lon="3.672189"><ele>1053.25</ele></trkpt>
   <trkpt lat="45.077626" lon="3.672232"><ele>1054</ele></trkpt>
   <trkpt lat="45.077997" lon="3.672205"><ele>1055</ele></trkpt>
   <trkpt lat="45.078095" lon="3.672248"><ele>1055.75</ele></trkpt>
   <trkpt lat="45.078201" lon="3.672323"><ele>1055.75</ele></trkpt>
   <trkpt lat="45.078512" lon="3.672752"><ele>1060.5</ele></trkpt>
   <trkpt lat="45.078861" lon="3.673106"><ele>1062.25</ele></trkpt>
   <trkpt lat="45.079754" lon="3.673895"><ele>1067.75</ele></trkpt>
   <trkpt lat="45.07994" lon="3.67416"><ele>1069.5</ele></trkpt>
   <trkpt lat="45.08005" lon="3.674388"><ele>1071.25</ele></trkpt>
   <trkpt lat="45.080207" lon="3.674791"><ele>1072</ele></trkpt>
   <trkpt lat="45.080326" lon="3.675182"><ele>1074.5</ele></trkpt>
   <trkpt lat="45.080353" lon="3.675472"><ele>1075.25</ele></trkpt>
   <trkpt lat="45.080308" lon="3.675745"><ele>1076.25</ele></trkpt>
   <trkpt lat="45.080085" lon="3.67634"><ele>1078.75</ele></trkpt>
   <trkpt lat="45.079921" lon="3.676716"><ele>1080.5</ele></trkpt>
   <trkpt lat="45.079188" lon="3.678411"><ele>1083.25</ele></trkpt>
   <trkpt lat="45.079073" lon="3.67861"><ele>1083.25</ele></trkpt>
   <trkpt lat="45.078957" lon="3.678744"><ele>1083</ele></trkpt>
   <trkpt lat="45.078804" lon="3.678851"><ele>1082.5</ele></trkpt>
   <trkpt lat="45.078641" lon="3.678873"><ele>1081.25</ele></trkpt>
   <trkpt lat="45.078482" lon="3.678851"><ele>1080.25</ele></trkpt>
   <trkpt lat="45.077694" lon="3.678572"><ele>1076</ele></trkpt>
   <trkpt lat="45.077544" lon="3.678591"><ele>1074.75</ele></trkpt>
   <trkpt lat="45.077417" lon="3.678653"><ele>1074.5</ele></trkpt>
   <trkpt lat="45.076978" lon="3.679228"><ele>1069.5</ele></trkpt>
   <trkpt lat="45.076794" lon="3.679573"><ele>1064.5</ele></trkpt>
   <trkpt lat="45.076197" lon="3.680997"><ele>1057.25</ele></trkpt>
   <trkpt lat="45.076146" lon="3.681204"><ele>1056.5</ele></trkpt>
   <trkpt lat="45.076141" lon="3.681432"><ele>1056</ele></trkpt>
   <trkpt lat="45.076197" lon="3.682006"><ele>1053.75</ele></trkpt>
   <trkpt lat="45.076169" lon="3.682226"><ele>1053</ele></trkpt>
   <trkpt lat="45.076103" lon="3.682403"><ele>1052</ele></trkpt>
   <trkpt lat="45.076004" lon="3.682542"><ele>1050.5</ele></trkpt>
   <trkpt lat="45.075826" lon="3.682633"><ele>1049</ele></trkpt>
   <trkpt lat="45.075463" lon="3.682698"><ele>1048.25</ele></trkpt>
   <trkpt lat="45.075266" lon="3.682816"><ele>1045.25</ele></trkpt>
   <trkpt lat="45.075091" lon="3.68302"><ele>1044.5</ele></trkpt>
   <trkpt lat="45.074925" lon="3.683336"><ele>1043.5</ele></trkpt>
   <trkpt lat="45.074747" lon="3.683545"><ele>1041.75</ele></trkpt>
   <trkpt lat="45.073678" lon="3.684377"><ele>1035.5</ele></trkpt>
   <trkpt lat="45.073371" lon="3.684597"><ele>1034</ele></trkpt>
   <trkpt lat="45.073235" lon="3.684779"><ele>1032.5</ele></trkpt>
   <trkpt lat="45.073155" lon="3.684983"><ele>1030.25</ele></trkpt>
   <trkpt lat="45.073034" lon="3.685326"><ele>1029.5</ele></trkpt>
   <trkpt lat="45.072896" lon="3.685538"><ele>1028.25</ele></trkpt>
   <trkpt lat="45.072765" lon="3.685675"><ele>1027.25</ele></trkpt>
   <trkpt lat="45.072576" lon="3.685798"><ele>1026.25</ele></trkpt>
   <trkpt lat="45.071663" lon="3.686243"><ele>1022</ele></trkpt>
   <trkpt lat="45.07147" lon="3.686356"><ele>1020.75</ele></trkpt>
   <trkpt lat="45.071333" lon="3.686496"><ele>1019.75</ele></trkpt>
   <trkpt lat="45.071258" lon="3.68671"><ele>1018.75</ele></trkpt>
   <trkpt lat="45.071246" lon="3.686882"><ele>1018.5</ele></trkpt>
   <trkpt lat="45.071271" lon="3.687096"><ele>1018.25</ele></trkpt>
   <trkpt lat="45.071311" lon="3.687284"><ele>1017.75</ele></trkpt>
   <trkpt lat="45.071407" lon="3.687461"><ele>1016.25</ele></trkpt>
   <trkpt lat="45.071534" lon="3.687638"><ele>1014.25</ele></trkpt>
   <trkpt lat="45.07182" lon="3.687925"><ele>1012.5</ele></trkpt>
   <trkpt lat="45.072015" lon="3.688062"><ele>1012</ele></trkpt>
   <trkpt lat="45.07261" lon="3.688325"><ele>1007.25</ele></trkpt>
   <trkpt lat="45.072743" lon="3.688421"><ele>1006.5</ele></trkpt>
   <trkpt lat="45.072845" lon="3.688593"><ele>1006.25</ele></trkpt>
   <trkpt lat="45.072921" lon="3.688767"><ele>1004.75</ele></trkpt>
   <trkpt lat="45.072974" lon="3.688953"><ele>1004.25</ele></trkpt>
   <trkpt lat="45.07303" lon="3.689226"><ele>1003.5</ele></trkpt>
   <trkpt lat="45.073125" lon="3.689521"><ele>1000.75</ele></trkpt>
   <trkpt lat="45.073254" lon="3.689865"><ele>999.5</ele></trkpt>
   <trkpt lat="45.073273" lon="3.689991"><ele>999.5</ele></trkpt>
   <trkpt lat="45.073262" lon="3.690127"><ele>999.25</ele></trkpt>
   <trkpt lat="45.073216" lon="3.690251"><ele>999</ele></trkpt>
   <trkpt lat="45.073121" lon="3.690347"><ele>998</ele></trkpt>
   <trkpt lat="45.072977" lon="3.690396"><ele>997</ele></trkpt>
   <trkpt lat="45.072553" lon="3.690412"><ele>995.25</ele></trkpt>
   <trkpt lat="45.071314" lon="3.690739"><ele>988.75</ele></trkpt>
   <trkpt lat="45.070932" lon="3.690905"><ele>987.5</ele></trkpt>
   <trkpt lat="45.070644" lon="3.69112"><ele>985.75</ele></trkpt>
   <trkpt lat="45.070416" lon="3.691331"><ele>983.75</ele></trkpt>
   <trkpt lat="45.070023" lon="3.691845"><ele>981.25</ele></trkpt>
   <trkpt lat="45.069182" lon="3.693374"><ele>973.5</ele></trkpt>
   <trkpt lat="45.069098" lon="3.693565"><ele>973.5</ele></trkpt>
   <trkpt lat="45.06882" lon="3.694414"><ele>968.5</ele></trkpt>
   <trkpt lat="45.068678" lon="3.694876"><ele>965.25</ele></trkpt>
   <trkpt lat="45.068534" lon="3.695274"><ele>964.25</ele></trkpt>
   <trkpt lat="45.068463" lon="3.695424"><ele>962</ele></trkpt>
   <trkpt lat="45.068284" lon="3.69569"><ele>961.25</ele></trkpt>
   <trkpt lat="45.068166" lon="3.695849"><ele>961</ele></trkpt>
   <trkpt lat="45.068019" lon="3.696021"><ele>960</ele></trkpt>
   <trkpt lat="45.067898" lon="3.696127"><ele>958.75</ele></trkpt>
   <trkpt lat="45.067755" lon="3.696236"><ele>958</ele></trkpt>
   <trkpt lat="45.067454" lon="3.696425"><ele>956.75</ele></trkpt>
   <trkpt lat="45.06733" lon="3.696488"><ele>956.25</ele></trkpt>
   <trkpt lat="45.067117" lon="3.696552"><ele>955</ele></trkpt>
   <trkpt lat="45.066825" lon="3.696543"><ele>953.25</ele></trkpt>
   <trkpt lat="45.06662" lon="3.6965"><ele>951.75</ele></trkpt>
   <trkpt lat="45.066319" lon="3.696368"><ele>950.75</ele></trkpt>
   <trkpt lat="45.066196" lon="3.696318"><ele>950.25</ele></trkpt>
   <trkpt lat="45.066029" lon="3.696302"><ele>949.5</ele></trkpt>
   <trkpt lat="45.065897" lon="3.696331"><ele>949.25</ele></trkpt>
   <trkpt lat="45.065779" lon="3.696393"><ele>948.5</ele></trkpt>
   <trkpt lat="45.065658" lon="3.696516"><ele>947.75</ele></trkpt>
   <trkpt lat="45.065596" lon="3.696622"><ele>948.25</ele></trkpt>
   <trkpt lat="45.065571" lon="3.696667"><ele>948.75</ele></trkpt>
   <trkpt lat="45.065521" lon="3.696919"><ele>948.75</ele></trkpt>
   <trkpt lat="45.065518" lon="3.697482"><ele>948.5</ele></trkpt>
   <trkpt lat="45.065491" lon="3.699456"><ele>950</ele></trkpt>
   <trkpt lat="45.06551" lon="3.699679"><ele>950.5</ele></trkpt>
   <trkpt lat="45.065556" lon="3.699896"><ele>951</ele></trkpt>
   <trkpt lat="45.065628" lon="3.700068"><ele>952</ele></trkpt>
   <trkpt lat="45.065722" lon="3.700218"><ele>952.25</ele></trkpt>
   <trkpt lat="45.065818" lon="3.700322"><ele>951.75</ele></trkpt>
   <trkpt lat="45.06608" lon="3.700532"><ele>951.75</ele></trkpt>
   <trkpt lat="45.066621" lon="3.700885"><ele>954.5</ele></trkpt>
   <trkpt lat="45.066787" lon="3.701013"><ele>954</ele></trkpt>
   <trkpt lat="45.067101" lon="3.701283"><ele>955.5</ele></trkpt>
   <trkpt lat="45.067281" lon="3.701412"><ele>956.5</ele></trkpt>
   <trkpt lat="45.067462" lon="3.701525"><ele>956.25</ele></trkpt>
   <trkpt lat="45.067851" lon="3.701748"><ele>959</ele></trkpt>
   <trkpt lat="45.067886" lon="3.701766"><ele>959.25</ele></trkpt>
   <trkpt lat="45.068038" lon="3.701843"><ele>959.5</ele></trkpt>
   <trkpt lat="45.068201" lon="3.701913"><ele>960</ele></trkpt>
   <trkpt lat="45.068303" lon="3.701948"><ele>960</ele></trkpt>
   <trkpt lat="45.069017" lon="3.701989"><ele>962</ele></trkpt>
   <trkpt lat="45.069148" lon="3.702015"><ele>962.5</ele></trkpt>
   <trkpt lat="45.069211" lon="3.702041"><ele>963.25</ele></trkpt>
   <trkpt lat="45.069273" lon="3.70209"><ele>963.75</ele></trkpt>
   <trkpt lat="45.06931" lon="3.702131"><ele>964.25</ele></trkpt>
   <trkpt lat="45.069356" lon="3.7022"><ele>964.75</ele></trkpt>
   <trkpt lat="45.06939" lon="3.70228"><ele>965</ele></trkpt>
   <trkpt lat="45.06942" lon="3.70238"><ele>965</ele></trkpt>
   <trkpt lat="45.069553" lon="3.703279"><ele>962.25</ele></trkpt>
   <trkpt lat="45.069571" lon="3.703462"><ele>961</ele></trkpt>
   <trkpt lat="45.06958" lon="3.703771"><ele>958.75</ele></trkpt>
   <trkpt lat="45.069559" lon="3.704106"><ele>956.5</ele></trkpt>
   <trkpt lat="45.069506" lon="3.704506"><ele>954.75</ele></trkpt>
   <trkpt lat="45.069452" lon="3.704791"><ele>953.25</ele></trkpt>
   <trkpt lat="45.06933" lon="3.705384"><ele>950.25</ele></trkpt>
   <trkpt lat="45.069079" lon="3.706549"><ele>945.5</ele></trkpt>
   <trkpt lat="45.069028" lon="3.706787"><ele>945</ele></trkpt>
   <trkpt lat="45.068936" lon="3.707158"><ele>942.5</ele></trkpt>
   <trkpt lat="45.068866" lon="3.707387"><ele>941.25</ele></trkpt>
   <trkpt lat="45.068641" lon="3.707955"><ele>939.75</ele></trkpt>
   <trkpt lat="45.068145" lon="3.709155"><ele>936</ele></trkpt>
   <trkpt lat="45.068048" lon="3.709393"><ele>935</ele></trkpt>
   <trkpt lat="45.067593" lon="3.710477"><ele>933</ele></trkpt>
   <trkpt lat="45.067481" lon="3.710773"><ele>932</ele></trkpt>
   <trkpt lat="45.067367" lon="3.711134"><ele>931.75</ele></trkpt>
   <trkpt lat="45.067308" lon="3.711345"><ele>931.25</ele></trkpt>
   <trkpt lat="45.067218" lon="3.71177"><ele>930.5</ele></trkpt>
   <trkpt lat="45.066874" lon="3.713562"><ele>925.5</ele></trkpt>
   <trkpt lat="45.0668" lon="3.713918"><ele>924.75</ele></trkpt>
   <trkpt lat="45.066738" lon="3.71418"><ele>923.5</ele></trkpt>
   <trkpt lat="45.066604" lon="3.714669"><ele>921.75</ele></trkpt>
   <trkpt lat="45.066531" lon="3.714956"><ele>921</ele></trkpt>
   <trkpt lat="45.066501" lon="3.715103"><ele>920.25</ele></trkpt>
   <trkpt lat="45.066478" lon="3.715275"><ele>919.5</ele></trkpt>
   <trkpt lat="45.066462" lon="3.715454"><ele>919</ele></trkpt>
   <trkpt lat="45.066423" lon="3.716307"><ele>915</ele></trkpt>
   <trkpt lat="45.066385" lon="3.716865"><ele>913.25</ele></trkpt>
   <trkpt lat="45.066348" lon="3.717182"><ele>912.25</ele></trkpt>
   <trkpt lat="45.066319" lon="3.717339"><ele>912</ele></trkpt>
   <trkpt lat="45.066279" lon="3.717489"><ele>912</ele></trkpt>
   <trkpt lat="45.066221" lon="3.717671"><ele>911</ele></trkpt>
   <trkpt lat="45.066009" lon="3.718263"><ele>906.75</ele></trkpt>
   <trkpt lat="45.065968" lon="3.718411"><ele>905.75</ele></trkpt>
   <trkpt lat="45.065943" lon="3.718527"><ele>904.75</ele></trkpt>
   <trkpt lat="45.065924" lon="3.71868"><ele>904.25</ele></trkpt>
   <trkpt lat="45.065912" lon="3.71882"><ele>904.75</ele></trkpt>
   <trkpt lat="45.065908" lon="3.71897"><ele>904.25</ele></trkpt>
   <trkpt lat="45.06591" lon="3.719099"><ele>903.5</ele></trkpt>
   <trkpt lat="45.065933" lon="3.719342"><ele>903.5</ele></trkpt>
   <trkpt lat="45.06597" lon="3.719566"><ele>904.75</ele></trkpt>
   <trkpt lat="45.066006" lon="3.719708"><ele>905.75</ele></trkpt>
   <trkpt lat="45.066042" lon="3.719816"><ele>906.25</ele></trkpt>
   <trkpt lat="45.066169" lon="3.720102"><ele>907.5</ele></trkpt>
   <trkpt lat="45.066517" lon="3.720721"><ele>909.25</ele></trkpt>
   <trkpt lat="45.066581" lon="3.720847"><ele>909.75</ele></trkpt>
   <trkpt lat="45.066679" lon="3.721083"><ele>908.5</ele></trkpt>
   <trkpt lat="45.066729" lon="3.721245"><ele>909.25</ele></trkpt>
   <trkpt lat="45.066766" lon="3.721404"><ele>909.75</ele></trkpt>
   <trkpt lat="45.066812" lon="3.721734"><ele>908.25</ele></trkpt>
   <trkpt lat="45.06682" lon="3.72188"><ele>908</ele></trkpt>
   <trkpt lat="45.066803" lon="3.7224"><ele>908.25</ele></trkpt>
   <trkpt lat="45.066775" lon="3.722792"><ele>908</ele></trkpt>
   <trkpt lat="45.06675" lon="3.72335"><ele>908.75</ele></trkpt>
   <trkpt lat="45.066757" lon="3.723516"><ele>909.25</ele></trkpt>
   <trkpt lat="45.066774" lon="3.723688"><ele>909.75</ele></trkpt>
   <trkpt lat="45.066798" lon="3.723838"><ele>910.25</ele></trkpt>
   <trkpt lat="45.066831" lon="3.723983"><ele>910.25</ele></trkpt>
   <trkpt lat="45.066881" lon="3.724145"><ele>910</ele></trkpt>
   <trkpt lat="45.067245" lon="3.725191"><ele>910.5</ele></trkpt>
   <trkpt lat="45.067548" lon="3.726122"><ele>910</ele></trkpt>
   <trkpt lat="45.067637" lon="3.726364"><ele>910</ele></trkpt>
   <trkpt lat="45.067705" lon="3.726519"><ele>909.5</ele></trkpt>
   <trkpt lat="45.067786" lon="3.726672"><ele>909.75</ele></trkpt>
   <trkpt lat="45.067851" lon="3.72678"><ele>909.25</ele></trkpt>
   <trkpt lat="45.067966" lon="3.72695"><ele>909.5</ele></trkpt>
   <trkpt lat="45.068067" lon="3.727118"><ele>908.75</ele></trkpt>
   <trkpt lat="45.068115" lon="3.72722"><ele>908</ele></trkpt>
   <trkpt lat="45.068176" lon="3.727381"><ele>908</ele></trkpt>
   <trkpt lat="45.068261" lon="3.727658"><ele>908.25</ele></trkpt>
   <trkpt lat="45.068445" lon="3.728218"><ele>908</ele></trkpt>
   <trkpt lat="45.068598" lon="3.728717"><ele>908.5</ele></trkpt>
   <trkpt lat="45.068657" lon="3.728955"><ele>907.75</ele></trkpt>
   <trkpt lat="45.068699" lon="3.729172"><ele>907.25</ele></trkpt>
   <trkpt lat="45.068742" lon="3.729451"><ele>906.5</ele></trkpt>
   <trkpt lat="45.068763" lon="3.729727"><ele>905</ele></trkpt>
   <trkpt lat="45.068777" lon="3.730045"><ele>903.75</ele></trkpt>
   <trkpt lat="45.068782" lon="3.730423"><ele>901.5</ele></trkpt>
   <trkpt lat="45.068776" lon="3.730543"><ele>901</ele></trkpt>
   <trkpt lat="45.068763" lon="3.73065"><ele>900.75</ele></trkpt>
   <trkpt lat="45.068737" lon="3.730781"><ele>900.25</ele></trkpt>
   <trkpt lat="45.068662" lon="3.731042"><ele>901.25</ele></trkpt>
   <trkpt lat="45.068576" lon="3.731232"><ele>901.25</ele></trkpt>
   <trkpt lat="45.068506" lon="3.731351"><ele>900.75</ele></trkpt>
   <trkpt lat="45.068257" lon="3.731714"><ele>901.25</ele></trkpt>
   <trkpt lat="45.06805" lon="3.732029"><ele>900.5</ele></trkpt>
   <trkpt lat="45.067899" lon="3.732311"><ele>900</ele></trkpt>
   <trkpt lat="45.067822" lon="3.7325"><ele>899</ele></trkpt>
   <trkpt lat="45.067781" lon="3.732621"><ele>898.5</ele></trkpt>
   <trkpt lat="45.067738" lon="3.732781"><ele>897.75</ele></trkpt>
   <trkpt lat="45.067707" lon="3.732938"><ele>897.25</ele></trkpt>
   <trkpt lat="45.067683" lon="3.733109"><ele>896.75</ele></trkpt>
   <trkpt lat="45.067669" lon="3.733274"><ele>896.5</ele></trkpt>
   <trkpt lat="45.067593" lon="3.734587"><ele>893</ele></trkpt>
   <trkpt lat="45.067593" lon="3.734908"><ele>892.75</ele></trkpt>
   <trkpt lat="45.06762" lon="3.73523"><ele>891.75</ele></trkpt>
   <trkpt lat="45.067735" lon="3.736101"><ele>889</ele></trkpt>
   <trkpt lat="45.067777" lon="3.736543"><ele>888.25</ele></trkpt>
   <trkpt lat="45.067786" lon="3.736734"><ele>887.75</ele></trkpt>
   <trkpt lat="45.067788" lon="3.736933"><ele>887.75</ele></trkpt>
   <trkpt lat="45.067772" lon="3.737265"><ele>886.75</ele></trkpt>
   <trkpt lat="45.067757" lon="3.737442"><ele>886</ele></trkpt>
   <trkpt lat="45.067711" lon="3.737778"><ele>885</ele></trkpt>
   <trkpt lat="45.067681" lon="3.737939"><ele>885</ele></trkpt>
   <trkpt lat="45.067607" lon="3.738245"><ele>884.5</ele></trkpt>
   <trkpt lat="45.067503" lon="3.738599"><ele>884.75</ele></trkpt>
   <trkpt lat="45.06726" lon="3.739298"><ele>883.75</ele></trkpt>
   <trkpt lat="45.06719" lon="3.739524"><ele>883.25</ele></trkpt>
   <trkpt lat="45.067067" lon="3.739964"><ele>882.5</ele></trkpt>
   <trkpt lat="45.067024" lon="3.74016"><ele>882.5</ele></trkpt>
   <trkpt lat="45.067003" lon="3.740296"><ele>882.5</ele></trkpt>
   <trkpt lat="45.066989" lon="3.740497"><ele>882.5</ele></trkpt>
   <trkpt lat="45.067047" lon="3.741915"><ele>881.5</ele></trkpt>
   <trkpt lat="45.067074" lon="3.742639"><ele>879</ele></trkpt>
   <trkpt lat="45.067077" lon="3.742823"><ele>878.25</ele></trkpt>
   <trkpt lat="45.067107" lon="3.743763"><ele>873</ele></trkpt>
   <trkpt lat="45.067117" lon="3.744037"><ele>873</ele></trkpt>
   <trkpt lat="45.067144" lon="3.744765"><ele>875.25</ele></trkpt>
   <trkpt lat="45.067173" lon="3.745122"><ele>875.25</ele></trkpt>
   <trkpt lat="45.067191" lon="3.745248"><ele>875</ele></trkpt>
   <trkpt lat="45.067247" lon="3.745488"><ele>874.75</ele></trkpt>
   <trkpt lat="45.067299" lon="3.745675"><ele>874.25</ele></trkpt>
   <trkpt lat="45.067472" lon="3.746209"><ele>873</ele></trkpt>
   <trkpt lat="45.067537" lon="3.746359"><ele>872.75</ele></trkpt>
   <trkpt lat="45.067586" lon="3.746466"><ele>872.5</ele></trkpt>
   <trkpt lat="45.068488" lon="3.74833"><ele>867.75</ele></trkpt>
   <trkpt lat="45.068556" lon="3.748429"><ele>867.25</ele></trkpt>
   <trkpt lat="45.068662" lon="3.748563"><ele>866.5</ele></trkpt>
   <trkpt lat="45.068688" lon="3.748612"><ele>866.25</ele></trkpt>
   <trkpt lat="45.0687" lon="3.748667"><ele>866.25</ele></trkpt>
   <trkpt lat="45.0687" lon="3.748792"><ele>866.25</ele></trkpt>
   <trkpt lat="45.068691" lon="3.748942"><ele>866.5</ele></trkpt>
   <trkpt lat="45.068697" lon="3.749088"><ele>866.5</ele></trkpt>
   <trkpt lat="45.06872" lon="3.749239"><ele>866</ele></trkpt>
   <trkpt lat="45.068729" lon="3.749362"><ele>865.25</ele></trkpt>
   <trkpt lat="45.068731" lon="3.749571"><ele>865.25</ele></trkpt>
   <trkpt lat="45.068725" lon="3.749656"><ele>865.25</ele></trkpt>
   <trkpt lat="45.068658" lon="3.750305"><ele>864.75</ele></trkpt>
   <trkpt lat="45.068642" lon="3.75046"><ele>864.75</ele></trkpt>
   <trkpt lat="45.068141" lon="3.755204"><ele>855.25</ele></trkpt>
   <trkpt lat="45.068124" lon="3.755368"><ele>854.75</ele></trkpt>
   <trkpt lat="45.06803" lon="3.756278"><ele>852.25</ele></trkpt>
   <trkpt lat="45.067933" lon="3.7571"><ele>849.25</ele></trkpt>
   <trkpt lat="45.067909" lon="3.75736"><ele>849.5</ele></trkpt>
   <trkpt lat="45.067902" lon="3.757493"><ele>849.5</ele></trkpt>
   <trkpt lat="45.067903" lon="3.757615"><ele>849.25</ele></trkpt>
   <trkpt lat="45.067916" lon="3.757781"><ele>849</ele></trkpt>
   <trkpt lat="45.067957" lon="3.757963"><ele>849</ele></trkpt>
   <trkpt lat="45.068004" lon="3.758105"><ele>849</ele></trkpt>
   <trkpt lat="45.068072" lon="3.758279"><ele>848.75</ele></trkpt>
   <trkpt lat="45.068412" lon="3.759064"><ele>848.25</ele></trkpt>
   <trkpt lat="45.068927" lon="3.760301"><ele>848.5</ele></trkpt>
   <trkpt lat="45.069115" lon="3.760767"><ele>848.75</ele></trkpt>
   <trkpt lat="45.069168" lon="3.760979"><ele>849.5</ele></trkpt>
   <trkpt lat="45.069213" lon="3.761216"><ele>850</ele></trkpt>
   <trkpt lat="45.069211" lon="3.761325"><ele>850.5</ele></trkpt>
   <trkpt lat="45.069198" lon="3.761368"><ele>850.75</ele></trkpt>
   <trkpt lat="45.06919" lon="3.761433"><ele>850.75</ele></trkpt>
   <trkpt lat="45.069194" lon="3.761498"><ele>850.75</ele></trkpt>
   <trkpt lat="45.069212" lon="3.761559"><ele>850.75</ele></trkpt>
   <trkpt lat="45.06924" lon="3.76161"><ele>850.5</ele></trkpt>
   <trkpt lat="45.069273" lon="3.761646"><ele>850.5</ele></trkpt>
   <trkpt lat="45.06931" lon="3.761668"><ele>850.25</ele></trkpt>
   <trkpt lat="45.069351" lon="3.761678"><ele>850.25</ele></trkpt>
   <trkpt lat="45.069461" lon="3.761817"><ele>849.75</ele></trkpt>
   <trkpt lat="45.069564" lon="3.762012"><ele>850</ele></trkpt>
   <trkpt lat="45.069643" lon="3.762282"><ele>851.75</ele></trkpt>
   <trkpt lat="45.069663" lon="3.762383"><ele>852</ele></trkpt>
   <trkpt lat="45.069686" lon="3.762541"><ele>852.25</ele></trkpt>
   <trkpt lat="45.069697" lon="3.762699"><ele>852.75</ele></trkpt>
   <trkpt lat="45.069691" lon="3.762992"><ele>853</ele></trkpt>
   <trkpt lat="45.069678" lon="3.763141"><ele>853.25</ele></trkpt>
   <trkpt lat="45.069654" lon="3.763281"><ele>853.25</ele></trkpt>
   <trkpt lat="45.069621" lon="3.763418"><ele>853.5</ele></trkpt>
   <trkpt lat="45.069537" lon="3.763679"><ele>854.25</ele></trkpt>
   <trkpt lat="45.069467" lon="3.763827"><ele>854.75</ele></trkpt>
   <trkpt lat="45.069395" lon="3.763961"><ele>855</ele></trkpt>
   <trkpt lat="45.069305" lon="3.764097"><ele>855</ele></trkpt>
   <trkpt lat="45.069207" lon="3.764222"><ele>854.75</ele></trkpt>
   <trkpt lat="45.069098" lon="3.764343"><ele>855.25</ele></trkpt>
   <trkpt lat="45.068814" lon="3.764628"><ele>855.25</ele></trkpt>
   <trkpt lat="45.068683" lon="3.764764"><ele>855</ele></trkpt>
   <trkpt lat="45.067759" lon="3.765699"><ele>854</ele></trkpt>
   <trkpt lat="45.067545" lon="3.765926"><ele>853</ele></trkpt>
   <trkpt lat="45.067407" lon="3.766089"><ele>852</ele></trkpt>
   <trkpt lat="45.067301" lon="3.76624"><ele>851.5</ele></trkpt>
   <trkpt lat="45.067185" lon="3.766435"><ele>851.5</ele></trkpt>
   <trkpt lat="45.067066" lon="3.766681"><ele>850.25</ele></trkpt>
   <trkpt lat="45.067001" lon="3.766852"><ele>849.5</ele></trkpt>
   <trkpt lat="45.066956" lon="3.766989"><ele>848.75</ele></trkpt>
   <trkpt lat="45.066921" lon="3.767116"><ele>849</ele></trkpt>
   <trkpt lat="45.066883" lon="3.767297"><ele>848.5</ele></trkpt>
   <trkpt lat="45.066856" lon="3.767463"><ele>847.5</ele></trkpt>
   <trkpt lat="45.066828" lon="3.76771"><ele>846.5</ele></trkpt>
   <trkpt lat="45.066707" lon="3.768984"><ele>845.5</ele></trkpt>
   <trkpt lat="45.06668" lon="3.769262"><ele>845.5</ele></trkpt>
   <trkpt lat="45.066397" lon="3.772349"><ele>843.75</ele></trkpt>
   <trkpt lat="45.066384" lon="3.772696"><ele>844</ele></trkpt>
   <trkpt lat="45.066393" lon="3.772983"><ele>843.75</ele></trkpt>
   <trkpt lat="45.066425" lon="3.773314"><ele>844.5</ele></trkpt>
   <trkpt lat="45.066764" lon="3.775172"><ele>846.5</ele></trkpt>
   <trkpt lat="45.066829" lon="3.775563"><ele>847.5</ele></trkpt>
   <trkpt lat="45.066866" lon="3.775928"><ele>847.75</ele></trkpt>
   <trkpt lat="45.066877" lon="3.776223"><ele>848</ele></trkpt>
   <trkpt lat="45.06687" lon="3.776574"><ele>848</ele></trkpt>
   <trkpt lat="45.066837" lon="3.776906"><ele>848.25</ele></trkpt>
   <trkpt lat="45.066792" lon="3.777226"><ele>848.5</ele></trkpt>
   <trkpt lat="45.066727" lon="3.777519"><ele>848.5</ele></trkpt>
   <trkpt lat="45.066633" lon="3.777848"><ele>848</ele></trkpt>
   <trkpt lat="45.066586" lon="3.777975"><ele>848.25</ele></trkpt>
   <trkpt lat="45.06655" lon="3.778071"><ele>848.25</ele></trkpt>
   <trkpt lat="45.066363" lon="3.778498"><ele>847</ele></trkpt>
   <trkpt lat="45.066062" lon="3.779127"><ele>846</ele></trkpt>
   <trkpt lat="45.064978" lon="3.78136"><ele>841</ele></trkpt>
   <trkpt lat="45.064648" lon="3.782045"><ele>840.5</ele></trkpt>
   <trkpt lat="45.064409" lon="3.782477"><ele>840</ele></trkpt>
   <trkpt lat="45.064282" lon="3.782674"><ele>840</ele></trkpt>
   <trkpt lat="45.064061" lon="3.782971"><ele>839.5</ele></trkpt>
   <trkpt lat="45.06392" lon="3.783138"><ele>839</ele></trkpt>
   <trkpt lat="45.063727" lon="3.78334"><ele>837.75</ele></trkpt>
   <trkpt lat="45.062912" lon="3.78408"><ele>832.5</ele></trkpt>
   <trkpt lat="45.06187" lon="3.785036"><ele>828.25</ele></trkpt>
   <trkpt lat="45.061643" lon="3.785264"><ele>828.5</ele></trkpt>
   <trkpt lat="45.061404" lon="3.785543"><ele>827.5</ele></trkpt>
   <trkpt lat="45.061198" lon="3.78583"><ele>826.25</ele></trkpt>
   <trkpt lat="45.061139" lon="3.785912"><ele>826.5</ele></trkpt>
   <trkpt lat="45.060187" lon="3.787371"><ele>824.5</ele></trkpt>
   <trkpt lat="45.059142" lon="3.788953"><ele>821.75</ele></trkpt>
   <trkpt lat="45.05789" lon="3.790873"><ele>817.25</ele></trkpt>
   <trkpt lat="45.057695" lon="3.791189"><ele>816.75</ele></trkpt>
   <trkpt lat="45.057593" lon="3.791363"><ele>816.5</ele></trkpt>
   <trkpt lat="45.057451" lon="3.791669"><ele>815</ele></trkpt>
   <trkpt lat="45.056577" lon="3.793767"><ele>814</ele></trkpt>
   <trkpt lat="45.056381" lon="3.794288"><ele>811.5</ele></trkpt>
   <trkpt lat="45.056282" lon="3.794698"><ele>812.5</ele></trkpt>
   <trkpt lat="45.056214" lon="3.795043"><ele>811.25</ele></trkpt>
   <trkpt lat="45.056175" lon="3.795323"><ele>809</ele></trkpt>
   <trkpt lat="45.056152" lon="3.79565"><ele>808</ele></trkpt>
   <trkpt lat="45.056155" lon="3.796002"><ele>806.25</ele></trkpt>
   <trkpt lat="45.056166" lon="3.796302"><ele>805</ele></trkpt>
   <trkpt lat="45.056201" lon="3.796651"><ele>804.25</ele></trkpt>
   <trkpt lat="45.056265" lon="3.79712"><ele>802.25</ele></trkpt>
   <trkpt lat="45.056388" lon="3.79827"><ele>792</ele></trkpt>
   <trkpt lat="45.056448" lon="3.798964"><ele>789.25</ele></trkpt>
   <trkpt lat="45.05646" lon="3.799294"><ele>786.5</ele></trkpt>
   <trkpt lat="45.056484" lon="3.804225"><ele>759.5</ele></trkpt>
   <trkpt lat="45.05649" lon="3.804655"><ele>757</ele></trkpt>
   <trkpt lat="45.056504" lon="3.804912"><ele>755.5</ele></trkpt>
   <trkpt lat="45.056542" lon="3.805212"><ele>755</ele></trkpt>
   <trkpt lat="45.056609" lon="3.80559"><ele>755</ele></trkpt>
   <trkpt lat="45.056681" lon="3.805847"><ele>754.25</ele></trkpt>
   <trkpt lat="45.05675" lon="3.806071"><ele>752.75</ele></trkpt>
   <trkpt lat="45.056836" lon="3.806308"><ele>754</ele></trkpt>
   <trkpt lat="45.057515" lon="3.808015"><ele>749.75</ele></trkpt>
   <trkpt lat="45.057753" lon="3.80867"><ele>748.25</ele></trkpt>
   <trkpt lat="45.058079" lon="3.809602"><ele>745.5</ele></trkpt>
   <trkpt lat="45.058453" lon="3.810732"><ele>746.75</ele></trkpt>
   <trkpt lat="45.058543" lon="3.811042"><ele>745.75</ele></trkpt>
   <trkpt lat="45.058602" lon="3.811338"><ele>742.5</ele></trkpt>
   <trkpt lat="45.058651" lon="3.811648"><ele>742.5</ele></trkpt>
   <trkpt lat="45.058678" lon="3.811995"><ele>742.25</ele></trkpt>
   <trkpt lat="45.058709" lon="3.812553"><ele>739</ele></trkpt>
   <trkpt lat="45.058801" lon="3.814407"><ele>738.25</ele></trkpt>
   <trkpt lat="45.05884" lon="3.815244"><ele>735</ele></trkpt>
   <trkpt lat="45.058862" lon="3.815655"><ele>733.75</ele></trkpt>
   <trkpt lat="45.058891" lon="3.816225"><ele>732</ele></trkpt>
   <trkpt lat="45.058929" lon="3.816953"><ele>731</ele></trkpt>
   <trkpt lat="45.058946" lon="3.81739"><ele>730</ele></trkpt>
   <trkpt lat="45.058943" lon="3.817827"><ele>728.75</ele></trkpt>
   <trkpt lat="45.058926" lon="3.818146"><ele>727.25</ele></trkpt>
   <trkpt lat="45.058888" lon="3.818548"><ele>725</ele></trkpt>
   <trkpt lat="45.058835" lon="3.818873"><ele>724.5</ele></trkpt>
   <trkpt lat="45.058772" lon="3.819172"><ele>724.5</ele></trkpt>
   <trkpt lat="45.058698" lon="3.819468"><ele>723</ele></trkpt>
   <trkpt lat="45.058289" lon="3.820936"><ele>714.75</ele></trkpt>
   <trkpt lat="45.058107" lon="3.82158"><ele>712</ele></trkpt>
   <trkpt lat="45.057473" lon="3.823739"><ele>707.25</ele></trkpt>
   <trkpt lat="45.057026" lon="3.825237"><ele>701.75</ele></trkpt>
   <trkpt lat="45.056965" lon="3.82544"><ele>701.75</ele></trkpt>
   <trkpt lat="45.056838" lon="3.825926"><ele>699.75</ele></trkpt>
   <trkpt lat="45.056731" lon="3.826399"><ele>698.75</ele></trkpt>
   <trkpt lat="45.056609" lon="3.827301"><ele>698.5</ele></trkpt>
   <trkpt lat="45.056586" lon="3.827497"><ele>697</ele></trkpt>
   <trkpt lat="45.056517" lon="3.82811"><ele>695.5</ele></trkpt>
   <trkpt lat="45.056485" lon="3.828512"><ele>695.5</ele></trkpt>
   <trkpt lat="45.056493" lon="3.828828"><ele>694.5</ele></trkpt>
   <trkpt lat="45.056519" lon="3.829096"><ele>694.5</ele></trkpt>
   <trkpt lat="45.056543" lon="3.829274"><ele>694.75</ele></trkpt>
   <trkpt lat="45.056591" lon="3.829525"><ele>695</ele></trkpt>
   <trkpt lat="45.056679" lon="3.829862"><ele>695.25</ele></trkpt>
   <trkpt lat="45.056816" lon="3.830237"><ele>695.75</ele></trkpt>
   <trkpt lat="45.05713" lon="3.831018"><ele>694</ele></trkpt>
   <trkpt lat="45.057898" lon="3.832882"><ele>685</ele></trkpt>
   <trkpt lat="45.058703" lon="3.834888"><ele>677.5</ele></trkpt>
   <trkpt lat="45.05879" lon="3.835182"><ele>677</ele></trkpt>
   <trkpt lat="45.058853" lon="3.835478"><ele>675</ele></trkpt>
   <trkpt lat="45.058898" lon="3.83582"><ele>672.75</ele></trkpt>
   <trkpt lat="45.058918" lon="3.836128"><ele>671.25</ele></trkpt>
   <trkpt lat="45.058907" lon="3.836485"><ele>670.25</ele></trkpt>
   <trkpt lat="45.058871" lon="3.836831"><ele>669.75</ele></trkpt>
   <trkpt lat="45.058678" lon="3.838248"><ele>663.5</ele></trkpt>
   <trkpt lat="45.058631" lon="3.838513"><ele>663</ele></trkpt>
   <trkpt lat="45.058569" lon="3.838779"><ele>662.75</ele></trkpt>
   <trkpt lat="45.058501" lon="3.838977"><ele>662</ele></trkpt>
   <trkpt lat="45.058424" lon="3.839155"><ele>660.75</ele></trkpt>
   <trkpt lat="45.058321" lon="3.839351"><ele>659.5</ele></trkpt>
   <trkpt lat="45.058218" lon="3.839513"><ele>658.25</ele></trkpt>
   <trkpt lat="45.058107" lon="3.839652"><ele>657.75</ele></trkpt>
   <trkpt lat="45.05797" lon="3.839784"><ele>656.75</ele></trkpt>
   <trkpt lat="45.05783" lon="3.839897"><ele>656.25</ele></trkpt>
   <trkpt lat="45.056768" lon="3.840533"><ele>651.75</ele></trkpt>
   <trkpt lat="45.056519" lon="3.840682"><ele>651</ele></trkpt>
   <trkpt lat="45.056427" lon="3.84074"><ele>651</ele></trkpt>
   <trkpt lat="45.055982" lon="3.841017"><ele>649.75</ele></trkpt>
   <trkpt lat="45.055656" lon="3.841255"><ele>649.5</ele></trkpt>
   <trkpt lat="45.054672" lon="3.841941"><ele>649.75</ele></trkpt>
   <trkpt lat="45.054221" lon="3.84231"><ele>651</ele></trkpt>
   <trkpt lat="45.053124" lon="3.843259"><ele>648.25</ele></trkpt>
   <trkpt lat="45.052433" lon="3.843916"><ele>649</ele></trkpt>
   <trkpt lat="45.052004" lon="3.844385"><ele>647.75</ele></trkpt>
   <trkpt lat="45.0515" lon="3.844981"><ele>647.5</ele></trkpt>
   <trkpt lat="45.051364" lon="3.845159"><ele>647</ele></trkpt>
   <trkpt lat="45.051288" lon="3.845273"><ele>646.25</ele></trkpt>
   <trkpt lat="45.051043" lon="3.845788"><ele>647</ele></trkpt>
   <trkpt lat="45.050946" lon="3.845931"><ele>647.25</ele></trkpt>
   <trkpt lat="45.050832" lon="3.846054"><ele>647</ele></trkpt>
   <trkpt lat="45.050709" lon="3.846169"><ele>645.75</ele></trkpt>
   <trkpt lat="45.050483" lon="3.846323"><ele>645</ele></trkpt>
   <trkpt lat="45.050385" lon="3.8464"><ele>645</ele></trkpt>
   <trkpt lat="45.050276" lon="3.846513"><ele>645</ele></trkpt>
   <trkpt lat="45.050187" lon="3.846631"><ele>644.75</ele></trkpt>
   <trkpt lat="45.050065" lon="3.846879"><ele>645.75</ele></trkpt>
   <trkpt lat="45.049952" lon="3.847171"><ele>646.25</ele></trkpt>
   <trkpt lat="45.049859" lon="3.847438"><ele>644.75</ele></trkpt>
   <trkpt lat="45.04984" lon="3.847494"><ele>644.5</ele></trkpt>
   <trkpt lat="45.049758" lon="3.847728"><ele>645.25</ele></trkpt>
   <trkpt lat="45.04969" lon="3.847921"><ele>646</ele></trkpt>
   <trkpt lat="45.049613" lon="3.848152"><ele>645.5</ele></trkpt>
   <trkpt lat="45.049558" lon="3.848358"><ele>644.25</ele></trkpt>
   <trkpt lat="45.049499" lon="3.848723"><ele>645.25</ele></trkpt>
   <trkpt lat="45.049495" lon="3.84875"><ele>645</ele></trkpt>
   <trkpt lat="45.049468" lon="3.848945"><ele>644.75</ele></trkpt>
   <trkpt lat="45.049366" lon="3.849637"><ele>643</ele></trkpt>
   <trkpt lat="45.04931" lon="3.849903"><ele>642.5</ele></trkpt>
   <trkpt lat="45.04915" lon="3.850434"><ele>643</ele></trkpt>
   <trkpt lat="45.048817" lon="3.851493"><ele>644.75</ele></trkpt>
   <trkpt lat="45.048652" lon="3.851895"><ele>645.75</ele></trkpt>
   <trkpt lat="45.048544" lon="3.852106"><ele>646</ele></trkpt>
   <trkpt lat="45.048384" lon="3.852361"><ele>646.75</ele></trkpt>
   <trkpt lat="45.048315" lon="3.852471"><ele>647.25</ele></trkpt>
   <trkpt lat="45.048103" lon="3.852844"><ele>645.25</ele></trkpt>
   <trkpt lat="45.047907" lon="3.853268"><ele>646.75</ele></trkpt>
   <trkpt lat="45.047779" lon="3.853664"><ele>645.75</ele></trkpt>
   <trkpt lat="45.047743" lon="3.853929"><ele>646.75</ele></trkpt>
   <trkpt lat="45.047719" lon="3.854579"><ele>647.25</ele></trkpt>
   <trkpt lat="45.047739" lon="3.855063"><ele>647.5</ele></trkpt>
   <trkpt lat="45.047767" lon="3.855906"><ele>648</ele></trkpt>
   <trkpt lat="45.047774" lon="3.856167"><ele>648</ele></trkpt>
   <trkpt lat="45.047805" lon="3.857244"><ele>650.5</ele></trkpt>
   <trkpt lat="45.047789" lon="3.857558"><ele>651.75</ele></trkpt>
   <trkpt lat="45.047745" lon="3.857727"><ele>652</ele></trkpt>
   <trkpt lat="45.047677" lon="3.857877"><ele>652.5</ele></trkpt>
   <trkpt lat="45.047563" lon="3.858055"><ele>652.75</ele></trkpt>
   <trkpt lat="45.047278" lon="3.858286"><ele>653.25</ele></trkpt>
   <trkpt lat="45.04702" lon="3.858503"><ele>652.75</ele></trkpt>
   <trkpt lat="45.046944" lon="3.858604"><ele>652</ele></trkpt>
   <trkpt lat="45.046893" lon="3.858672"><ele>651.75</ele></trkpt>
   <trkpt lat="45.046786" lon="3.858876"><ele>650.5</ele></trkpt>
   <trkpt lat="45.046573" lon="3.85935"><ele>648.5</ele></trkpt>
   <trkpt lat="45.046527" lon="3.85947"><ele>647.75</ele></trkpt>
   <trkpt lat="45.046465" lon="3.859686"><ele>646.25</ele></trkpt>
   <trkpt lat="45.046422" lon="3.859885"><ele>645.5</ele></trkpt>
   <trkpt lat="45.046394" lon="3.860016"><ele>644.75</ele></trkpt>
   <trkpt lat="45.04635" lon="3.860226"><ele>644</ele></trkpt>
   <trkpt lat="45.046325" lon="3.860623"><ele>643</ele></trkpt>
   <trkpt lat="45.046318" lon="3.860658"><ele>643</ele></trkpt>
   <trkpt lat="45.046306" lon="3.860723"><ele>643</ele></trkpt>
   <trkpt lat="45.046253" lon="3.860807"><ele>643.25</ele></trkpt>
   <trkpt lat="45.046226" lon="3.860943"><ele>644</ele></trkpt>
   <trkpt lat="45.046252" lon="3.861197"><ele>644.5</ele></trkpt>
   <trkpt lat="45.046301" lon="3.861428"><ele>642.5</ele></trkpt>
   <trkpt lat="45.046383" lon="3.861762"><ele>642.25</ele></trkpt>
   <trkpt lat="45.046417" lon="3.861877"><ele>642.25</ele></trkpt>
   <trkpt lat="45.04655" lon="3.862327"><ele>642</ele></trkpt>
   <trkpt lat="45.046737" lon="3.863086"><ele>641.25</ele></trkpt>
   <trkpt lat="45.046748" lon="3.863133"><ele>641.25</ele></trkpt>
   <trkpt lat="45.046895" lon="3.863753"><ele>643</ele></trkpt>
   <trkpt lat="45.046915" lon="3.863892"><ele>643.25</ele></trkpt>
   <trkpt lat="45.046915" lon="3.864034"><ele>643.75</ele></trkpt>
   <trkpt lat="45.046891" lon="3.86431"><ele>644.25</ele></trkpt>
   <trkpt lat="45.046752" lon="3.864784"><ele>645</ele></trkpt>
   <trkpt lat="45.046734" lon="3.864848"><ele>645.25</ele></trkpt>
   <trkpt lat="45.046712" lon="3.864915"><ele>645.5</ele></trkpt>
   <trkpt lat="45.046505" lon="3.865555"><ele>645</ele></trkpt>
   <trkpt lat="45.046433" lon="3.865769"><ele>645.5</ele></trkpt>
   <trkpt lat="45.04619" lon="3.866474"><ele>645.25</ele></trkpt>
   <trkpt lat="45.046107" lon="3.866716"><ele>645.75</ele></trkpt>
   <trkpt lat="45.045913" lon="3.867277"><ele>646</ele></trkpt>
   <trkpt lat="45.045851" lon="3.867475"><ele>644.75</ele></trkpt>
   <trkpt lat="45.045581" lon="3.868307"><ele>644.75</ele></trkpt>
   <trkpt lat="45.045235" lon="3.869354"><ele>645.5</ele></trkpt>
   <trkpt lat="45.045012" lon="3.870001"><ele>644.75</ele></trkpt>
   <trkpt lat="45.044956" lon="3.870177"><ele>644.75</ele></trkpt>
   <trkpt lat="45.044921" lon="3.870296"><ele>644.75</ele></trkpt>
   <trkpt lat="45.044886" lon="3.87043"><ele>644.75</ele></trkpt>
   <trkpt lat="45.044869" lon="3.870581"><ele>644.25</ele></trkpt>
   <trkpt lat="45.044866" lon="3.870667"><ele>644.25</ele></trkpt>
   <trkpt lat="45.044871" lon="3.87082"><ele>644.25</ele></trkpt>
   <trkpt lat="45.04493" lon="3.871231"><ele>644.75</ele></trkpt>
   <trkpt lat="45.045008" lon="3.871719"><ele>643.75</ele></trkpt>
   <trkpt lat="45.045213" lon="3.872984"><ele>644.25</ele></trkpt>
   <trkpt lat="45.045317" lon="3.873632"><ele>643</ele></trkpt>
   <trkpt lat="45.045366" lon="3.874065"><ele>642.5</ele></trkpt>
   <trkpt lat="45.045391" lon="3.874333"><ele>642</ele></trkpt>
   <trkpt lat="45.045405" lon="3.874671"><ele>642</ele></trkpt>
   <trkpt lat="45.045406" lon="3.874794"><ele>642</ele></trkpt>
   <trkpt lat="45.045369" lon="3.874932"><ele>642.75</ele></trkpt>
   <trkpt lat="45.045346" lon="3.875012"><ele>642.75</ele></trkpt>
   <trkpt lat="45.045326" lon="3.875073"><ele>643</ele></trkpt>
   <trkpt lat="45.045313" lon="3.875081"><ele>643</ele></trkpt>
   <trkpt lat="45.045291" lon="3.875105"><ele>643.25</ele></trkpt>
   <trkpt lat="45.045275" lon="3.875138"><ele>643.5</ele></trkpt>
   <trkpt lat="45.045267" lon="3.875177"><ele>643.5</ele></trkpt>
   <trkpt lat="45.045269" lon="3.875217"><ele>643.25</ele></trkpt>
   <trkpt lat="45.04528" lon="3.875254"><ele>643</ele></trkpt>
   <trkpt lat="45.045299" lon="3.875284"><ele>642.75</ele></trkpt>
   <trkpt lat="45.045325" lon="3.875445"><ele>642.25</ele></trkpt>
   <trkpt lat="45.045342" lon="3.875553"><ele>642</ele></trkpt>
   <trkpt lat="45.045343" lon="3.875676"><ele>641.75</ele></trkpt>
   <trkpt lat="45.045275" lon="3.875987"><ele>642.5</ele></trkpt>
   <trkpt lat="45.045252" lon="3.876089"><ele>642.5</ele></trkpt>
   <trkpt lat="45.045165" lon="3.876426"><ele>641.75</ele></trkpt>
   <trkpt lat="45.044926" lon="3.877368"><ele>641</ele></trkpt>
   <trkpt lat="45.044923" lon="3.877381"><ele>641</ele></trkpt>
   <trkpt lat="45.044612" lon="3.878538"><ele>640.5</ele></trkpt>
   <trkpt lat="45.044599" lon="3.878586"><ele>640.5</ele></trkpt>
   <trkpt lat="45.044435" lon="3.879223"><ele>640.75</ele></trkpt>
   <trkpt lat="45.044267" lon="3.879704"><ele>640.5</ele></trkpt>
   <trkpt lat="45.044268" lon="3.879747"><ele>640.5</ele></trkpt>
   <trkpt lat="45.04427" lon="3.879838"><ele>640</ele></trkpt>
   <trkpt lat="45.044288" lon="3.879942"><ele>639.75</ele></trkpt>
   <trkpt lat="45.044308" lon="3.879994"><ele>639.5</ele></trkpt>
   <trkpt lat="45.044354" lon="3.880067"><ele>639.25</ele></trkpt>
   <trkpt lat="45.044429" lon="3.880142"><ele>639</ele></trkpt>
   <trkpt lat="45.044499" lon="3.880144"><ele>638.5</ele></trkpt>
   <trkpt lat="45.044645" lon="3.880148"><ele>637.75</ele></trkpt>
   <trkpt lat="45.044595" lon="3.88026"><ele>637.75</ele></trkpt>
   <trkpt lat="45.044415" lon="3.880566"><ele>635.75</ele></trkpt>
   <trkpt lat="45.044383" lon="3.88061"><ele>635.75</ele></trkpt>
   <trkpt lat="45.044233" lon="3.880836"><ele>635</ele></trkpt>
   <trkpt lat="45.044219" lon="3.88086"><ele>635</ele></trkpt>
   <trkpt lat="45.04405" lon="3.88114"><ele>634.5</ele></trkpt>
   <trkpt lat="45.043956" lon="3.881297"><ele>634</ele></trkpt>
   <trkpt lat="45.043877" lon="3.881476"><ele>634</ele></trkpt>
   <trkpt lat="45.043771" lon="3.881784"><ele>633.75</ele></trkpt>
   <trkpt lat="45.043644" lon="3.882143"><ele>633</ele></trkpt>
   <trkpt lat="45.043487" lon="3.882586"><ele>632.5</ele></trkpt>
   <trkpt lat="45.043478" lon="3.882613"><ele>632.5</ele></trkpt>
   <trkpt lat="45.043397" lon="3.882845"><ele>632.25</ele></trkpt>
   <trkpt lat="45.043353" lon="3.883021"><ele>631.25</ele></trkpt>
   <trkpt lat="45.043319" lon="3.883215"><ele>630.75</ele></trkpt>
   <trkpt lat="45.043281" lon="3.883537"><ele>630</ele></trkpt>
   <trkpt lat="45.043252" lon="3.88367"><ele>629.5</ele></trkpt>
   <trkpt lat="45.043228" lon="3.883739"><ele>629.25</ele></trkpt>
   <trkpt lat="45.043178" lon="3.883898"><ele>628.75</ele></trkpt>
   <trkpt lat="45.043092" lon="3.884111"><ele>628.25</ele></trkpt>
   <trkpt lat="45.043068" lon="3.884175"><ele>628</ele></trkpt>
   <trkpt lat="45.042943" lon="3.884484"><ele>627</ele></trkpt>
   <trkpt lat="45.042911" lon="3.884637"><ele>626.75</ele></trkpt>
   <trkpt lat="45.042909" lon="3.884762"><ele>626.75</ele></trkpt>
   <trkpt lat="45.042909" lon="3.884891"><ele>626.25</ele></trkpt>
   <trkpt lat="45.042935" lon="3.885177"><ele>625.75</ele></trkpt>
   <trkpt lat="45.042963" lon="3.885442"><ele>625.5</ele></trkpt>
   <trkpt lat="45.043027" lon="3.885885"><ele>624.75</ele></trkpt>
   <trkpt lat="45.043118" lon="3.886582"><ele>624.5</ele></trkpt>
   <trkpt lat="45.043122" lon="3.886608"><ele>624.5</ele></trkpt>
   <trkpt lat="45.043158" lon="3.886774"><ele>624.5</ele></trkpt>
   <trkpt lat="45.043211" lon="3.887168"><ele>623.75</ele></trkpt>
   <trkpt lat="45.04323" lon="3.887353"><ele>622.75</ele></trkpt>
   <trkpt lat="45.043255" lon="3.887653"><ele>621.75</ele></trkpt>
   <trkpt lat="45.043224" lon="3.887779"><ele>621.5</ele></trkpt>
   <trkpt lat="45.043238" lon="3.887879"><ele>621.25</ele></trkpt>
   <trkpt lat="45.04333" lon="3.888184"><ele>620.5</ele></trkpt>
   <trkpt lat="45.04337" lon="3.888309"><ele>620</ele></trkpt>
   <trkpt lat="45.04338" lon="3.888363"><ele>620</ele></trkpt>
   <trkpt lat="45.043381" lon="3.888406"><ele>619.75</ele></trkpt>
   <trkpt lat="45.043375" lon="3.888443"><ele>619.75</ele></trkpt>
   <trkpt lat="45.043282" lon="3.888694"><ele>619</ele></trkpt>
   <trkpt lat="45.043255" lon="3.888766"><ele>619.25</ele></trkpt>
   <trkpt lat="45.043306" lon="3.888801"><ele>619</ele></trkpt>
   <trkpt lat="45.043288" lon="3.888854"><ele>619</ele></trkpt>
   <trkpt lat="45.043266" lon="3.888915"><ele>619.25</ele></trkpt>
   <trkpt lat="45.04321" lon="3.889081"><ele>620</ele></trkpt>
   <trkpt lat="45.043204" lon="3.889152"><ele>620.25</ele></trkpt>
   <trkpt lat="45.043201" lon="3.889185"><ele>620.25</ele></trkpt>
   <trkpt lat="45.043196" lon="3.889234"><ele>620.25</ele></trkpt>
   <trkpt lat="45.04322" lon="3.889336"><ele>620.25</ele></trkpt>
   <trkpt lat="45.043214" lon="3.889549"><ele>620.25</ele></trkpt>
   <trkpt lat="45.043443" lon="3.889753"><ele>620</ele></trkpt>
   <trkpt lat="45.043554" lon="3.889852"><ele>620</ele></trkpt>
   <trkpt lat="45.043602" lon="3.889892"><ele>620</ele></trkpt>
   <trkpt lat="45.044488" lon="3.890544"><ele>617</ele></trkpt>
   <trkpt lat="45.044704" lon="3.890702"><ele>617</ele></trkpt>
   <trkpt lat="45.044758" lon="3.890739"><ele>617</ele></trkpt>
   <trkpt lat="45.044852" lon="3.890806"><ele>617</ele></trkpt>
   <trkpt lat="45.045447" lon="3.891232"><ele>614.75</ele></trkpt>
   <trkpt lat="45.045614" lon="3.891351"><ele>614.5</ele></trkpt>
   <trkpt lat="45.046112" lon="3.891708"><ele>613.75</ele></trkpt>
   <trkpt lat="45.046122" lon="3.891715"><ele>613.75</ele></trkpt>
   <trkpt lat="45.046221" lon="3.891786"><ele>613.5</ele></trkpt>
   <trkpt lat="45.046407" lon="3.891915"><ele>613</ele></trkpt>
   <trkpt lat="45.046457" lon="3.891953"><ele>613</ele></trkpt>
   <trkpt lat="45.046601" lon="3.892098"><ele>613</ele></trkpt>
   <trkpt lat="45.046709" lon="3.892207"><ele>612.75</ele></trkpt>
   <trkpt lat="45.046824" lon="3.892314"><ele>612.25</ele></trkpt>
   <trkpt lat="45.046852" lon="3.892341"><ele>612.25</ele></trkpt>
   <trkpt lat="45.047194" lon="3.892683"><ele>612</ele></trkpt>
   <trkpt lat="45.047586" lon="3.893046"><ele>611.5</ele></trkpt>
   <trkpt lat="45.047904" lon="3.893343"><ele>611</ele></trkpt>
   <trkpt lat="45.048068" lon="3.893492"><ele>610.75</ele></trkpt>
   <trkpt lat="45.048203" lon="3.893614"><ele>610.25</ele></trkpt>
   <trkpt lat="45.048873" lon="3.894228"><ele>610</ele></trkpt>
   <trkpt lat="45.049164" lon="3.894494"><ele>609.75</ele></trkpt>
   <trkpt lat="45.049447" lon="3.894754"><ele>609.75</ele></trkpt>
   <trkpt lat="45.049552" lon="3.894853"><ele>609.75</ele></trkpt>
   <trkpt lat="45.049717" lon="3.894996"><ele>609.75</ele></trkpt>
   <trkpt lat="45.049765" lon="3.895038"><ele>610</ele></trkpt>
   <trkpt lat="45.049896" lon="3.895153"><ele>610.25</ele></trkpt>
   <trkpt lat="45.050084" lon="3.89532"><ele>609.5</ele></trkpt>
   <trkpt lat="45.050153" lon="3.895381"><ele>609.25</ele></trkpt>
   <trkpt lat="45.050614" lon="3.895807"><ele>609</ele></trkpt>
   <trkpt lat="45.050695" lon="3.895882"><ele>609</ele></trkpt>
   <trkpt lat="45.050738" lon="3.895931"><ele>608.75</ele></trkpt>
   <trkpt lat="45.05076" lon="3.895953"><ele>609</ele></trkpt>
   <trkpt lat="45.05079" lon="3.895983"><ele>609.75</ele></trkpt>
   <trkpt lat="45.05081" lon="3.89602"><ele>610.25</ele></trkpt>
   <trkpt lat="45.050824" lon="3.896031"><ele>610.5</ele></trkpt>
   <trkpt lat="45.050856" lon="3.896033"><ele>610.5</ele></trkpt>
   <trkpt lat="45.051" lon="3.896169"><ele>609.75</ele></trkpt>
   <trkpt lat="45.051027" lon="3.896199"><ele>609.5</ele></trkpt>
   <trkpt lat="45.051046" lon="3.896216"><ele>609.5</ele></trkpt>
   <trkpt lat="45.051146" lon="3.896305"><ele>609.75</ele></trkpt>
   <trkpt lat="45.051218" lon="3.896369"><ele>610.25</ele></trkpt>
   <trkpt lat="45.051464" lon="3.896591"><ele>610.25</ele></trkpt>
   <trkpt lat="45.052086" lon="3.897158"><ele>608.75</ele></trkpt>
   <trkpt lat="45.052291" lon="3.897356"><ele>608.25</ele></trkpt>
   <trkpt lat="45.052425" lon="3.89748"><ele>607.75</ele></trkpt>
   <trkpt lat="45.052669" lon="3.897706"><ele>608</ele></trkpt>
   <trkpt lat="45.052774" lon="3.897807"><ele>607.75</ele></trkpt>
   <trkpt lat="45.053063" lon="3.89807"><ele>608</ele></trkpt>
   <trkpt lat="45.053249" lon="3.898242"><ele>608.5</ele></trkpt>
   <trkpt lat="45.053325" lon="3.898313"><ele>608.25</ele></trkpt>
   <trkpt lat="45.054165" lon="3.899077"><ele>609.25</ele></trkpt>
   <trkpt lat="45.054219" lon="3.899127"><ele>608.75</ele></trkpt>
   <trkpt lat="45.054316" lon="3.899262"><ele>607.5</ele></trkpt>
   <trkpt lat="45.054351" lon="3.899332"><ele>607.25</ele></trkpt>
   <trkpt lat="45.054362" lon="3.899366"><ele>607</ele></trkpt>
   <trkpt lat="45.054381" lon="3.899393"><ele>607</ele></trkpt>
   <trkpt lat="45.054425" lon="3.899413"><ele>607.75</ele></trkpt>
   <trkpt lat="45.054502" lon="3.899455"><ele>608</ele></trkpt>
   <trkpt lat="45.05477" lon="3.899635"><ele>607.75</ele></trkpt>
   <trkpt lat="45.055101" lon="3.899942"><ele>607.5</ele></trkpt>
   <trkpt lat="45.055638" lon="3.900447"><ele>606.5</ele></trkpt>
   <trkpt lat="45.055916" lon="3.900834"><ele>605.25</ele></trkpt>
   <trkpt lat="45.055958" lon="3.900874"><ele>604.75</ele></trkpt>
   <trkpt lat="45.056014" lon="3.900902"><ele>604.5</ele></trkpt>
   <trkpt lat="45.055965" lon="3.901106"><ele>601</ele></trkpt>
   <trkpt lat="45.055814" lon="3.90165"><ele>604.5</ele></trkpt>
   <trkpt lat="45.055637" lon="3.902301"><ele>602.75</ele></trkpt>
   <trkpt lat="45.055568" lon="3.902443"><ele>604.25</ele></trkpt>
   <trkpt lat="45.055502" lon="3.902509"><ele>605.75</ele></trkpt>
   <trkpt lat="45.055536" lon="3.902675"><ele>606</ele></trkpt>
   <trkpt lat="45.055606" lon="3.902832"><ele>605.75</ele></trkpt>
   <trkpt lat="45.055754" lon="3.90308"><ele>605.5</ele></trkpt>
   <trkpt lat="45.055904" lon="3.903375"><ele>605</ele></trkpt>
   <trkpt lat="45.05601" lon="3.903623"><ele>604.75</ele></trkpt>
   <trkpt lat="45.056133" lon="3.903976"><ele>604.75</ele></trkpt>
   <trkpt lat="45.056315" lon="3.904592"><ele>603.5</ele></trkpt>
   <trkpt lat="45.056349" lon="3.904842"><ele>604.5</ele></trkpt>
   <trkpt lat="45.05635" lon="3.905109"><ele>605</ele></trkpt>
   <trkpt lat="45.056299" lon="3.905627"><ele>605</ele></trkpt>
   <trkpt lat="45.056198" lon="3.90638"><ele>602.75</ele></trkpt>
   <trkpt lat="45.056158" lon="3.906622"><ele>602.25</ele></trkpt>
   <trkpt lat="45.056124" lon="3.906763"><ele>602.75</ele></trkpt>
   <trkpt lat="45.056091" lon="3.90689"><ele>603.25</ele></trkpt>
   <trkpt lat="45.056022" lon="3.907102"><ele>602.75</ele></trkpt>
   <trkpt lat="45.055643" lon="3.907995"><ele>602.5</ele></trkpt>
   <trkpt lat="45.055511" lon="3.908258"><ele>604.75</ele></trkpt>
   <trkpt lat="45.055416" lon="3.908412"><ele>605</ele></trkpt>
   <trkpt lat="45.055488" lon="3.908568"><ele>605</ele></trkpt>
   <trkpt lat="45.055403" lon="3.908759"><ele>604.5</ele></trkpt>
   <trkpt lat="45.055378" lon="3.908867"><ele>604.25</ele></trkpt>
   <trkpt lat="45.055366" lon="3.908991"><ele>604</ele></trkpt>
   <trkpt lat="45.055371" lon="3.909135"><ele>603.25</ele></trkpt>
   <trkpt lat="45.055408" lon="3.909316"><ele>601.75</ele></trkpt>
   <trkpt lat="45.055754" lon="3.910577"><ele>600.25</ele></trkpt>
   <trkpt lat="45.056038" lon="3.911182"><ele>597.25</ele></trkpt>
   <trkpt lat="45.056117" lon="3.911413"><ele>598</ele></trkpt>
   <trkpt lat="45.056238" lon="3.912394"><ele>597</ele></trkpt>
   <trkpt lat="45.056285" lon="3.912996"><ele>598.5</ele></trkpt>
   <trkpt lat="45.056269" lon="3.913063"><ele>599.25</ele></trkpt>
   <trkpt lat="45.056198" lon="3.913184"><ele>598.75</ele></trkpt>
   <trkpt lat="45.055943" lon="3.913291"><ele>597.25</ele></trkpt>
   <trkpt lat="45.055834" lon="3.913253"><ele>598</ele></trkpt>
   <trkpt lat="45.055787" lon="3.91328"><ele>598</ele></trkpt>
   <trkpt lat="45.055734" lon="3.91335"><ele>597.75</ele></trkpt>
   <trkpt lat="45.055641" lon="3.913447"><ele>598</ele></trkpt>
   <trkpt lat="45.054572" lon="3.914314"><ele>598.25</ele></trkpt>
   <trkpt lat="45.053889" lon="3.914916"><ele>597.75</ele></trkpt>
   <trkpt lat="45.053646" lon="3.915141"><ele>598</ele></trkpt>
   <trkpt lat="45.053314" lon="3.915478"><ele>598.5</ele></trkpt>
   <trkpt lat="45.053074" lon="3.915755"><ele>599.75</ele></trkpt>
   <trkpt lat="45.053009" lon="3.915794"><ele>600</ele></trkpt>
   <trkpt lat="45.05297" lon="3.915797"><ele>600</ele></trkpt>
   <trkpt lat="45.05293" lon="3.915792"><ele>600</ele></trkpt>
   <trkpt lat="45.052919" lon="3.915868"><ele>599.5</ele></trkpt>
   <trkpt lat="45.052898" lon="3.916039"><ele>598.25</ele></trkpt>
   <trkpt lat="45.052907" lon="3.916136"><ele>598.25</ele></trkpt>
   <trkpt lat="45.053012" lon="3.916516"><ele>598.25</ele></trkpt>
   <trkpt lat="45.053105" lon="3.916789"><ele>598.5</ele></trkpt>
   <trkpt lat="45.053171" lon="3.917021"><ele>598.75</ele></trkpt>
   <trkpt lat="45.05325" lon="3.917241"><ele>598.75</ele></trkpt>
   <trkpt lat="45.053342" lon="3.917457"><ele>599</ele></trkpt>
   <trkpt lat="45.053503" lon="3.917783"><ele>599</ele></trkpt>
   <trkpt lat="45.053645" lon="3.917977"><ele>599.5</ele></trkpt>
   <trkpt lat="45.053809" lon="3.918215"><ele>600</ele></trkpt>
   <trkpt lat="45.05384" lon="3.918259"><ele>600</ele></trkpt>
   <trkpt lat="45.053782" lon="3.918399"><ele>600</ele></trkpt>
   <trkpt lat="45.053664" lon="3.918617"><ele>600</ele></trkpt>
   <trkpt lat="45.05326" lon="3.919316"><ele>600</ele></trkpt>
   <trkpt lat="45.05278" lon="3.920148"><ele>600.75</ele></trkpt>
   <trkpt lat="45.052737" lon="3.920223"><ele>600.75</ele></trkpt>
   <trkpt lat="45.052704" lon="3.920282"><ele>600.5</ele></trkpt>
   <trkpt lat="45.052425" lon="3.920593"><ele>600.5</ele></trkpt>
   <trkpt lat="45.052092" lon="3.920867"><ele>600.75</ele></trkpt>
   <trkpt lat="45.052016" lon="3.920919"><ele>600.75</ele></trkpt>
   <trkpt lat="45.051811" lon="3.921061"><ele>600.75</ele></trkpt>
   <trkpt lat="45.051758" lon="3.921097"><ele>600.75</ele></trkpt>
   <trkpt lat="45.051498" lon="3.921235"><ele>601</ele></trkpt>
   <trkpt lat="45.051465" lon="3.921253"><ele>601</ele></trkpt>
   <trkpt lat="45.051275" lon="3.921382"><ele>600.5</ele></trkpt>
   <trkpt lat="45.051112" lon="3.921585"><ele>600.5</ele></trkpt>
   <trkpt lat="45.050941" lon="3.92183"><ele>600.5</ele></trkpt>
   <trkpt lat="45.050801" lon="3.92201"><ele>601</ele></trkpt>
   <trkpt lat="45.050768" lon="3.922082"><ele>601.25</ele></trkpt>
   <trkpt lat="45.050676" lon="3.922216"><ele>601.25</ele></trkpt>
   <trkpt lat="45.050374" lon="3.922633"><ele>601</ele></trkpt>
   <trkpt lat="45.050303" lon="3.922715"><ele>601</ele></trkpt>
   <trkpt lat="45.050166" lon="3.922872"><ele>600.5</ele></trkpt>
   <trkpt lat="45.050082" lon="3.922988"><ele>600.25</ele></trkpt>
   <trkpt lat="45.04976" lon="3.923516"><ele>600.5</ele></trkpt>
   <trkpt lat="45.049448" lon="3.924014"><ele>600.25</ele></trkpt>
   <trkpt lat="45.049404" lon="3.924082"><ele>600</ele></trkpt>
   <trkpt lat="45.049337" lon="3.924211"><ele>600</ele></trkpt>
   <trkpt lat="45.049265" lon="3.924346"><ele>600.25</ele></trkpt>
   <trkpt lat="45.049223" lon="3.924487"><ele>601</ele></trkpt>
   <trkpt lat="45.049211" lon="3.924525"><ele>601</ele></trkpt>
   <trkpt lat="45.049192" lon="3.924691"><ele>601</ele></trkpt>
   <trkpt lat="45.049194" lon="3.924869"><ele>601.5</ele></trkpt>
   <trkpt lat="45.049193" lon="3.925155"><ele>602</ele></trkpt>
   <trkpt lat="45.049183" lon="3.925322"><ele>602.25</ele></trkpt>
   <trkpt lat="45.049131" lon="3.925493"><ele>603.25</ele></trkpt>
   <trkpt lat="45.049114" lon="3.92555"><ele>603.5</ele></trkpt>
   <trkpt lat="45.049103" lon="3.925585"><ele>603.5</ele></trkpt>
   <trkpt lat="45.049043" lon="3.925709"><ele>603.75</ele></trkpt>
   <trkpt lat="45.04884" lon="3.926129"><ele>603.75</ele></trkpt>
   <trkpt lat="45.048719" lon="3.926314"><ele>604.5</ele></trkpt>
   <trkpt lat="45.048707" lon="3.926346"><ele>604.75</ele></trkpt>
   <trkpt lat="45.048437" lon="3.927074"><ele>604.75</ele></trkpt>
   <trkpt lat="45.048328" lon="3.927317"><ele>605.25</ele></trkpt>
   <trkpt lat="45.048279" lon="3.927375"><ele>605.25</ele></trkpt>
   <trkpt lat="45.048225" lon="3.927439"><ele>605.25</ele></trkpt>
   <trkpt lat="45.048079" lon="3.927554"><ele>605.25</ele></trkpt>
   <trkpt lat="45.048049" lon="3.927577"><ele>605.25</ele></trkpt>
   <trkpt lat="45.048005" lon="3.927614"><ele>604.75</ele></trkpt>
   <trkpt lat="45.047978" lon="3.92759"><ele>604</ele></trkpt>
   <trkpt lat="45.047962" lon="3.927591"><ele>603.75</ele></trkpt>
   <trkpt lat="45.047944" lon="3.927606"><ele>603.5</ele></trkpt>
   <trkpt lat="45.047933" lon="3.927633"><ele>603.75</ele></trkpt>
   <trkpt lat="45.047935" lon="3.927669"><ele>604.25</ele></trkpt>
   <trkpt lat="45.047949" lon="3.927692"><ele>605</ele></trkpt>
   <trkpt lat="45.047964" lon="3.927701"><ele>605.25</ele></trkpt>
   <trkpt lat="45.04795" lon="3.927781"><ele>606</ele></trkpt>
   <trkpt lat="45.047911" lon="3.928136"><ele>606.5</ele></trkpt>
   <trkpt lat="45.047891" lon="3.92831"><ele>607.75</ele></trkpt>
   <trkpt lat="45.047876" lon="3.928463"><ele>607.5</ele></trkpt>
   <trkpt lat="45.04784" lon="3.928919"><ele>608.75</ele></trkpt>
   <trkpt lat="45.047827" lon="3.928975"><ele>608.75</ele></trkpt>
   <trkpt lat="45.047809" lon="3.929065"><ele>608.5</ele></trkpt>
   <trkpt lat="45.047744" lon="3.929086"><ele>607.75</ele></trkpt>
   <trkpt lat="45.047714" lon="3.929099"><ele>607.5</ele></trkpt>
   <trkpt lat="45.047662" lon="3.929138"><ele>607.25</ele></trkpt>
   <trkpt lat="45.047336" lon="3.929527"><ele>606.5</ele></trkpt>
   <trkpt lat="45.047238" lon="3.929647"><ele>606</ele></trkpt>
   <trkpt lat="45.046904" lon="3.93005"><ele>605.5</ele></trkpt>
   <trkpt lat="45.046804" lon="3.930173"><ele>605.25</ele></trkpt>
   <trkpt lat="45.046744" lon="3.930247"><ele>605</ele></trkpt>
   <trkpt lat="45.046617" lon="3.930398"><ele>605.25</ele></trkpt>
   <trkpt lat="45.046126" lon="3.930981"><ele>606</ele></trkpt>
   <trkpt lat="45.045922" lon="3.931223"><ele>605.75</ele></trkpt>
   <trkpt lat="45.045632" lon="3.931584"><ele>606.75</ele></trkpt>
   <trkpt lat="45.045467" lon="3.931683"><ele>607</ele></trkpt>
   <trkpt lat="45.045407" lon="3.931685"><ele>607</ele></trkpt>
   <trkpt lat="45.045371" lon="3.931684"><ele>607</ele></trkpt>
   <trkpt lat="45.045336" lon="3.93165"><ele>606.75</ele></trkpt>
   <trkpt lat="45.045279" lon="3.931641"><ele>606.75</ele></trkpt>
   <trkpt lat="45.045242" lon="3.93166"><ele>606.5</ele></trkpt>
   <trkpt lat="45.045209" lon="3.931707"><ele>606.25</ele></trkpt>
   <trkpt lat="45.045193" lon="3.931774"><ele>606</ele></trkpt>
   <trkpt lat="45.045199" lon="3.931837"><ele>606</ele></trkpt>
   <trkpt lat="45.045173" lon="3.932"><ele>606</ele></trkpt>
   <trkpt lat="45.045062" lon="3.932255"><ele>606</ele></trkpt>
   <trkpt lat="45.044395" lon="3.933054"><ele>604.75</ele></trkpt>
   <trkpt lat="45.044115" lon="3.93339"><ele>605</ele></trkpt>
   <trkpt lat="45.04407" lon="3.933444"><ele>605</ele></trkpt>
   <trkpt lat="45.043441" lon="3.934204"><ele>605.25</ele></trkpt>
   <trkpt lat="45.043315" lon="3.934357"><ele>605</ele></trkpt>
   <trkpt lat="45.042685" lon="3.935122"><ele>606</ele></trkpt>
   <trkpt lat="45.042331" lon="3.935552"><ele>606</ele></trkpt>
   <trkpt lat="45.04219" lon="3.935724"><ele>606</ele></trkpt>
   <trkpt lat="45.041885" lon="3.936069"><ele>606</ele></trkpt>
   <trkpt lat="45.041745" lon="3.9362"><ele>606.25</ele></trkpt>
   <trkpt lat="45.041496" lon="3.936394"><ele>607</ele></trkpt>
   <trkpt lat="45.041414" lon="3.93645"><ele>607.25</ele></trkpt>
   <trkpt lat="45.040768" lon="3.936875"><ele>606.75</ele></trkpt>
   <trkpt lat="45.040411" lon="3.937116"><ele>606.75</ele></trkpt>
   <trkpt lat="45.040237" lon="3.937242"><ele>607</ele></trkpt>
   <trkpt lat="45.040081" lon="3.937382"><ele>607.5</ele></trkpt>
   <trkpt lat="45.03995" lon="3.937522"><ele>607.75</ele></trkpt>
   <trkpt lat="45.039758" lon="3.937793"><ele>608.25</ele></trkpt>
   <trkpt lat="45.03963" lon="3.93798"><ele>609</ele></trkpt>
   <trkpt lat="45.039572" lon="3.938076"><ele>609.5</ele></trkpt>
   <trkpt lat="45.039444" lon="3.938308"><ele>609</ele></trkpt>
   <trkpt lat="45.039014" lon="3.939023"><ele>611.25</ele></trkpt>
   <trkpt lat="45.038795" lon="3.939362"><ele>609.5</ele></trkpt>
   <trkpt lat="45.038642" lon="3.939552"><ele>609.75</ele></trkpt>
   <trkpt lat="45.038498" lon="3.939709"><ele>610.5</ele></trkpt>
   <trkpt lat="45.038313" lon="3.939882"><ele>611.5</ele></trkpt>
   <trkpt lat="45.038138" lon="3.940027"><ele>612.5</ele></trkpt>
   <trkpt lat="45.037975" lon="3.940128"><ele>613.75</ele></trkpt>
   <trkpt lat="45.037812" lon="3.940207"><ele>615</ele></trkpt>
   <trkpt lat="45.037274" lon="3.940355"><ele>618</ele></trkpt>
   <trkpt lat="45.03663" lon="3.940626"><ele>620</ele></trkpt>
   <trkpt lat="45.036038" lon="3.940813"><ele>622</ele></trkpt>
   <trkpt lat="45.035877" lon="3.940847"><ele>622.75</ele></trkpt>
   <trkpt lat="45.035859" lon="3.94093"><ele>623.5</ele></trkpt>
   <trkpt lat="45.035684" lon="3.941691"><ele>632</ele></trkpt>
   <trkpt lat="45.035522" lon="3.942145"><ele>636.25</ele></trkpt>
   <trkpt lat="45.035354" lon="3.942491"><ele>639.75</ele></trkpt>
   <trkpt lat="45.035292" lon="3.94262"><ele>641.25</ele></trkpt>
   <trkpt lat="45.035257" lon="3.942692"><ele>642</ele></trkpt>
   <trkpt lat="45.035011" lon="3.943298"><ele>648.5</ele></trkpt>
   <trkpt lat="45.034885" lon="3.943702"><ele>652.25</ele></trkpt>
   <trkpt lat="45.034677" lon="3.944416"><ele>657.75</ele></trkpt>
   <trkpt lat="45.034652" lon="3.944511"><ele>658.5</ele></trkpt>
   <trkpt lat="45.034404" lon="3.945444"><ele>665.25</ele></trkpt>
   <trkpt lat="45.034321" lon="3.946034"><ele>668</ele></trkpt>
   <trkpt lat="45.034287" lon="3.946356"><ele>668.75</ele></trkpt>
   <trkpt lat="45.034264" lon="3.946731"><ele>669.25</ele></trkpt>
   <trkpt lat="45.034252" lon="3.947128"><ele>669.75</ele></trkpt>
   <trkpt lat="45.034222" lon="3.947514"><ele>670.5</ele></trkpt>
   <trkpt lat="45.034135" lon="3.947901"><ele>671</ele></trkpt>
   <trkpt lat="45.033983" lon="3.948442"><ele>670.25</ele></trkpt>
   <trkpt lat="45.033881" lon="3.948941"><ele>669.75</ele></trkpt>
   <trkpt lat="45.033862" lon="3.949177"><ele>669.5</ele></trkpt>
   <trkpt lat="45.033859" lon="3.949309"><ele>669.5</ele></trkpt>
   <trkpt lat="45.033854" lon="3.94951"><ele>669.25</ele></trkpt>
   <trkpt lat="45.03387" lon="3.950851"><ele>670.5</ele></trkpt>
   <trkpt lat="45.033907" lon="3.9515"><ele>670.25</ele></trkpt>
   <trkpt lat="45.033995" lon="3.952273"><ele>669.75</ele></trkpt>
   <trkpt lat="45.034302" lon="3.955293"><ele>663.75</ele></trkpt>
   <trkpt lat="45.034343" lon="3.955481"><ele>664</ele></trkpt>
   <trkpt lat="45.034382" lon="3.955662"><ele>663.75</ele></trkpt>
   <trkpt lat="45.034438" lon="3.955978"><ele>664.25</ele></trkpt>
   <trkpt lat="45.034457" lon="3.956089"><ele>664.75</ele></trkpt>
   <trkpt lat="45.034491" lon="3.956374"><ele>665</ele></trkpt>
   <trkpt lat="45.034521" lon="3.956534"><ele>665.25</ele></trkpt>
   <trkpt lat="45.034554" lon="3.956709"><ele>665.25</ele></trkpt>
   <trkpt lat="45.034588" lon="3.95684"><ele>665.5</ele></trkpt>
   <trkpt lat="45.0347" lon="3.957152"><ele>665.75</ele></trkpt>
   <trkpt lat="45.034768" lon="3.957296"><ele>665.75</ele></trkpt>
   <trkpt lat="45.034829" lon="3.957401"><ele>665.75</ele></trkpt>
   <trkpt lat="45.035016" lon="3.95768"><ele>667</ele></trkpt>
   <trkpt lat="45.035217" lon="3.957878"><ele>667.75</ele></trkpt>
   <trkpt lat="45.035314" lon="3.957964"><ele>668</ele></trkpt>
   <trkpt lat="45.03552" lon="3.958125"><ele>668.5</ele></trkpt>
   <trkpt lat="45.0356" lon="3.958214"><ele>668.5</ele></trkpt>
   <trkpt lat="45.035776" lon="3.958447"><ele>669.5</ele></trkpt>
   <trkpt lat="45.036204" lon="3.959066"><ele>670.5</ele></trkpt>
   <trkpt lat="45.036273" lon="3.959166"><ele>670.5</ele></trkpt>
   <trkpt lat="45.036344" lon="3.959401"><ele>672.25</ele></trkpt>
   <trkpt lat="45.036351" lon="3.959439"><ele>672.5</ele></trkpt>
   <trkpt lat="45.036362" lon="3.959461"><ele>672.5</ele></trkpt>
   <trkpt lat="45.036379" lon="3.959476"><ele>672.75</ele></trkpt>
   <trkpt lat="45.036378" lon="3.959584"><ele>672.75</ele></trkpt>
   <trkpt lat="45.036363" lon="3.959813"><ele>673</ele></trkpt>
   <trkpt lat="45.03633" lon="3.961172"><ele>681.5</ele></trkpt>
   <trkpt lat="45.036368" lon="3.961612"><ele>683.75</ele></trkpt>
   <trkpt lat="45.036592" lon="3.962359"><ele>689.5</ele></trkpt>
   <trkpt lat="45.036739" lon="3.962825"><ele>693</ele></trkpt>
   <trkpt lat="45.036974" lon="3.963876"><ele>701.25</ele></trkpt>
   <trkpt lat="45.037058" lon="3.964019"><ele>703</ele></trkpt>
   <trkpt lat="45.037085" lon="3.964067"><ele>703.75</ele></trkpt>
   <trkpt lat="45.03725" lon="3.964348"><ele>705.75</ele></trkpt>
   <trkpt lat="45.037346" lon="3.96453"><ele>706.25</ele></trkpt>
   <trkpt lat="45.037471" lon="3.96468"><ele>702</ele></trkpt>
   <trkpt lat="45.037646" lon="3.964871"><ele>699.25</ele></trkpt>
   <trkpt lat="45.037817" lon="3.96515"><ele>693.25</ele></trkpt>
   <trkpt lat="45.037873" lon="3.965254"><ele>692.25</ele></trkpt>
   <trkpt lat="45.037853" lon="3.96555"><ele>689.75</ele></trkpt>
   <trkpt lat="45.037816" lon="3.96579"><ele>687</ele></trkpt>
   <trkpt lat="45.037716" lon="3.966352"><ele>683.75</ele></trkpt>
   <trkpt lat="45.037722" lon="3.966468"><ele>683</ele></trkpt>
   <trkpt lat="45.037748" lon="3.966591"><ele>681.75</ele></trkpt>
   <trkpt lat="45.037793" lon="3.966689"><ele>680.75</ele></trkpt>
   <trkpt lat="45.038122" lon="3.967171"><ele>676.5</ele></trkpt>
   <trkpt lat="45.038235" lon="3.967424"><ele>674.75</ele></trkpt>
   <trkpt lat="45.03825" lon="3.967464"><ele>674.5</ele></trkpt>
   <trkpt lat="45.038268" lon="3.967511"><ele>674.5</ele></trkpt>
   <trkpt lat="45.038428" lon="3.967933"><ele>674.5</ele></trkpt>
   <trkpt lat="45.038453" lon="3.967998"><ele>674.25</ele></trkpt>
   <trkpt lat="45.038512" lon="3.968162"><ele>674.25</ele></trkpt>
   <trkpt lat="45.038554" lon="3.968375"><ele>674.25</ele></trkpt>
   <trkpt lat="45.038577" lon="3.968504"><ele>674</ele></trkpt>
   <trkpt lat="45.038606" lon="3.968583"><ele>674</ele></trkpt>
   <trkpt lat="45.038666" lon="3.968646"><ele>673.75</ele></trkpt>
   <trkpt lat="45.038743" lon="3.968655"><ele>673.5</ele></trkpt>
   <trkpt lat="45.03892" lon="3.968645"><ele>672.75</ele></trkpt>
   <trkpt lat="45.038943" lon="3.968658"><ele>672.5</ele></trkpt>
   <trkpt lat="45.038967" lon="3.968671"><ele>672.25</ele></trkpt>
   <trkpt lat="45.038943" lon="3.96875"><ele>672.5</ele></trkpt>
   <trkpt lat="45.038851" lon="3.969056"><ele>672.5</ele></trkpt>
   <trkpt lat="45.038791" lon="3.969316"><ele>671.75</ele></trkpt>
   <trkpt lat="45.03867" lon="3.969625"><ele>670.25</ele></trkpt>
   <trkpt lat="45.038646" lon="3.969699"><ele>670</ele></trkpt>
   <trkpt lat="45.038643" lon="3.969821"><ele>669.5</ele></trkpt>
   <trkpt lat="45.038678" lon="3.969926"><ele>669</ele></trkpt>
   <trkpt lat="45.038658" lon="3.969929"><ele>669</ele></trkpt>
   <trkpt lat="45.03863" lon="3.969951"><ele>669</ele></trkpt>
   <trkpt lat="45.038604" lon="3.969998"><ele>669</ele></trkpt>
   <trkpt lat="45.038595" lon="3.970051"><ele>668.75</ele></trkpt>
   <trkpt lat="45.0386" lon="3.970099"><ele>668.5</ele></trkpt>
   <trkpt lat="45.038627" lon="3.970154"><ele>668.25</ele></trkpt>
   <trkpt lat="45.038553" lon="3.970265"><ele>668.25</ele></trkpt>
   <trkpt lat="45.038513" lon="3.970324"><ele>668</ele></trkpt>
   <trkpt lat="45.038478" lon="3.970492"><ele>667.5</ele></trkpt>
   <trkpt lat="45.038386" lon="3.970987"><ele>667.25</ele></trkpt>
   <trkpt lat="45.038175" lon="3.97194"><ele>667.5</ele></trkpt>
   <trkpt lat="45.038131" lon="3.972114"><ele>667.5</ele></trkpt>
   <trkpt lat="45.038077" lon="3.972325"><ele>667.75</ele></trkpt>
   <trkpt lat="45.038023" lon="3.972574"><ele>667.5</ele></trkpt>
   <trkpt lat="45.037981" lon="3.972878"><ele>667</ele></trkpt>
   <trkpt lat="45.037832" lon="3.973644"><ele>667</ele></trkpt>
   <trkpt lat="45.037251" lon="3.976497"><ele>668.75</ele></trkpt>
   <trkpt lat="45.036945" lon="3.977983"><ele>670.75</ele></trkpt>
   <trkpt lat="45.036796" lon="3.978704"><ele>671.5</ele></trkpt>
   <trkpt lat="45.036286" lon="3.981234"><ele>674</ele></trkpt>
   <trkpt lat="45.036263" lon="3.981447"><ele>674.5</ele></trkpt>
   <trkpt lat="45.036238" lon="3.981554"><ele>674.75</ele></trkpt>
   <trkpt lat="45.0362" lon="3.981715"><ele>675</ele></trkpt>
   <trkpt lat="45.036072" lon="3.98226"><ele>677</ele></trkpt>
   <trkpt lat="45.035966" lon="3.982775"><ele>679.25</ele></trkpt>
   <trkpt lat="45.035773" lon="3.98366"><ele>684.25</ele></trkpt>
   <trkpt lat="45.035663" lon="3.984287"><ele>688</ele></trkpt>
   <trkpt lat="45.035492" lon="3.98513"><ele>693</ele></trkpt>
   <trkpt lat="45.035409" lon="3.98558"><ele>697.5</ele></trkpt>
   <trkpt lat="45.035407" lon="3.985655"><ele>698.25</ele></trkpt>
   <trkpt lat="45.035427" lon="3.985698"><ele>698.75</ele></trkpt>
   <trkpt lat="45.035447" lon="3.985741"><ele>699</ele></trkpt>
   <trkpt lat="45.035361" lon="3.985811"><ele>699.75</ele></trkpt>
   <trkpt lat="45.035233" lon="3.985898"><ele>700.25</ele></trkpt>
   <trkpt lat="45.035166" lon="3.985976"><ele>701</ele></trkpt>
   <trkpt lat="45.035125" lon="3.986091"><ele>701.75</ele></trkpt>
   <trkpt lat="45.035114" lon="3.986231"><ele>702.75</ele></trkpt>
   <trkpt lat="45.035152" lon="3.986536"><ele>705</ele></trkpt>
   <trkpt lat="45.03515" lon="3.986658"><ele>705.75</ele></trkpt>
   <trkpt lat="45.035124" lon="3.986793"><ele>706.25</ele></trkpt>
   <trkpt lat="45.035065" lon="3.986951"><ele>706.75</ele></trkpt>
   <trkpt lat="45.035025" lon="3.987069"><ele>706.75</ele></trkpt>
   <trkpt lat="45.03483" lon="3.987579"><ele>707.25</ele></trkpt>
   <trkpt lat="45.033038" lon="3.991985"><ele>703.25</ele></trkpt>
   <trkpt lat="45.032993" lon="3.992153"><ele>704</ele></trkpt>
   <trkpt lat="45.032987" lon="3.99226"><ele>704.25</ele></trkpt>
   <trkpt lat="45.033" lon="3.992329"><ele>704.5</ele></trkpt>
   <trkpt lat="45.033012" lon="3.992398"><ele>704.75</ele></trkpt>
   <trkpt lat="45.033066" lon="3.992489"><ele>704.75</ele></trkpt>
   <trkpt lat="45.033146" lon="3.992564"><ele>704.75</ele></trkpt>
   <trkpt lat="45.033427" lon="3.992892"><ele>705.5</ele></trkpt>
   <trkpt lat="45.033496" lon="3.992998"><ele>706.25</ele></trkpt>
   <trkpt lat="45.033671" lon="3.993418"><ele>707.75</ele></trkpt>
   <trkpt lat="45.033712" lon="3.993592"><ele>708</ele></trkpt>
   <trkpt lat="45.033722" lon="3.993779"><ele>708.75</ele></trkpt>
   <trkpt lat="45.033728" lon="3.993927"><ele>709</ele></trkpt>
   <trkpt lat="45.033742" lon="3.994594"><ele>712.25</ele></trkpt>
   <trkpt lat="45.033711" lon="3.994815"><ele>713.25</ele></trkpt>
   <trkpt lat="45.033632" lon="3.994983"><ele>714</ele></trkpt>
   <trkpt lat="45.033507" lon="3.995134"><ele>714.5</ele></trkpt>
   <trkpt lat="45.03332" lon="3.995268"><ele>714.75</ele></trkpt>
   <trkpt lat="45.03276" lon="3.995406"><ele>716.75</ele></trkpt>
   <trkpt lat="45.032596" lon="3.995523"><ele>717.75</ele></trkpt>
   <trkpt lat="45.031784" lon="3.996419"><ele>725.25</ele></trkpt>
   <trkpt lat="45.031655" lon="3.996513"><ele>726</ele></trkpt>
   <trkpt lat="45.031548" lon="3.99653"><ele>726.5</ele></trkpt>
   <trkpt lat="45.031225" lon="3.996497"><ele>727.5</ele></trkpt>
   <trkpt lat="45.031104" lon="3.996537"><ele>728.5</ele></trkpt>
   <trkpt lat="45.030954" lon="3.996667"><ele>729</ele></trkpt>
   <trkpt lat="45.03064" lon="3.997197"><ele>731.75</ele></trkpt>
   <trkpt lat="45.030419" lon="3.997488"><ele>732</ele></trkpt>
   <trkpt lat="45.030168" lon="3.99803"><ele>732.25</ele></trkpt>
   <trkpt lat="45.029924" lon="3.998676"><ele>733.75</ele></trkpt>
   <trkpt lat="45.029735" lon="3.999337"><ele>736.5</ele></trkpt>
   <trkpt lat="45.029604" lon="3.999849"><ele>738.25</ele></trkpt>
   <trkpt lat="45.029566" lon="4.00008"><ele>739</ele></trkpt>
   <trkpt lat="45.029548" lon="4.000315"><ele>739.25</ele></trkpt>
   <trkpt lat="45.029568" lon="4.000437"><ele>739</ele></trkpt>
   <trkpt lat="45.029593" lon="4.000799"><ele>738.5</ele></trkpt>
   <trkpt lat="45.029594" lon="4.001164"><ele>737.75</ele></trkpt>
   <trkpt lat="45.029535" lon="4.001571"><ele>737.25</ele></trkpt>
   <trkpt lat="45.029432" lon="4.001987"><ele>737.75</ele></trkpt>
   <trkpt lat="45.029295" lon="4.002491"><ele>735.75</ele></trkpt>
   <trkpt lat="45.029127" lon="4.003062"><ele>734.5</ele></trkpt>
   <trkpt lat="45.029003" lon="4.00351"><ele>732.25</ele></trkpt>
   <trkpt lat="45.028997" lon="4.00362"><ele>732</ele></trkpt>
   <trkpt lat="45.028708" lon="4.004494"><ele>728.75</ele></trkpt>
   <trkpt lat="45.028367" lon="4.005474"><ele>724.5</ele></trkpt>
   <trkpt lat="45.028266" lon="4.005804"><ele>723.5</ele></trkpt>
   <trkpt lat="45.028106" lon="4.006328"><ele>721.5</ele></trkpt>
   <trkpt lat="45.027967" lon="4.006712"><ele>720.25</ele></trkpt>
   <trkpt lat="45.027858" lon="4.007085"><ele>719.25</ele></trkpt>
   <trkpt lat="45.027753" lon="4.007471"><ele>719</ele></trkpt>
   <trkpt lat="45.027654" lon="4.007926"><ele>717.5</ele></trkpt>
   <trkpt lat="45.027558" lon="4.008142"><ele>717.75</ele></trkpt>
   <trkpt lat="45.027473" lon="4.008274"><ele>717.75</ele></trkpt>
   <trkpt lat="45.02746" lon="4.00821"><ele>717.75</ele></trkpt>
   <trkpt lat="45.027398" lon="4.008049"><ele>717.5</ele></trkpt>
   <trkpt lat="45.027343" lon="4.007992"><ele>717.5</ele></trkpt>
   <trkpt lat="45.027226" lon="4.007909"><ele>717.5</ele></trkpt>
   <trkpt lat="45.027089" lon="4.00789"><ele>717.5</ele></trkpt>
   <trkpt lat="45.026735" lon="4.007893"><ele>718.25</ele></trkpt>
   <trkpt lat="45.026468" lon="4.007853"><ele>719.75</ele></trkpt>
   <trkpt lat="45.026424" lon="4.007836"><ele>720</ele></trkpt>
   <trkpt lat="45.026407" lon="4.00778"><ele>720.75</ele></trkpt>
   <trkpt lat="45.026382" lon="4.007731"><ele>721.5</ele></trkpt>
   <trkpt lat="45.026349" lon="4.007691"><ele>722</ele></trkpt>
   <trkpt lat="45.026312" lon="4.007663"><ele>722.5</ele></trkpt>
   <trkpt lat="45.02627" lon="4.007647"><ele>722.75</ele></trkpt>
   <trkpt lat="45.026227" lon="4.007644"><ele>723</ele></trkpt>
   <trkpt lat="45.026185" lon="4.007656"><ele>723</ele></trkpt>
   <trkpt lat="45.026146" lon="4.00768"><ele>722.75</ele></trkpt>
   <trkpt lat="45.026111" lon="4.007716"><ele>722.5</ele></trkpt>
   <trkpt lat="45.026083" lon="4.007762"><ele>721.75</ele></trkpt>
   <trkpt lat="45.026063" lon="4.007815"><ele>721</ele></trkpt>
   <trkpt lat="45.026051" lon="4.007874"><ele>720</ele></trkpt>
   <trkpt lat="45.02605" lon="4.007935"><ele>719.25</ele></trkpt>
   <trkpt lat="45.026058" lon="4.007994"><ele>718.5</ele></trkpt>
   <trkpt lat="45.026075" lon="4.00805"><ele>717.75</ele></trkpt>
   <trkpt lat="45.0261" lon="4.008099"><ele>717.5</ele></trkpt>
   <trkpt lat="45.026087" lon="4.008218"><ele>716.5</ele></trkpt>
   <trkpt lat="45.026021" lon="4.008461"><ele>715</ele></trkpt>
   <trkpt lat="45.025329" lon="4.0101"><ele>717</ele></trkpt>
   <trkpt lat="45.024946" lon="4.010994"><ele>720.5</ele></trkpt>
   <trkpt lat="45.024863" lon="4.011055"><ele>720.75</ele></trkpt>
   <trkpt lat="45.024085" lon="4.011465"><ele>722</ele></trkpt>
   <trkpt lat="45.023183" lon="4.011913"><ele>721.25</ele></trkpt>
   <trkpt lat="45.023158" lon="4.011938"><ele>721.25</ele></trkpt>
   <trkpt lat="45.023113" lon="4.011966"><ele>721.25</ele></trkpt>
   <trkpt lat="45.023024" lon="4.012062"><ele>721.25</ele></trkpt>
   <trkpt lat="45.022569" lon="4.012904"><ele>722</ele></trkpt>
   <trkpt lat="45.022368" lon="4.01325"><ele>722.25</ele></trkpt>
   <trkpt lat="45.022069" lon="4.013694"><ele>722</ele></trkpt>
   <trkpt lat="45.02171" lon="4.01425"><ele>723.25</ele></trkpt>
   <trkpt lat="45.021218" lon="4.014977"><ele>723.5</ele></trkpt>
   <trkpt lat="45.021104" lon="4.015098"><ele>723.5</ele></trkpt>
   <trkpt lat="45.020954" lon="4.015221"><ele>724</ele></trkpt>
   <trkpt lat="45.020519" lon="4.015465"><ele>723.5</ele></trkpt>
   <trkpt lat="45.02026" lon="4.015652"><ele>723.25</ele></trkpt>
   <trkpt lat="45.020029" lon="4.015889"><ele>723.25</ele></trkpt>
   <trkpt lat="45.019805" lon="4.016157"><ele>723.25</ele></trkpt>
   <trkpt lat="45.019707" lon="4.016256"><ele>723.25</ele></trkpt>
   <trkpt lat="45.019557" lon="4.016409"><ele>723.25</ele></trkpt>
   <trkpt lat="45.019209" lon="4.016706"><ele>724</ele></trkpt>
   <trkpt lat="45.018815" lon="4.017034"><ele>724.5</ele></trkpt>
   <trkpt lat="45.018482" lon="4.017321"><ele>725</ele></trkpt>
   <trkpt lat="45.018031" lon="4.017651"><ele>725</ele></trkpt>
   <trkpt lat="45.01779" lon="4.017895"><ele>725.25</ele></trkpt>
   <trkpt lat="45.017501" lon="4.01823"><ele>726.5</ele></trkpt>
   <trkpt lat="45.017407" lon="4.018324"><ele>726.5</ele></trkpt>
   <trkpt lat="45.017297" lon="4.018404"><ele>726.5</ele></trkpt>
   <trkpt lat="45.017196" lon="4.018461"><ele>726.25</ele></trkpt>
   <trkpt lat="45.016965" lon="4.018565"><ele>726</ele></trkpt>
   <trkpt lat="45.016823" lon="4.01867"><ele>726.25</ele></trkpt>
   <trkpt lat="45.01655" lon="4.018946"><ele>727</ele></trkpt>
   <trkpt lat="45.016206" lon="4.01933"><ele>727.75</ele></trkpt>
   <trkpt lat="45.016" lon="4.019488"><ele>728</ele></trkpt>
   <trkpt lat="45.015757" lon="4.019638"><ele>728.5</ele></trkpt>
   <trkpt lat="45.015594" lon="4.019799"><ele>728.5</ele></trkpt>
   <trkpt lat="45.015383" lon="4.020038"><ele>729.25</ele></trkpt>
   <trkpt lat="45.014752" lon="4.020902"><ele>731</ele></trkpt>
   <trkpt lat="45.014377" lon="4.021382"><ele>731.5</ele></trkpt>
   <trkpt lat="45.014202" lon="4.021632"><ele>732</ele></trkpt>
   <trkpt lat="45.01409" lon="4.02187"><ele>732.5</ele></trkpt>
   <trkpt lat="45.013988" lon="4.022131"><ele>732.5</ele></trkpt>
   <trkpt lat="45.013808" lon="4.022471"><ele>733.5</ele></trkpt>
   <trkpt lat="45.013304" lon="4.023287"><ele>734.75</ele></trkpt>
   <trkpt lat="45.013063" lon="4.023633"><ele>736</ele></trkpt>
   <trkpt lat="45.012941" lon="4.023786"><ele>736.5</ele></trkpt>
   <trkpt lat="45.01245" lon="4.024225"><ele>738.25</ele></trkpt>
   <trkpt lat="45.011959" lon="4.02464"><ele>739.25</ele></trkpt>
   <trkpt lat="45.011688" lon="4.024955"><ele>739.75</ele></trkpt>
   <trkpt lat="45.011502" lon="4.025145"><ele>740.25</ele></trkpt>
   <trkpt lat="45.011009" lon="4.025518"><ele>741.75</ele></trkpt>
   <trkpt lat="45.01034" lon="4.026062"><ele>744</ele></trkpt>
   <trkpt lat="45.009833" lon="4.026497"><ele>745.75</ele></trkpt>
   <trkpt lat="45.008661" lon="4.0274"><ele>748</ele></trkpt>
   <trkpt lat="45.008591" lon="4.027492"><ele>748.75</ele></trkpt>
   <trkpt lat="45.008555" lon="4.027599"><ele>748.5</ele></trkpt>
   <trkpt lat="45.008529" lon="4.027766"><ele>748.5</ele></trkpt>
   <trkpt lat="45.008525" lon="4.028017"><ele>749.75</ele></trkpt>
   <trkpt lat="45.00861" lon="4.028081"><ele>750</ele></trkpt>
   <trkpt lat="45.008705" lon="4.02818"><ele>750.75</ele></trkpt>
   <trkpt lat="45.008777" lon="4.028291"><ele>751.75</ele></trkpt>
   <trkpt lat="45.008854" lon="4.028314"><ele>752.5</ele></trkpt>
   <trkpt lat="45.00897" lon="4.028314"><ele>753</ele></trkpt>
   <trkpt lat="45.009132" lon="4.028261"><ele>753.5</ele></trkpt>
   <trkpt lat="45.009178" lon="4.028282"><ele>753.75</ele></trkpt>
   <trkpt lat="45.009371" lon="4.028514"><ele>756.25</ele></trkpt>
   <trkpt lat="45.009427" lon="4.028675"><ele>757</ele></trkpt>
   <trkpt lat="45.009531" lon="4.030422"><ele>764.25</ele></trkpt>
   <trkpt lat="45.009577" lon="4.030717"><ele>766.25</ele></trkpt>
   <trkpt lat="45.009631" lon="4.030987"><ele>768</ele></trkpt>
   <trkpt lat="45.009724" lon="4.031241"><ele>769.25</ele></trkpt>
   <trkpt lat="45.00983" lon="4.031477"><ele>771</ele></trkpt>
   <trkpt lat="45.009966" lon="4.031726"><ele>772.75</ele></trkpt>
   <trkpt lat="45.010156" lon="4.03195"><ele>775.5</ele></trkpt>
   <trkpt lat="45.010314" lon="4.032098"><ele>777.25</ele></trkpt>
   <trkpt lat="45.010369" lon="4.032173"><ele>778</ele></trkpt>
   <trkpt lat="45.010412" lon="4.032251"><ele>778.75</ele></trkpt>
   <trkpt lat="45.010452" lon="4.032343"><ele>779.25</ele></trkpt>
   <trkpt lat="45.010621" lon="4.032902"><ele>784.75</ele></trkpt>
   <trkpt lat="45.010655" lon="4.033066"><ele>786.5</ele></trkpt>
   <trkpt lat="45.010701" lon="4.033467"><ele>790.25</ele></trkpt>
   <trkpt lat="45.010728" lon="4.033607"><ele>791.5</ele></trkpt>
   <trkpt lat="45.010783" lon="4.033821"><ele>793</ele></trkpt>
   <trkpt lat="45.010898" lon="4.034186"><ele>796</ele></trkpt>
   <trkpt lat="45.010958" lon="4.03434"><ele>797.75</ele></trkpt>
   <trkpt lat="45.011032" lon="4.034504"><ele>799</ele></trkpt>
   <trkpt lat="45.011114" lon="4.034639"><ele>800</ele></trkpt>
   <trkpt lat="45.011278" lon="4.034873"><ele>801.75</ele></trkpt>
   <trkpt lat="45.01134" lon="4.034987"><ele>802.25</ele></trkpt>
   <trkpt lat="45.011372" lon="4.035078"><ele>803</ele></trkpt>
   <trkpt lat="45.011387" lon="4.035208"><ele>804.25</ele></trkpt>
   <trkpt lat="45.011375" lon="4.035335"><ele>805.5</ele></trkpt>
   <trkpt lat="45.011304" lon="4.035746"><ele>809.5</ele></trkpt>
   <trkpt lat="45.011293" lon="4.035904"><ele>810.5</ele></trkpt>
   <trkpt lat="45.011266" lon="4.036131"><ele>811.75</ele></trkpt>
   <trkpt lat="45.011236" lon="4.036278"><ele>811.75</ele></trkpt>
   <trkpt lat="45.01067" lon="4.036762"><ele>821.25</ele></trkpt>
   <trkpt lat="45.010611" lon="4.036773"><ele>822.5</ele></trkpt>
   <trkpt lat="45.009993" lon="4.036668"><ele>832</ele></trkpt>
   <trkpt lat="45.009924" lon="4.036714"><ele>833</ele></trkpt>
   <trkpt lat="45.009784" lon="4.037112"><ele>841</ele></trkpt>
   <trkpt lat="45.009773" lon="4.037178"><ele>842</ele></trkpt>
   <trkpt lat="45.00977" lon="4.037264"><ele>843.75</ele></trkpt>
   <trkpt lat="45.009776" lon="4.037434"><ele>847.25</ele></trkpt>
   <trkpt lat="45.009753" lon="4.037626"><ele>850.5</ele></trkpt>
   <trkpt lat="45.009702" lon="4.037966"><ele>857.25</ele></trkpt>
   <trkpt lat="45.009681" lon="4.03802"><ele>858.25</ele></trkpt>
   <trkpt lat="45.00965" lon="4.038066"><ele>859</ele></trkpt>
   <trkpt lat="45.009567" lon="4.038145"><ele>860</ele></trkpt>
   <trkpt lat="45.009534" lon="4.038198"><ele>860.75</ele></trkpt>
   <trkpt lat="45.009437" lon="4.038479"><ele>863.75</ele></trkpt>
   <trkpt lat="45.009393" lon="4.038546"><ele>863.5</ele></trkpt>
   <trkpt lat="45.009328" lon="4.03862"><ele>863.25</ele></trkpt>
   <trkpt lat="45.009117" lon="4.038786"><ele>860.75</ele></trkpt>
   <trkpt lat="45.009057" lon="4.038866"><ele>860</ele></trkpt>
   <trkpt lat="45.008983" lon="4.039013"><ele>858.75</ele></trkpt>
   <trkpt lat="45.008699" lon="4.03941"><ele>863</ele></trkpt>
   <trkpt lat="45.008612" lon="4.039568"><ele>867.5</ele></trkpt>
   <trkpt lat="45.008426" lon="4.039683"><ele>871</ele></trkpt>
   <trkpt lat="45.008113" lon="4.039984"><ele>876.75</ele></trkpt>
   <trkpt lat="45.008064" lon="4.040061"><ele>877.75</ele></trkpt>
   <trkpt lat="45.00804" lon="4.040158"><ele>878.75</ele></trkpt>
   <trkpt lat="45.008034" lon="4.040272"><ele>880.5</ele></trkpt>
   <trkpt lat="45.008047" lon="4.040493"><ele>881.5</ele></trkpt>
   <trkpt lat="45.008003" lon="4.040619"><ele>880.75</ele></trkpt>
   <trkpt lat="45.007509" lon="4.041107"><ele>878.75</ele></trkpt>
   <trkpt lat="45.007516" lon="4.041231"><ele>879.5</ele></trkpt>
   <trkpt lat="45.007523" lon="4.041686"><ele>882.75</ele></trkpt>
   <trkpt lat="45.007571" lon="4.041958"><ele>884.5</ele></trkpt>
   <trkpt lat="45.00762" lon="4.042354"><ele>886.75</ele></trkpt>
   <trkpt lat="45.007611" lon="4.042678"><ele>889</ele></trkpt>
   <trkpt lat="45.007546" lon="4.043208"><ele>893.75</ele></trkpt>
   <trkpt lat="45.007523" lon="4.043528"><ele>896.75</ele></trkpt>
   <trkpt lat="45.007532" lon="4.043722"><ele>898.25</ele></trkpt>
   <trkpt lat="45.007648" lon="4.044297"><ele>900.5</ele></trkpt>
   <trkpt lat="45.007703" lon="4.044667"><ele>902</ele></trkpt>
   <trkpt lat="45.007789" lon="4.044877"><ele>902.75</ele></trkpt>
   <trkpt lat="45.007889" lon="4.045155"><ele>903</ele></trkpt>
   <trkpt lat="45.007988" lon="4.045502"><ele>904</ele></trkpt>
   <trkpt lat="45.008132" lon="4.045741"><ele>905</ele></trkpt>
   <trkpt lat="45.008432" lon="4.045986"><ele>907</ele></trkpt>
   <trkpt lat="45.008543" lon="4.04615"><ele>909</ele></trkpt>
   <trkpt lat="45.008606" lon="4.04633"><ele>910.5</ele></trkpt>
   <trkpt lat="45.008643" lon="4.04669"><ele>912.75</ele></trkpt>
   <trkpt lat="45.008664" lon="4.046817"><ele>911.75</ele></trkpt>
   <trkpt lat="45.008719" lon="4.04694"><ele>910</ele></trkpt>
   <trkpt lat="45.008577" lon="4.047281"><ele>908</ele></trkpt>
   <trkpt lat="45.008421" lon="4.047684"><ele>907.5</ele></trkpt>
   <trkpt lat="45.008368" lon="4.047935"><ele>907.75</ele></trkpt>
   <trkpt lat="45.008363" lon="4.048077"><ele>907.75</ele></trkpt>
   <trkpt lat="45.008382" lon="4.048209"><ele>907.75</ele></trkpt>
   <trkpt lat="45.008437" lon="4.048495"><ele>908.5</ele></trkpt>
   <trkpt lat="45.008572" lon="4.049101"><ele>912.5</ele></trkpt>
   <trkpt lat="45.008639" lon="4.049558"><ele>916.5</ele></trkpt>
   <trkpt lat="45.008665" lon="4.05011"><ele>921.5</ele></trkpt>
   <trkpt lat="45.008663" lon="4.051735"><ele>932.25</ele></trkpt>
   <trkpt lat="45.008628" lon="4.054888"><ele>954.25</ele></trkpt>
   <trkpt lat="45.008572" lon="4.055334"><ele>957.25</ele></trkpt>
   <trkpt lat="45.008557" lon="4.055688"><ele>959.75</ele></trkpt>
   <trkpt lat="45.008595" lon="4.056516"><ele>965.5</ele></trkpt>
   <trkpt lat="45.008644" lon="4.05683"><ele>968.25</ele></trkpt>
   <trkpt lat="45.008673" lon="4.057099"><ele>970.75</ele></trkpt>
   <trkpt lat="45.008671" lon="4.057414"><ele>973.25</ele></trkpt>
   <trkpt lat="45.008678" lon="4.05775"><ele>975.5</ele></trkpt>
   <trkpt lat="45.008738" lon="4.05804"><ele>976.75</ele></trkpt>
   <trkpt lat="45.009006" lon="4.058821"><ele>979.75</ele></trkpt>
   <trkpt lat="45.009153" lon="4.059271"><ele>980.75</ele></trkpt>
   <trkpt lat="45.009211" lon="4.059529"><ele>982.5</ele></trkpt>
   <trkpt lat="45.009313" lon="4.060036"><ele>987.75</ele></trkpt>
   <trkpt lat="45.009411" lon="4.060827"><ele>993.25</ele></trkpt>
   <trkpt lat="45.009525" lon="4.062011"><ele>997.25</ele></trkpt>
   <trkpt lat="45.009632" lon="4.062865"><ele>1001.5</ele></trkpt>
   <trkpt lat="45.009643" lon="4.063147"><ele>1003</ele></trkpt>
   <trkpt lat="45.009611" lon="4.063786"><ele>1005.5</ele></trkpt>
   <trkpt lat="45.009618" lon="4.064296"><ele>1009.75</ele></trkpt>
   <trkpt lat="45.009598" lon="4.064713"><ele>1013</ele></trkpt>
   <trkpt lat="45.009557" lon="4.065048"><ele>1013.75</ele></trkpt>
   <trkpt lat="45.009475" lon="4.065365"><ele>1014.5</ele></trkpt>
   <trkpt lat="45.009338" lon="4.0657"><ele>1015.25</ele></trkpt>
   <trkpt lat="45.009251" lon="4.066017"><ele>1015.5</ele></trkpt>
   <trkpt lat="45.009167" lon="4.066443"><ele>1017</ele></trkpt>
   <trkpt lat="45.009125" lon="4.066882"><ele>1019.5</ele></trkpt>
   <trkpt lat="45.009114" lon="4.06724"><ele>1020.75</ele></trkpt>
   <trkpt lat="45.009068" lon="4.067666"><ele>1024.25</ele></trkpt>
   <trkpt lat="45.009038" lon="4.068014"><ele>1026.5</ele></trkpt>
   <trkpt lat="45.009009" lon="4.068453"><ele>1030</ele></trkpt>
   <trkpt lat="45.008911" lon="4.069141"><ele>1032.5</ele></trkpt>
   <trkpt lat="45.008947" lon="4.069606"><ele>1034.75</ele></trkpt>
   <trkpt lat="45.008957" lon="4.070332"><ele>1040</ele></trkpt>
   <trkpt lat="45.00902" lon="4.072578"><ele>1050</ele></trkpt>
   <trkpt lat="45.0091" lon="4.074894"><ele>1062</ele></trkpt>
   <trkpt lat="45.009116" lon="4.07536"><ele>1065</ele></trkpt>
   <trkpt lat="45.009089" lon="4.075677"><ele>1066.5</ele></trkpt>
   <trkpt lat="45.009" lon="4.076045"><ele>1067.25</ele></trkpt>
   <trkpt lat="45.008865" lon="4.076335"><ele>1067.75</ele></trkpt>
   <trkpt lat="45.008721" lon="4.076586"><ele>1067.75</ele></trkpt>
   <trkpt lat="45.008613" lon="4.076832"><ele>1067.75</ele></trkpt>
   <trkpt lat="45.008507" lon="4.077197"><ele>1067.25</ele></trkpt>
   <trkpt lat="45.008466" lon="4.0775"><ele>1067.5</ele></trkpt>
   <trkpt lat="45.008466" lon="4.078107"><ele>1069.75</ele></trkpt>
   <trkpt lat="45.008457" lon="4.078598"><ele>1071</ele></trkpt>
   <trkpt lat="45.008393" lon="4.079356"><ele>1072</ele></trkpt>
   <trkpt lat="45.008331" lon="4.080195"><ele>1072</ele></trkpt>
   <trkpt lat="45.008298" lon="4.080759"><ele>1072.25</ele></trkpt>
   <trkpt lat="45.00822" lon="4.082432"><ele>1064.5</ele></trkpt>
   <trkpt lat="45.008147" lon="4.083142"><ele>1063</ele></trkpt>
   <trkpt lat="45.008094" lon="4.08413"><ele>1063.25</ele></trkpt>
   <trkpt lat="45.008119" lon="4.08473"><ele>1061</ele></trkpt>
   <trkpt lat="45.008129" lon="4.085223"><ele>1059.75</ele></trkpt>
   <trkpt lat="45.008144" lon="4.085296"><ele>1059.5</ele></trkpt>
   <trkpt lat="45.008246" lon="4.085358"><ele>1059.25</ele></trkpt>
   <trkpt lat="45.008249" lon="4.085552"><ele>1059.25</ele></trkpt>
   <trkpt lat="45.008276" lon="4.085704"><ele>1059.5</ele></trkpt>
   <trkpt lat="45.008651" lon="4.087203"><ele>1056.75</ele></trkpt>
   <trkpt lat="45.008782" lon="4.087729"><ele>1056.5</ele></trkpt>
   <trkpt lat="45.009383" lon="4.089871"><ele>1068</ele></trkpt>
   <trkpt lat="45.009483" lon="4.090233"><ele>1071</ele></trkpt>
   <trkpt lat="45.009607" lon="4.090676"><ele>1075.25</ele></trkpt>
   <trkpt lat="45.009654" lon="4.090824"><ele>1076.25</ele></trkpt>
   <trkpt lat="45.009675" lon="4.090891"><ele>1076.5</ele></trkpt>
   <trkpt lat="45.00975" lon="4.091061"><ele>1077.25</ele></trkpt>
   <trkpt lat="45.009853" lon="4.091229"><ele>1078</ele></trkpt>
   <trkpt lat="45.009948" lon="4.0914"><ele>1077.75</ele></trkpt>
   <trkpt lat="45.010043" lon="4.091604"><ele>1077.5</ele></trkpt>
   <trkpt lat="45.010115" lon="4.091792"><ele>1078.25</ele></trkpt>
   <trkpt lat="45.010172" lon="4.091974"><ele>1078.75</ele></trkpt>
   <trkpt lat="45.010213" lon="4.092157"><ele>1079.5</ele></trkpt>
   <trkpt lat="45.010263" lon="4.092859"><ele>1082</ele></trkpt>
   <trkpt lat="45.010301" lon="4.093052"><ele>1083.25</ele></trkpt>
   <trkpt lat="45.010361" lon="4.093278"><ele>1086</ele></trkpt>
   <trkpt lat="45.010414" lon="4.093449"><ele>1086.75</ele></trkpt>
   <trkpt lat="45.01046" lon="4.093637"><ele>1086.5</ele></trkpt>
   <trkpt lat="45.010505" lon="4.093836"><ele>1087</ele></trkpt>
   <trkpt lat="45.010532" lon="4.094056"><ele>1088.25</ele></trkpt>
   <trkpt lat="45.010532" lon="4.094292"><ele>1090.25</ele></trkpt>
   <trkpt lat="45.010464" lon="4.094946"><ele>1096</ele></trkpt>
   <trkpt lat="45.010471" lon="4.095187"><ele>1095</ele></trkpt>
   <trkpt lat="45.010509" lon="4.095375"><ele>1095.75</ele></trkpt>
   <trkpt lat="45.010559" lon="4.095531"><ele>1098</ele></trkpt>
   <trkpt lat="45.010623" lon="4.095686"><ele>1097.75</ele></trkpt>
   <trkpt lat="45.010722" lon="4.095826"><ele>1098.25</ele></trkpt>
   <trkpt lat="45.011169" lon="4.096083"><ele>1099.5</ele></trkpt>
   <trkpt lat="45.011309" lon="4.09618"><ele>1099.25</ele></trkpt>
   <trkpt lat="45.011416" lon="4.096298"><ele>1100.5</ele></trkpt>
   <trkpt lat="45.011514" lon="4.096443"><ele>1102</ele></trkpt>
   <trkpt lat="45.011601" lon="4.096636"><ele>1100.75</ele></trkpt>
   <trkpt lat="45.011666" lon="4.096856"><ele>1100.75</ele></trkpt>
   <trkpt lat="45.011829" lon="4.097494"><ele>1100.5</ele></trkpt>
   <trkpt lat="45.011882" lon="4.09765"><ele>1100.5</ele></trkpt>
   <trkpt lat="45.011912" lon="4.097998"><ele>1099.5</ele></trkpt>
   <trkpt lat="45.011886" lon="4.098245"><ele>1098.25</ele></trkpt>
   <trkpt lat="45.01184" lon="4.098567"><ele>1097.25</ele></trkpt>
   <trkpt lat="45.011829" lon="4.098819"><ele>1095.75</ele></trkpt>
   <trkpt lat="45.011871" lon="4.09905"><ele>1094.25</ele></trkpt>
   <trkpt lat="45.011966" lon="4.099232"><ele>1095.25</ele></trkpt>
   <trkpt lat="45.012364" lon="4.099801"><ele>1098.5</ele></trkpt>
   <trkpt lat="45.012424" lon="4.099924"><ele>1098.5</ele></trkpt>
   <trkpt lat="45.012489" lon="4.100096"><ele>1099.25</ele></trkpt>
   <trkpt lat="45.012527" lon="4.100278"><ele>1099.75</ele></trkpt>
   <trkpt lat="45.012538" lon="4.100455"><ele>1100</ele></trkpt>
   <trkpt lat="45.012515" lon="4.100611"><ele>1099.5</ele></trkpt>
   <trkpt lat="45.012402" lon="4.101139"><ele>1101.75</ele></trkpt>
   <trkpt lat="45.012387" lon="4.101357"><ele>1103.75</ele></trkpt>
   <trkpt lat="45.012431" lon="4.101522"><ele>1104</ele></trkpt>
   <trkpt lat="45.012488" lon="4.10164"><ele>1104</ele></trkpt>
   <trkpt lat="45.012598" lon="4.101768"><ele>1104.25</ele></trkpt>
   <trkpt lat="45.012732" lon="4.101909"><ele>1104</ele></trkpt>
   <trkpt lat="45.013986" lon="4.102911"><ele>1101.75</ele></trkpt>
   <trkpt lat="45.014138" lon="4.10305"><ele>1101.5</ele></trkpt>
   <trkpt lat="45.014359" lon="4.103384"><ele>1101.75</ele></trkpt>
   <trkpt lat="45.014453" lon="4.103571"><ele>1101.5</ele></trkpt>
   <trkpt lat="45.014427" lon="4.103687"><ele>1100.25</ele></trkpt>
   <trkpt lat="45.014468" lon="4.104023"><ele>1099.5</ele></trkpt>
   <trkpt lat="45.014522" lon="4.104382"><ele>1098</ele></trkpt>
   <trkpt lat="45.014567" lon="4.104788"><ele>1097</ele></trkpt>
   <trkpt lat="45.014627" lon="4.105534"><ele>1095.75</ele></trkpt>
   <trkpt lat="45.014637" lon="4.105781"><ele>1095.25</ele></trkpt>
   <trkpt lat="45.014642" lon="4.106134"><ele>1094.25</ele></trkpt>
   <trkpt lat="45.014631" lon="4.106435"><ele>1092.75</ele></trkpt>
   <trkpt lat="45.014608" lon="4.106735"><ele>1093.25</ele></trkpt>
   <trkpt lat="45.014534" lon="4.107383"><ele>1092.75</ele></trkpt>
   <trkpt lat="45.01446" lon="4.107805"><ele>1090.25</ele></trkpt>
   <trkpt lat="45.014372" lon="4.108247"><ele>1088.25</ele></trkpt>
   <trkpt lat="45.014255" lon="4.109086"><ele>1088.75</ele></trkpt>
   <trkpt lat="45.014112" lon="4.109752"><ele>1087.75</ele></trkpt>
   <trkpt lat="45.013877" lon="4.110758"><ele>1090</ele></trkpt>
   <trkpt lat="45.013823" lon="4.111073"><ele>1091.75</ele></trkpt>
   <trkpt lat="45.013781" lon="4.111402"><ele>1092.25</ele></trkpt>
   <trkpt lat="45.013737" lon="4.111809"><ele>1092.75</ele></trkpt>
   <trkpt lat="45.013709" lon="4.111962"><ele>1092.75</ele></trkpt>
   <trkpt lat="45.013676" lon="4.112079"><ele>1092.5</ele></trkpt>
   <trkpt lat="45.013612" lon="4.112206"><ele>1091.75</ele></trkpt>
   <trkpt lat="45.013402" lon="4.11247"><ele>1092.25</ele></trkpt>
   <trkpt lat="45.013286" lon="4.112604"><ele>1091.75</ele></trkpt>
   <trkpt lat="45.013189" lon="4.112754"><ele>1091</ele></trkpt>
   <trkpt lat="45.013031" lon="4.113065"><ele>1089.5</ele></trkpt>
   <trkpt lat="45.01246" lon="4.11428"><ele>1083.5</ele></trkpt>
   <trkpt lat="45.012439" lon="4.11434"><ele>1083.25</ele></trkpt>
   <trkpt lat="45.012383" lon="4.114501"><ele>1082.25</ele></trkpt>
   <trkpt lat="45.012349" lon="4.114665"><ele>1081.25</ele></trkpt>
   <trkpt lat="45.012327" lon="4.11484"><ele>1081</ele></trkpt>
   <trkpt lat="45.01233" lon="4.116044"><ele>1081</ele></trkpt>
   <trkpt lat="45.012319" lon="4.116238"><ele>1080.5</ele></trkpt>
   <trkpt lat="45.012305" lon="4.116363"><ele>1079.75</ele></trkpt>
   <trkpt lat="45.012258" lon="4.116568"><ele>1079.25</ele></trkpt>
   <trkpt lat="45.012143" lon="4.116911"><ele>1077.5</ele></trkpt>
   <trkpt lat="45.012118" lon="4.117061"><ele>1076.75</ele></trkpt>
   <trkpt lat="45.012116" lon="4.117211"><ele>1076.5</ele></trkpt>
   <trkpt lat="45.012147" lon="4.11739"><ele>1075</ele></trkpt>
   <trkpt lat="45.012329" lon="4.117995"><ele>1073.25</ele></trkpt>
   <trkpt lat="45.012369" lon="4.118185"><ele>1073.25</ele></trkpt>
   <trkpt lat="45.012396" lon="4.118416"><ele>1073.5</ele></trkpt>
   <trkpt lat="45.01246" lon="4.119288"><ele>1071.5</ele></trkpt>
   <trkpt lat="45.012486" lon="4.119438"><ele>1071.5</ele></trkpt>
   <trkpt lat="45.013113" lon="4.122335"><ele>1063.5</ele></trkpt>
   <trkpt lat="45.013151" lon="4.122475"><ele>1063.75</ele></trkpt>
   <trkpt lat="45.013202" lon="4.122652"><ele>1064.25</ele></trkpt>
   <trkpt lat="45.013215" lon="4.122788"><ele>1064.25</ele></trkpt>
   <trkpt lat="45.013228" lon="4.123001"><ele>1063.25</ele></trkpt>
   <trkpt lat="45.013247" lon="4.123832"><ele>1059.75</ele></trkpt>
   <trkpt lat="45.013277" lon="4.124111"><ele>1059.25</ele></trkpt>
   <trkpt lat="45.013372" lon="4.124346"><ele>1058.25</ele></trkpt>
   <trkpt lat="45.013546" lon="4.124685"><ele>1055.25</ele></trkpt>
   <trkpt lat="45.013842" lon="4.125055"><ele>1052.25</ele></trkpt>
   <trkpt lat="45.013884" lon="4.125211"><ele>1051.25</ele></trkpt>
   <trkpt lat="45.013906" lon="4.12542"><ele>1051.5</ele></trkpt>
   <trkpt lat="45.014005" lon="4.125486"><ele>1052.75</ele></trkpt>
   <trkpt lat="45.014229" lon="4.125762"><ele>1054.5</ele></trkpt>
   <trkpt lat="45.014269" lon="4.125866"><ele>1054.5</ele></trkpt>
   <trkpt lat="45.01436" lon="4.125957"><ele>1055</ele></trkpt>
   <trkpt lat="45.014441" lon="4.125943"><ele>1055.5</ele></trkpt>
   <trkpt lat="45.014536" lon="4.125883"><ele>1056.75</ele></trkpt>
   <trkpt lat="45.014583" lon="4.125842"><ele>1057.25</ele></trkpt>
   <trkpt lat="45.014655" lon="4.125886"><ele>1058</ele></trkpt>
   <trkpt lat="45.014798" lon="4.126027"><ele>1059.5</ele></trkpt>
   <trkpt lat="45.014917" lon="4.126243"><ele>1061</ele></trkpt>
   <trkpt lat="45.015033" lon="4.1264"><ele>1062.5</ele></trkpt>
   <trkpt lat="45.015164" lon="4.126569"><ele>1063</ele></trkpt>
   <trkpt lat="45.015383" lon="4.126701"><ele>1064</ele></trkpt>
   <trkpt lat="45.01574" lon="4.127004"><ele>1066.5</ele></trkpt>
   <trkpt lat="45.016073" lon="4.12731"><ele>1068.25</ele></trkpt>
   <trkpt lat="45.016287" lon="4.127398"><ele>1069.75</ele></trkpt>
   <trkpt lat="45.016582" lon="4.127465"><ele>1070.75</ele></trkpt>
   <trkpt lat="45.016949" lon="4.127448"><ele>1072.25</ele></trkpt>
   <trkpt lat="45.017287" lon="4.127357"><ele>1075.25</ele></trkpt>
   <trkpt lat="45.017423" lon="4.12733"><ele>1076</ele></trkpt>
   <trkpt lat="45.017512" lon="4.127408"><ele>1076.25</ele></trkpt>
   <trkpt lat="45.017942" lon="4.127393"><ele>1079.75</ele></trkpt>
   <trkpt lat="45.018076" lon="4.127395"><ele>1081</ele></trkpt>
   <trkpt lat="45.018058" lon="4.127679"><ele>1083.75</ele></trkpt>
   <trkpt lat="45.018076" lon="4.128047"><ele>1088</ele></trkpt>
   <trkpt lat="45.018178" lon="4.128549"><ele>1094</ele></trkpt>
   <trkpt lat="45.0182" lon="4.128902"><ele>1099.5</ele></trkpt>
   <trkpt lat="45.01809" lon="4.129436"><ele>1103.25</ele></trkpt>
   <trkpt lat="45.017931" lon="4.129846"><ele>1106.75</ele></trkpt>
   <trkpt lat="45.017779" lon="4.130197"><ele>1111.5</ele></trkpt>
   <trkpt lat="45.01761" lon="4.130377"><ele>1115.25</ele></trkpt>
   <trkpt lat="45.017344" lon="4.130531"><ele>1117.5</ele></trkpt>
   <trkpt lat="45.016974" lon="4.130651"><ele>1119</ele></trkpt>
   <trkpt lat="45.016586" lon="4.130836"><ele>1120</ele></trkpt>
   <trkpt lat="45.016436" lon="4.130927"><ele>1119.75</ele></trkpt>
   <trkpt lat="45.016359" lon="4.131063"><ele>1121</ele></trkpt>
   <trkpt lat="45.016342" lon="4.131163"><ele>1122.25</ele></trkpt>
   <trkpt lat="45.016261" lon="4.131321"><ele>1123.75</ele></trkpt>
   <trkpt lat="45.016214" lon="4.131451"><ele>1124.5</ele></trkpt>
   <trkpt lat="45.016222" lon="4.131611"><ele>1125.75</ele></trkpt>
   <trkpt lat="45.016321" lon="4.131905"><ele>1129.75</ele></trkpt>
   <trkpt lat="45.016329" lon="4.132114"><ele>1132.25</ele></trkpt>
   <trkpt lat="45.016291" lon="4.132332"><ele>1135.75</ele></trkpt>
   <trkpt lat="45.016149" lon="4.132659"><ele>1140.25</ele></trkpt>
   <trkpt lat="45.016102" lon="4.132871"><ele>1142.75</ele></trkpt>
   <trkpt lat="45.016115" lon="4.133083"><ele>1145.25</ele></trkpt>
   <trkpt lat="45.016137" lon="4.133301"><ele>1148.75</ele></trkpt>
   <trkpt lat="45.016102" lon="4.133531"><ele>1151.5</ele></trkpt>
   <trkpt lat="45.015974" lon="4.134118"><ele>1155.75</ele></trkpt>
   <trkpt lat="45.015961" lon="4.134397"><ele>1159</ele></trkpt>
   <trkpt lat="45.01597" lon="4.134645"><ele>1162</ele></trkpt>
   <trkpt lat="45.016008" lon="4.134869"><ele>1165.25</ele></trkpt>
   <trkpt lat="45.016008" lon="4.135141"><ele>1169.25</ele></trkpt>
   <trkpt lat="45.015893" lon="4.136374"><ele>1183</ele></trkpt>
   <trkpt lat="45.015891" lon="4.136562"><ele>1184.75</ele></trkpt>
   <trkpt lat="45.01585" lon="4.136785"><ele>1186</ele></trkpt>
   <trkpt lat="45.01576" lon="4.137206"><ele>1187.25</ele></trkpt>
   <trkpt lat="45.015764" lon="4.137458"><ele>1188.75</ele></trkpt>
   <trkpt lat="45.015837" lon="4.137818"><ele>1193</ele></trkpt>
   <trkpt lat="45.01585" lon="4.138272"><ele>1195.75</ele></trkpt>
   <trkpt lat="45.015833" lon="4.13875"><ele>1199.75</ele></trkpt>
   <trkpt lat="45.015751" lon="4.139095"><ele>1201.5</ele></trkpt>
   <trkpt lat="45.015666" lon="4.139568"><ele>1203.5</ele></trkpt>
   <trkpt lat="45.01561" lon="4.140052"><ele>1206.25</ele></trkpt>
   <trkpt lat="45.015602" lon="4.140446"><ele>1209.75</ele></trkpt>
   <trkpt lat="45.015537" lon="4.140773"><ele>1212.5</ele></trkpt>
   <trkpt lat="45.015422" lon="4.141227"><ele>1215</ele></trkpt>
   <trkpt lat="45.015358" lon="4.141623"><ele>1217.5</ele></trkpt>
   <trkpt lat="45.015358" lon="4.141896"><ele>1220.75</ele></trkpt>
   <trkpt lat="45.015306" lon="4.142181"><ele>1222.25</ele></trkpt>
   <trkpt lat="45.015208" lon="4.142489"><ele>1223.5</ele></trkpt>
   <trkpt lat="45.015182" lon="4.142732"><ele>1225.25</ele></trkpt>
   <trkpt lat="45.015199" lon="4.142995"><ele>1227.75</ele></trkpt>
   <trkpt lat="45.015165" lon="4.143204"><ele>1228.75</ele></trkpt>
   <trkpt lat="45.015114" lon="4.143455"><ele>1229.75</ele></trkpt>
   <trkpt lat="45.015109" lon="4.144015"><ele>1234.75</ele></trkpt>
   <trkpt lat="45.015097" lon="4.144142"><ele>1235.75</ele></trkpt>
   <trkpt lat="45.015028" lon="4.144257"><ele>1236</ele></trkpt>
   <trkpt lat="45.014912" lon="4.144366"><ele>1236.5</ele></trkpt>
   <trkpt lat="45.014797" lon="4.144542"><ele>1237</ele></trkpt>
   <trkpt lat="45.01475" lon="4.144769"><ele>1238.5</ele></trkpt>
   <trkpt lat="45.014767" lon="4.145142"><ele>1241.75</ele></trkpt>
   <trkpt lat="45.014883" lon="4.145829"><ele>1249</ele></trkpt>
   <trkpt lat="45.015002" lon="4.146471"><ele>1254.25</ele></trkpt>
   <trkpt lat="45.015054" lon="4.147309"><ele>1261.5</ele></trkpt>
   <trkpt lat="45.015114" lon="4.147612"><ele>1264</ele></trkpt>
   <trkpt lat="45.015246" lon="4.148003"><ele>1267.5</ele></trkpt>
   <trkpt lat="45.01537" lon="4.148302"><ele>1270.5</ele></trkpt>
   <trkpt lat="45.015563" lon="4.148623"><ele>1273</ele></trkpt>
   <trkpt lat="45.015751" lon="4.148832"><ele>1275</ele></trkpt>
   <trkpt lat="45.01593" lon="4.149174"><ele>1277.25</ele></trkpt>
   <trkpt lat="45.016197" lon="4.149804"><ele>1280.5</ele></trkpt>
   <trkpt lat="45.016346" lon="4.150185"><ele>1281.75</ele></trkpt>
   <trkpt lat="45.016492" lon="4.150411"><ele>1281.5</ele></trkpt>
   <trkpt lat="45.016625" lon="4.150619"><ele>1281.75</ele></trkpt>
   <trkpt lat="45.012537" lon="4.153859"><ele>1279.75</ele></trkpt>
   <trkpt lat="45.010031" lon="4.155836"><ele>1280.75</ele></trkpt>
   <trkpt lat="45.006525" lon="4.158643"><ele>1286.25</ele></trkpt>
   <trkpt lat="45.006346" lon="4.158797"><ele>1286.25</ele></trkpt>
   <trkpt lat="45.00598" lon="4.159183"><ele>1284.75</ele></trkpt>
   <trkpt lat="45.005677" lon="4.159612"><ele>1284.5</ele></trkpt>
   <trkpt lat="45.004374" lon="4.1622"><ele>1280.25</ele></trkpt>
   <trkpt lat="45.00415" lon="4.162613"><ele>1281.25</ele></trkpt>
   <trkpt lat="45.00301" lon="4.164828"><ele>1277.25</ele></trkpt>
   <trkpt lat="45.002804" lon="4.165246"><ele>1276.75</ele></trkpt>
   <trkpt lat="45.002698" lon="4.165569"><ele>1276.75</ele></trkpt>
   <trkpt lat="45.002482" lon="4.166687"><ele>1276</ele></trkpt>
   <trkpt lat="45.001946" lon="4.169463"><ele>1272.75</ele></trkpt>
   <trkpt lat="45.000693" lon="4.175995"><ele>1267.5</ele></trkpt>
   <trkpt lat="45.000496" lon="4.176929"><ele>1268</ele></trkpt>
   <trkpt lat="45.000124" lon="4.177884"><ele>1267</ele></trkpt>
   <trkpt lat="44.999667" lon="4.17893"><ele>1266</ele></trkpt>
   <trkpt lat="44.998887" lon="4.18078"><ele>1263.75</ele></trkpt>
   <trkpt lat="44.998493" lon="4.182175"><ele>1261.5</ele></trkpt>
   <trkpt lat="44.998182" lon="4.18357"><ele>1260.75</ele></trkpt>
   <trkpt lat="44.998077" lon="4.184196"><ele>1259.5</ele></trkpt>
   <trkpt lat="44.998098" lon="4.184922"><ele>1259.25</ele></trkpt>
   <trkpt lat="44.998235" lon="4.185469"><ele>1259.5</ele></trkpt>
   <trkpt lat="44.99872" lon="4.186477"><ele>1256.75</ele></trkpt>
   <trkpt lat="44.999138" lon="4.187046"><ele>1256.25</ele></trkpt>
   <trkpt lat="44.999616" lon="4.187668"><ele>1256.25</ele></trkpt>
   <trkpt lat="44.999707" lon="4.187803"><ele>1256.25</ele></trkpt>
   <trkpt lat="44.999978" lon="4.188151"><ele>1255.75</ele></trkpt>
   <trkpt lat="45.000132" lon="4.18843"><ele>1254.5</ele></trkpt>
   <trkpt lat="45.000198" lon="4.188667"><ele>1254.75</ele></trkpt>
   <trkpt lat="45.000226" lon="4.188933"><ele>1254.25</ele></trkpt>
   <trkpt lat="45.000218" lon="4.189197"><ele>1254.25</ele></trkpt>
   <trkpt lat="45.000162" lon="4.189536"><ele>1252.5</ele></trkpt>
   <trkpt lat="45.00007" lon="4.189903"><ele>1251</ele></trkpt>
   <trkpt lat="44.999923" lon="4.190346"><ele>1250.5</ele></trkpt>
   <trkpt lat="44.999668" lon="4.190998"><ele>1248.25</ele></trkpt>
   <trkpt lat="44.999427" lon="4.191534"><ele>1246.25</ele></trkpt>
   <trkpt lat="44.998995" lon="4.192395"><ele>1242.5</ele></trkpt>
   <trkpt lat="44.998615" lon="4.193113"><ele>1240</ele></trkpt>
   <trkpt lat="44.997623" lon="4.195026"><ele>1233.25</ele></trkpt>
   <trkpt lat="44.996733" lon="4.196914"><ele>1230.25</ele></trkpt>
   <trkpt lat="44.995707" lon="4.198997"><ele>1231</ele></trkpt>
   <trkpt lat="44.995688" lon="4.199034"><ele>1231.25</ele></trkpt>
   <trkpt lat="44.994591" lon="4.201277"><ele>1225</ele></trkpt>
   <trkpt lat="44.993914" lon="4.202798"><ele>1220.75</ele></trkpt>
   <trkpt lat="44.993738" lon="4.203231"><ele>1219.25</ele></trkpt>
   <trkpt lat="44.993204" lon="4.204425"><ele>1215.5</ele></trkpt>
   <trkpt lat="44.990545" lon="4.210427"><ele>1193.25</ele></trkpt>
   <trkpt lat="44.990429" lon="4.210638"><ele>1191.75</ele></trkpt>
   <trkpt lat="44.99031" lon="4.210808"><ele>1191</ele></trkpt>
   <trkpt lat="44.990041" lon="4.211079"><ele>1188.75</ele></trkpt>
   <trkpt lat="44.989875" lon="4.211173"><ele>1187</ele></trkpt>
   <trkpt lat="44.989685" lon="4.211256"><ele>1185</ele></trkpt>
   <trkpt lat="44.989513" lon="4.211303"><ele>1185.25</ele></trkpt>
   <trkpt lat="44.989257" lon="4.211315"><ele>1184.5</ele></trkpt>
   <trkpt lat="44.989303" lon="4.211452"><ele>1183.5</ele></trkpt>
   <trkpt lat="44.989586" lon="4.211804"><ele>1182</ele></trkpt>
   <trkpt lat="44.989622" lon="4.211855"><ele>1182</ele></trkpt>
   <trkpt lat="44.99001" lon="4.212892"><ele>1183.25</ele></trkpt>
   <trkpt lat="44.990537" lon="4.214426"><ele>1173.75</ele></trkpt>
   <trkpt lat="44.990575" lon="4.214619"><ele>1173</ele></trkpt>
   <trkpt lat="44.99057" lon="4.21479"><ele>1171.75</ele></trkpt>
   <trkpt lat="44.990496" lon="4.215119"><ele>1169.5</ele></trkpt>
   <trkpt lat="44.990443" lon="4.215451"><ele>1167.25</ele></trkpt>
   <trkpt lat="44.990456" lon="4.215827"><ele>1164.25</ele></trkpt>
   <trkpt lat="44.990504" lon="4.216163"><ele>1162</ele></trkpt>
   <trkpt lat="44.990628" lon="4.216574"><ele>1158.75</ele></trkpt>
   <trkpt lat="44.990772" lon="4.217024"><ele>1155.5</ele></trkpt>
   <trkpt lat="44.990982" lon="4.217478"><ele>1152.25</ele></trkpt>
   <trkpt lat="44.991083" lon="4.217974"><ele>1149</ele></trkpt>
   <trkpt lat="44.99125" lon="4.218262"><ele>1146.25</ele></trkpt>
   <trkpt lat="44.991438" lon="4.218385"><ele>1145</ele></trkpt>
   <trkpt lat="44.99172" lon="4.21851"><ele>1144.25</ele></trkpt>
   <trkpt lat="44.992014" lon="4.218682"><ele>1142.25</ele></trkpt>
   <trkpt lat="44.992372" lon="4.219005"><ele>1141</ele></trkpt>
   <trkpt lat="44.992862" lon="4.219425"><ele>1138</ele></trkpt>
   <trkpt lat="44.993001" lon="4.219581"><ele>1137.25</ele></trkpt>
   <trkpt lat="44.993103" lon="4.219765"><ele>1137</ele></trkpt>
   <trkpt lat="44.99326" lon="4.220304"><ele>1135</ele></trkpt>
   <trkpt lat="44.993446" lon="4.220696"><ele>1133.25</ele></trkpt>
   <trkpt lat="44.993707" lon="4.221041"><ele>1132.5</ele></trkpt>
   <trkpt lat="44.993889" lon="4.22123"><ele>1131.25</ele></trkpt>
   <trkpt lat="44.994551" lon="4.22158"><ele>1130.75</ele></trkpt>
   <trkpt lat="44.994771" lon="4.22172"><ele>1128.5</ele></trkpt>
   <trkpt lat="44.994933" lon="4.221861"><ele>1127</ele></trkpt>
   <trkpt lat="44.995023" lon="4.222014"><ele>1125.75</ele></trkpt>
   <trkpt lat="44.995049" lon="4.222181"><ele>1126</ele></trkpt>
   <trkpt lat="44.995042" lon="4.222345"><ele>1126.25</ele></trkpt>
   <trkpt lat="44.994947" lon="4.222536"><ele>1124.75</ele></trkpt>
   <trkpt lat="44.99474" lon="4.22302"><ele>1125</ele></trkpt>
   <trkpt lat="44.994685" lon="4.223278"><ele>1126.25</ele></trkpt>
   <trkpt lat="44.994656" lon="4.223539"><ele>1126</ele></trkpt>
   <trkpt lat="44.994698" lon="4.22378"><ele>1126.75</ele></trkpt>
   <trkpt lat="44.994949" lon="4.22438"><ele>1127.75</ele></trkpt>
   <trkpt lat="44.995148" lon="4.22497"><ele>1129.25</ele></trkpt>
   <trkpt lat="44.995282" lon="4.225415"><ele>1129.5</ele></trkpt>
   <trkpt lat="44.995366" lon="4.225815"><ele>1129.5</ele></trkpt>
   <trkpt lat="44.995411" lon="4.226151"><ele>1129.5</ele></trkpt>
   <trkpt lat="44.995481" lon="4.226757"><ele>1129.75</ele></trkpt>
   <trkpt lat="44.995518" lon="4.227071"><ele>1131</ele></trkpt>
   <trkpt lat="44.995521" lon="4.227518"><ele>1133</ele></trkpt>
   <trkpt lat="44.995465" lon="4.227825"><ele>1135.25</ele></trkpt>
   <trkpt lat="44.995176" lon="4.228589"><ele>1130.75</ele></trkpt>
   <trkpt lat="44.994725" lon="4.2301"><ele>1125.75</ele></trkpt>
   <trkpt lat="44.994541" lon="4.230545"><ele>1125.25</ele></trkpt>
   <trkpt lat="44.994246" lon="4.231202"><ele>1123.25</ele></trkpt>
   <trkpt lat="44.993872" lon="4.232207"><ele>1121.25</ele></trkpt>
   <trkpt lat="44.99349" lon="4.233375"><ele>1120</ele></trkpt>
   <trkpt lat="44.993327" lon="4.233744"><ele>1117.5</ele></trkpt>
   <trkpt lat="44.992926" lon="4.234658"><ele>1112</ele></trkpt>
   <trkpt lat="44.992643" lon="4.235244"><ele>1108.25</ele></trkpt>
   <trkpt lat="44.992528" lon="4.235586"><ele>1106.25</ele></trkpt>
   <trkpt lat="44.992348" lon="4.236547"><ele>1104</ele></trkpt>
   <trkpt lat="44.99225" lon="4.236792"><ele>1101</ele></trkpt>
   <trkpt lat="44.991939" lon="4.237451"><ele>1096.75</ele></trkpt>
   <trkpt lat="44.991256" lon="4.238851"><ele>1094.75</ele></trkpt>
   <trkpt lat="44.990966" lon="4.239667"><ele>1090.75</ele></trkpt>
   <trkpt lat="44.990917" lon="4.239935"><ele>1089.75</ele></trkpt>
   <trkpt lat="44.990912" lon="4.240197"><ele>1087.5</ele></trkpt>
   <trkpt lat="44.990947" lon="4.240528"><ele>1083.75</ele></trkpt>
   <trkpt lat="44.990998" lon="4.240875"><ele>1082.75</ele></trkpt>
   <trkpt lat="44.990944" lon="4.241565"><ele>1080</ele></trkpt>
   <trkpt lat="44.990945" lon="4.241617"><ele>1079.75</ele></trkpt>
   <trkpt lat="44.990755" lon="4.24167"><ele>1078.75</ele></trkpt>
   <trkpt lat="44.990513" lon="4.241742"><ele>1076.75</ele></trkpt>
   <trkpt lat="44.990367" lon="4.241788"><ele>1078.75</ele></trkpt>
   <trkpt lat="44.990232" lon="4.241794"><ele>1080.25</ele></trkpt>
   <trkpt lat="44.990141" lon="4.241778"><ele>1081.25</ele></trkpt>
   <trkpt lat="44.990024" lon="4.241711"><ele>1081.5</ele></trkpt>
   <trkpt lat="44.989264" lon="4.24104"><ele>1085</ele></trkpt>
   <trkpt lat="44.989069" lon="4.240846"><ele>1085.5</ele></trkpt>
   <trkpt lat="44.98825" lon="4.239926"><ele>1090.25</ele></trkpt>
   <trkpt lat="44.988041" lon="4.239719"><ele>1092</ele></trkpt>
   <trkpt lat="44.987896" lon="4.239594"><ele>1092.75</ele></trkpt>
   <trkpt lat="44.987783" lon="4.239525"><ele>1093.5</ele></trkpt>
   <trkpt lat="44.987581" lon="4.239452"><ele>1094.25</ele></trkpt>
   <trkpt lat="44.986732" lon="4.239188"><ele>1096.5</ele></trkpt>
   <trkpt lat="44.98599" lon="4.238943"><ele>1099.5</ele></trkpt>
   <trkpt lat="44.985781" lon="4.238884"><ele>1100.25</ele></trkpt>
   <trkpt lat="44.985405" lon="4.238834"><ele>1101</ele></trkpt>
   <trkpt lat="44.985229" lon="4.238789"><ele>1100.75</ele></trkpt>
   <trkpt lat="44.985081" lon="4.238721"><ele>1102</ele></trkpt>
   <trkpt lat="44.984912" lon="4.238593"><ele>1103.75</ele></trkpt>
   <trkpt lat="44.984786" lon="4.238473"><ele>1104</ele></trkpt>
   <trkpt lat="44.984578" lon="4.23822"><ele>1105</ele></trkpt>
   <trkpt lat="44.984434" lon="4.238071"><ele>1106.25</ele></trkpt>
   <trkpt lat="44.984312" lon="4.237983"><ele>1106.25</ele></trkpt>
   <trkpt lat="44.984175" lon="4.237925"><ele>1107</ele></trkpt>
   <trkpt lat="44.984045" lon="4.237911"><ele>1107</ele></trkpt>
   <trkpt lat="44.983883" lon="4.237937"><ele>1107.75</ele></trkpt>
   <trkpt lat="44.982619" lon="4.238453"><ele>1112</ele></trkpt>
   <trkpt lat="44.982448" lon="4.23849"><ele>1112.5</ele></trkpt>
   <trkpt lat="44.982335" lon="4.238477"><ele>1112.75</ele></trkpt>
   <trkpt lat="44.98223" lon="4.238428"><ele>1113.25</ele></trkpt>
   <trkpt lat="44.98185" lon="4.238106"><ele>1115</ele></trkpt>
   <trkpt lat="44.981633" lon="4.237983"><ele>1115.25</ele></trkpt>
   <trkpt lat="44.98136" lon="4.237867"><ele>1116.25</ele></trkpt>
   <trkpt lat="44.981199" lon="4.237834"><ele>1115.75</ele></trkpt>
   <trkpt lat="44.98101" lon="4.237832"><ele>1116.25</ele></trkpt>
   <trkpt lat="44.980823" lon="4.237861"><ele>1117.25</ele></trkpt>
   <trkpt lat="44.979951" lon="4.238151"><ele>1120.75</ele></trkpt>
   <trkpt lat="44.979581" lon="4.23823"><ele>1121.5</ele></trkpt>
   <trkpt lat="44.979202" lon="4.238279"><ele>1123.25</ele></trkpt>
   <trkpt lat="44.978655" lon="4.2383"><ele>1126</ele></trkpt>
   <trkpt lat="44.978456" lon="4.238266"><ele>1126</ele></trkpt>
   <trkpt lat="44.97833" lon="4.238234"><ele>1125.75</ele></trkpt>
   <trkpt lat="44.978196" lon="4.238184"><ele>1126.25</ele></trkpt>
   <trkpt lat="44.977876" lon="4.23801"><ele>1127.25</ele></trkpt>
   <trkpt lat="44.977612" lon="4.237856"><ele>1128.5</ele></trkpt>
   <trkpt lat="44.977286" lon="4.237647"><ele>1130.75</ele></trkpt>
   <trkpt lat="44.977217" lon="4.237557"><ele>1131.25</ele></trkpt>
   <trkpt lat="44.977189" lon="4.237588"><ele>1131.5</ele></trkpt>
   <trkpt lat="44.977132" lon="4.237668"><ele>1132.5</ele></trkpt>
   <trkpt lat="44.977124" lon="4.237773"><ele>1133.25</ele></trkpt>
   <trkpt lat="44.977127" lon="4.237904"><ele>1133.75</ele></trkpt>
   <trkpt lat="44.977188" lon="4.238076"><ele>1133.75</ele></trkpt>
   <trkpt lat="44.977411" lon="4.238615"><ele>1134.75</ele></trkpt>
   <trkpt lat="44.977518" lon="4.238784"><ele>1134.25</ele></trkpt>
   <trkpt lat="44.977682" lon="4.23896"><ele>1134.25</ele></trkpt>
   <trkpt lat="44.977919" lon="4.239139"><ele>1136</ele></trkpt>
   <trkpt lat="44.979697" lon="4.240103"><ele>1142</ele></trkpt>
   <trkpt lat="44.980567" lon="4.240592"><ele>1145.25</ele></trkpt>
   <trkpt lat="44.980758" lon="4.240758"><ele>1145.75</ele></trkpt>
   <trkpt lat="44.980855" lon="4.240921"><ele>1146.25</ele></trkpt>
   <trkpt lat="44.980916" lon="4.241096"><ele>1146.5</ele></trkpt>
   <trkpt lat="44.980955" lon="4.241308"><ele>1146.75</ele></trkpt>
   <trkpt lat="44.981063" lon="4.242422"><ele>1149.5</ele></trkpt>
   <trkpt lat="44.981054" lon="4.242673"><ele>1150.25</ele></trkpt>
   <trkpt lat="44.981021" lon="4.242947"><ele>1150.25</ele></trkpt>
   <trkpt lat="44.980697" lon="4.244496"><ele>1147.25</ele></trkpt>
   <trkpt lat="44.980153" lon="4.24738"><ele>1142.5</ele></trkpt>
   <trkpt lat="44.980053" lon="4.247824"><ele>1141.5</ele></trkpt>
   <trkpt lat="44.979944" lon="4.24818"><ele>1140.75</ele></trkpt>
   <trkpt lat="44.979766" lon="4.24861"><ele>1140</ele></trkpt>
   <trkpt lat="44.979506" lon="4.249107"><ele>1139.5</ele></trkpt>
   <trkpt lat="44.979484" lon="4.249261"><ele>1139</ele></trkpt>
   <trkpt lat="44.979446" lon="4.249288"><ele>1139</ele></trkpt>
   <trkpt lat="44.979317" lon="4.249388"><ele>1138.5</ele></trkpt>
   <trkpt lat="44.978731" lon="4.250365"><ele>1136.25</ele></trkpt>
   <trkpt lat="44.978" lon="4.251545"><ele>1135.5</ele></trkpt>
   <trkpt lat="44.977398" lon="4.25249"><ele>1134.5</ele></trkpt>
   <trkpt lat="44.976823" lon="4.253447"><ele>1131.25</ele></trkpt>
   <trkpt lat="44.976662" lon="4.253734"><ele>1130.25</ele></trkpt>
   <trkpt lat="44.97644" lon="4.254208"><ele>1127</ele></trkpt>
   <trkpt lat="44.976171" lon="4.254907"><ele>1124</ele></trkpt>
   <trkpt lat="44.976069" lon="4.255298"><ele>1121.5</ele></trkpt>
   <trkpt lat="44.975986" lon="4.255752"><ele>1119.25</ele></trkpt>
   <trkpt lat="44.975931" lon="4.256161"><ele>1118</ele></trkpt>
   <trkpt lat="44.975922" lon="4.256442"><ele>1116.5</ele></trkpt>
   <trkpt lat="44.97605" lon="4.257547"><ele>1111.75</ele></trkpt>
   <trkpt lat="44.976084" lon="4.257703"><ele>1112.25</ele></trkpt>
   <trkpt lat="44.976139" lon="4.257838"><ele>1111.75</ele></trkpt>
   <trkpt lat="44.976298" lon="4.258063"><ele>1111.75</ele></trkpt>
   <trkpt lat="44.976353" lon="4.258171"><ele>1111.5</ele></trkpt>
   <trkpt lat="44.976418" lon="4.25838"><ele>1110.75</ele></trkpt>
   <trkpt lat="44.976453" lon="4.258642"><ele>1109.75</ele></trkpt>
   <trkpt lat="44.976465" lon="4.25891"><ele>1108.5</ele></trkpt>
   <trkpt lat="44.976445" lon="4.259149"><ele>1107.25</ele></trkpt>
   <trkpt lat="44.976394" lon="4.25941"><ele>1106</ele></trkpt>
   <trkpt lat="44.976304" lon="4.259762"><ele>1104.75</ele></trkpt>
   <trkpt lat="44.97627" lon="4.259978"><ele>1104.75</ele></trkpt>
   <trkpt lat="44.976268" lon="4.260411"><ele>1102.75</ele></trkpt>
   <trkpt lat="44.976252" lon="4.260663"><ele>1102.5</ele></trkpt>
   <trkpt lat="44.976161" lon="4.261223"><ele>1099.5</ele></trkpt>
   <trkpt lat="44.976151" lon="4.261428"><ele>1098.75</ele></trkpt>
   <trkpt lat="44.976149" lon="4.261664"><ele>1097.75</ele></trkpt>
   <trkpt lat="44.976188" lon="4.26212"><ele>1095</ele></trkpt>
   <trkpt lat="44.976219" lon="4.262283"><ele>1093.75</ele></trkpt>
   <trkpt lat="44.976264" lon="4.262405"><ele>1092.25</ele></trkpt>
   <trkpt lat="44.976405" lon="4.26247"><ele>1094.25</ele></trkpt>
   <trkpt lat="44.976475" lon="4.262519"><ele>1094.25</ele></trkpt>
   <trkpt lat="44.976556" lon="4.262619"><ele>1093.5</ele></trkpt>
   <trkpt lat="44.97661" lon="4.262758"><ele>1091.75</ele></trkpt>
   <trkpt lat="44.976636" lon="4.262958"><ele>1092.25</ele></trkpt>
   <trkpt lat="44.97663" lon="4.263155"><ele>1091.75</ele></trkpt>
   <trkpt lat="44.9766" lon="4.263475"><ele>1088.75</ele></trkpt>
   <trkpt lat="44.97662" lon="4.26364"><ele>1088.25</ele></trkpt>
   <trkpt lat="44.976666" lon="4.263807"><ele>1087</ele></trkpt>
   <trkpt lat="44.976957" lon="4.264522"><ele>1085.25</ele></trkpt>
   <trkpt lat="44.976967" lon="4.264653"><ele>1085</ele></trkpt>
   <trkpt lat="44.976932" lon="4.264782"><ele>1084.75</ele></trkpt>
   <trkpt lat="44.976876" lon="4.264854"><ele>1084.75</ele></trkpt>
   <trkpt lat="44.976792" lon="4.264899"><ele>1085.25</ele></trkpt>
   <trkpt lat="44.976432" lon="4.264961"><ele>1080.5</ele></trkpt>
   <trkpt lat="44.976285" lon="4.265007"><ele>1079.25</ele></trkpt>
   <trkpt lat="44.976194" lon="4.265084"><ele>1080</ele></trkpt>
   <trkpt lat="44.97611" lon="4.265212"><ele>1079.75</ele></trkpt>
   <trkpt lat="44.976051" lon="4.265419"><ele>1079</ele></trkpt>
   <trkpt lat="44.975985" lon="4.265898"><ele>1076.5</ele></trkpt>
   <trkpt lat="44.975972" lon="4.266107"><ele>1075.25</ele></trkpt>
   <trkpt lat="44.975983" lon="4.266321"><ele>1075.25</ele></trkpt>
   <trkpt lat="44.97605" lon="4.266757"><ele>1073</ele></trkpt>
   <trkpt lat="44.976221" lon="4.267595"><ele>1072</ele></trkpt>
   <trkpt lat="44.976247" lon="4.267808"><ele>1071.25</ele></trkpt>
   <trkpt lat="44.976246" lon="4.268041"><ele>1070.75</ele></trkpt>
   <trkpt lat="44.97619" lon="4.268438"><ele>1069.25</ele></trkpt>
   <trkpt lat="44.976128" lon="4.268697"><ele>1067.25</ele></trkpt>
   <trkpt lat="44.976057" lon="4.268934"><ele>1065</ele></trkpt>
   <trkpt lat="44.975977" lon="4.269166"><ele>1063.5</ele></trkpt>
   <trkpt lat="44.975868" lon="4.269384"><ele>1062.75</ele></trkpt>
   <trkpt lat="44.975211" lon="4.270373"><ele>1057.75</ele></trkpt>
   <trkpt lat="44.975134" lon="4.270532"><ele>1057.75</ele></trkpt>
   <trkpt lat="44.974988" lon="4.270895"><ele>1055.25</ele></trkpt>
   <trkpt lat="44.974882" lon="4.271198"><ele>1054.5</ele></trkpt>
   <trkpt lat="44.974844" lon="4.271379"><ele>1054.5</ele></trkpt>
   <trkpt lat="44.974847" lon="4.271577"><ele>1052.75</ele></trkpt>
   <trkpt lat="44.97489" lon="4.271737"><ele>1052</ele></trkpt>
   <trkpt lat="44.974995" lon="4.271988"><ele>1050</ele></trkpt>
   <trkpt lat="44.97503" lon="4.272152"><ele>1049.5</ele></trkpt>
   <trkpt lat="44.975015" lon="4.27232"><ele>1048.75</ele></trkpt>
   <trkpt lat="44.974971" lon="4.272462"><ele>1048.5</ele></trkpt>
   <trkpt lat="44.974852" lon="4.272681"><ele>1049</ele></trkpt>
   <trkpt lat="44.974721" lon="4.272966"><ele>1046.5</ele></trkpt>
   <trkpt lat="44.974678" lon="4.273147"><ele>1045.5</ele></trkpt>
   <trkpt lat="44.974659" lon="4.273358"><ele>1044.75</ele></trkpt>
   <trkpt lat="44.97466" lon="4.27375"><ele>1042.75</ele></trkpt>
   <trkpt lat="44.974686" lon="4.274046"><ele>1042</ele></trkpt>
   <trkpt lat="44.97482" lon="4.274914"><ele>1041</ele></trkpt>
   <trkpt lat="44.974824" lon="4.275094"><ele>1039.5</ele></trkpt>
   <trkpt lat="44.974808" lon="4.275246"><ele>1037.5</ele></trkpt>
   <trkpt lat="44.974742" lon="4.275384"><ele>1036</ele></trkpt>
   <trkpt lat="44.974649" lon="4.275479"><ele>1035.5</ele></trkpt>
   <trkpt lat="44.974471" lon="4.275557"><ele>1034.5</ele></trkpt>
   <trkpt lat="44.974035" lon="4.27566"><ele>1032.25</ele></trkpt>
   <trkpt lat="44.973892" lon="4.275671"><ele>1030</ele></trkpt>
   <trkpt lat="44.973725" lon="4.275657"><ele>1031</ele></trkpt>
   <trkpt lat="44.973554" lon="4.275611"><ele>1030.5</ele></trkpt>
   <trkpt lat="44.973334" lon="4.275499"><ele>1027.25</ele></trkpt>
   <trkpt lat="44.973226" lon="4.275488"><ele>1026.25</ele></trkpt>
   <trkpt lat="44.97313" lon="4.275522"><ele>1026.5</ele></trkpt>
   <trkpt lat="44.973034" lon="4.27562"><ele>1026.25</ele></trkpt>
   <trkpt lat="44.972964" lon="4.275755"><ele>1024</ele></trkpt>
   <trkpt lat="44.972861" lon="4.276051"><ele>1024.75</ele></trkpt>
   <trkpt lat="44.972779" lon="4.276205"><ele>1024</ele></trkpt>
   <trkpt lat="44.972696" lon="4.276322"><ele>1023</ele></trkpt>
   <trkpt lat="44.972582" lon="4.276407"><ele>1022.25</ele></trkpt>
   <trkpt lat="44.972208" lon="4.27663"><ele>1020.75</ele></trkpt>
   <trkpt lat="44.97165" lon="4.277077"><ele>1016.25</ele></trkpt>
   <trkpt lat="44.970789" lon="4.277804"><ele>1009.75</ele></trkpt>
   <trkpt lat="44.970671" lon="4.277941"><ele>1008.25</ele></trkpt>
   <trkpt lat="44.970598" lon="4.278116"><ele>1008.5</ele></trkpt>
   <trkpt lat="44.970547" lon="4.278334"><ele>1007.25</ele></trkpt>
   <trkpt lat="44.970527" lon="4.278543"><ele>1006.75</ele></trkpt>
   <trkpt lat="44.970515" lon="4.27896"><ele>1005.75</ele></trkpt>
   <trkpt lat="44.970488" lon="4.279124"><ele>1005.25</ele></trkpt>
   <trkpt lat="44.970415" lon="4.279292"><ele>1004.5</ele></trkpt>
   <trkpt lat="44.970286" lon="4.279473"><ele>1003.5</ele></trkpt>
   <trkpt lat="44.97011" lon="4.279677"><ele>1001</ele></trkpt>
   <trkpt lat="44.970057" lon="4.279806"><ele>1000.75</ele></trkpt>
   <trkpt lat="44.970039" lon="4.279945"><ele>1000.75</ele></trkpt>
   <trkpt lat="44.970053" lon="4.280075"><ele>1000</ele></trkpt>
   <trkpt lat="44.970103" lon="4.280172"><ele>998.75</ele></trkpt>
   <trkpt lat="44.970174" lon="4.280218"><ele>998.25</ele></trkpt>
   <trkpt lat="44.970305" lon="4.280252"><ele>997.75</ele></trkpt>
   <trkpt lat="44.970471" lon="4.280263"><ele>997</ele></trkpt>
   <trkpt lat="44.970594" lon="4.280291"><ele>996</ele></trkpt>
   <trkpt lat="44.970919" lon="4.280418"><ele>995.5</ele></trkpt>
   <trkpt lat="44.971285" lon="4.280443"><ele>995</ele></trkpt>
   <trkpt lat="44.971392" lon="4.280475"><ele>993.75</ele></trkpt>
   <trkpt lat="44.971485" lon="4.280549"><ele>993.75</ele></trkpt>
   <trkpt lat="44.97155" lon="4.280646"><ele>992.75</ele></trkpt>
   <trkpt lat="44.971613" lon="4.280765"><ele>991.5</ele></trkpt>
   <trkpt lat="44.971692" lon="4.280892"><ele>990.75</ele></trkpt>
   <trkpt lat="44.971776" lon="4.280968"><ele>990</ele></trkpt>
   <trkpt lat="44.972061" lon="4.28109"><ele>990.25</ele></trkpt>
   <trkpt lat="44.972131" lon="4.281155"><ele>989.75</ele></trkpt>
   <trkpt lat="44.972161" lon="4.281252"><ele>988.75</ele></trkpt>
   <trkpt lat="44.972174" lon="4.281396"><ele>987</ele></trkpt>
   <trkpt lat="44.972162" lon="4.281722"><ele>986.25</ele></trkpt>
   <trkpt lat="44.972138" lon="4.281867"><ele>985.5</ele></trkpt>
   <trkpt lat="44.972117" lon="4.281932"><ele>985</ele></trkpt>
   <trkpt lat="44.97204" lon="4.282037"><ele>983.75</ele></trkpt>
   <trkpt lat="44.971926" lon="4.282139"><ele>982.75</ele></trkpt>
   <trkpt lat="44.971823" lon="4.282259"><ele>983</ele></trkpt>
   <trkpt lat="44.971645" lon="4.282499"><ele>981</ele></trkpt>
   <trkpt lat="44.97123" lon="4.283242"><ele>977.25</ele></trkpt>
   <trkpt lat="44.970943" lon="4.283742"><ele>974</ele></trkpt>
   <trkpt lat="44.970653" lon="4.284242"><ele>971.5</ele></trkpt>
   <trkpt lat="44.97055" lon="4.284406"><ele>971.25</ele></trkpt>
   <trkpt lat="44.970466" lon="4.284505"><ele>971.25</ele></trkpt>
   <trkpt lat="44.970409" lon="4.284549"><ele>970.75</ele></trkpt>
   <trkpt lat="44.970298" lon="4.28461"><ele>969</ele></trkpt>
   <trkpt lat="44.969922" lon="4.284736"><ele>966.75</ele></trkpt>
   <trkpt lat="44.96983" lon="4.284826"><ele>966.25</ele></trkpt>
   <trkpt lat="44.969387" lon="4.285441"><ele>961.75</ele></trkpt>
   <trkpt lat="44.969308" lon="4.285595"><ele>961.5</ele></trkpt>
   <trkpt lat="44.969254" lon="4.285751"><ele>960.75</ele></trkpt>
   <trkpt lat="44.969131" lon="4.286355"><ele>957.75</ele></trkpt>
   <trkpt lat="44.969074" lon="4.286591"><ele>957</ele></trkpt>
   <trkpt lat="44.968886" lon="4.287171"><ele>955</ele></trkpt>
   <trkpt lat="44.968523" lon="4.288329"><ele>949</ele></trkpt>
   <trkpt lat="44.96849" lon="4.288454"><ele>948</ele></trkpt>
   <trkpt lat="44.968487" lon="4.288602"><ele>948</ele></trkpt>
   <trkpt lat="44.968513" lon="4.28874"><ele>947.5</ele></trkpt>
   <trkpt lat="44.968627" lon="4.289019"><ele>947</ele></trkpt>
   <trkpt lat="44.968714" lon="4.289193"><ele>945.25</ele></trkpt>
   <trkpt lat="44.968781" lon="4.289312"><ele>943.25</ele></trkpt>
   <trkpt lat="44.968922" lon="4.289418"><ele>942.75</ele></trkpt>
   <trkpt lat="44.969422" lon="4.289762"><ele>941.75</ele></trkpt>
   <trkpt lat="44.969523" lon="4.28988"><ele>941.5</ele></trkpt>
   <trkpt lat="44.969644" lon="4.290059"><ele>939</ele></trkpt>
   <trkpt lat="44.969852" lon="4.290239"><ele>937.75</ele></trkpt>
   <trkpt lat="44.9699" lon="4.290306"><ele>937</ele></trkpt>
   <trkpt lat="44.969942" lon="4.290399"><ele>937.25</ele></trkpt>
   <trkpt lat="44.96996" lon="4.290518"><ele>936.25</ele></trkpt>
   <trkpt lat="44.969933" lon="4.290668"><ele>936</ele></trkpt>
   <trkpt lat="44.969819" lon="4.291068"><ele>935</ele></trkpt>
   <trkpt lat="44.969753" lon="4.291338"><ele>934.75</ele></trkpt>
   <trkpt lat="44.969736" lon="4.291408"><ele>934.5</ele></trkpt>
   <trkpt lat="44.969698" lon="4.291644"><ele>932</ele></trkpt>
   <trkpt lat="44.969695" lon="4.291787"><ele>931</ele></trkpt>
   <trkpt lat="44.969744" lon="4.292122"><ele>930.75</ele></trkpt>
   <trkpt lat="44.969746" lon="4.292243"><ele>930</ele></trkpt>
   <trkpt lat="44.969726" lon="4.292404"><ele>929.75</ele></trkpt>
   <trkpt lat="44.969652" lon="4.29264"><ele>928.75</ele></trkpt>
   <trkpt lat="44.969563" lon="4.292876"><ele>928</ele></trkpt>
   <trkpt lat="44.969473" lon="4.293085"><ele>926.75</ele></trkpt>
   <trkpt lat="44.969334" lon="4.293331"><ele>924.5</ele></trkpt>
   <trkpt lat="44.969157" lon="4.293616"><ele>923.5</ele></trkpt>
   <trkpt lat="44.969038" lon="4.293842"><ele>922</ele></trkpt>
   <trkpt lat="44.968967" lon="4.294036"><ele>921.5</ele></trkpt>
   <trkpt lat="44.968875" lon="4.294366"><ele>919</ele></trkpt>
   <trkpt lat="44.968804" lon="4.294664"><ele>918</ele></trkpt>
   <trkpt lat="44.968707" lon="4.295077"><ele>917.25</ele></trkpt>
   <trkpt lat="44.968657" lon="4.295235"><ele>917.5</ele></trkpt>
   <trkpt lat="44.968604" lon="4.295381"><ele>916.25</ele></trkpt>
   <trkpt lat="44.968507" lon="4.295578"><ele>913.75</ele></trkpt>
   <trkpt lat="44.968386" lon="4.295856"><ele>913.5</ele></trkpt>
   <trkpt lat="44.968319" lon="4.296028"><ele>911.75</ele></trkpt>
   <trkpt lat="44.968293" lon="4.296178"><ele>911</ele></trkpt>
   <trkpt lat="44.968279" lon="4.296366"><ele>909.75</ele></trkpt>
   <trkpt lat="44.968288" lon="4.296544"><ele>909</ele></trkpt>
   <trkpt lat="44.96833" lon="4.29678"><ele>909</ele></trkpt>
   <trkpt lat="44.968418" lon="4.297131"><ele>909.25</ele></trkpt>
   <trkpt lat="44.968476" lon="4.297423"><ele>907</ele></trkpt>
   <trkpt lat="44.968514" lon="4.297661"><ele>905.25</ele></trkpt>
   <trkpt lat="44.968542" lon="4.297932"><ele>903.75</ele></trkpt>
   <trkpt lat="44.968551" lon="4.298276"><ele>902</ele></trkpt>
   <trkpt lat="44.968524" lon="4.299091"><ele>899</ele></trkpt>
   <trkpt lat="44.968508" lon="4.299651"><ele>896.75</ele></trkpt>
   <trkpt lat="44.968514" lon="4.299857"><ele>895.5</ele></trkpt>
   <trkpt lat="44.968542" lon="4.299986"><ele>895.25</ele></trkpt>
   <trkpt lat="44.968587" lon="4.30007"><ele>894.25</ele></trkpt>
   <trkpt lat="44.968663" lon="4.300134"><ele>893.75</ele></trkpt>
   <trkpt lat="44.968846" lon="4.300199"><ele>895</ele></trkpt>
   <trkpt lat="44.968916" lon="4.300253"><ele>895</ele></trkpt>
   <trkpt lat="44.968967" lon="4.300334"><ele>895.5</ele></trkpt>
   <trkpt lat="44.969013" lon="4.300473"><ele>895.5</ele></trkpt>
   <trkpt lat="44.969049" lon="4.300764"><ele>892.75</ele></trkpt>
   <trkpt lat="44.969106" lon="4.301034"><ele>889.75</ele></trkpt>
   <trkpt lat="44.969216" lon="4.301433"><ele>890.75</ele></trkpt>
   <trkpt lat="44.969251" lon="4.301588"><ele>889.75</ele></trkpt>
   <trkpt lat="44.969279" lon="4.301805"><ele>888.5</ele></trkpt>
   <trkpt lat="44.969322" lon="4.302302"><ele>886.25</ele></trkpt>
   <trkpt lat="44.969332" lon="4.302592"><ele>884</ele></trkpt>
   <trkpt lat="44.96932" lon="4.302914"><ele>881.25</ele></trkpt>
   <trkpt lat="44.969322" lon="4.303175"><ele>882</ele></trkpt>
   <trkpt lat="44.96934" lon="4.303382"><ele>881.25</ele></trkpt>
   <trkpt lat="44.969372" lon="4.30357"><ele>880.25</ele></trkpt>
   <trkpt lat="44.969437" lon="4.303758"><ele>880.5</ele></trkpt>
   <trkpt lat="44.969543" lon="4.303929"><ele>879.5</ele></trkpt>
   <trkpt lat="44.969662" lon="4.304042"><ele>878</ele></trkpt>
   <trkpt lat="44.969819" lon="4.304166"><ele>878.5</ele></trkpt>
   <trkpt lat="44.969919" lon="4.304294"><ele>877.25</ele></trkpt>
   <trkpt lat="44.970004" lon="4.304431"><ele>876.5</ele></trkpt>
   <trkpt lat="44.970082" lon="4.304599"><ele>876.25</ele></trkpt>
   <trkpt lat="44.97012" lon="4.304789"><ele>875.25</ele></trkpt>
   <trkpt lat="44.970141" lon="4.305085"><ele>874.25</ele></trkpt>
   <trkpt lat="44.970149" lon="4.305422"><ele>873.25</ele></trkpt>
   <trkpt lat="44.970229" lon="4.307094"><ele>863</ele></trkpt>
   <trkpt lat="44.970253" lon="4.307208"><ele>863.75</ele></trkpt>
   <trkpt lat="44.970298" lon="4.30729"><ele>863.75</ele></trkpt>
   <trkpt lat="44.970359" lon="4.307339"><ele>862</ele></trkpt>
   <trkpt lat="44.970433" lon="4.307343"><ele>860.5</ele></trkpt>
   <trkpt lat="44.970502" lon="4.307326"><ele>859.5</ele></trkpt>
   <trkpt lat="44.970574" lon="4.307271"><ele>859.25</ele></trkpt>
   <trkpt lat="44.970648" lon="4.307145"><ele>858.75</ele></trkpt>
   <trkpt lat="44.970757" lon="4.306905"><ele>859.75</ele></trkpt>
   <trkpt lat="44.970992" lon="4.306347"><ele>856.75</ele></trkpt>
   <trkpt lat="44.971355" lon="4.3054"><ele>855.25</ele></trkpt>
   <trkpt lat="44.971443" lon="4.305259"><ele>854</ele></trkpt>
   <trkpt lat="44.971511" lon="4.305196"><ele>853.25</ele></trkpt>
   <trkpt lat="44.971568" lon="4.305166"><ele>852</ele></trkpt>
   <trkpt lat="44.97163" lon="4.305158"><ele>850.25</ele></trkpt>
   <trkpt lat="44.971806" lon="4.305243"><ele>853.75</ele></trkpt>
   <trkpt lat="44.97184" lon="4.305285"><ele>854.5</ele></trkpt>
   <trkpt lat="44.971869" lon="4.305357"><ele>854.5</ele></trkpt>
   <trkpt lat="44.971894" lon="4.305505"><ele>853</ele></trkpt>
   <trkpt lat="44.971914" lon="4.305785"><ele>850</ele></trkpt>
   <trkpt lat="44.97193" lon="4.306658"><ele>847.25</ele></trkpt>
   <trkpt lat="44.971946" lon="4.306823"><ele>845.25</ele></trkpt>
   <trkpt lat="44.971977" lon="4.306942"><ele>844.5</ele></trkpt>
   <trkpt lat="44.972032" lon="4.307048"><ele>844.75</ele></trkpt>
   <trkpt lat="44.972094" lon="4.307149"><ele>844.5</ele></trkpt>
   <trkpt lat="44.972191" lon="4.307283"><ele>843.25</ele></trkpt>
   <trkpt lat="44.972219" lon="4.307342"><ele>842</ele></trkpt>
   <trkpt lat="44.972233" lon="4.307461"><ele>840.25</ele></trkpt>
   <trkpt lat="44.972223" lon="4.307554"><ele>839</ele></trkpt>
   <trkpt lat="44.972196" lon="4.307653"><ele>839</ele></trkpt>
   <trkpt lat="44.972139" lon="4.307746"><ele>839.75</ele></trkpt>
   <trkpt lat="44.971973" lon="4.30793"><ele>837</ele></trkpt>
   <trkpt lat="44.971931" lon="4.308028"><ele>836.5</ele></trkpt>
   <trkpt lat="44.97191" lon="4.308157"><ele>836</ele></trkpt>
   <trkpt lat="44.971903" lon="4.308782"><ele>835</ele></trkpt>
   <trkpt lat="44.971884" lon="4.308919"><ele>834.75</ele></trkpt>
   <trkpt lat="44.971758" lon="4.309259"><ele>833</ele></trkpt>
   <trkpt lat="44.971575" lon="4.30967"><ele>831.25</ele></trkpt>
   <trkpt lat="44.971486" lon="4.309825"><ele>830</ele></trkpt>
   <trkpt lat="44.971406" lon="4.309925"><ele>829.25</ele></trkpt>
   <trkpt lat="44.971323" lon="4.309993"><ele>828.75</ele></trkpt>
   <trkpt lat="44.971002" lon="4.310184"><ele>824.5</ele></trkpt>
   <trkpt lat="44.970936" lon="4.31026"><ele>825.5</ele></trkpt>
   <trkpt lat="44.970889" lon="4.31036"><ele>824.75</ele></trkpt>
   <trkpt lat="44.970858" lon="4.310493"><ele>823.5</ele></trkpt>
   <trkpt lat="44.970855" lon="4.310663"><ele>822.5</ele></trkpt>
   <trkpt lat="44.970889" lon="4.310939"><ele>821.5</ele></trkpt>
   <trkpt lat="44.970899" lon="4.311146"><ele>821</ele></trkpt>
   <trkpt lat="44.970895" lon="4.31141"><ele>821</ele></trkpt>
   <trkpt lat="44.970876" lon="4.311808"><ele>819.25</ele></trkpt>
   <trkpt lat="44.970868" lon="4.312019"><ele>818.25</ele></trkpt>
   <trkpt lat="44.970871" lon="4.31229"><ele>817.25</ele></trkpt>
   <trkpt lat="44.97089" lon="4.31257"><ele>815.75</ele></trkpt>
   <trkpt lat="44.970973" lon="4.31338"><ele>811</ele></trkpt>
   <trkpt lat="44.970999" lon="4.313492"><ele>809.75</ele></trkpt>
   <trkpt lat="44.971033" lon="4.313579"><ele>809</ele></trkpt>
   <trkpt lat="44.971082" lon="4.31365"><ele>808.25</ele></trkpt>
   <trkpt lat="44.971151" lon="4.313692"><ele>807.5</ele></trkpt>
   <trkpt lat="44.971247" lon="4.313697"><ele>806.25</ele></trkpt>
   <trkpt lat="44.972232" lon="4.313438"><ele>803</ele></trkpt>
   <trkpt lat="44.972561" lon="4.313361"><ele>802</ele></trkpt>
   <trkpt lat="44.97272" lon="4.313328"><ele>801</ele></trkpt>
   <trkpt lat="44.972884" lon="4.313328"><ele>799.75</ele></trkpt>
   <trkpt lat="44.973096" lon="4.313369"><ele>798</ele></trkpt>
   <trkpt lat="44.973686" lon="4.313493"><ele>800.75</ele></trkpt>
   <trkpt lat="44.973817" lon="4.313539"><ele>798.5</ele></trkpt>
   <trkpt lat="44.973885" lon="4.313586"><ele>795.5</ele></trkpt>
   <trkpt lat="44.973932" lon="4.313646"><ele>789</ele></trkpt>
   <trkpt lat="44.973969" lon="4.313708"><ele>783.25</ele></trkpt>
   <trkpt lat="44.973989" lon="4.313766"><ele>783.5</ele></trkpt>
   <trkpt lat="44.973999" lon="4.313916"><ele>784.5</ele></trkpt>
   <trkpt lat="44.974011" lon="4.314073"><ele>785.75</ele></trkpt>
   <trkpt lat="44.974004" lon="4.314151"><ele>785.75</ele></trkpt>
   <trkpt lat="44.973962" lon="4.314242"><ele>788.5</ele></trkpt>
   <trkpt lat="44.973886" lon="4.314331"><ele>789.5</ele></trkpt>
   <trkpt lat="44.9731" lon="4.314917"><ele>783.5</ele></trkpt>
   <trkpt lat="44.972174" lon="4.315621"><ele>781</ele></trkpt>
   <trkpt lat="44.971998" lon="4.315775"><ele>779</ele></trkpt>
   <trkpt lat="44.971834" lon="4.315963"><ele>777</ele></trkpt>
   <trkpt lat="44.971707" lon="4.316182"><ele>777.5</ele></trkpt>
   <trkpt lat="44.97153" lon="4.31656"><ele>776.75</ele></trkpt>
   <trkpt lat="44.971263" lon="4.317163"><ele>774</ele></trkpt>
   <trkpt lat="44.971214" lon="4.31731"><ele>773.5</ele></trkpt>
   <trkpt lat="44.971206" lon="4.317428"><ele>773.25</ele></trkpt>
   <trkpt lat="44.971218" lon="4.31757"><ele>772.5</ele></trkpt>
   <trkpt lat="44.971246" lon="4.317733"><ele>770.5</ele></trkpt>
   <trkpt lat="44.971338" lon="4.318073"><ele>770.75</ele></trkpt>
   <trkpt lat="44.971371" lon="4.318219"><ele>770.5</ele></trkpt>
   <trkpt lat="44.971395" lon="4.31841"><ele>769.75</ele></trkpt>
   <trkpt lat="44.971415" lon="4.318661"><ele>769</ele></trkpt>
   <trkpt lat="44.97145" lon="4.319789"><ele>767.25</ele></trkpt>
   <trkpt lat="44.971461" lon="4.320192"><ele>762.75</ele></trkpt>
   <trkpt lat="44.971478" lon="4.320495"><ele>760.25</ele></trkpt>
   <trkpt lat="44.971507" lon="4.320655"><ele>760.25</ele></trkpt>
   <trkpt lat="44.97154" lon="4.320776"><ele>760.25</ele></trkpt>
   <trkpt lat="44.971594" lon="4.320893"><ele>761</ele></trkpt>
   <trkpt lat="44.971686" lon="4.321014"><ele>761.75</ele></trkpt>
   <trkpt lat="44.971851" lon="4.321175"><ele>759.25</ele></trkpt>
   <trkpt lat="44.971908" lon="4.321252"><ele>757.75</ele></trkpt>
   <trkpt lat="44.971952" lon="4.321329"><ele>757.5</ele></trkpt>
   <trkpt lat="44.971967" lon="4.321449"><ele>757.5</ele></trkpt>
   <trkpt lat="44.971959" lon="4.321598"><ele>757.25</ele></trkpt>
   <trkpt lat="44.971928" lon="4.321677"><ele>757.5</ele></trkpt>
   <trkpt lat="44.971858" lon="4.321783"><ele>757.5</ele></trkpt>
   <trkpt lat="44.97174" lon="4.321932"><ele>757.5</ele></trkpt>
   <trkpt lat="44.97169" lon="4.32205"><ele>757.25</ele></trkpt>
   <trkpt lat="44.97166" lon="4.322224"><ele>757.5</ele></trkpt>
   <trkpt lat="44.971638" lon="4.322457"><ele>756.75</ele></trkpt>
   <trkpt lat="44.971616" lon="4.322584"><ele>755.5</ele></trkpt>
   <trkpt lat="44.971609" lon="4.322622"><ele>755</ele></trkpt>
   <trkpt lat="44.971523" lon="4.322887"><ele>753.25</ele></trkpt>
   <trkpt lat="44.971266" lon="4.323617"><ele>751.75</ele></trkpt>
   <trkpt lat="44.97086" lon="4.32492"><ele>747.5</ele></trkpt>
   <trkpt lat="44.970767" lon="4.325182"><ele>747.5</ele></trkpt>
   <trkpt lat="44.970376" lon="4.32611"><ele>744.75</ele></trkpt>
   <trkpt lat="44.970305" lon="4.326308"><ele>743.5</ele></trkpt>
   <trkpt lat="44.970251" lon="4.326497"><ele>742</ele></trkpt>
   <trkpt lat="44.970223" lon="4.326706"><ele>740.75</ele></trkpt>
   <trkpt lat="44.970207" lon="4.326942"><ele>739</ele></trkpt>
   <trkpt lat="44.970193" lon="4.327655"><ele>736.25</ele></trkpt>
   <trkpt lat="44.970202" lon="4.327859"><ele>734.75</ele></trkpt>
   <trkpt lat="44.970236" lon="4.328049"><ele>733</ele></trkpt>
   <trkpt lat="44.970339" lon="4.328426"><ele>733</ele></trkpt>
   <trkpt lat="44.97045" lon="4.328774"><ele>730</ele></trkpt>
   <trkpt lat="44.970518" lon="4.32894"><ele>729.25</ele></trkpt>
   <trkpt lat="44.970584" lon="4.329009"><ele>729.25</ele></trkpt>
   <trkpt lat="44.970656" lon="4.329057"><ele>728.5</ele></trkpt>
   <trkpt lat="44.970776" lon="4.329084"><ele>729.25</ele></trkpt>
   <trkpt lat="44.971357" lon="4.329015"><ele>726.75</ele></trkpt>
   <trkpt lat="44.971509" lon="4.329029"><ele>727</ele></trkpt>
   <trkpt lat="44.971997" lon="4.32916"><ele>724</ele></trkpt>
   <trkpt lat="44.972196" lon="4.32916"><ele>723.25</ele></trkpt>
   <trkpt lat="44.972462" lon="4.329018"><ele>720.75</ele></trkpt>
   <trkpt lat="44.972536" lon="4.329013"><ele>720.25</ele></trkpt>
   <trkpt lat="44.972641" lon="4.329051"><ele>720</ele></trkpt>
   <trkpt lat="44.97271" lon="4.329091"><ele>719.5</ele></trkpt>
   <trkpt lat="44.972776" lon="4.329172"><ele>719.75</ele></trkpt>
   <trkpt lat="44.972916" lon="4.329703"><ele>718.25</ele></trkpt>
   <trkpt lat="44.972956" lon="4.329804"><ele>718</ele></trkpt>
   <trkpt lat="44.973026" lon="4.329895"><ele>718.25</ele></trkpt>
   <trkpt lat="44.973109" lon="4.32995"><ele>718</ele></trkpt>
   <trkpt lat="44.973322" lon="4.330045"><ele>714.75</ele></trkpt>
   <trkpt lat="44.973405" lon="4.330102"><ele>712.75</ele></trkpt>
   <trkpt lat="44.973488" lon="4.330206"><ele>709.75</ele></trkpt>
   <trkpt lat="44.973615" lon="4.330483"><ele>711</ele></trkpt>
   <trkpt lat="44.973708" lon="4.330673"><ele>712.75</ele></trkpt>
   <trkpt lat="44.97378" lon="4.330803"><ele>712.5</ele></trkpt>
   <trkpt lat="44.973859" lon="4.330904"><ele>711.75</ele></trkpt>
   <trkpt lat="44.974083" lon="4.331085"><ele>710.25</ele></trkpt>
   <trkpt lat="44.974165" lon="4.331176"><ele>708.25</ele></trkpt>
   <trkpt lat="44.974217" lon="4.331261"><ele>705.5</ele></trkpt>
   <trkpt lat="44.974267" lon="4.331377"><ele>707.5</ele></trkpt>
   <trkpt lat="44.974289" lon="4.331485"><ele>709.5</ele></trkpt>
   <trkpt lat="44.974289" lon="4.331574"><ele>711</ele></trkpt>
   <trkpt lat="44.974268" lon="4.331672"><ele>711</ele></trkpt>
   <trkpt lat="44.974228" lon="4.331769"><ele>710.25</ele></trkpt>
   <trkpt lat="44.974165" lon="4.331864"><ele>708.25</ele></trkpt>
   <trkpt lat="44.97408" lon="4.331965"><ele>707.75</ele></trkpt>
   <trkpt lat="44.973947" lon="4.332085"><ele>706</ele></trkpt>
   <trkpt lat="44.973762" lon="4.332208"><ele>702</ele></trkpt>
   <trkpt lat="44.973692" lon="4.332253"><ele>701.5</ele></trkpt>
   <trkpt lat="44.973339" lon="4.33246"><ele>699.25</ele></trkpt>
   <trkpt lat="44.973214" lon="4.332554"><ele>699.75</ele></trkpt>
   <trkpt lat="44.973168" lon="4.332589"><ele>699.5</ele></trkpt>
   <trkpt lat="44.973035" lon="4.332726"><ele>698.75</ele></trkpt>
   <trkpt lat="44.972852" lon="4.332956"><ele>697.75</ele></trkpt>
   <trkpt lat="44.972657" lon="4.333251"><ele>694.5</ele></trkpt>
   <trkpt lat="44.972497" lon="4.333443"><ele>694.5</ele></trkpt>
   <trkpt lat="44.972224" lon="4.333791"><ele>691.75</ele></trkpt>
   <trkpt lat="44.972178" lon="4.333921"><ele>691.25</ele></trkpt>
   <trkpt lat="44.972147" lon="4.334062"><ele>689.75</ele></trkpt>
   <trkpt lat="44.972144" lon="4.334209"><ele>690</ele></trkpt>
   <trkpt lat="44.972202" lon="4.334929"><ele>689</ele></trkpt>
   <trkpt lat="44.972207" lon="4.335131"><ele>688.75</ele></trkpt>
   <trkpt lat="44.972191" lon="4.335347"><ele>687.5</ele></trkpt>
   <trkpt lat="44.972158" lon="4.335553"><ele>686</ele></trkpt>
   <trkpt lat="44.9721" lon="4.335841"><ele>686.25</ele></trkpt>
   <trkpt lat="44.972054" lon="4.336036"><ele>685.25</ele></trkpt>
   <trkpt lat="44.972042" lon="4.336119"><ele>685.25</ele></trkpt>
   <trkpt lat="44.97202" lon="4.336265"><ele>683.75</ele></trkpt>
   <trkpt lat="44.972022" lon="4.336445"><ele>683</ele></trkpt>
   <trkpt lat="44.972053" lon="4.336619"><ele>682.75</ele></trkpt>
   <trkpt lat="44.972145" lon="4.336967"><ele>677.5</ele></trkpt>
   <trkpt lat="44.97217" lon="4.337166"><ele>678.5</ele></trkpt>
   <trkpt lat="44.972169" lon="4.33729"><ele>679</ele></trkpt>
   <trkpt lat="44.972132" lon="4.33753"><ele>679.75</ele></trkpt>
   <trkpt lat="44.971979" lon="4.338216"><ele>675.5</ele></trkpt>
   <trkpt lat="44.971797" lon="4.339124"><ele>672</ele></trkpt>
   <trkpt lat="44.971775" lon="4.33929"><ele>670.75</ele></trkpt>
   <trkpt lat="44.971762" lon="4.339658"><ele>669.5</ele></trkpt>
   <trkpt lat="44.971807" lon="4.340439"><ele>668.5</ele></trkpt>
   <trkpt lat="44.971828" lon="4.340907"><ele>667.5</ele></trkpt>
   <trkpt lat="44.971826" lon="4.341155"><ele>666.25</ele></trkpt>
   <trkpt lat="44.971814" lon="4.341349"><ele>664</ele></trkpt>
   <trkpt lat="44.971767" lon="4.34161"><ele>663.75</ele></trkpt>
   <trkpt lat="44.97155" lon="4.342627"><ele>661</ele></trkpt>
   <trkpt lat="44.971506" lon="4.342806"><ele>659.75</ele></trkpt>
   <trkpt lat="44.971461" lon="4.342946"><ele>658.75</ele></trkpt>
   <trkpt lat="44.97142" lon="4.343032"><ele>657.25</ele></trkpt>
   <trkpt lat="44.971358" lon="4.34312"><ele>655.75</ele></trkpt>
   <trkpt lat="44.971189" lon="4.343295"><ele>654.5</ele></trkpt>
   <trkpt lat="44.971102" lon="4.343396"><ele>655.25</ele></trkpt>
   <trkpt lat="44.971061" lon="4.343463"><ele>655.5</ele></trkpt>
   <trkpt lat="44.971048" lon="4.343485"><ele>655.5</ele></trkpt>
   <trkpt lat="44.971007" lon="4.343603"><ele>655.75</ele></trkpt>
   <trkpt lat="44.97095" lon="4.343809"><ele>655.25</ele></trkpt>
   <trkpt lat="44.970885" lon="4.343972"><ele>653.75</ele></trkpt>
   <trkpt lat="44.970662" lon="4.344424"><ele>649.25</ele></trkpt>
   <trkpt lat="44.970612" lon="4.34458"><ele>648.5</ele></trkpt>
   <trkpt lat="44.970115" lon="4.346667"><ele>643</ele></trkpt>
   <trkpt lat="44.970054" lon="4.346823"><ele>642.25</ele></trkpt>
   <trkpt lat="44.969917" lon="4.347127"><ele>640.75</ele></trkpt>
   <trkpt lat="44.969842" lon="4.347336"><ele>639.25</ele></trkpt>
   <trkpt lat="44.969699" lon="4.347905"><ele>639</ele></trkpt>
   <trkpt lat="44.969661" lon="4.348171"><ele>638.5</ele></trkpt>
   <trkpt lat="44.969627" lon="4.348324"><ele>637</ele></trkpt>
   <trkpt lat="44.969597" lon="4.348387"><ele>635.75</ele></trkpt>
   <trkpt lat="44.969575" lon="4.348431"><ele>634.5</ele></trkpt>
   <trkpt lat="44.969602" lon="4.348539"><ele>636.25</ele></trkpt>
   <trkpt lat="44.969605" lon="4.348894"><ele>638.5</ele></trkpt>
   <trkpt lat="44.969613" lon="4.349015"><ele>638.5</ele></trkpt>
   <trkpt lat="44.969707" lon="4.349465"><ele>640.25</ele></trkpt>
   <trkpt lat="44.969742" lon="4.349631"><ele>641.25</ele></trkpt>
   <trkpt lat="44.969824" lon="4.350129"><ele>644.5</ele></trkpt>
   <trkpt lat="44.96982" lon="4.350671"><ele>644.75</ele></trkpt>
   <trkpt lat="44.969798" lon="4.351064"><ele>647</ele></trkpt>
   <trkpt lat="44.969794" lon="4.351391"><ele>648.25</ele></trkpt>
   <trkpt lat="44.9698" lon="4.351606"><ele>649.25</ele></trkpt>
   <trkpt lat="44.969807" lon="4.351869"><ele>649.75</ele></trkpt>
   <trkpt lat="44.9698" lon="4.352102"><ele>650</ele></trkpt>
   <trkpt lat="44.969677" lon="4.352615"><ele>647.5</ele></trkpt>
   <trkpt lat="44.969689" lon="4.352799"><ele>648.75</ele></trkpt>
   <trkpt lat="44.969715" lon="4.352919"><ele>649</ele></trkpt>
   <trkpt lat="44.969767" lon="4.352979"><ele>649.75</ele></trkpt>
   <trkpt lat="44.969897" lon="4.35305"><ele>650.5</ele></trkpt>
   <trkpt lat="44.970206" lon="4.353041"><ele>655</ele></trkpt>
   <trkpt lat="44.970444" lon="4.353212"><ele>653.5</ele></trkpt>
   <trkpt lat="44.970773" lon="4.35325"><ele>656.25</ele></trkpt>
   <trkpt lat="44.97087" lon="4.353199"><ele>656.25</ele></trkpt>
   <trkpt lat="44.970882" lon="4.353233"><ele>653.75</ele></trkpt>
   <trkpt lat="44.970909" lon="4.353314"><ele>648.25</ele></trkpt>
   <trkpt lat="44.971542" lon="4.354"><ele>654</ele></trkpt>
   <trkpt lat="44.971605" lon="4.354102"><ele>657.25</ele></trkpt>
   <trkpt lat="44.971627" lon="4.354247"><ele>660.75</ele></trkpt>
   <trkpt lat="44.97157" lon="4.354386"><ele>663.25</ele></trkpt>
   <trkpt lat="44.971483" lon="4.354494"><ele>663.75</ele></trkpt>
   <trkpt lat="44.971145" lon="4.35481"><ele>666.75</ele></trkpt>
   <trkpt lat="44.970997" lon="4.354853"><ele>668</ele></trkpt>
   <trkpt lat="44.970865" lon="4.354789"><ele>666</ele></trkpt>
   <trkpt lat="44.970743" lon="4.35466"><ele>665.25</ele></trkpt>
   <trkpt lat="44.970614" lon="4.35451"><ele>664.5</ele></trkpt>
   <trkpt lat="44.970489" lon="4.354515"><ele>666</ele></trkpt>
   <trkpt lat="44.970307" lon="4.354601"><ele>666.75</ele></trkpt>
   <trkpt lat="44.969863" lon="4.355019"><ele>670.5</ele></trkpt>
   <trkpt lat="44.969768" lon="4.355186"><ele>671.75</ele></trkpt>
   <trkpt lat="44.969696" lon="4.355411"><ele>672</ele></trkpt>
   <trkpt lat="44.969635" lon="4.355733"><ele>674.75</ele></trkpt>
   <trkpt lat="44.969536" lon="4.355851"><ele>676.5</ele></trkpt>
   <trkpt lat="44.969331" lon="4.355899"><ele>677.25</ele></trkpt>
   <trkpt lat="44.96902" lon="4.355851"><ele>678</ele></trkpt>
   <trkpt lat="44.968849" lon="4.35577"><ele>679</ele></trkpt>
   <trkpt lat="44.968671" lon="4.355534"><ele>680</ele></trkpt>
   <trkpt lat="44.968451" lon="4.355062"><ele>678.5</ele></trkpt>
   <trkpt lat="44.968382" lon="4.354982"><ele>679.5</ele></trkpt>
   <trkpt lat="44.968326" lon="4.355008"><ele>682.25</ele></trkpt>
   <trkpt lat="44.96828" lon="4.354942"><ele>683</ele></trkpt>
   <trkpt lat="44.968238" lon="4.354858"><ele>682.5</ele></trkpt>
   <trkpt lat="44.968064" lon="4.354359"><ele>680.5</ele></trkpt>
   <trkpt lat="44.96787" lon="4.353752"><ele>677.5</ele></trkpt>
   <trkpt lat="44.967818" lon="4.353556"><ele>678.75</ele></trkpt>
   <trkpt lat="44.967619" lon="4.352796"><ele>683.5</ele></trkpt>
   <trkpt lat="44.967548" lon="4.352598"><ele>684.25</ele></trkpt>
   <trkpt lat="44.967498" lon="4.352508"><ele>684</ele></trkpt>
   <trkpt lat="44.967349" lon="4.352281"><ele>685.5</ele></trkpt>
   <trkpt lat="44.967226" lon="4.352162"><ele>682</ele></trkpt>
   <trkpt lat="44.967089" lon="4.352053"><ele>680.25</ele></trkpt>
   <trkpt lat="44.966925" lon="4.351986"><ele>679.25</ele></trkpt>
   <trkpt lat="44.966775" lon="4.351973"><ele>678.5</ele></trkpt>
   <trkpt lat="44.966601" lon="4.351988"><ele>677.75</ele></trkpt>
   <trkpt lat="44.966417" lon="4.352059"><ele>678.5</ele></trkpt>
   <trkpt lat="44.966246" lon="4.352182"><ele>677.75</ele></trkpt>
   <trkpt lat="44.96603" lon="4.352489"><ele>675.25</ele></trkpt>
   <trkpt lat="44.965936" lon="4.352665"><ele>675</ele></trkpt>
   <trkpt lat="44.965666" lon="4.353253"><ele>675.75</ele></trkpt>
   <trkpt lat="44.965472" lon="4.353447"><ele>671.75</ele></trkpt>
   <trkpt lat="44.964963" lon="4.35403"><ele>670.25</ele></trkpt>
   <trkpt lat="44.964448" lon="4.355004"><ele>666</ele></trkpt>
   <trkpt lat="44.964281" lon="4.35544"><ele>668</ele></trkpt>
   <trkpt lat="44.96416" lon="4.355834"><ele>665.75</ele></trkpt>
   <trkpt lat="44.964062" lon="4.356326"><ele>672.5</ele></trkpt>
   <trkpt lat="44.963932" lon="4.35666"><ele>667.75</ele></trkpt>
   <trkpt lat="44.963787" lon="4.356938"><ele>665.75</ele></trkpt>
   <trkpt lat="44.96355" lon="4.357144"><ele>658.25</ele></trkpt>
   <trkpt lat="44.963369" lon="4.357214"><ele>661</ele></trkpt>
   <trkpt lat="44.96298" lon="4.357229"><ele>664.75</ele></trkpt>
   <trkpt lat="44.962678" lon="4.357261"><ele>668</ele></trkpt>
   <trkpt lat="44.962443" lon="4.357366"><ele>668.5</ele></trkpt>
   <trkpt lat="44.962012" lon="4.357682"><ele>661.25</ele></trkpt>
   <trkpt lat="44.961958" lon="4.35772"><ele>659.75</ele></trkpt>
   <trkpt lat="44.961889" lon="4.357751"><ele>659</ele></trkpt>
   <trkpt lat="44.961775" lon="4.357804"><ele>658.25</ele></trkpt>
   <trkpt lat="44.96164" lon="4.357831"><ele>657.25</ele></trkpt>
   <trkpt lat="44.961539" lon="4.357831"><ele>656.5</ele></trkpt>
   <trkpt lat="44.961428" lon="4.357813"><ele>655.75</ele></trkpt>
   <trkpt lat="44.961276" lon="4.357764"><ele>655.75</ele></trkpt>
   <trkpt lat="44.961094" lon="4.357645"><ele>656.25</ele></trkpt>
   <trkpt lat="44.960992" lon="4.357501"><ele>657.5</ele></trkpt>
   <trkpt lat="44.960809" lon="4.357175"><ele>654.5</ele></trkpt>
   <trkpt lat="44.960742" lon="4.356964"><ele>653.25</ele></trkpt>
   <trkpt lat="44.960696" lon="4.356731"><ele>657</ele></trkpt>
   <trkpt lat="44.960687" lon="4.356452"><ele>660.25</ele></trkpt>
   <trkpt lat="44.960725" lon="4.3562"><ele>660.5</ele></trkpt>
   <trkpt lat="44.960923" lon="4.355593"><ele>655</ele></trkpt>
   <trkpt lat="44.961092" lon="4.355027"><ele>651.25</ele></trkpt>
   <trkpt lat="44.96115" lon="4.354584"><ele>649</ele></trkpt>
   <trkpt lat="44.961116" lon="4.354317"><ele>648.75</ele></trkpt>
   <trkpt lat="44.96107" lon="4.354104"><ele>647.5</ele></trkpt>
   <trkpt lat="44.960978" lon="4.353912"><ele>646.75</ele></trkpt>
   <trkpt lat="44.960853" lon="4.353726"><ele>645</ele></trkpt>
   <trkpt lat="44.960676" lon="4.35341"><ele>643.5</ele></trkpt>
   <trkpt lat="44.960561" lon="4.353186"><ele>643.25</ele></trkpt>
   <trkpt lat="44.960283" lon="4.351911"><ele>639.5</ele></trkpt>
   <trkpt lat="44.960141" lon="4.351686"><ele>637.5</ele></trkpt>
   <trkpt lat="44.959989" lon="4.351521"><ele>640</ele></trkpt>
   <trkpt lat="44.959729" lon="4.351375"><ele>638.25</ele></trkpt>
   <trkpt lat="44.95923" lon="4.351201"><ele>638</ele></trkpt>
   <trkpt lat="44.958806" lon="4.350983"><ele>631.25</ele></trkpt>
   <trkpt lat="44.958386" lon="4.350791"><ele>629.5</ele></trkpt>
   <trkpt lat="44.958264" lon="4.350779"><ele>629.75</ele></trkpt>
   <trkpt lat="44.958141" lon="4.350797"><ele>631.25</ele></trkpt>
   <trkpt lat="44.958004" lon="4.350841"><ele>634.25</ele></trkpt>
   <trkpt lat="44.957871" lon="4.350912"><ele>638</ele></trkpt>
   <trkpt lat="44.957751" lon="4.351023"><ele>636.25</ele></trkpt>
   <trkpt lat="44.957636" lon="4.351158"><ele>632.25</ele></trkpt>
   <trkpt lat="44.957523" lon="4.351358"><ele>630</ele></trkpt>
   <trkpt lat="44.957425" lon="4.351614"><ele>627.25</ele></trkpt>
   <trkpt lat="44.9573" lon="4.352069"><ele>627.25</ele></trkpt>
   <trkpt lat="44.957143" lon="4.352477"><ele>628</ele></trkpt>
   <trkpt lat="44.956865" lon="4.353069"><ele>624</ele></trkpt>
   <trkpt lat="44.956791" lon="4.35334"><ele>624</ele></trkpt>
   <trkpt lat="44.956701" lon="4.353912"><ele>621.25</ele></trkpt>
   <trkpt lat="44.956619" lon="4.35431"><ele>623.25</ele></trkpt>
   <trkpt lat="44.956156" lon="4.355784"><ele>618.5</ele></trkpt>
   <trkpt lat="44.956003" lon="4.356181"><ele>618</ele></trkpt>
   <trkpt lat="44.95557" lon="4.356964"><ele>615.25</ele></trkpt>
   <trkpt lat="44.955417" lon="4.35719"><ele>615.25</ele></trkpt>
   <trkpt lat="44.955246" lon="4.357404"><ele>613.5</ele></trkpt>
   <trkpt lat="44.954959" lon="4.357717"><ele>611.5</ele></trkpt>
   <trkpt lat="44.954548" lon="4.358185"><ele>610</ele></trkpt>
   <trkpt lat="44.954415" lon="4.358304"><ele>607</ele></trkpt>
   <trkpt lat="44.953909" lon="4.358594"><ele>606.5</ele></trkpt>
   <trkpt lat="44.95377" lon="4.358684"><ele>605.75</ele></trkpt>
   <trkpt lat="44.953636" lon="4.358811"><ele>607</ele></trkpt>
   <trkpt lat="44.953542" lon="4.35894"><ele>610</ele></trkpt>
   <trkpt lat="44.953469" lon="4.359077"><ele>613.75</ele></trkpt>
   <trkpt lat="44.953386" lon="4.35929"><ele>611.5</ele></trkpt>
   <trkpt lat="44.953337" lon="4.359464"><ele>605</ele></trkpt>
   <trkpt lat="44.953311" lon="4.359694"><ele>603.25</ele></trkpt>
   <trkpt lat="44.953312" lon="4.359912"><ele>602.5</ele></trkpt>
   <trkpt lat="44.953402" lon="4.360631"><ele>597.5</ele></trkpt>
   <trkpt lat="44.953411" lon="4.360792"><ele>597.5</ele></trkpt>
   <trkpt lat="44.953402" lon="4.360983"><ele>598.25</ele></trkpt>
   <trkpt lat="44.953372" lon="4.361194"><ele>599</ele></trkpt>
   <trkpt lat="44.953312" lon="4.361394"><ele>599.25</ele></trkpt>
   <trkpt lat="44.953149" lon="4.361739"><ele>599.75</ele></trkpt>
   <trkpt lat="44.953024" lon="4.362007"><ele>597</ele></trkpt>
   <trkpt lat="44.95298" lon="4.362129"><ele>596.25</ele></trkpt>
   <trkpt lat="44.952939" lon="4.362273"><ele>596</ele></trkpt>
   <trkpt lat="44.952906" lon="4.362514"><ele>596.5</ele></trkpt>
   <trkpt lat="44.952835" lon="4.36328"><ele>597.75</ele></trkpt>
   <trkpt lat="44.95278" lon="4.36353"><ele>594.75</ele></trkpt>
   <trkpt lat="44.95274" lon="4.363649"><ele>593</ele></trkpt>
   <trkpt lat="44.952658" lon="4.36382"><ele>591</ele></trkpt>
   <trkpt lat="44.952378" lon="4.364245"><ele>590.5</ele></trkpt>
   <trkpt lat="44.95223" lon="4.364494"><ele>590.5</ele></trkpt>
   <trkpt lat="44.951989" lon="4.364987"><ele>589.75</ele></trkpt>
   <trkpt lat="44.951872" lon="4.365144"><ele>590.25</ele></trkpt>
   <trkpt lat="44.951722" lon="4.365318"><ele>590</ele></trkpt>
   <trkpt lat="44.951448" lon="4.365613"><ele>587.5</ele></trkpt>
   <trkpt lat="44.951101" lon="4.366099"><ele>584</ele></trkpt>
   <trkpt lat="44.950804" lon="4.366491"><ele>584.25</ele></trkpt>
   <trkpt lat="44.950507" lon="4.366949"><ele>581</ele></trkpt>
   <trkpt lat="44.950183" lon="4.367479"><ele>580.5</ele></trkpt>
   <trkpt lat="44.950047" lon="4.367736"><ele>580</ele></trkpt>
   <trkpt lat="44.949971" lon="4.368024"><ele>578.25</ele></trkpt>
   <trkpt lat="44.949948" lon="4.368203"><ele>578.25</ele></trkpt>
   <trkpt lat="44.949942" lon="4.368392"><ele>577.5</ele></trkpt>
   <trkpt lat="44.949948" lon="4.369032"><ele>573.5</ele></trkpt>
   <trkpt lat="44.949938" lon="4.36911"><ele>574</ele></trkpt>
   <trkpt lat="44.949881" lon="4.369372"><ele>578.25</ele></trkpt>
   <trkpt lat="44.949619" lon="4.370067"><ele>576.5</ele></trkpt>
   <trkpt lat="44.949452" lon="4.370326"><ele>573.25</ele></trkpt>
   <trkpt lat="44.949394" lon="4.370387"><ele>572.25</ele></trkpt>
   <trkpt lat="44.949323" lon="4.370448"><ele>571.25</ele></trkpt>
   <trkpt lat="44.949205" lon="4.370527"><ele>569.75</ele></trkpt>
   <trkpt lat="44.94902" lon="4.370599"><ele>569.75</ele></trkpt>
   <trkpt lat="44.948912" lon="4.370604"><ele>569.75</ele></trkpt>
   <trkpt lat="44.948754" lon="4.370595"><ele>570.25</ele></trkpt>
   <trkpt lat="44.948714" lon="4.37058"><ele>570.25</ele></trkpt>
   <trkpt lat="44.948607" lon="4.370539"><ele>569.5</ele></trkpt>
   <trkpt lat="44.948418" lon="4.370432"><ele>572</ele></trkpt>
   <trkpt lat="44.948182" lon="4.370272"><ele>571</ele></trkpt>
   <trkpt lat="44.948003" lon="4.370178"><ele>571.5</ele></trkpt>
   <trkpt lat="44.947783" lon="4.370128"><ele>570</ele></trkpt>
   <trkpt lat="44.947645" lon="4.370143"><ele>567</ele></trkpt>
   <trkpt lat="44.947472" lon="4.370225"><ele>564.5</ele></trkpt>
   <trkpt lat="44.946888" lon="4.370596"><ele>563.75</ele></trkpt>
   <trkpt lat="44.946721" lon="4.370689"><ele>562.25</ele></trkpt>
   <trkpt lat="44.946544" lon="4.370752"><ele>560.75</ele></trkpt>
   <trkpt lat="44.946326" lon="4.370777"><ele>559</ele></trkpt>
   <trkpt lat="44.94595" lon="4.370738"><ele>561</ele></trkpt>
   <trkpt lat="44.945596" lon="4.370647"><ele>560.5</ele></trkpt>
   <trkpt lat="44.945462" lon="4.370571"><ele>558.25</ele></trkpt>
   <trkpt lat="44.945324" lon="4.370493"><ele>555.75</ele></trkpt>
   <trkpt lat="44.945007" lon="4.37023"><ele>558.5</ele></trkpt>
   <trkpt lat="44.944848" lon="4.369984"><ele>557</ele></trkpt>
   <trkpt lat="44.944654" lon="4.369537"><ele>553</ele></trkpt>
   <trkpt lat="44.944541" lon="4.369319"><ele>555.5</ele></trkpt>
   <trkpt lat="44.94441" lon="4.369134"><ele>557</ele></trkpt>
   <trkpt lat="44.94428" lon="4.368988"><ele>557.25</ele></trkpt>
   <trkpt lat="44.944139" lon="4.368888"><ele>552.75</ele></trkpt>
   <trkpt lat="44.943935" lon="4.368837"><ele>550.25</ele></trkpt>
   <trkpt lat="44.943734" lon="4.368817"><ele>548.75</ele></trkpt>
   <trkpt lat="44.943575" lon="4.368858"><ele>548.25</ele></trkpt>
   <trkpt lat="44.943437" lon="4.368977"><ele>547.25</ele></trkpt>
   <trkpt lat="44.943162" lon="4.369339"><ele>546.75</ele></trkpt>
   <trkpt lat="44.943129" lon="4.369383"><ele>547</ele></trkpt>
   <trkpt lat="44.943099" lon="4.369419"><ele>547</ele></trkpt>
   <trkpt lat="44.943035" lon="4.369506"><ele>546.75</ele></trkpt>
   <trkpt lat="44.942976" lon="4.369608"><ele>546</ele></trkpt>
   <trkpt lat="44.942882" lon="4.369768"><ele>545.25</ele></trkpt>
   <trkpt lat="44.942833" lon="4.369856"><ele>545.25</ele></trkpt>
   <trkpt lat="44.942519" lon="4.370442"><ele>543</ele></trkpt>
   <trkpt lat="44.942356" lon="4.37076"><ele>542.5</ele></trkpt>
   <trkpt lat="44.942011" lon="4.371389"><ele>541.5</ele></trkpt>
   <trkpt lat="44.941914" lon="4.371518"><ele>541.25</ele></trkpt>
   <trkpt lat="44.941853" lon="4.371572"><ele>540.75</ele></trkpt>
   <trkpt lat="44.941561" lon="4.371835"><ele>539.5</ele></trkpt>
   <trkpt lat="44.941443" lon="4.371933"><ele>538.75</ele></trkpt>
   <trkpt lat="44.941366" lon="4.371998"><ele>539.5</ele></trkpt>
   <trkpt lat="44.941126" lon="4.372191"><ele>537.75</ele></trkpt>
   <trkpt lat="44.940969" lon="4.372286"><ele>537.75</ele></trkpt>
   <trkpt lat="44.94083" lon="4.372352"><ele>537.5</ele></trkpt>
   <trkpt lat="44.940682" lon="4.372369"><ele>537</ele></trkpt>
   <trkpt lat="44.939901" lon="4.372425"><ele>535.5</ele></trkpt>
   <trkpt lat="44.939636" lon="4.372406"><ele>533.75</ele></trkpt>
   <trkpt lat="44.93932" lon="4.372349"><ele>532</ele></trkpt>
   <trkpt lat="44.939042" lon="4.37227"><ele>531.25</ele></trkpt>
   <trkpt lat="44.938793" lon="4.372194"><ele>530.75</ele></trkpt>
   <trkpt lat="44.93835" lon="4.372191"><ele>530</ele></trkpt>
   <trkpt lat="44.93813" lon="4.372235"><ele>529.25</ele></trkpt>
   <trkpt lat="44.93783" lon="4.372336"><ele>529.25</ele></trkpt>
   <trkpt lat="44.937735" lon="4.372368"><ele>528</ele></trkpt>
   <trkpt lat="44.937459" lon="4.372383"><ele>522.75</ele></trkpt>
   <trkpt lat="44.937098" lon="4.372371"><ele>521.25</ele></trkpt>
   <trkpt lat="44.936851" lon="4.372403"><ele>521.25</ele></trkpt>
   <trkpt lat="44.936684" lon="4.372496"><ele>522.75</ele></trkpt>
   <trkpt lat="44.936543" lon="4.372625"><ele>521.75</ele></trkpt>
   <trkpt lat="44.936469" lon="4.372808"><ele>522</ele></trkpt>
   <trkpt lat="44.936363" lon="4.37308"><ele>523.75</ele></trkpt>
   <trkpt lat="44.936314" lon="4.373237"><ele>524</ele></trkpt>
   <trkpt lat="44.93627" lon="4.373449"><ele>525.25</ele></trkpt>
   <trkpt lat="44.936264" lon="4.373673"><ele>526.25</ele></trkpt>
   <trkpt lat="44.936275" lon="4.373813"><ele>525.25</ele></trkpt>
   <trkpt lat="44.936314" lon="4.373952"><ele>525</ele></trkpt>
   <trkpt lat="44.936389" lon="4.374168"><ele>523.75</ele></trkpt>
   <trkpt lat="44.936439" lon="4.374286"><ele>524</ele></trkpt>
   <trkpt lat="44.936471" lon="4.374362"><ele>524</ele></trkpt>
   <trkpt lat="44.936565" lon="4.37449"><ele>523.75</ele></trkpt>
   <trkpt lat="44.936639" lon="4.374557"><ele>523.75</ele></trkpt>
   <trkpt lat="44.936744" lon="4.374607"><ele>523.75</ele></trkpt>
   <trkpt lat="44.937018" lon="4.37461"><ele>524.75</ele></trkpt>
   <trkpt lat="44.93701" lon="4.37466"><ele>524</ele></trkpt>
   <trkpt lat="44.936961" lon="4.374963"><ele>523</ele></trkpt>
   <trkpt lat="44.936993" lon="4.375039"><ele>521.5</ele></trkpt>
   <trkpt lat="44.937215" lon="4.375178"><ele>520.75</ele></trkpt>
   <trkpt lat="44.937353" lon="4.37526"><ele>521.5</ele></trkpt>
   <trkpt lat="44.93742" lon="4.375305"><ele>521.5</ele></trkpt>
   <trkpt lat="44.937548" lon="4.375391"><ele>521.25</ele></trkpt>
   <trkpt lat="44.937589" lon="4.375418"><ele>521.25</ele></trkpt>
   <trkpt lat="44.937675" lon="4.375476"><ele>521.5</ele></trkpt>
   <trkpt lat="44.937721" lon="4.375517"><ele>522</ele></trkpt>
   <trkpt lat="44.937782" lon="4.375571"><ele>522.75</ele></trkpt>
   <trkpt lat="44.937905" lon="4.37568"><ele>522</ele></trkpt>
   <trkpt lat="44.93795" lon="4.37572"><ele>521.75</ele></trkpt>
   <trkpt lat="44.938065" lon="4.375822"><ele>522</ele></trkpt>
   <trkpt lat="44.93818" lon="4.37592"><ele>523</ele></trkpt>
   <trkpt lat="44.938738" lon="4.37651"><ele>524.5</ele></trkpt>
   <trkpt lat="44.938829" lon="4.376635"><ele>524.75</ele></trkpt>
   <trkpt lat="44.939066" lon="4.376941"><ele>527.25</ele></trkpt>
   <trkpt lat="44.93928" lon="4.377307"><ele>522.25</ele></trkpt>
   <trkpt lat="44.939332" lon="4.37748"><ele>523.25</ele></trkpt>
   <trkpt lat="44.939368" lon="4.377701"><ele>525.25</ele></trkpt>
   <trkpt lat="44.939415" lon="4.378414"><ele>523.75</ele></trkpt>
   <trkpt lat="44.939464" lon="4.378658"><ele>526</ele></trkpt>
   <trkpt lat="44.93953" lon="4.378848"><ele>525.5</ele></trkpt>
   <trkpt lat="44.939712" lon="4.379259"><ele>525.75</ele></trkpt>
   <trkpt lat="44.940059" lon="4.37998"><ele>526</ele></trkpt>
   <trkpt lat="44.940217" lon="4.380483"><ele>526</ele></trkpt>
   <trkpt lat="44.940255" lon="4.381148"><ele>523.75</ele></trkpt>
   <trkpt lat="44.940306" lon="4.381531"><ele>525.5</ele></trkpt>
   <trkpt lat="44.940332" lon="4.381893"><ele>525.25</ele></trkpt>
   <trkpt lat="44.940362" lon="4.3821"><ele>526.75</ele></trkpt>
   <trkpt lat="44.94036" lon="4.382186"><ele>526.25</ele></trkpt>
   <trkpt lat="44.940329" lon="4.382811"><ele>527</ele></trkpt>
   <trkpt lat="44.940271" lon="4.383126"><ele>527.25</ele></trkpt>
   <trkpt lat="44.940229" lon="4.383239"><ele>526.5</ele></trkpt>
   <trkpt lat="44.940158" lon="4.383345"><ele>522.25</ele></trkpt>
   <trkpt lat="44.940124" lon="4.383581"><ele>525.5</ele></trkpt>
   <trkpt lat="44.94011" lon="4.383854"><ele>524.25</ele></trkpt>
   <trkpt lat="44.94004" lon="4.384746"><ele>524.25</ele></trkpt>
   <trkpt lat="44.940008" lon="4.385275"><ele>527.5</ele></trkpt>
   <trkpt lat="44.939646" lon="4.386432"><ele>524</ele></trkpt>
   <trkpt lat="44.939559" lon="4.386681"><ele>520.5</ele></trkpt>
   <trkpt lat="44.939148" lon="4.387261"><ele>521.5</ele></trkpt>
   <trkpt lat="44.939053" lon="4.387425"><ele>520.25</ele></trkpt>
   <trkpt lat="44.938978" lon="4.387739"><ele>521.75</ele></trkpt>
   <trkpt lat="44.938925" lon="4.388061"><ele>521.75</ele></trkpt>
   <trkpt lat="44.938925" lon="4.388325"><ele>521</ele></trkpt>
   <trkpt lat="44.939017" lon="4.388887"><ele>519.75</ele></trkpt>
   <trkpt lat="44.939219" lon="4.390242"><ele>518.75</ele></trkpt>
   <trkpt lat="44.939248" lon="4.390624"><ele>518.25</ele></trkpt>
   <trkpt lat="44.939265" lon="4.391339"><ele>517</ele></trkpt>
   <trkpt lat="44.939259" lon="4.392769"><ele>513.5</ele></trkpt>
   <trkpt lat="44.93926" lon="4.392919"><ele>513.75</ele></trkpt>
   <trkpt lat="44.939257" lon="4.393619"><ele>514.75</ele></trkpt>
   <trkpt lat="44.939261" lon="4.393678"><ele>514.25</ele></trkpt>
   <trkpt lat="44.939308" lon="4.394308"><ele>511.5</ele></trkpt>
   <trkpt lat="44.939322" lon="4.394424"><ele>511</ele></trkpt>
   <trkpt lat="44.939485" lon="4.395452"><ele>510.25</ele></trkpt>
   <trkpt lat="44.939504" lon="4.395971"><ele>508.25</ele></trkpt>
   <trkpt lat="44.939535" lon="4.397539"><ele>506.25</ele></trkpt>
   <trkpt lat="44.939559" lon="4.398818"><ele>504.25</ele></trkpt>
   <trkpt lat="44.939545" lon="4.39908"><ele>504</ele></trkpt>
   <trkpt lat="44.939491" lon="4.399464"><ele>503</ele></trkpt>
   <trkpt lat="44.939389" lon="4.399896"><ele>498</ele></trkpt>
   <trkpt lat="44.939336" lon="4.400059"><ele>496</ele></trkpt>
   <trkpt lat="44.939229" lon="4.400312"><ele>499.75</ele></trkpt>
   <trkpt lat="44.939073" lon="4.400639"><ele>503.5</ele></trkpt>
   <trkpt lat="44.938967" lon="4.400826"><ele>504</ele></trkpt>
   <trkpt lat="44.938797" lon="4.401115"><ele>504.25</ele></trkpt>
   <trkpt lat="44.938596" lon="4.401346"><ele>504.75</ele></trkpt>
   <trkpt lat="44.93841" lon="4.40145"><ele>507.25</ele></trkpt>
   <trkpt lat="44.938266" lon="4.401489"><ele>509.25</ele></trkpt>
   <trkpt lat="44.93801" lon="4.401484"><ele>506</ele></trkpt>
   <trkpt lat="44.937806" lon="4.401441"><ele>505.25</ele></trkpt>
   <trkpt lat="44.937298" lon="4.401228"><ele>503</ele></trkpt>
   <trkpt lat="44.937107" lon="4.401162"><ele>502</ele></trkpt>
   <trkpt lat="44.936846" lon="4.401133"><ele>506.75</ele></trkpt>
   <trkpt lat="44.936627" lon="4.40119"><ele>510.5</ele></trkpt>
   <trkpt lat="44.936435" lon="4.401314"><ele>509.25</ele></trkpt>
   <trkpt lat="44.936237" lon="4.401531"><ele>505.5</ele></trkpt>
   <trkpt lat="44.936103" lon="4.401816"><ele>502.5</ele></trkpt>
   <trkpt lat="44.936016" lon="4.402196"><ele>499.5</ele></trkpt>
   <trkpt lat="44.935979" lon="4.4034"><ele>501.25</ele></trkpt>
   <trkpt lat="44.935871" lon="4.403775"><ele>503.5</ele></trkpt>
   <trkpt lat="44.93552" lon="4.404566"><ele>504.75</ele></trkpt>
   <trkpt lat="44.935372" lon="4.404757"><ele>504.5</ele></trkpt>
   <trkpt lat="44.9353" lon="4.404838"><ele>501.75</ele></trkpt>
   <trkpt lat="44.935208" lon="4.404911"><ele>501</ele></trkpt>
   <trkpt lat="44.935022" lon="4.404998"><ele>501.25</ele></trkpt>
   <trkpt lat="44.934621" lon="4.405113"><ele>498.25</ele></trkpt>
   <trkpt lat="44.934526" lon="4.405139"><ele>496.5</ele></trkpt>
   <trkpt lat="44.934445" lon="4.405138"><ele>494.5</ele></trkpt>
   <trkpt lat="44.934209" lon="4.405088"><ele>498.5</ele></trkpt>
   <trkpt lat="44.934072" lon="4.405003"><ele>500</ele></trkpt>
   <trkpt lat="44.933932" lon="4.404882"><ele>499</ele></trkpt>
   <trkpt lat="44.933672" lon="4.4046"><ele>499.75</ele></trkpt>
   <trkpt lat="44.932831" lon="4.403588"><ele>499.5</ele></trkpt>
   <trkpt lat="44.932465" lon="4.403078"><ele>499.5</ele></trkpt>
   <trkpt lat="44.932335" lon="4.402835"><ele>498.5</ele></trkpt>
   <trkpt lat="44.932269" lon="4.402713"><ele>498.75</ele></trkpt>
   <trkpt lat="44.932131" lon="4.402452"><ele>499.25</ele></trkpt>
   <trkpt lat="44.932061" lon="4.402362"><ele>500.25</ele></trkpt>
   <trkpt lat="44.93189" lon="4.402217"><ele>502.75</ele></trkpt>
   <trkpt lat="44.931735" lon="4.402135"><ele>504.25</ele></trkpt>
   <trkpt lat="44.931445" lon="4.402082"><ele>506</ele></trkpt>
   <trkpt lat="44.931224" lon="4.402126"><ele>504</ele></trkpt>
   <trkpt lat="44.931109" lon="4.402184"><ele>502.25</ele></trkpt>
   <trkpt lat="44.930993" lon="4.402276"><ele>500</ele></trkpt>
   <trkpt lat="44.930881" lon="4.402389"><ele>499</ele></trkpt>
   <trkpt lat="44.930592" lon="4.402862"><ele>500</ele></trkpt>
   <trkpt lat="44.930413" lon="4.403199"><ele>500.5</ele></trkpt>
   <trkpt lat="44.930267" lon="4.403371"><ele>498.5</ele></trkpt>
   <trkpt lat="44.930115" lon="4.403491"><ele>500</ele></trkpt>
   <trkpt lat="44.930004" lon="4.403556"><ele>502</ele></trkpt>
   <trkpt lat="44.929331" lon="4.403888"><ele>501</ele></trkpt>
   <trkpt lat="44.929073" lon="4.403978"><ele>497.75</ele></trkpt>
   <trkpt lat="44.928977" lon="4.403977"><ele>498.25</ele></trkpt>
   <trkpt lat="44.928883" lon="4.40396"><ele>498.25</ele></trkpt>
   <trkpt lat="44.928724" lon="4.40391"><ele>499.5</ele></trkpt>
   <trkpt lat="44.928568" lon="4.403837"><ele>499.75</ele></trkpt>
   <trkpt lat="44.928432" lon="4.403753"><ele>501</ele></trkpt>
   <trkpt lat="44.928306" lon="4.403639"><ele>500.75</ele></trkpt>
   <trkpt lat="44.928194" lon="4.403501"><ele>502.25</ele></trkpt>
   <trkpt lat="44.927903" lon="4.403008"><ele>493.75</ele></trkpt>
   <trkpt lat="44.927815" lon="4.402878"><ele>498.75</ele></trkpt>
   <trkpt lat="44.927675" lon="4.402739"><ele>505.25</ele></trkpt>
   <trkpt lat="44.92759" lon="4.402682"><ele>507.25</ele></trkpt>
   <trkpt lat="44.927515" lon="4.402636"><ele>508.75</ele></trkpt>
   <trkpt lat="44.927312" lon="4.402575"><ele>506.25</ele></trkpt>
   <trkpt lat="44.927164" lon="4.402574"><ele>503.75</ele></trkpt>
   <trkpt lat="44.927017" lon="4.402587"><ele>500.25</ele></trkpt>
   <trkpt lat="44.926889" lon="4.402638"><ele>497.25</ele></trkpt>
   <trkpt lat="44.926779" lon="4.402704"><ele>494.75</ele></trkpt>
   <trkpt lat="44.926676" lon="4.402804"><ele>493.75</ele></trkpt>
   <trkpt lat="44.926544" lon="4.402976"><ele>489.75</ele></trkpt>
   <trkpt lat="44.926414" lon="4.403182"><ele>489</ele></trkpt>
   <trkpt lat="44.926312" lon="4.403361"><ele>490.25</ele></trkpt>
   <trkpt lat="44.926158" lon="4.403543"><ele>490.75</ele></trkpt>
   <trkpt lat="44.925982" lon="4.403672"><ele>490.75</ele></trkpt>
   <trkpt lat="44.925842" lon="4.403734"><ele>488.5</ele></trkpt>
   <trkpt lat="44.925706" lon="4.403756"><ele>489.5</ele></trkpt>
   <trkpt lat="44.925235" lon="4.403801"><ele>490.75</ele></trkpt>
   <trkpt lat="44.925105" lon="4.40386"><ele>489.75</ele></trkpt>
   <trkpt lat="44.924974" lon="4.403948"><ele>487.75</ele></trkpt>
   <trkpt lat="44.924885" lon="4.404026"><ele>487.25</ele></trkpt>
   <trkpt lat="44.924794" lon="4.404119"><ele>487.75</ele></trkpt>
   <trkpt lat="44.92473" lon="4.404213"><ele>487.75</ele></trkpt>
   <trkpt lat="44.9246" lon="4.404488"><ele>484.5</ele></trkpt>
   <trkpt lat="44.924532" lon="4.404779"><ele>485</ele></trkpt>
   <trkpt lat="44.924414" lon="4.405726"><ele>485.75</ele></trkpt>
   <trkpt lat="44.924388" lon="4.405888"><ele>483.75</ele></trkpt>
   <trkpt lat="44.924297" lon="4.406127"><ele>478.75</ele></trkpt>
   <trkpt lat="44.924226" lon="4.406264"><ele>479.75</ele></trkpt>
   <trkpt lat="44.924149" lon="4.406378"><ele>481.25</ele></trkpt>
   <trkpt lat="44.9241" lon="4.40644"><ele>479.25</ele></trkpt>
   <trkpt lat="44.923744" lon="4.406738"><ele>483.25</ele></trkpt>
   <trkpt lat="44.923197" lon="4.407164"><ele>488.5</ele></trkpt>
   <trkpt lat="44.923039" lon="4.407248"><ele>483.5</ele></trkpt>
   <trkpt lat="44.922894" lon="4.407281"><ele>481.5</ele></trkpt>
   <trkpt lat="44.922672" lon="4.407265"><ele>480.5</ele></trkpt>
   <trkpt lat="44.922483" lon="4.407217"><ele>482.25</ele></trkpt>
   <trkpt lat="44.922151" lon="4.40716"><ele>483.25</ele></trkpt>
   <trkpt lat="44.921996" lon="4.407174"><ele>481.5</ele></trkpt>
   <trkpt lat="44.921887" lon="4.40723"><ele>485</ele></trkpt>
   <trkpt lat="44.921778" lon="4.407298"><ele>486.25</ele></trkpt>
   <trkpt lat="44.921687" lon="4.407366"><ele>487.75</ele></trkpt>
   <trkpt lat="44.921556" lon="4.407515"><ele>493</ele></trkpt>
   <trkpt lat="44.921445" lon="4.407689"><ele>488</ele></trkpt>
   <trkpt lat="44.921359" lon="4.407917"><ele>482.25</ele></trkpt>
   <trkpt lat="44.921312" lon="4.408058"><ele>479.75</ele></trkpt>
   <trkpt lat="44.921271" lon="4.408369"><ele>473.5</ele></trkpt>
   <trkpt lat="44.92128" lon="4.408563"><ele>474.5</ele></trkpt>
   <trkpt lat="44.921316" lon="4.408869"><ele>478</ele></trkpt>
   <trkpt lat="44.921395" lon="4.409367"><ele>478.5</ele></trkpt>
   <trkpt lat="44.921417" lon="4.409586"><ele>478.5</ele></trkpt>
   <trkpt lat="44.921412" lon="4.409876"><ele>478.25</ele></trkpt>
   <trkpt lat="44.921356" lon="4.410125"><ele>476.5</ele></trkpt>
   <trkpt lat="44.921171" lon="4.410718"><ele>472.75</ele></trkpt>
   <trkpt lat="44.921129" lon="4.410798"><ele>472.75</ele></trkpt>
   <trkpt lat="44.921012" lon="4.41098"><ele>475.75</ele></trkpt>
   <trkpt lat="44.920902" lon="4.411099"><ele>475.25</ele></trkpt>
   <trkpt lat="44.920786" lon="4.411203"><ele>473.25</ele></trkpt>
   <trkpt lat="44.92032" lon="4.411562"><ele>470.75</ele></trkpt>
   <trkpt lat="44.920029" lon="4.41172"><ele>471</ele></trkpt>
   <trkpt lat="44.919057" lon="4.412096"><ele>465.25</ele></trkpt>
   <trkpt lat="44.918957" lon="4.412176"><ele>465.25</ele></trkpt>
   <trkpt lat="44.918849" lon="4.412289"><ele>465.5</ele></trkpt>
   <trkpt lat="44.918747" lon="4.412427"><ele>465.25</ele></trkpt>
   <trkpt lat="44.918675" lon="4.412571"><ele>465.75</ele></trkpt>
   <trkpt lat="44.918565" lon="4.412824"><ele>464.25</ele></trkpt>
   <trkpt lat="44.918453" lon="4.413123"><ele>463.25</ele></trkpt>
   <trkpt lat="44.918375" lon="4.413291"><ele>464.25</ele></trkpt>
   <trkpt lat="44.917969" lon="4.413926"><ele>461.25</ele></trkpt>
   <trkpt lat="44.917731" lon="4.414389"><ele>460.75</ele></trkpt>
   <trkpt lat="44.917537" lon="4.414805"><ele>463.5</ele></trkpt>
   <trkpt lat="44.917354" lon="4.415019"><ele>462.25</ele></trkpt>
   <trkpt lat="44.917168" lon="4.415172"><ele>459.25</ele></trkpt>
   <trkpt lat="44.916974" lon="4.415269"><ele>456.5</ele></trkpt>
   <trkpt lat="44.916634" lon="4.4155"><ele>460</ele></trkpt>
   <trkpt lat="44.916473" lon="4.415711"><ele>464.5</ele></trkpt>
   <trkpt lat="44.916361" lon="4.415963"><ele>464.5</ele></trkpt>
   <trkpt lat="44.916301" lon="4.416221"><ele>462.25</ele></trkpt>
   <trkpt lat="44.91627" lon="4.416557"><ele>456.25</ele></trkpt>
   <trkpt lat="44.916273" lon="4.416736"><ele>454</ele></trkpt>
   <trkpt lat="44.916345" lon="4.417047"><ele>454.25</ele></trkpt>
   <trkpt lat="44.916431" lon="4.417255"><ele>454.25</ele></trkpt>
   <trkpt lat="44.916807" lon="4.41824"><ele>452.25</ele></trkpt>
   <trkpt lat="44.916936" lon="4.418768"><ele>452.5</ele></trkpt>
   <trkpt lat="44.917009" lon="4.419437"><ele>449.25</ele></trkpt>
   <trkpt lat="44.917023" lon="4.419744"><ele>450</ele></trkpt>
   <trkpt lat="44.917027" lon="4.420001"><ele>448.75</ele></trkpt>
   <trkpt lat="44.917014" lon="4.420113"><ele>447.5</ele></trkpt>
   <trkpt lat="44.917009" lon="4.420168"><ele>447</ele></trkpt>
   <trkpt lat="44.916996" lon="4.420263"><ele>446.25</ele></trkpt>
   <trkpt lat="44.916824" lon="4.420714"><ele>448.75</ele></trkpt>
   <trkpt lat="44.916455" lon="4.421375"><ele>447</ele></trkpt>
   <trkpt lat="44.915728" lon="4.422329"><ele>442.5</ele></trkpt>
   <trkpt lat="44.915492" lon="4.422678"><ele>440.5</ele></trkpt>
   <trkpt lat="44.915292" lon="4.423027"><ele>439.75</ele></trkpt>
   <trkpt lat="44.915133" lon="4.423358"><ele>437.5</ele></trkpt>
   <trkpt lat="44.914893" lon="4.423783"><ele>437.5</ele></trkpt>
   <trkpt lat="44.914851" lon="4.423857"><ele>437.25</ele></trkpt>
   <trkpt lat="44.914678" lon="4.424093"><ele>436.75</ele></trkpt>
   <trkpt lat="44.914518" lon="4.424274"><ele>436.25</ele></trkpt>
   <trkpt lat="44.914489" lon="4.424299"><ele>436.25</ele></trkpt>
   <trkpt lat="44.914195" lon="4.424523"><ele>436.25</ele></trkpt>
   <trkpt lat="44.913769" lon="4.424724"><ele>433.5</ele></trkpt>
   <trkpt lat="44.913651" lon="4.424774"><ele>432.75</ele></trkpt>
   <trkpt lat="44.913441" lon="4.424879"><ele>431.5</ele></trkpt>
   <trkpt lat="44.913093" lon="4.425018"><ele>430</ele></trkpt>
   <trkpt lat="44.912843" lon="4.425179"><ele>429.75</ele></trkpt>
   <trkpt lat="44.91266" lon="4.425542"><ele>429</ele></trkpt>
   <trkpt lat="44.912531" lon="4.425829"><ele>429</ele></trkpt>
   <trkpt lat="44.912457" lon="4.426081"><ele>428.5</ele></trkpt>
   <trkpt lat="44.91239" lon="4.42634"><ele>428</ele></trkpt>
   <trkpt lat="44.91237" lon="4.426523"><ele>428.25</ele></trkpt>
   <trkpt lat="44.912363" lon="4.426726"><ele>428.5</ele></trkpt>
   <trkpt lat="44.91231" lon="4.426884"><ele>427.5</ele></trkpt>
   <trkpt lat="44.912299" lon="4.427021"><ele>426.75</ele></trkpt>
   <trkpt lat="44.912333" lon="4.427186"><ele>426.75</ele></trkpt>
   <trkpt lat="44.912388" lon="4.427237"><ele>428</ele></trkpt>
   <trkpt lat="44.912473" lon="4.427263"><ele>429.75</ele></trkpt>
   <trkpt lat="44.912651" lon="4.427531"><ele>429</ele></trkpt>
   <trkpt lat="44.912724" lon="4.427617"><ele>429</ele></trkpt>
   <trkpt lat="44.912826" lon="4.427717"><ele>429</ele></trkpt>
   <trkpt lat="44.912874" lon="4.427765"><ele>429</ele></trkpt>
   <trkpt lat="44.913026" lon="4.427944"><ele>430</ele></trkpt>
   <trkpt lat="44.913284" lon="4.428378"><ele>430.75</ele></trkpt>
   <trkpt lat="44.91351" lon="4.428749"><ele>430</ele></trkpt>
   <trkpt lat="44.913892" lon="4.429416"><ele>430</ele></trkpt>
   <trkpt lat="44.914544" lon="4.430488"><ele>429.25</ele></trkpt>
   <trkpt lat="44.914856" lon="4.43087"><ele>430.5</ele></trkpt>
   <trkpt lat="44.915173" lon="4.431364"><ele>430.25</ele></trkpt>
   <trkpt lat="44.915276" lon="4.431577"><ele>430.25</ele></trkpt>
   <trkpt lat="44.91541" lon="4.431885"><ele>431</ele></trkpt>
   <trkpt lat="44.915555" lon="4.432245"><ele>429.5</ele></trkpt>
   <trkpt lat="44.915998" lon="4.433453"><ele>430.75</ele></trkpt>
   <trkpt lat="44.91604" lon="4.433606"><ele>429.75</ele></trkpt>
   <trkpt lat="44.916061" lon="4.433679"><ele>429.25</ele></trkpt>
   <trkpt lat="44.916095" lon="4.433906"><ele>426.75</ele></trkpt>
   <trkpt lat="44.916116" lon="4.434198"><ele>427</ele></trkpt>
   <trkpt lat="44.916107" lon="4.434499"><ele>426.75</ele></trkpt>
   <trkpt lat="44.916104" lon="4.43468"><ele>426</ele></trkpt>
   <trkpt lat="44.916065" lon="4.435204"><ele>425.5</ele></trkpt>
   <trkpt lat="44.916042" lon="4.435765"><ele>424.5</ele></trkpt>
   <trkpt lat="44.916045" lon="4.436556"><ele>425</ele></trkpt>
   <trkpt lat="44.916084" lon="4.436899"><ele>425</ele></trkpt>
   <trkpt lat="44.916191" lon="4.437536"><ele>424.25</ele></trkpt>
   <trkpt lat="44.916256" lon="4.437881"><ele>424.5</ele></trkpt>
   <trkpt lat="44.916262" lon="4.437913"><ele>424.5</ele></trkpt>
   <trkpt lat="44.91637" lon="4.438523"><ele>424.5</ele></trkpt>
   <trkpt lat="44.916384" lon="4.438614"><ele>423.75</ele></trkpt>
   <trkpt lat="44.91639" lon="4.438663"><ele>424</ele></trkpt>
   <trkpt lat="44.916445" lon="4.439023"><ele>425</ele></trkpt>
   <trkpt lat="44.916518" lon="4.439535"><ele>424.25</ele></trkpt>
   <trkpt lat="44.916669" lon="4.440465"><ele>425</ele></trkpt>
   <trkpt lat="44.91669" lon="4.440587"><ele>425.25</ele></trkpt>
   <trkpt lat="44.916749" lon="4.440986"><ele>425.25</ele></trkpt>
   <trkpt lat="44.916764" lon="4.441187"><ele>425.5</ele></trkpt>
   <trkpt lat="44.916766" lon="4.441411"><ele>425.75</ele></trkpt>
   <trkpt lat="44.916758" lon="4.441548"><ele>425.5</ele></trkpt>
   <trkpt lat="44.916639" lon="4.442815"><ele>424.5</ele></trkpt>
   <trkpt lat="44.916623" lon="4.443326"><ele>423.5</ele></trkpt>
   <trkpt lat="44.916622" lon="4.443612"><ele>423.25</ele></trkpt>
   <trkpt lat="44.916669" lon="4.444508"><ele>422.5</ele></trkpt>
   <trkpt lat="44.916649" lon="4.444767"><ele>423.25</ele></trkpt>
   <trkpt lat="44.916631" lon="4.444914"><ele>423.25</ele></trkpt>
   <trkpt lat="44.91649" lon="4.445457"><ele>422.75</ele></trkpt>
   <trkpt lat="44.916389" lon="4.445805"><ele>422.75</ele></trkpt>
   <trkpt lat="44.916345" lon="4.446006"><ele>422.5</ele></trkpt>
   <trkpt lat="44.91632" lon="4.446205"><ele>422.5</ele></trkpt>
   <trkpt lat="44.916303" lon="4.446468"><ele>422.5</ele></trkpt>
   <trkpt lat="44.916279" lon="4.447234"><ele>425</ele></trkpt>
   <trkpt lat="44.916212" lon="4.447649"><ele>422.5</ele></trkpt>
   <trkpt lat="44.916149" lon="4.447856"><ele>420.25</ele></trkpt>
   <trkpt lat="44.916068" lon="4.448073"><ele>421.25</ele></trkpt>
   <trkpt lat="44.915976" lon="4.448245"><ele>420.5</ele></trkpt>
   <trkpt lat="44.915626" lon="4.4488"><ele>424</ele></trkpt>
   <trkpt lat="44.915337" lon="4.449276"><ele>424.5</ele></trkpt>
   <trkpt lat="44.915203" lon="4.449428"><ele>423.5</ele></trkpt>
   <trkpt lat="44.914839" lon="4.449802"><ele>421.5</ele></trkpt>
   <trkpt lat="44.914629" lon="4.450169"><ele>421.5</ele></trkpt>
   <trkpt lat="44.9143" lon="4.450788"><ele>421</ele></trkpt>
   <trkpt lat="44.914187" lon="4.45107"><ele>421.75</ele></trkpt>
   <trkpt lat="44.91402" lon="4.451693"><ele>420.25</ele></trkpt>
   <trkpt lat="44.913972" lon="4.451832"><ele>414.75</ele></trkpt>
   <trkpt lat="44.913868" lon="4.452075"><ele>415</ele></trkpt>
   <trkpt lat="44.913812" lon="4.452178"><ele>418.25</ele></trkpt>
   <trkpt lat="44.913691" lon="4.452353"><ele>422</ele></trkpt>
   <trkpt lat="44.913554" lon="4.452528"><ele>426</ele></trkpt>
   <trkpt lat="44.913331" lon="4.452871"><ele>427</ele></trkpt>
   <trkpt lat="44.913208" lon="4.453237"><ele>422.25</ele></trkpt>
   <trkpt lat="44.913167" lon="4.453403"><ele>421</ele></trkpt>
   <trkpt lat="44.913118" lon="4.453779"><ele>421</ele></trkpt>
   <trkpt lat="44.913005" lon="4.454518"><ele>420</ele></trkpt>
   <trkpt lat="44.913028" lon="4.454851"><ele>420</ele></trkpt>
   <trkpt lat="44.91306" lon="4.455125"><ele>419.5</ele></trkpt>
   <trkpt lat="44.913108" lon="4.45546"><ele>419.5</ele></trkpt>
   <trkpt lat="44.913128" lon="4.455829"><ele>419.25</ele></trkpt>
   <trkpt lat="44.913092" lon="4.456186"><ele>418.5</ele></trkpt>
   <trkpt lat="44.912789" lon="4.457655"><ele>418.5</ele></trkpt>
   <trkpt lat="44.912773" lon="4.457964"><ele>418</ele></trkpt>
   <trkpt lat="44.912806" lon="4.458353"><ele>417.25</ele></trkpt>
   <trkpt lat="44.912869" lon="4.458612"><ele>418.25</ele></trkpt>
   <trkpt lat="44.912925" lon="4.458747"><ele>419</ele></trkpt>
   <trkpt lat="44.913122" lon="4.459147"><ele>422.25</ele></trkpt>
   <trkpt lat="44.913319" lon="4.45951"><ele>420.75</ele></trkpt>
   <trkpt lat="44.913371" lon="4.459683"><ele>418.75</ele></trkpt>
   <trkpt lat="44.913404" lon="4.459918"><ele>416.75</ele></trkpt>
   <trkpt lat="44.91341" lon="4.460144"><ele>415.5</ele></trkpt>
   <trkpt lat="44.913402" lon="4.460337"><ele>414.5</ele></trkpt>
   <trkpt lat="44.913369" lon="4.460524"><ele>413.75</ele></trkpt>
   <trkpt lat="44.913238" lon="4.460871"><ele>413.75</ele></trkpt>
   <trkpt lat="44.913113" lon="4.461054"><ele>416.5</ele></trkpt>
   <trkpt lat="44.912968" lon="4.461205"><ele>419</ele></trkpt>
   <trkpt lat="44.912591" lon="4.461499"><ele>418</ele></trkpt>
   <trkpt lat="44.912457" lon="4.461617"><ele>417.25</ele></trkpt>
   <trkpt lat="44.912337" lon="4.461757"><ele>417.5</ele></trkpt>
   <trkpt lat="44.912243" lon="4.461906"><ele>418</ele></trkpt>
   <trkpt lat="44.912142" lon="4.462109"><ele>418</ele></trkpt>
   <trkpt lat="44.91208" lon="4.462303"><ele>418.5</ele></trkpt>
   <trkpt lat="44.912034" lon="4.462488"><ele>419</ele></trkpt>
   <trkpt lat="44.912013" lon="4.462856"><ele>417</ele></trkpt>
   <trkpt lat="44.912034" lon="4.463402"><ele>416.25</ele></trkpt>
   <trkpt lat="44.912073" lon="4.46357"><ele>416.75</ele></trkpt>
   <trkpt lat="44.912195" lon="4.463812"><ele>417.75</ele></trkpt>
   <trkpt lat="44.912242" lon="4.46396"><ele>418.25</ele></trkpt>
   <trkpt lat="44.912281" lon="4.464228"><ele>419</ele></trkpt>
   <trkpt lat="44.912286" lon="4.464439"><ele>418.25</ele></trkpt>
   <trkpt lat="44.912308" lon="4.465104"><ele>420</ele></trkpt>
   <trkpt lat="44.91231" lon="4.465393"><ele>419.75</ele></trkpt>
   <trkpt lat="44.912283" lon="4.465651"><ele>419</ele></trkpt>
   <trkpt lat="44.912233" lon="4.465864"><ele>417.25</ele></trkpt>
   <trkpt lat="44.912166" lon="4.466197"><ele>416</ele></trkpt>
   <trkpt lat="44.912169" lon="4.466582"><ele>415.75</ele></trkpt>
   <trkpt lat="44.912152" lon="4.467036"><ele>417.25</ele></trkpt>
   <trkpt lat="44.912091" lon="4.467552"><ele>417.5</ele></trkpt>
   <trkpt lat="44.912028" lon="4.467712"><ele>415</ele></trkpt>
   <trkpt lat="44.911932" lon="4.467894"><ele>417.5</ele></trkpt>
   <trkpt lat="44.911845" lon="4.468032"><ele>418.25</ele></trkpt>
   <trkpt lat="44.911751" lon="4.468134"><ele>417.25</ele></trkpt>
   <trkpt lat="44.911391" lon="4.468466"><ele>418.5</ele></trkpt>
   <trkpt lat="44.910899" lon="4.46892"><ele>416</ele></trkpt>
   <trkpt lat="44.910599" lon="4.469196"><ele>418.25</ele></trkpt>
   <trkpt lat="44.910409" lon="4.469369"><ele>418.75</ele></trkpt>
   <trkpt lat="44.910279" lon="4.469512"><ele>417.25</ele></trkpt>
   <trkpt lat="44.910159" lon="4.469702"><ele>417</ele></trkpt>
   <trkpt lat="44.910002" lon="4.469974"><ele>416.25</ele></trkpt>
   <trkpt lat="44.909542" lon="4.470953"><ele>414.75</ele></trkpt>
   <trkpt lat="44.909324" lon="4.471384"><ele>414</ele></trkpt>
   <trkpt lat="44.90924" lon="4.471567"><ele>414.25</ele></trkpt>
   <trkpt lat="44.909178" lon="4.471691"><ele>413.5</ele></trkpt>
   <trkpt lat="44.909039" lon="4.471802"><ele>413.5</ele></trkpt>
   <trkpt lat="44.908949" lon="4.472002"><ele>413</ele></trkpt>
   <trkpt lat="44.908919" lon="4.472245"><ele>412.75</ele></trkpt>
   <trkpt lat="44.908733" lon="4.472656"><ele>412</ele></trkpt>
   <trkpt lat="44.908696" lon="4.472787"><ele>412.5</ele></trkpt>
   <trkpt lat="44.908631" lon="4.472963"><ele>412.5</ele></trkpt>
   <trkpt lat="44.908576" lon="4.473205"><ele>413.75</ele></trkpt>
   <trkpt lat="44.908555" lon="4.473344"><ele>414.25</ele></trkpt>
   <trkpt lat="44.908547" lon="4.473438"><ele>413.75</ele></trkpt>
   <trkpt lat="44.908541" lon="4.4735"><ele>413.25</ele></trkpt>
   <trkpt lat="44.908542" lon="4.473713"><ele>411.5</ele></trkpt>
   <trkpt lat="44.908562" lon="4.473978"><ele>410.25</ele></trkpt>
   <trkpt lat="44.908566" lon="4.474219"><ele>409</ele></trkpt>
   <trkpt lat="44.908551" lon="4.474391"><ele>408.75</ele></trkpt>
   <trkpt lat="44.908527" lon="4.474557"><ele>409.75</ele></trkpt>
   <trkpt lat="44.908438" lon="4.47489"><ele>412</ele></trkpt>
   <trkpt lat="44.908134" lon="4.47594"><ele>405.5</ele></trkpt>
   <trkpt lat="44.907917" lon="4.476622"><ele>408.5</ele></trkpt>
   <trkpt lat="44.907784" lon="4.477066"><ele>405.5</ele></trkpt>
   <trkpt lat="44.907654" lon="4.477408"><ele>404</ele></trkpt>
   <trkpt lat="44.907569" lon="4.477564"><ele>402</ele></trkpt>
   <trkpt lat="44.907477" lon="4.477696"><ele>402.5</ele></trkpt>
   <trkpt lat="44.906796" lon="4.478585"><ele>402.5</ele></trkpt>
   <trkpt lat="44.906779" lon="4.478607"><ele>402.25</ele></trkpt>
   <trkpt lat="44.906675" lon="4.478727"><ele>401.75</ele></trkpt>
   <trkpt lat="44.906574" lon="4.478825"><ele>401</ele></trkpt>
   <trkpt lat="44.906427" lon="4.47892"><ele>400.25</ele></trkpt>
   <trkpt lat="44.905826" lon="4.479193"><ele>400.5</ele></trkpt>
   <trkpt lat="44.905644" lon="4.479369"><ele>400.5</ele></trkpt>
   <trkpt lat="44.90547" lon="4.479616"><ele>404.25</ele></trkpt>
   <trkpt lat="44.905427" lon="4.479717"><ele>405.5</ele></trkpt>
   <trkpt lat="44.905376" lon="4.47986"><ele>405.75</ele></trkpt>
   <trkpt lat="44.905337" lon="4.480007"><ele>405.5</ele></trkpt>
   <trkpt lat="44.905319" lon="4.480127"><ele>405</ele></trkpt>
   <trkpt lat="44.905309" lon="4.480281"><ele>404.5</ele></trkpt>
   <trkpt lat="44.905347" lon="4.480394"><ele>404.25</ele></trkpt>
   <trkpt lat="44.905345" lon="4.480725"><ele>401</ele></trkpt>
   <trkpt lat="44.905372" lon="4.480905"><ele>399.75</ele></trkpt>
   <trkpt lat="44.905397" lon="4.480994"><ele>399.25</ele></trkpt>
   <trkpt lat="44.90553" lon="4.481316"><ele>400</ele></trkpt>
   <trkpt lat="44.905575" lon="4.481464"><ele>400.25</ele></trkpt>
   <trkpt lat="44.905629" lon="4.481778"><ele>399.75</ele></trkpt>
   <trkpt lat="44.905645" lon="4.481952"><ele>398.25</ele></trkpt>
   <trkpt lat="44.905709" lon="4.483044"><ele>404</ele></trkpt>
   <trkpt lat="44.905772" lon="4.483929"><ele>401.25</ele></trkpt>
   <trkpt lat="44.905774" lon="4.484118"><ele>400.75</ele></trkpt>
   <trkpt lat="44.905764" lon="4.484328"><ele>400.25</ele></trkpt>
   <trkpt lat="44.905727" lon="4.484637"><ele>400.25</ele></trkpt>
   <trkpt lat="44.905691" lon="4.484797"><ele>401.5</ele></trkpt>
   <trkpt lat="44.905641" lon="4.484953"><ele>401.75</ele></trkpt>
   <trkpt lat="44.905581" lon="4.485104"><ele>401.25</ele></trkpt>
   <trkpt lat="44.90553" lon="4.485211"><ele>400.5</ele></trkpt>
   <trkpt lat="44.905478" lon="4.485316"><ele>400.25</ele></trkpt>
   <trkpt lat="44.905404" lon="4.485437"><ele>400</ele></trkpt>
   <trkpt lat="44.905321" lon="4.485545"><ele>399.25</ele></trkpt>
   <trkpt lat="44.905184" lon="4.485692"><ele>398.75</ele></trkpt>
   <trkpt lat="44.905058" lon="4.485808"><ele>398.75</ele></trkpt>
   <trkpt lat="44.904414" lon="4.486351"><ele>396.5</ele></trkpt>
   <trkpt lat="44.904328" lon="4.486423"><ele>397.25</ele></trkpt>
   <trkpt lat="44.904156" lon="4.486567"><ele>398.5</ele></trkpt>
   <trkpt lat="44.90404" lon="4.486648"><ele>399</ele></trkpt>
   <trkpt lat="44.903912" lon="4.486709"><ele>399</ele></trkpt>
   <trkpt lat="44.903667" lon="4.486799"><ele>395.5</ele></trkpt>
   <trkpt lat="44.902999" lon="4.486824"><ele>396.75</ele></trkpt>
   <trkpt lat="44.902671" lon="4.486807"><ele>395</ele></trkpt>
   <trkpt lat="44.902508" lon="4.48677"><ele>393.25</ele></trkpt>
   <trkpt lat="44.902392" lon="4.48671"><ele>394</ele></trkpt>
   <trkpt lat="44.902254" lon="4.486609"><ele>393</ele></trkpt>
   <trkpt lat="44.90218" lon="4.486545"><ele>393.75</ele></trkpt>
   <trkpt lat="44.902083" lon="4.486434"><ele>394.75</ele></trkpt>
   <trkpt lat="44.90197" lon="4.486278"><ele>393.25</ele></trkpt>
   <trkpt lat="44.901556" lon="4.485662"><ele>393.75</ele></trkpt>
   <trkpt lat="44.901449" lon="4.485531"><ele>391.75</ele></trkpt>
   <trkpt lat="44.901301" lon="4.485409"><ele>391.75</ele></trkpt>
   <trkpt lat="44.90114" lon="4.485323"><ele>394.5</ele></trkpt>
   <trkpt lat="44.901001" lon="4.485265"><ele>393.25</ele></trkpt>
   <trkpt lat="44.900798" lon="4.485257"><ele>393</ele></trkpt>
   <trkpt lat="44.900598" lon="4.485282"><ele>393.25</ele></trkpt>
   <trkpt lat="44.900443" lon="4.485351"><ele>391.75</ele></trkpt>
   <trkpt lat="44.900298" lon="4.485459"><ele>391.25</ele></trkpt>
   <trkpt lat="44.900169" lon="4.485576"><ele>390.75</ele></trkpt>
   <trkpt lat="44.900009" lon="4.485782"><ele>390.75</ele></trkpt>
   <trkpt lat="44.899357" lon="4.487038"><ele>394.25</ele></trkpt>
   <trkpt lat="44.899253" lon="4.487202"><ele>394.75</ele></trkpt>
   <trkpt lat="44.89915" lon="4.487322"><ele>394</ele></trkpt>
   <trkpt lat="44.899044" lon="4.487408"><ele>392.75</ele></trkpt>
   <trkpt lat="44.898939" lon="4.487477"><ele>391</ele></trkpt>
   <trkpt lat="44.898767" lon="4.48755"><ele>389.75</ele></trkpt>
   <trkpt lat="44.898546" lon="4.487575"><ele>388.75</ele></trkpt>
   <trkpt lat="44.898389" lon="4.487543"><ele>389.5</ele></trkpt>
   <trkpt lat="44.898058" lon="4.487413"><ele>389</ele></trkpt>
   <trkpt lat="44.89788" lon="4.487363"><ele>386</ele></trkpt>
   <trkpt lat="44.897693" lon="4.48737"><ele>387</ele></trkpt>
   <trkpt lat="44.897528" lon="4.487416"><ele>388.75</ele></trkpt>
   <trkpt lat="44.897389" lon="4.48752"><ele>393.5</ele></trkpt>
   <trkpt lat="44.897245" lon="4.487647"><ele>394.5</ele></trkpt>
   <trkpt lat="44.897106" lon="4.487818"><ele>392</ele></trkpt>
   <trkpt lat="44.897007" lon="4.488041"><ele>393.25</ele></trkpt>
   <trkpt lat="44.896933" lon="4.48825"><ele>388.75</ele></trkpt>
   <trkpt lat="44.896897" lon="4.488457"><ele>386</ele></trkpt>
   <trkpt lat="44.896883" lon="4.488717"><ele>387.25</ele></trkpt>
   <trkpt lat="44.89689" lon="4.488969"><ele>390.75</ele></trkpt>
   <trkpt lat="44.896861" lon="4.489309"><ele>389.5</ele></trkpt>
   <trkpt lat="44.896802" lon="4.489602"><ele>389</ele></trkpt>
   <trkpt lat="44.896737" lon="4.489846"><ele>389.5</ele></trkpt>
   <trkpt lat="44.89662" lon="4.490133"><ele>387.75</ele></trkpt>
   <trkpt lat="44.896424" lon="4.490412"><ele>385</ele></trkpt>
   <trkpt lat="44.896299" lon="4.490546"><ele>384.25</ele></trkpt>
   <trkpt lat="44.896179" lon="4.490638"><ele>384.75</ele></trkpt>
   <trkpt lat="44.895917" lon="4.490801"><ele>387.75</ele></trkpt>
   <trkpt lat="44.895723" lon="4.490852"><ele>384.25</ele></trkpt>
   <trkpt lat="44.895519" lon="4.490878"><ele>384</ele></trkpt>
   <trkpt lat="44.895123" lon="4.490818"><ele>384</ele></trkpt>
   <trkpt lat="44.894648" lon="4.490713"><ele>378.5</ele></trkpt>
   <trkpt lat="44.894504" lon="4.490693"><ele>378</ele></trkpt>
   <trkpt lat="44.894371" lon="4.490707"><ele>378.75</ele></trkpt>
   <trkpt lat="44.894256" lon="4.490738"><ele>380</ele></trkpt>
   <trkpt lat="44.89414" lon="4.490784"><ele>382.25</ele></trkpt>
   <trkpt lat="44.894044" lon="4.490845"><ele>385</ele></trkpt>
   <trkpt lat="44.893918" lon="4.490962"><ele>388</ele></trkpt>
   <trkpt lat="44.89381" lon="4.491116"><ele>390.25</ele></trkpt>
   <trkpt lat="44.893736" lon="4.491287"><ele>392.5</ele></trkpt>
   <trkpt lat="44.89368" lon="4.491447"><ele>394.5</ele></trkpt>
   <trkpt lat="44.893604" lon="4.491876"><ele>399.75</ele></trkpt>
   <trkpt lat="44.893596" lon="4.492028"><ele>399.75</ele></trkpt>
   <trkpt lat="44.893602" lon="4.492193"><ele>388.75</ele></trkpt>
   <trkpt lat="44.893623" lon="4.492343"><ele>386</ele></trkpt>
   <trkpt lat="44.893661" lon="4.492511"><ele>385.75</ele></trkpt>
   <trkpt lat="44.893737" lon="4.492687"><ele>383.75</ele></trkpt>
   <trkpt lat="44.893815" lon="4.492844"><ele>382.75</ele></trkpt>
   <trkpt lat="44.893996" lon="4.493169"><ele>381</ele></trkpt>
   <trkpt lat="44.894064" lon="4.49331"><ele>381.25</ele></trkpt>
   <trkpt lat="44.894123" lon="4.49347"><ele>382.25</ele></trkpt>
   <trkpt lat="44.894162" lon="4.493665"><ele>381.5</ele></trkpt>
   <trkpt lat="44.894183" lon="4.493883"><ele>381.5</ele></trkpt>
   <trkpt lat="44.894166" lon="4.49414"><ele>381</ele></trkpt>
   <trkpt lat="44.89415" lon="4.49425"><ele>381</ele></trkpt>
   <trkpt lat="44.894126" lon="4.49434"><ele>381</ele></trkpt>
   <trkpt lat="44.894093" lon="4.494454"><ele>380.75</ele></trkpt>
   <trkpt lat="44.894053" lon="4.49455"><ele>380.75</ele></trkpt>
   <trkpt lat="44.893986" lon="4.494715"><ele>380.75</ele></trkpt>
   <trkpt lat="44.893883" lon="4.494844"><ele>381</ele></trkpt>
   <trkpt lat="44.893786" lon="4.494952"><ele>381.5</ele></trkpt>
   <trkpt lat="44.893661" lon="4.495071"><ele>383.75</ele></trkpt>
   <trkpt lat="44.893461" lon="4.495153"><ele>384.5</ele></trkpt>
   <trkpt lat="44.893284" lon="4.495175"><ele>384.25</ele></trkpt>
   <trkpt lat="44.893011" lon="4.495148"><ele>380.75</ele></trkpt>
   <trkpt lat="44.892753" lon="4.495112"><ele>381</ele></trkpt>
   <trkpt lat="44.891936" lon="4.494971"><ele>380.25</ele></trkpt>
   <trkpt lat="44.89132" lon="4.494881"><ele>380</ele></trkpt>
   <trkpt lat="44.890492" lon="4.494553"><ele>374.75</ele></trkpt>
   <trkpt lat="44.890294" lon="4.494466"><ele>373.5</ele></trkpt>
   <trkpt lat="44.89009" lon="4.494398"><ele>374.75</ele></trkpt>
   <trkpt lat="44.889902" lon="4.494389"><ele>376.75</ele></trkpt>
   <trkpt lat="44.889755" lon="4.494423"><ele>378.25</ele></trkpt>
   <trkpt lat="44.889568" lon="4.494513"><ele>382</ele></trkpt>
   <trkpt lat="44.889477" lon="4.494591"><ele>382.25</ele></trkpt>
   <trkpt lat="44.88933" lon="4.494753"><ele>379</ele></trkpt>
   <trkpt lat="44.889287" lon="4.49483"><ele>378.75</ele></trkpt>
   <trkpt lat="44.889217" lon="4.494982"><ele>377.25</ele></trkpt>
   <trkpt lat="44.889156" lon="4.495176"><ele>375</ele></trkpt>
   <trkpt lat="44.889112" lon="4.495379"><ele>373.5</ele></trkpt>
   <trkpt lat="44.889082" lon="4.49567"><ele>371.5</ele></trkpt>
   <trkpt lat="44.889133" lon="4.496554"><ele>373</ele></trkpt>
   <trkpt lat="44.889119" lon="4.496723"><ele>373.5</ele></trkpt>
   <trkpt lat="44.889075" lon="4.496931"><ele>370.25</ele></trkpt>
   <trkpt lat="44.889013" lon="4.497166"><ele>371.25</ele></trkpt>
   <trkpt lat="44.888889" lon="4.497494"><ele>373.5</ele></trkpt>
   <trkpt lat="44.888785" lon="4.497825"><ele>369.25</ele></trkpt>
   <trkpt lat="44.888737" lon="4.498039"><ele>368.75</ele></trkpt>
   <trkpt lat="44.888708" lon="4.498264"><ele>370.25</ele></trkpt>
   <trkpt lat="44.888707" lon="4.498547"><ele>370.5</ele></trkpt>
   <trkpt lat="44.888804" lon="4.500213"><ele>372.5</ele></trkpt>
   <trkpt lat="44.888872" lon="4.500797"><ele>374</ele></trkpt>
   <trkpt lat="44.888919" lon="4.501061"><ele>373.25</ele></trkpt>
   <trkpt lat="44.888975" lon="4.501312"><ele>373</ele></trkpt>
   <trkpt lat="44.889052" lon="4.501549"><ele>373.75</ele></trkpt>
   <trkpt lat="44.889135" lon="4.501768"><ele>374.5</ele></trkpt>
   <trkpt lat="44.889355" lon="4.502197"><ele>375</ele></trkpt>
   <trkpt lat="44.889652" lon="4.502648"><ele>373.25</ele></trkpt>
   <trkpt lat="44.890039" lon="4.503292"><ele>372.5</ele></trkpt>
   <trkpt lat="44.890518" lon="4.50393"><ele>373.25</ele></trkpt>
   <trkpt lat="44.890726" lon="4.504169"><ele>371.5</ele></trkpt>
   <trkpt lat="44.890938" lon="4.504378"><ele>373</ele></trkpt>
   <trkpt lat="44.891132" lon="4.504582"><ele>374.25</ele></trkpt>
   <trkpt lat="44.891326" lon="4.50488"><ele>372</ele></trkpt>
   <trkpt lat="44.891408" lon="4.505041"><ele>370.25</ele></trkpt>
   <trkpt lat="44.891459" lon="4.505204"><ele>371.75</ele></trkpt>
   <trkpt lat="44.89147" lon="4.505259"><ele>372.25</ele></trkpt>
   <trkpt lat="44.891521" lon="4.505471"><ele>373.25</ele></trkpt>
   <trkpt lat="44.891552" lon="4.505768"><ele>373</ele></trkpt>
   <trkpt lat="44.891575" lon="4.506395"><ele>371.25</ele></trkpt>
   <trkpt lat="44.891562" lon="4.50662"><ele>371.5</ele></trkpt>
   <trkpt lat="44.891533" lon="4.506875"><ele>371.25</ele></trkpt>
   <trkpt lat="44.891479" lon="4.507068"><ele>369.5</ele></trkpt>
   <trkpt lat="44.89138" lon="4.507295"><ele>365.5</ele></trkpt>
   <trkpt lat="44.891276" lon="4.507466"><ele>362.75</ele></trkpt>
   <trkpt lat="44.891122" lon="4.507638"><ele>367.25</ele></trkpt>
   <trkpt lat="44.890694" lon="4.508009"><ele>367</ele></trkpt>
   <trkpt lat="44.890502" lon="4.508203"><ele>367</ele></trkpt>
   <trkpt lat="44.890182" lon="4.508584"><ele>361.25</ele></trkpt>
   <trkpt lat="44.890028" lon="4.508733"><ele>362</ele></trkpt>
   <trkpt lat="44.88896" lon="4.509583"><ele>361.75</ele></trkpt>
   <trkpt lat="44.888788" lon="4.509706"><ele>361</ele></trkpt>
   <trkpt lat="44.888649" lon="4.509832"><ele>363</ele></trkpt>
   <trkpt lat="44.888377" lon="4.50999"><ele>361</ele></trkpt>
   <trkpt lat="44.888257" lon="4.510048"><ele>360.5</ele></trkpt>
   <trkpt lat="44.887695" lon="4.510267"><ele>359.25</ele></trkpt>
   <trkpt lat="44.886401" lon="4.51082"><ele>358.5</ele></trkpt>
   <trkpt lat="44.886196" lon="4.510875"><ele>358.25</ele></trkpt>
   <trkpt lat="44.885883" lon="4.510919"><ele>354.25</ele></trkpt>
   <trkpt lat="44.88438" lon="4.511085"><ele>354.25</ele></trkpt>
   <trkpt lat="44.88359" lon="4.511157"><ele>355</ele></trkpt>
   <trkpt lat="44.883458" lon="4.511177"><ele>353.75</ele></trkpt>
   <trkpt lat="44.88333" lon="4.511213"><ele>352.75</ele></trkpt>
   <trkpt lat="44.88292" lon="4.511381"><ele>352.25</ele></trkpt>
   <trkpt lat="44.882778" lon="4.511494"><ele>351.5</ele></trkpt>
   <trkpt lat="44.88263" lon="4.511659"><ele>352</ele></trkpt>
   <trkpt lat="44.882455" lon="4.511871"><ele>352.25</ele></trkpt>
   <trkpt lat="44.882378" lon="4.511962"><ele>351.75</ele></trkpt>
   <trkpt lat="44.881771" lon="4.512619"><ele>349.75</ele></trkpt>
   <trkpt lat="44.881564" lon="4.512844"><ele>348.75</ele></trkpt>
   <trkpt lat="44.88146" lon="4.512994"><ele>348.75</ele></trkpt>
   <trkpt lat="44.881333" lon="4.513262"><ele>347.25</ele></trkpt>
   <trkpt lat="44.881261" lon="4.513504"><ele>346</ele></trkpt>
   <trkpt lat="44.88123" lon="4.513752"><ele>345.75</ele></trkpt>
   <trkpt lat="44.881239" lon="4.513973"><ele>346</ele></trkpt>
   <trkpt lat="44.881263" lon="4.514162"><ele>346.25</ele></trkpt>
   <trkpt lat="44.881299" lon="4.514335"><ele>347</ele></trkpt>
   <trkpt lat="44.881358" lon="4.514485"><ele>348.75</ele></trkpt>
   <trkpt lat="44.881488" lon="4.514734"><ele>352.75</ele></trkpt>
   <trkpt lat="44.881545" lon="4.514825"><ele>351.75</ele></trkpt>
   <trkpt lat="44.881663" lon="4.514956"><ele>350.75</ele></trkpt>
   <trkpt lat="44.881778" lon="4.515036"><ele>348.25</ele></trkpt>
   <trkpt lat="44.88188" lon="4.51508"><ele>347.25</ele></trkpt>
   <trkpt lat="44.882065" lon="4.515119"><ele>345.75</ele></trkpt>
   <trkpt lat="44.882202" lon="4.515124"><ele>345</ele></trkpt>
   <trkpt lat="44.88233" lon="4.515088"><ele>345.75</ele></trkpt>
   <trkpt lat="44.883404" lon="4.514621"><ele>347.5</ele></trkpt>
   <trkpt lat="44.883663" lon="4.514508"><ele>347</ele></trkpt>
   <trkpt lat="44.883834" lon="4.51449"><ele>346.75</ele></trkpt>
   <trkpt lat="44.88397" lon="4.514498"><ele>346.75</ele></trkpt>
   <trkpt lat="44.884106" lon="4.514548"><ele>346.25</ele></trkpt>
   <trkpt lat="44.884271" lon="4.514643"><ele>346</ele></trkpt>
   <trkpt lat="44.884404" lon="4.514746"><ele>345.5</ele></trkpt>
   <trkpt lat="44.88451" lon="4.514852"><ele>345.25</ele></trkpt>
   <trkpt lat="44.8846" lon="4.514972"><ele>345</ele></trkpt>
   <trkpt lat="44.884696" lon="4.515142"><ele>345.5</ele></trkpt>
   <trkpt lat="44.884776" lon="4.515341"><ele>346.25</ele></trkpt>
   <trkpt lat="44.884842" lon="4.515548"><ele>346.75</ele></trkpt>
   <trkpt lat="44.884881" lon="4.515771"><ele>346.25</ele></trkpt>
   <trkpt lat="44.884891" lon="4.515983"><ele>345</ele></trkpt>
   <trkpt lat="44.88488" lon="4.516246"><ele>343.75</ele></trkpt>
   <trkpt lat="44.884827" lon="4.516612"><ele>344</ele></trkpt>
   <trkpt lat="44.884763" lon="4.516987"><ele>345.75</ele></trkpt>
   <trkpt lat="44.884669" lon="4.51731"><ele>345.75</ele></trkpt>
   <trkpt lat="44.884505" lon="4.51764"><ele>341</ele></trkpt>
   <trkpt lat="44.884439" lon="4.517721"><ele>338.75</ele></trkpt>
   <trkpt lat="44.884308" lon="4.517859"><ele>340.75</ele></trkpt>
   <trkpt lat="44.883779" lon="4.518337"><ele>343</ele></trkpt>
   <trkpt lat="44.883535" lon="4.518637"><ele>344.75</ele></trkpt>
   <trkpt lat="44.883376" lon="4.518913"><ele>345.75</ele></trkpt>
   <trkpt lat="44.882272" lon="4.52096"><ele>338</ele></trkpt>
   <trkpt lat="44.88146" lon="4.522491"><ele>336.75</ele></trkpt>
   <trkpt lat="44.881393" lon="4.522674"><ele>336.75</ele></trkpt>
   <trkpt lat="44.881355" lon="4.52287"><ele>338.25</ele></trkpt>
   <trkpt lat="44.881336" lon="4.523143"><ele>339.75</ele></trkpt>
   <trkpt lat="44.881371" lon="4.523449"><ele>339.5</ele></trkpt>
   <trkpt lat="44.881414" lon="4.52363"><ele>339.25</ele></trkpt>
   <trkpt lat="44.881485" lon="4.52382"><ele>339.5</ele></trkpt>
   <trkpt lat="44.881583" lon="4.523953"><ele>339.5</ele></trkpt>
   <trkpt lat="44.881675" lon="4.524081"><ele>338.5</ele></trkpt>
   <trkpt lat="44.88181" lon="4.524206"><ele>336.25</ele></trkpt>
   <trkpt lat="44.88199" lon="4.524331"><ele>334</ele></trkpt>
   <trkpt lat="44.882529" lon="4.524542"><ele>334.5</ele></trkpt>
   <trkpt lat="44.8828" lon="4.524675"><ele>333.75</ele></trkpt>
   <trkpt lat="44.882967" lon="4.524791"><ele>336</ele></trkpt>
   <trkpt lat="44.88312" lon="4.524958"><ele>335.75</ele></trkpt>
   <trkpt lat="44.883308" lon="4.52524"><ele>334.25</ele></trkpt>
   <trkpt lat="44.883418" lon="4.525496"><ele>333</ele></trkpt>
   <trkpt lat="44.883513" lon="4.52583"><ele>334.25</ele></trkpt>
   <trkpt lat="44.883563" lon="4.526161"><ele>337</ele></trkpt>
   <trkpt lat="44.883555" lon="4.526573"><ele>337</ele></trkpt>
   <trkpt lat="44.883507" lon="4.52693"><ele>336</ele></trkpt>
   <trkpt lat="44.88343" lon="4.527224"><ele>333.25</ele></trkpt>
   <trkpt lat="44.882574" lon="4.529431"><ele>331.75</ele></trkpt>
   <trkpt lat="44.882043" lon="4.531408"><ele>330.25</ele></trkpt>
   <trkpt lat="44.881986" lon="4.531575"><ele>329.75</ele></trkpt>
   <trkpt lat="44.881918" lon="4.531707"><ele>327.25</ele></trkpt>
   <trkpt lat="44.881871" lon="4.531786"><ele>327.75</ele></trkpt>
   <trkpt lat="44.881729" lon="4.531938"><ele>329</ele></trkpt>
   <trkpt lat="44.881571" lon="4.532084"><ele>330.5</ele></trkpt>
   <trkpt lat="44.881398" lon="4.532179"><ele>330.5</ele></trkpt>
   <trkpt lat="44.881142" lon="4.532189"><ele>328</ele></trkpt>
   <trkpt lat="44.880937" lon="4.53213"><ele>327.75</ele></trkpt>
   <trkpt lat="44.880748" lon="4.532024"><ele>328.75</ele></trkpt>
   <trkpt lat="44.880279" lon="4.531463"><ele>324.75</ele></trkpt>
   <trkpt lat="44.880025" lon="4.531294"><ele>326.25</ele></trkpt>
   <trkpt lat="44.879815" lon="4.531246"><ele>331.25</ele></trkpt>
   <trkpt lat="44.879603" lon="4.531294"><ele>334.25</ele></trkpt>
   <trkpt lat="44.87942" lon="4.531372"><ele>331.25</ele></trkpt>
   <trkpt lat="44.879279" lon="4.531466"><ele>329.75</ele></trkpt>
   <trkpt lat="44.87913" lon="4.531608"><ele>324.75</ele></trkpt>
   <trkpt lat="44.879039" lon="4.531765"><ele>320.75</ele></trkpt>
   <trkpt lat="44.878953" lon="4.531978"><ele>317.25</ele></trkpt>
   <trkpt lat="44.878888" lon="4.532247"><ele>322</ele></trkpt>
   <trkpt lat="44.878468" lon="4.534651"><ele>319.25</ele></trkpt>
   <trkpt lat="44.878307" lon="4.535454"><ele>319.25</ele></trkpt>
   <trkpt lat="44.878199" lon="4.535806"><ele>319.25</ele></trkpt>
   <trkpt lat="44.877905" lon="4.536655"><ele>318.5</ele></trkpt>
   <trkpt lat="44.877795" lon="4.536884"><ele>317.5</ele></trkpt>
   <trkpt lat="44.877693" lon="4.537041"><ele>317.5</ele></trkpt>
   <trkpt lat="44.877208" lon="4.537617"><ele>314.25</ele></trkpt>
   <trkpt lat="44.876662" lon="4.538303"><ele>314.25</ele></trkpt>
   <trkpt lat="44.876069" lon="4.539079"><ele>316.25</ele></trkpt>
   <trkpt lat="44.875862" lon="4.539295"><ele>313.25</ele></trkpt>
   <trkpt lat="44.875643" lon="4.539446"><ele>312.75</ele></trkpt>
   <trkpt lat="44.875189" lon="4.5397"><ele>309.5</ele></trkpt>
   <trkpt lat="44.875037" lon="4.539818"><ele>311.5</ele></trkpt>
   <trkpt lat="44.874961" lon="4.539947"><ele>312.5</ele></trkpt>
   <trkpt lat="44.874893" lon="4.540032"><ele>312.75</ele></trkpt>
   <trkpt lat="44.874837" lon="4.540138"><ele>312.75</ele></trkpt>
   <trkpt lat="44.874784" lon="4.540251"><ele>312.75</ele></trkpt>
   <trkpt lat="44.874677" lon="4.540547"><ele>312.5</ele></trkpt>
   <trkpt lat="44.874605" lon="4.540888"><ele>313.5</ele></trkpt>
   <trkpt lat="44.87452" lon="4.541468"><ele>313.75</ele></trkpt>
   <trkpt lat="44.874485" lon="4.541994"><ele>313.25</ele></trkpt>
   <trkpt lat="44.874497" lon="4.542187"><ele>312.75</ele></trkpt>
   <trkpt lat="44.874701" lon="4.543231"><ele>312.5</ele></trkpt>
   <trkpt lat="44.874976" lon="4.544357"><ele>313</ele></trkpt>
   <trkpt lat="44.875155" lon="4.54514"><ele>309</ele></trkpt>
   <trkpt lat="44.875248" lon="4.545846"><ele>313</ele></trkpt>
   <trkpt lat="44.875271" lon="4.546213"><ele>311.5</ele></trkpt>
   <trkpt lat="44.875236" lon="4.546477"><ele>310</ele></trkpt>
   <trkpt lat="44.875176" lon="4.546706"><ele>310.75</ele></trkpt>
   <trkpt lat="44.875038" lon="4.54707"><ele>312.75</ele></trkpt>
   <trkpt lat="44.874857" lon="4.5476"><ele>309</ele></trkpt>
   <trkpt lat="44.874733" lon="4.547938"><ele>306</ele></trkpt>
   <trkpt lat="44.87466" lon="4.548108"><ele>307.25</ele></trkpt>
   <trkpt lat="44.87457" lon="4.548276"><ele>306.75</ele></trkpt>
   <trkpt lat="44.874102" lon="4.549073"><ele>308</ele></trkpt>
   <trkpt lat="44.874003" lon="4.549225"><ele>307</ele></trkpt>
   <trkpt lat="44.873837" lon="4.549399"><ele>304.75</ele></trkpt>
   <trkpt lat="44.873697" lon="4.549514"><ele>302.25</ele></trkpt>
   <trkpt lat="44.8735" lon="4.54962"><ele>301.75</ele></trkpt>
   <trkpt lat="44.872899" lon="4.549888"><ele>306.5</ele></trkpt>
   <trkpt lat="44.872632" lon="4.550084"><ele>305</ele></trkpt>
   <trkpt lat="44.872502" lon="4.550207"><ele>304.5</ele></trkpt>
   <trkpt lat="44.872382" lon="4.550344"><ele>302.25</ele></trkpt>
   <trkpt lat="44.872142" lon="4.550698"><ele>303.5</ele></trkpt>
   <trkpt lat="44.871915" lon="4.551181"><ele>304.5</ele></trkpt>
   <trkpt lat="44.871569" lon="4.551917"><ele>302.25</ele></trkpt>
   <trkpt lat="44.871351" lon="4.552344"><ele>303</ele></trkpt>
   <trkpt lat="44.871271" lon="4.552491"><ele>302.75</ele></trkpt>
   <trkpt lat="44.871128" lon="4.552694"><ele>302</ele></trkpt>
   <trkpt lat="44.871024" lon="4.552805"><ele>301.5</ele></trkpt>
   <trkpt lat="44.870883" lon="4.55291"><ele>300.75</ele></trkpt>
   <trkpt lat="44.870597" lon="4.553061"><ele>297.75</ele></trkpt>
   <trkpt lat="44.870266" lon="4.553203"><ele>296</ele></trkpt>
   <trkpt lat="44.870004" lon="4.553362"><ele>291</ele></trkpt>
   <trkpt lat="44.869815" lon="4.553501"><ele>295.5</ele></trkpt>
   <trkpt lat="44.869698" lon="4.553616"><ele>297.5</ele></trkpt>
   <trkpt lat="44.869597" lon="4.553736"><ele>296.25</ele></trkpt>
   <trkpt lat="44.869422" lon="4.553984"><ele>296.25</ele></trkpt>
   <trkpt lat="44.868848" lon="4.554837"><ele>299</ele></trkpt>
   <trkpt lat="44.868644" lon="4.555156"><ele>300.5</ele></trkpt>
   <trkpt lat="44.868538" lon="4.555274"><ele>300.75</ele></trkpt>
   <trkpt lat="44.86842" lon="4.555376"><ele>300.5</ele></trkpt>
   <trkpt lat="44.868219" lon="4.555516"><ele>298.75</ele></trkpt>
   <trkpt lat="44.868131" lon="4.55554"><ele>297.25</ele></trkpt>
   <trkpt lat="44.867933" lon="4.555558"><ele>296.5</ele></trkpt>
   <trkpt lat="44.867325" lon="4.555548"><ele>296.25</ele></trkpt>
   <trkpt lat="44.867174" lon="4.555525"><ele>296.5</ele></trkpt>
   <trkpt lat="44.867006" lon="4.555458"><ele>295.75</ele></trkpt>
   <trkpt lat="44.866817" lon="4.555328"><ele>296.25</ele></trkpt>
   <trkpt lat="44.866558" lon="4.555053"><ele>295.25</ele></trkpt>
   <trkpt lat="44.866125" lon="4.554487"><ele>292.5</ele></trkpt>
   <trkpt lat="44.865692" lon="4.553941"><ele>291.5</ele></trkpt>
   <trkpt lat="44.865299" lon="4.553474"><ele>288.75</ele></trkpt>
   <trkpt lat="44.86519" lon="4.553399"><ele>288.5</ele></trkpt>
   <trkpt lat="44.865094" lon="4.553337"><ele>289</ele></trkpt>
   <trkpt lat="44.865004" lon="4.553297"><ele>290.5</ele></trkpt>
   <trkpt lat="44.864869" lon="4.553254"><ele>290.75</ele></trkpt>
   <trkpt lat="44.864732" lon="4.553252"><ele>292.5</ele></trkpt>
   <trkpt lat="44.864563" lon="4.553284"><ele>291.5</ele></trkpt>
   <trkpt lat="44.864413" lon="4.553359"><ele>291.5</ele></trkpt>
   <trkpt lat="44.864242" lon="4.553477"><ele>291.5</ele></trkpt>
   <trkpt lat="44.864104" lon="4.55361"><ele>289.5</ele></trkpt>
   <trkpt lat="44.863967" lon="4.553796"><ele>290</ele></trkpt>
   <trkpt lat="44.86383" lon="4.55402"><ele>290</ele></trkpt>
   <trkpt lat="44.863766" lon="4.554162"><ele>291</ele></trkpt>
   <trkpt lat="44.863709" lon="4.554323"><ele>290</ele></trkpt>
   <trkpt lat="44.863654" lon="4.554547"><ele>289.25</ele></trkpt>
   <trkpt lat="44.86362" lon="4.554754"><ele>289</ele></trkpt>
   <trkpt lat="44.863596" lon="4.554943"><ele>287.25</ele></trkpt>
   <trkpt lat="44.863596" lon="4.555311"><ele>286.75</ele></trkpt>
   <trkpt lat="44.863626" lon="4.555656"><ele>288.25</ele></trkpt>
   <trkpt lat="44.863654" lon="4.555843"><ele>289.25</ele></trkpt>
   <trkpt lat="44.863706" lon="4.55606"><ele>292</ele></trkpt>
   <trkpt lat="44.864031" lon="4.557047"><ele>284.5</ele></trkpt>
   <trkpt lat="44.864139" lon="4.557589"><ele>286.75</ele></trkpt>
   <trkpt lat="44.86421" lon="4.558044"><ele>283.5</ele></trkpt>
   <trkpt lat="44.864223" lon="4.558211"><ele>283</ele></trkpt>
   <trkpt lat="44.864225" lon="4.558391"><ele>283.5</ele></trkpt>
   <trkpt lat="44.86421" lon="4.558589"><ele>285</ele></trkpt>
   <trkpt lat="44.864148" lon="4.559024"><ele>282</ele></trkpt>
   <trkpt lat="44.863947" lon="4.560311"><ele>276</ele></trkpt>
   <trkpt lat="44.863934" lon="4.560513"><ele>277.75</ele></trkpt>
   <trkpt lat="44.863934" lon="4.560724"><ele>277.75</ele></trkpt>
   <trkpt lat="44.863947" lon="4.560917"><ele>279.25</ele></trkpt>
   <trkpt lat="44.863993" lon="4.561371"><ele>283</ele></trkpt>
   <trkpt lat="44.864003" lon="4.561648"><ele>277.75</ele></trkpt>
   <trkpt lat="44.863991" lon="4.561931"><ele>276.75</ele></trkpt>
   <trkpt lat="44.863923" lon="4.562417"><ele>284.25</ele></trkpt>
   <trkpt lat="44.863866" lon="4.562925"><ele>282</ele></trkpt>
   <trkpt lat="44.863864" lon="4.56311"><ele>281.75</ele></trkpt>
   <trkpt lat="44.8639" lon="4.563457"><ele>281.5</ele></trkpt>
   <trkpt lat="44.864075" lon="4.564239"><ele>280.25</ele></trkpt>
   <trkpt lat="44.864111" lon="4.564426"><ele>280.5</ele></trkpt>
   <trkpt lat="44.864319" lon="4.565277"><ele>281.25</ele></trkpt>
   <trkpt lat="44.864363" lon="4.565502"><ele>276.5</ele></trkpt>
   <trkpt lat="44.864373" lon="4.565668"><ele>278</ele></trkpt>
   <trkpt lat="44.864362" lon="4.565861"><ele>282</ele></trkpt>
   <trkpt lat="44.864327" lon="4.566063"><ele>283.5</ele></trkpt>
   <trkpt lat="44.864124" lon="4.566781"><ele>281.25</ele></trkpt>
   <trkpt lat="44.864015" lon="4.567081"><ele>281.75</ele></trkpt>
   <trkpt lat="44.863873" lon="4.56732"><ele>281</ele></trkpt>
   <trkpt lat="44.863728" lon="4.567505"><ele>278</ele></trkpt>
   <trkpt lat="44.863571" lon="4.567634"><ele>277.75</ele></trkpt>
   <trkpt lat="44.863456" lon="4.567701"><ele>279.5</ele></trkpt>
   <trkpt lat="44.863329" lon="4.567748"><ele>279.5</ele></trkpt>
   <trkpt lat="44.863181" lon="4.567778"><ele>279.75</ele></trkpt>
   <trkpt lat="44.862991" lon="4.567776"><ele>279.5</ele></trkpt>
   <trkpt lat="44.862841" lon="4.567746"><ele>282</ele></trkpt>
   <trkpt lat="44.862698" lon="4.567687"><ele>280</ele></trkpt>
   <trkpt lat="44.862451" lon="4.567557"><ele>279.75</ele></trkpt>
   <trkpt lat="44.862249" lon="4.567416"><ele>281</ele></trkpt>
   <trkpt lat="44.861668" lon="4.566952"><ele>279.25</ele></trkpt>
   <trkpt lat="44.861215" lon="4.566571"><ele>277.25</ele></trkpt>
   <trkpt lat="44.859799" lon="4.56545"><ele>275.25</ele></trkpt>
   <trkpt lat="44.859628" lon="4.565254"><ele>276.25</ele></trkpt>
   <trkpt lat="44.85946" lon="4.565029"><ele>275.25</ele></trkpt>
   <trkpt lat="44.85904" lon="4.564279"><ele>273.75</ele></trkpt>
   <trkpt lat="44.858951" lon="4.564055"><ele>272.25</ele></trkpt>
   <trkpt lat="44.858876" lon="4.563793"><ele>269.5</ele></trkpt>
   <trkpt lat="44.858816" lon="4.563492"><ele>269.5</ele></trkpt>
   <trkpt lat="44.858789" lon="4.562558"><ele>264.75</ele></trkpt>
   <trkpt lat="44.858732" lon="4.562264"><ele>268.5</ele></trkpt>
   <trkpt lat="44.858687" lon="4.562089"><ele>269.25</ele></trkpt>
   <trkpt lat="44.858622" lon="4.561926"><ele>271.25</ele></trkpt>
   <trkpt lat="44.858506" lon="4.561746"><ele>275</ele></trkpt>
   <trkpt lat="44.858363" lon="4.561577"><ele>275.75</ele></trkpt>
   <trkpt lat="44.85827" lon="4.561507"><ele>276.25</ele></trkpt>
   <trkpt lat="44.858158" lon="4.561464"><ele>276.75</ele></trkpt>
   <trkpt lat="44.858048" lon="4.561434"><ele>277.25</ele></trkpt>
   <trkpt lat="44.85793" lon="4.561438"><ele>278</ele></trkpt>
   <trkpt lat="44.857759" lon="4.561486"><ele>278</ele></trkpt>
   <trkpt lat="44.857527" lon="4.561593"><ele>271</ele></trkpt>
   <trkpt lat="44.857439" lon="4.56165"><ele>267.25</ele></trkpt>
   <trkpt lat="44.857358" lon="4.561729"><ele>265.25</ele></trkpt>
   <trkpt lat="44.85727" lon="4.561837"><ele>265.5</ele></trkpt>
   <trkpt lat="44.857147" lon="4.562059"><ele>267.5</ele></trkpt>
   <trkpt lat="44.856941" lon="4.562492"><ele>267.25</ele></trkpt>
   <trkpt lat="44.85681" lon="4.562731"><ele>266.25</ele></trkpt>
   <trkpt lat="44.856743" lon="4.562827"><ele>267.5</ele></trkpt>
   <trkpt lat="44.856637" lon="4.562937"><ele>270.25</ele></trkpt>
   <trkpt lat="44.856553" lon="4.56301"><ele>270.25</ele></trkpt>
   <trkpt lat="44.856433" lon="4.563077"><ele>268.25</ele></trkpt>
   <trkpt lat="44.856258" lon="4.563138"><ele>266.25</ele></trkpt>
   <trkpt lat="44.856072" lon="4.563144"><ele>263.5</ele></trkpt>
   <trkpt lat="44.855842" lon="4.563095"><ele>265</ele></trkpt>
   <trkpt lat="44.855637" lon="4.562996"><ele>260.5</ele></trkpt>
   <trkpt lat="44.8551" lon="4.562594"><ele>263</ele></trkpt>
   <trkpt lat="44.854903" lon="4.562486"><ele>262</ele></trkpt>
   <trkpt lat="44.854235" lon="4.562241"><ele>261.75</ele></trkpt>
   <trkpt lat="44.854122" lon="4.562223"><ele>262.5</ele></trkpt>
   <trkpt lat="44.854009" lon="4.562226"><ele>262</ele></trkpt>
   <trkpt lat="44.853893" lon="4.562254"><ele>262.75</ele></trkpt>
   <trkpt lat="44.853738" lon="4.562316"><ele>265.25</ele></trkpt>
   <trkpt lat="44.853589" lon="4.562423"><ele>265.75</ele></trkpt>
   <trkpt lat="44.853511" lon="4.562497"><ele>266.5</ele></trkpt>
   <trkpt lat="44.85343" lon="4.562597"><ele>266.25</ele></trkpt>
   <trkpt lat="44.853326" lon="4.562819"><ele>262.75</ele></trkpt>
   <trkpt lat="44.853272" lon="4.562959"><ele>264.75</ele></trkpt>
   <trkpt lat="44.853239" lon="4.563094"><ele>265.75</ele></trkpt>
   <trkpt lat="44.853207" lon="4.56327"><ele>265.25</ele></trkpt>
   <trkpt lat="44.853182" lon="4.563766"><ele>262</ele></trkpt>
   <trkpt lat="44.853257" lon="4.56402"><ele>261.75</ele></trkpt>
   <trkpt lat="44.853311" lon="4.56411"><ele>262</ele></trkpt>
   <trkpt lat="44.853327" lon="4.564156"><ele>261.75</ele></trkpt>
   <trkpt lat="44.853314" lon="4.564241"><ele>261</ele></trkpt>
   <trkpt lat="44.853292" lon="4.564257"><ele>260.25</ele></trkpt>
   <trkpt lat="44.853258" lon="4.564274"><ele>259.25</ele></trkpt>
   <trkpt lat="44.853224" lon="4.564279"><ele>258.25</ele></trkpt>
   <trkpt lat="44.853138" lon="4.564277"><ele>255.75</ele></trkpt>
   <trkpt lat="44.853115" lon="4.56429"><ele>255</ele></trkpt>
   <trkpt lat="44.853091" lon="4.564344"><ele>255.25</ele></trkpt>
   <trkpt lat="44.85305" lon="4.564453"><ele>255.75</ele></trkpt>
   <trkpt lat="44.852966" lon="4.56462"><ele>256.5</ele></trkpt>
   <trkpt lat="44.852659" lon="4.565118"><ele>259</ele></trkpt>
   <trkpt lat="44.85259" lon="4.565254"><ele>259.75</ele></trkpt>
   <trkpt lat="44.85253" lon="4.565426"><ele>260.5</ele></trkpt>
   <trkpt lat="44.852483" lon="4.565594"><ele>261.25</ele></trkpt>
   <trkpt lat="44.852459" lon="4.565798"><ele>261.25</ele></trkpt>
   <trkpt lat="44.852459" lon="4.565899"><ele>261.25</ele></trkpt>
   <trkpt lat="44.852537" lon="4.566932"><ele>258</ele></trkpt>
   <trkpt lat="44.852529" lon="4.567181"><ele>256.5</ele></trkpt>
   <trkpt lat="44.852502" lon="4.56736"><ele>256.25</ele></trkpt>
   <trkpt lat="44.852458" lon="4.567569"><ele>256.25</ele></trkpt>
   <trkpt lat="44.852394" lon="4.567765"><ele>256.25</ele></trkpt>
   <trkpt lat="44.852324" lon="4.567952"><ele>255.75</ele></trkpt>
   <trkpt lat="44.852229" lon="4.568135"><ele>256</ele></trkpt>
   <trkpt lat="44.852106" lon="4.56832"><ele>257</ele></trkpt>
   <trkpt lat="44.851094" lon="4.569539"><ele>253</ele></trkpt>
   <trkpt lat="44.850999" lon="4.569631"><ele>253</ele></trkpt>
   <trkpt lat="44.850845" lon="4.569725"><ele>255.25</ele></trkpt>
   <trkpt lat="44.850634" lon="4.569804"><ele>255.75</ele></trkpt>
   <trkpt lat="44.850455" lon="4.569821"><ele>255</ele></trkpt>
   <trkpt lat="44.850378" lon="4.569815"><ele>254</ele></trkpt>
   <trkpt lat="44.85029" lon="4.5698"><ele>253</ele></trkpt>
   <trkpt lat="44.850097" lon="4.569719"><ele>252.5</ele></trkpt>
   <trkpt lat="44.849623" lon="4.569401"><ele>252.5</ele></trkpt>
   <trkpt lat="44.849529" lon="4.569342"><ele>252.25</ele></trkpt>
   <trkpt lat="44.849418" lon="4.569291"><ele>252.5</ele></trkpt>
   <trkpt lat="44.849289" lon="4.569256"><ele>252.5</ele></trkpt>
   <trkpt lat="44.849148" lon="4.569243"><ele>252.25</ele></trkpt>
   <trkpt lat="44.849032" lon="4.569246"><ele>252.75</ele></trkpt>
   <trkpt lat="44.848887" lon="4.569282"><ele>252.75</ele></trkpt>
   <trkpt lat="44.848582" lon="4.569439"><ele>251.75</ele></trkpt>
   <trkpt lat="44.848185" lon="4.569629"><ele>250.25</ele></trkpt>
   <trkpt lat="44.847117" lon="4.570161"><ele>251.25</ele></trkpt>
   <trkpt lat="44.846666" lon="4.570373"><ele>250</ele></trkpt>
   <trkpt lat="44.846538" lon="4.570418"><ele>249</ele></trkpt>
   <trkpt lat="44.846415" lon="4.570448"><ele>248.75</ele></trkpt>
   <trkpt lat="44.846228" lon="4.570474"><ele>249.25</ele></trkpt>
   <trkpt lat="44.845586" lon="4.570505"><ele>252</ele></trkpt>
   <trkpt lat="44.845478" lon="4.570538"><ele>251.25</ele></trkpt>
   <trkpt lat="44.845309" lon="4.570629"><ele>250.25</ele></trkpt>
   <trkpt lat="44.845194" lon="4.570727"><ele>249.5</ele></trkpt>
   <trkpt lat="44.845086" lon="4.57086"><ele>248.75</ele></trkpt>
   <trkpt lat="44.844887" lon="4.571169"><ele>247.25</ele></trkpt>
   <trkpt lat="44.844535" lon="4.571741"><ele>244.5</ele></trkpt>
   <trkpt lat="44.844416" lon="4.571922"><ele>244.75</ele></trkpt>
   <trkpt lat="44.844295" lon="4.572044"><ele>244.5</ele></trkpt>
   <trkpt lat="44.84422" lon="4.572109"><ele>244.75</ele></trkpt>
   <trkpt lat="44.844092" lon="4.57222"><ele>245.75</ele></trkpt>
   <trkpt lat="44.843711" lon="4.572489"><ele>244</ele></trkpt>
   <trkpt lat="44.843358" lon="4.572736"><ele>245</ele></trkpt>
   <trkpt lat="44.843181" lon="4.572853"><ele>244.25</ele></trkpt>
   <trkpt lat="44.842801" lon="4.573153"><ele>243.75</ele></trkpt>
   <trkpt lat="44.842644" lon="4.573313"><ele>244</ele></trkpt>
   <trkpt lat="44.842411" lon="4.573657"><ele>243.25</ele></trkpt>
   <trkpt lat="44.841939" lon="4.574392"><ele>242.75</ele></trkpt>
   <trkpt lat="44.841861" lon="4.574499"><ele>242.75</ele></trkpt>
   <trkpt lat="44.841739" lon="4.574642"><ele>243.25</ele></trkpt>
   <trkpt lat="44.841644" lon="4.57474"><ele>243.5</ele></trkpt>
   <trkpt lat="44.841392" lon="4.574944"><ele>242.25</ele></trkpt>
   <trkpt lat="44.840994" lon="4.575213"><ele>242.5</ele></trkpt>
   <trkpt lat="44.840847" lon="4.575279"><ele>242.25</ele></trkpt>
   <trkpt lat="44.840647" lon="4.575318"><ele>242</ele></trkpt>
   <trkpt lat="44.84058" lon="4.575323"><ele>241.75</ele></trkpt>
   <trkpt lat="44.840459" lon="4.575306"><ele>241.25</ele></trkpt>
   <trkpt lat="44.840298" lon="4.575264"><ele>240</ele></trkpt>
   <trkpt lat="44.840189" lon="4.575207"><ele>240.5</ele></trkpt>
   <trkpt lat="44.840142" lon="4.575182"><ele>240.75</ele></trkpt>
   <trkpt lat="44.8401" lon="4.575158"><ele>241</ele></trkpt>
   <trkpt lat="44.839903" lon="4.575036"><ele>241.5</ele></trkpt>
   <trkpt lat="44.839528" lon="4.574821"><ele>238.75</ele></trkpt>
   <trkpt lat="44.839261" lon="4.574694"><ele>239</ele></trkpt>
   <trkpt lat="44.839191" lon="4.574668"><ele>239.5</ele></trkpt>
   <trkpt lat="44.839009" lon="4.574656"><ele>240</ele></trkpt>
   <trkpt lat="44.838801" lon="4.574709"><ele>242</ele></trkpt>
   <trkpt lat="44.838695" lon="4.574757"><ele>241.75</ele></trkpt>
   <trkpt lat="44.838504" lon="4.574935"><ele>245.75</ele></trkpt>
   <trkpt lat="44.838363" lon="4.575107"><ele>247.25</ele></trkpt>
   <trkpt lat="44.838253" lon="4.575278"><ele>248</ele></trkpt>
   <trkpt lat="44.838175" lon="4.575527"><ele>250</ele></trkpt>
   <trkpt lat="44.83813" lon="4.575796"><ele>244.5</ele></trkpt>
   <trkpt lat="44.838131" lon="4.576028"><ele>240.5</ele></trkpt>
   <trkpt lat="44.838165" lon="4.576271"><ele>237.75</ele></trkpt>
   <trkpt lat="44.838187" lon="4.576361"><ele>237.5</ele></trkpt>
   <trkpt lat="44.838277" lon="4.576738"><ele>238</ele></trkpt>
   <trkpt lat="44.838333" lon="4.577015"><ele>238.5</ele></trkpt>
   <trkpt lat="44.838362" lon="4.577237"><ele>239.5</ele></trkpt>
   <trkpt lat="44.838365" lon="4.577505"><ele>240</ele></trkpt>
   <trkpt lat="44.838332" lon="4.577749"><ele>237.75</ele></trkpt>
   <trkpt lat="44.838255" lon="4.578047"><ele>236.75</ele></trkpt>
   <trkpt lat="44.838207" lon="4.57817"><ele>236.5</ele></trkpt>
   <trkpt lat="44.837834" lon="4.57895"><ele>236.75</ele></trkpt>
   <trkpt lat="44.837717" lon="4.579145"><ele>237.25</ele></trkpt>
   <trkpt lat="44.837594" lon="4.579262"><ele>234</ele></trkpt>
   <trkpt lat="44.837474" lon="4.579343"><ele>231</ele></trkpt>
   <trkpt lat="44.837379" lon="4.579396"><ele>234</ele></trkpt>
   <trkpt lat="44.837262" lon="4.579436"><ele>237</ele></trkpt>
   <trkpt lat="44.837052" lon="4.579462"><ele>237.25</ele></trkpt>
   <trkpt lat="44.836993" lon="4.579456"><ele>236.25</ele></trkpt>
   <trkpt lat="44.836923" lon="4.579428"><ele>234.75</ele></trkpt>
   <trkpt lat="44.835944" lon="4.578926"><ele>238.5</ele></trkpt>
   <trkpt lat="44.835046" lon="4.578389"><ele>233</ele></trkpt>
   <trkpt lat="44.834147" lon="4.577906"><ele>228</ele></trkpt>
   <trkpt lat="44.833674" lon="4.577563"><ele>230</ele></trkpt>
   <trkpt lat="44.833444" lon="4.577356"><ele>228.25</ele></trkpt>
   <trkpt lat="44.833181" lon="4.577191"><ele>227.25</ele></trkpt>
   <trkpt lat="44.832812" lon="4.577037"><ele>227</ele></trkpt>
   <trkpt lat="44.832293" lon="4.576849"><ele>223.5</ele></trkpt>
   <trkpt lat="44.831633" lon="4.576597"><ele>222.5</ele></trkpt>
   <trkpt lat="44.831387" lon="4.576567"><ele>223.75</ele></trkpt>
   <trkpt lat="44.830909" lon="4.576614"><ele>224.5</ele></trkpt>
   <trkpt lat="44.830671" lon="4.576668"><ele>224</ele></trkpt>
   <trkpt lat="44.830439" lon="4.576747"><ele>223.5</ele></trkpt>
   <trkpt lat="44.829363" lon="4.577102"><ele>223</ele></trkpt>
   <trkpt lat="44.828781" lon="4.577233"><ele>219.5</ele></trkpt>
   <trkpt lat="44.828496" lon="4.57734"><ele>219.25</ele></trkpt>
   <trkpt lat="44.828301" lon="4.577448"><ele>218.75</ele></trkpt>
   <trkpt lat="44.826976" lon="4.578085"><ele>217</ele></trkpt>
   <trkpt lat="44.826906" lon="4.57812"><ele>217.25</ele></trkpt>
   <trkpt lat="44.826765" lon="4.578153"><ele>217.25</ele></trkpt>
   <trkpt lat="44.826031" lon="4.578201"><ele>217</ele></trkpt>
   <trkpt lat="44.825777" lon="4.578255"><ele>216.25</ele></trkpt>
   <trkpt lat="44.825524" lon="4.578367"><ele>215.75</ele></trkpt>
   <trkpt lat="44.825233" lon="4.578517"><ele>215.25</ele></trkpt>
   <trkpt lat="44.825075" lon="4.578617"><ele>213.25</ele></trkpt>
   <trkpt lat="44.824945" lon="4.578734"><ele>214.25</ele></trkpt>
   <trkpt lat="44.824722" lon="4.579007"><ele>213.5</ele></trkpt>
   <trkpt lat="44.824538" lon="4.579259"><ele>216.25</ele></trkpt>
   <trkpt lat="44.824373" lon="4.579508"><ele>215.75</ele></trkpt>
   <trkpt lat="44.823733" lon="4.580228"><ele>214</ele></trkpt>
   <trkpt lat="44.823563" lon="4.580474"><ele>213</ele></trkpt>
   <trkpt lat="44.82343" lon="4.580701"><ele>211.5</ele></trkpt>
   <trkpt lat="44.823338" lon="4.580946"><ele>211.75</ele></trkpt>
   <trkpt lat="44.823249" lon="4.581362"><ele>212.25</ele></trkpt>
   <trkpt lat="44.823195" lon="4.58171"><ele>213</ele></trkpt>
   <trkpt lat="44.823193" lon="4.58194"><ele>211.5</ele></trkpt>
   <trkpt lat="44.823203" lon="4.582103"><ele>211.5</ele></trkpt>
   <trkpt lat="44.823225" lon="4.5822"><ele>212</ele></trkpt>
   <trkpt lat="44.823282" lon="4.582248"><ele>212.75</ele></trkpt>
   <trkpt lat="44.823308" lon="4.582687"><ele>210.75</ele></trkpt>
   <trkpt lat="44.823355" lon="4.583287"><ele>211.5</ele></trkpt>
   <trkpt lat="44.823377" lon="4.5834"><ele>212.25</ele></trkpt>
   <trkpt lat="44.823408" lon="4.583507"><ele>213.5</ele></trkpt>
   <trkpt lat="44.823452" lon="4.583618"><ele>215.25</ele></trkpt>
   <trkpt lat="44.823474" lon="4.583699"><ele>216</ele></trkpt>
   <trkpt lat="44.823481" lon="4.583834"><ele>216.25</ele></trkpt>
   <trkpt lat="44.823463" lon="4.584202"><ele>214.75</ele></trkpt>
   <trkpt lat="44.823321" lon="4.58491"><ele>213</ele></trkpt>
   <trkpt lat="44.823133" lon="4.585397"><ele>213.5</ele></trkpt>
   <trkpt lat="44.822899" lon="4.58599"><ele>211.5</ele></trkpt>
   <trkpt lat="44.822739" lon="4.586306"><ele>209.75</ele></trkpt>
   <trkpt lat="44.822014" lon="4.587285"><ele>209.25</ele></trkpt>
   <trkpt lat="44.82187" lon="4.587459"><ele>207.5</ele></trkpt>
   <trkpt lat="44.821494" lon="4.587914"><ele>210.5</ele></trkpt>
   <trkpt lat="44.821345" lon="4.588117"><ele>211.5</ele></trkpt>
   <trkpt lat="44.821197" lon="4.588434"><ele>210.75</ele></trkpt>
   <trkpt lat="44.820702" lon="4.590131"><ele>212</ele></trkpt>
   <trkpt lat="44.820612" lon="4.590561"><ele>210.5</ele></trkpt>
   <trkpt lat="44.820416" lon="4.591682"><ele>211.5</ele></trkpt>
   <trkpt lat="44.820223" lon="4.592408"><ele>209.25</ele></trkpt>
   <trkpt lat="44.819927" lon="4.593353"><ele>208.75</ele></trkpt>
   <trkpt lat="44.819611" lon="4.594321"><ele>208.5</ele></trkpt>
   <trkpt lat="44.819537" lon="4.594683"><ele>210</ele></trkpt>
   <trkpt lat="44.819485" lon="4.594997"><ele>210</ele></trkpt>
   <trkpt lat="44.819454" lon="4.595305"><ele>210.75</ele></trkpt>
   <trkpt lat="44.819377" lon="4.595694"><ele>210</ele></trkpt>
   <trkpt lat="44.819285" lon="4.595961"><ele>209.75</ele></trkpt>
   <trkpt lat="44.819106" lon="4.596379"><ele>208.5</ele></trkpt>
   <trkpt lat="44.818866" lon="4.596915"><ele>209.25</ele></trkpt>
   <trkpt lat="44.818738" lon="4.597258"><ele>212</ele></trkpt>
   <trkpt lat="44.818696" lon="4.597536"><ele>213</ele></trkpt>
   <trkpt lat="44.818684" lon="4.597781"><ele>212</ele></trkpt>
   <trkpt lat="44.818681" lon="4.597893"><ele>211</ele></trkpt>
   <trkpt lat="44.818725" lon="4.598229"><ele>210</ele></trkpt>
   <trkpt lat="44.818772" lon="4.598429"><ele>209.75</ele></trkpt>
   <trkpt lat="44.818887" lon="4.598756"><ele>209.75</ele></trkpt>
   <trkpt lat="44.819001" lon="4.599148"><ele>212.25</ele></trkpt>
   <trkpt lat="44.819043" lon="4.599404"><ele>211.25</ele></trkpt>
   <trkpt lat="44.819104" lon="4.600138"><ele>209.75</ele></trkpt>
   <trkpt lat="44.819176" lon="4.600643"><ele>209</ele></trkpt>
   <trkpt lat="44.819243" lon="4.600904"><ele>209.5</ele></trkpt>
   <trkpt lat="44.819268" lon="4.600975"><ele>209.25</ele></trkpt>
   <trkpt lat="44.819299" lon="4.601061"><ele>209.25</ele></trkpt>
   <trkpt lat="44.819582" lon="4.601654"><ele>208.5</ele></trkpt>
   <trkpt lat="44.819819" lon="4.602148"><ele>212.5</ele></trkpt>
   <trkpt lat="44.81999" lon="4.602543"><ele>209.25</ele></trkpt>
   <trkpt lat="44.820159" lon="4.602987"><ele>210</ele></trkpt>
   <trkpt lat="44.820461" lon="4.603782"><ele>206.75</ele></trkpt>
   <trkpt lat="44.820584" lon="4.604072"><ele>207</ele></trkpt>
   <trkpt lat="44.820685" lon="4.604252"><ele>207.75</ele></trkpt>
   <trkpt lat="44.820826" lon="4.604484"><ele>207.75</ele></trkpt>
   <trkpt lat="44.821113" lon="4.604877"><ele>206.5</ele></trkpt>
   <trkpt lat="44.821578" lon="4.605574"><ele>202.25</ele></trkpt>
   <trkpt lat="44.821678" lon="4.605702"><ele>204.25</ele></trkpt>
   <trkpt lat="44.82178" lon="4.605805"><ele>205.75</ele></trkpt>
   <trkpt lat="44.821904" lon="4.60588"><ele>208.25</ele></trkpt>
   <trkpt lat="44.82211" lon="4.606034"><ele>208</ele></trkpt>
   <trkpt lat="44.822286" lon="4.606159"><ele>207.75</ele></trkpt>
   <trkpt lat="44.822474" lon="4.606324"><ele>207.75</ele></trkpt>
   <trkpt lat="44.822585" lon="4.60647"><ele>207.75</ele></trkpt>
   <trkpt lat="44.822711" lon="4.606733"><ele>207</ele></trkpt>
   <trkpt lat="44.822761" lon="4.606856"><ele>205.75</ele></trkpt>
   <trkpt lat="44.822793" lon="4.607004"><ele>204.5</ele></trkpt>
   <trkpt lat="44.822818" lon="4.607173"><ele>205</ele></trkpt>
   <trkpt lat="44.822841" lon="4.60745"><ele>203</ele></trkpt>
   <trkpt lat="44.822886" lon="4.608608"><ele>204</ele></trkpt>
   <trkpt lat="44.822898" lon="4.609096"><ele>207.75</ele></trkpt>
   <trkpt lat="44.822879" lon="4.60941"><ele>204.75</ele></trkpt>
   <trkpt lat="44.822844" lon="4.609625"><ele>203</ele></trkpt>
   <trkpt lat="44.822807" lon="4.609809"><ele>202.25</ele></trkpt>
   <trkpt lat="44.822665" lon="4.610538"><ele>199.5</ele></trkpt>
   <trkpt lat="44.822431" lon="4.611828"><ele>200</ele></trkpt>
   <trkpt lat="44.822368" lon="4.612336"><ele>201.25</ele></trkpt>
   <trkpt lat="44.822353" lon="4.612664"><ele>202.5</ele></trkpt>
   <trkpt lat="44.822314" lon="4.613091"><ele>201.25</ele></trkpt>
   <trkpt lat="44.822241" lon="4.613386"><ele>199.25</ele></trkpt>
   <trkpt lat="44.822194" lon="4.613521"><ele>199</ele></trkpt>
   <trkpt lat="44.82206" lon="4.613829"><ele>198.75</ele></trkpt>
   <trkpt lat="44.821931" lon="4.614069"><ele>198.5</ele></trkpt>
   <trkpt lat="44.821824" lon="4.614306"><ele>198.5</ele></trkpt>
   <trkpt lat="44.821764" lon="4.614487"><ele>198.5</ele></trkpt>
   <trkpt lat="44.821727" lon="4.614641"><ele>198.5</ele></trkpt>
   <trkpt lat="44.821701" lon="4.614794"><ele>198.75</ele></trkpt>
   <trkpt lat="44.821682" lon="4.614983"><ele>198.5</ele></trkpt>
   <trkpt lat="44.82168" lon="4.615185"><ele>198.5</ele></trkpt>
   <trkpt lat="44.821718" lon="4.615797"><ele>198.5</ele></trkpt>
   <trkpt lat="44.821735" lon="4.616168"><ele>198</ele></trkpt>
   <trkpt lat="44.82174" lon="4.616397"><ele>198.75</ele></trkpt>
   <trkpt lat="44.821721" lon="4.616634"><ele>197.25</ele></trkpt>
   <trkpt lat="44.821678" lon="4.6169"><ele>198.75</ele></trkpt>
   <trkpt lat="44.821642" lon="4.617054"><ele>198</ele></trkpt>
   <trkpt lat="44.821557" lon="4.617347"><ele>197</ele></trkpt>
   <trkpt lat="44.821405" lon="4.617706"><ele>197.75</ele></trkpt>
   <trkpt lat="44.821317" lon="4.617864"><ele>197.75</ele></trkpt>
   <trkpt lat="44.821198" lon="4.618049"><ele>196.75</ele></trkpt>
   <trkpt lat="44.821045" lon="4.618232"><ele>197</ele></trkpt>
   <trkpt lat="44.820896" lon="4.618393"><ele>198.25</ele></trkpt>
   <trkpt lat="44.820519" lon="4.618635"><ele>198</ele></trkpt>
   <trkpt lat="44.820127" lon="4.618789"><ele>191.75</ele></trkpt>
   <trkpt lat="44.819945" lon="4.618884"><ele>189.5</ele></trkpt>
   <trkpt lat="44.819832" lon="4.618954"><ele>190.25</ele></trkpt>
   <trkpt lat="44.819369" lon="4.619387"><ele>194.5</ele></trkpt>
   <trkpt lat="44.81925" lon="4.619469"><ele>195</ele></trkpt>
   <trkpt lat="44.819113" lon="4.619537"><ele>196.75</ele></trkpt>
   <trkpt lat="44.81894" lon="4.619585"><ele>200.25</ele></trkpt>
   <trkpt lat="44.818791" lon="4.619604"><ele>201.25</ele></trkpt>
   <trkpt lat="44.818337" lon="4.619537"><ele>198.25</ele></trkpt>
   <trkpt lat="44.818154" lon="4.619543"><ele>198</ele></trkpt>
   <trkpt lat="44.817916" lon="4.619563"><ele>196.25</ele></trkpt>
   <trkpt lat="44.817703" lon="4.619648"><ele>196.75</ele></trkpt>
   <trkpt lat="44.817453" lon="4.619814"><ele>198</ele></trkpt>
   <trkpt lat="44.817038" lon="4.62015"><ele>199.25</ele></trkpt>
   <trkpt lat="44.816695" lon="4.620378"><ele>200</ele></trkpt>
   <trkpt lat="44.816586" lon="4.620437"><ele>199.25</ele></trkpt>
   <trkpt lat="44.816378" lon="4.620507"><ele>196.75</ele></trkpt>
   <trkpt lat="44.816255" lon="4.620529"><ele>198.25</ele></trkpt>
   <trkpt lat="44.816116" lon="4.620529"><ele>199.25</ele></trkpt>
   <trkpt lat="44.815928" lon="4.620513"><ele>200.25</ele></trkpt>
   <trkpt lat="44.81565" lon="4.620407"><ele>201.75</ele></trkpt>
   <trkpt lat="44.815109" lon="4.61993"><ele>197</ele></trkpt>
   <trkpt lat="44.814745" lon="4.619732"><ele>199.75</ele></trkpt>
   <trkpt lat="44.814332" lon="4.619603"><ele>201</ele></trkpt>
   <trkpt lat="44.813751" lon="4.619291"><ele>203</ele></trkpt>
   <trkpt lat="44.813452" lon="4.618824"><ele>193.25</ele></trkpt>
   <trkpt lat="44.813144" lon="4.618378"><ele>198</ele></trkpt>
   <trkpt lat="44.813024" lon="4.618226"><ele>201.25</ele></trkpt>
   <trkpt lat="44.812893" lon="4.618088"><ele>200.25</ele></trkpt>
   <trkpt lat="44.812683" lon="4.617911"><ele>198</ele></trkpt>
   <trkpt lat="44.812341" lon="4.617716"><ele>198</ele></trkpt>
   <trkpt lat="44.812067" lon="4.617694"><ele>200.75</ele></trkpt>
   <trkpt lat="44.811209" lon="4.617392"><ele>199.5</ele></trkpt>
   <trkpt lat="44.810896" lon="4.617312"><ele>201.5</ele></trkpt>
   <trkpt lat="44.810539" lon="4.61711"><ele>199.25</ele></trkpt>
   <trkpt lat="44.809881" lon="4.616763"><ele>202.5</ele></trkpt>
   <trkpt lat="44.809681" lon="4.616685"><ele>201</ele></trkpt>
   <trkpt lat="44.809498" lon="4.61665"><ele>201</ele></trkpt>
   <trkpt lat="44.809214" lon="4.616659"><ele>203.25</ele></trkpt>
   <trkpt lat="44.808897" lon="4.61664"><ele>201.25</ele></trkpt>
   <trkpt lat="44.808515" lon="4.616591"><ele>201.75</ele></trkpt>
   <trkpt lat="44.808347" lon="4.616534"><ele>201.5</ele></trkpt>
   <trkpt lat="44.808221" lon="4.616477"><ele>202.25</ele></trkpt>
   <trkpt lat="44.807993" lon="4.616357"><ele>203.5</ele></trkpt>
   <trkpt lat="44.807405" lon="4.615817"><ele>203.75</ele></trkpt>
   <trkpt lat="44.807181" lon="4.615626"><ele>203.25</ele></trkpt>
   <trkpt lat="44.807057" lon="4.615492"><ele>203</ele></trkpt>
   <trkpt lat="44.806892" lon="4.615335"><ele>203.25</ele></trkpt>
   <trkpt lat="44.806738" lon="4.615212"><ele>202.5</ele></trkpt>
   <trkpt lat="44.806613" lon="4.615162"><ele>202.5</ele></trkpt>
   <trkpt lat="44.806489" lon="4.615139"><ele>203</ele></trkpt>
   <trkpt lat="44.806254" lon="4.615123"><ele>204.5</ele></trkpt>
   <trkpt lat="44.806042" lon="4.615173"><ele>205.5</ele></trkpt>
   <trkpt lat="44.805946" lon="4.615216"><ele>204.75</ele></trkpt>
   <trkpt lat="44.805665" lon="4.615463"><ele>205.25</ele></trkpt>
   <trkpt lat="44.805575" lon="4.615598"><ele>204.75</ele></trkpt>
   <trkpt lat="44.805471" lon="4.615814"><ele>207</ele></trkpt>
   <trkpt lat="44.805414" lon="4.616035"><ele>207.25</ele></trkpt>
   <trkpt lat="44.805399" lon="4.616091"><ele>207.25</ele></trkpt>
   <trkpt lat="44.805375" lon="4.616288"><ele>206.25</ele></trkpt>
   <trkpt lat="44.805361" lon="4.616493"><ele>205.25</ele></trkpt>
   <trkpt lat="44.805317" lon="4.61662"><ele>203.75</ele></trkpt>
   <trkpt lat="44.8053" lon="4.616688"><ele>203.25</ele></trkpt>
   <trkpt lat="44.805291" lon="4.616786"><ele>203</ele></trkpt>
   <trkpt lat="44.805295" lon="4.616916"><ele>203</ele></trkpt>
   <trkpt lat="44.805324" lon="4.61787"><ele>202</ele></trkpt>
   <trkpt lat="44.805335" lon="4.618061"><ele>202.25</ele></trkpt>
   <trkpt lat="44.805501" lon="4.618843"><ele>201.75</ele></trkpt>
   <trkpt lat="44.805569" lon="4.618922"><ele>202.75</ele></trkpt>
   <trkpt lat="44.805502" lon="4.619251"><ele>201.5</ele></trkpt>
   <trkpt lat="44.805456" lon="4.619452"><ele>202.75</ele></trkpt>
   <trkpt lat="44.805376" lon="4.619737"><ele>203.75</ele></trkpt>
   <trkpt lat="44.805181" lon="4.620284"><ele>203.25</ele></trkpt>
   <trkpt lat="44.80515" lon="4.62034"><ele>203.25</ele></trkpt>
   <trkpt lat="44.805054" lon="4.620511"><ele>203</ele></trkpt>
   <trkpt lat="44.80503" lon="4.620554"><ele>203</ele></trkpt>
   <trkpt lat="44.804981" lon="4.62064"><ele>203.25</ele></trkpt>
   <trkpt lat="44.804751" lon="4.620983"><ele>202</ele></trkpt>
   <trkpt lat="44.804687" lon="4.621077"><ele>201.25</ele></trkpt>
   <trkpt lat="44.804399" lon="4.621586"><ele>198</ele></trkpt>
   <trkpt lat="44.804345" lon="4.621671"><ele>197</ele></trkpt>
   <trkpt lat="44.804318" lon="4.621711"><ele>196</ele></trkpt>
   <trkpt lat="44.80443" lon="4.621883"><ele>196.5</ele></trkpt>
   <trkpt lat="44.804458" lon="4.621946"><ele>197</ele></trkpt>
   <trkpt lat="44.804828" lon="4.622765"><ele>200</ele></trkpt>
   <trkpt lat="44.804915" lon="4.622943"><ele>200.25</ele></trkpt>
   <trkpt lat="44.804994" lon="4.623039"><ele>200</ele></trkpt>
   <trkpt lat="44.805191" lon="4.623233"><ele>200</ele></trkpt>
   <trkpt lat="44.805587" lon="4.623594"><ele>200.25</ele></trkpt>
   <trkpt lat="44.80558" lon="4.623629"><ele>199.75</ele></trkpt>
   <trkpt lat="44.805506" lon="4.62379"><ele>197.5</ele></trkpt>
   <trkpt lat="44.805591" lon="4.623926"><ele>196.5</ele></trkpt>
   <trkpt lat="44.80585" lon="4.624302"><ele>198</ele></trkpt>
   <trkpt lat="44.805888" lon="4.62436"><ele>198</ele></trkpt>
   <trkpt lat="44.806164" lon="4.624757"><ele>197</ele></trkpt>
   <trkpt lat="44.806505" lon="4.625235"><ele>195.75</ele></trkpt>
   <trkpt lat="44.806785" lon="4.625632"><ele>196.25</ele></trkpt>
   <trkpt lat="44.807021" lon="4.626017"><ele>194.5</ele></trkpt>
   <trkpt lat="44.807085" lon="4.626157"><ele>193.5</ele></trkpt>
   <trkpt lat="44.807137" lon="4.626309"><ele>193.5</ele></trkpt>
   <trkpt lat="44.807169" lon="4.626505"><ele>193.5</ele></trkpt>
   <trkpt lat="44.807197" lon="4.626756"><ele>194.5</ele></trkpt>
   <trkpt lat="44.807185" lon="4.626962"><ele>194.75</ele></trkpt>
   <trkpt lat="44.807131" lon="4.627262"><ele>195</ele></trkpt>
   <trkpt lat="44.806824" lon="4.628422"><ele>191.25</ele></trkpt>
   <trkpt lat="44.806789" lon="4.628554"><ele>191</ele></trkpt>
   <trkpt lat="44.806762" lon="4.628699"><ele>191.25</ele></trkpt>
   <trkpt lat="44.806753" lon="4.628841"><ele>191.75</ele></trkpt>
   <trkpt lat="44.806753" lon="4.628986"><ele>193</ele></trkpt>
   <trkpt lat="44.806778" lon="4.629242"><ele>195.25</ele></trkpt>
   <trkpt lat="44.806806" lon="4.629403"><ele>195.5</ele></trkpt>
   <trkpt lat="44.806844" lon="4.629519"><ele>194.75</ele></trkpt>
   <trkpt lat="44.806974" lon="4.629774"><ele>192.5</ele></trkpt>
   <trkpt lat="44.807052" lon="4.629893"><ele>193.25</ele></trkpt>
   <trkpt lat="44.807181" lon="4.630012"><ele>192.5</ele></trkpt>
   <trkpt lat="44.807381" lon="4.630126"><ele>191.75</ele></trkpt>
   <trkpt lat="44.807596" lon="4.630181"><ele>191.75</ele></trkpt>
   <trkpt lat="44.807902" lon="4.630238"><ele>189.75</ele></trkpt>
   <trkpt lat="44.808115" lon="4.630311"><ele>187.75</ele></trkpt>
   <trkpt lat="44.808178" lon="4.630345"><ele>187.25</ele></trkpt>
   <trkpt lat="44.808262" lon="4.630393"><ele>187.5</ele></trkpt>
   <trkpt lat="44.808371" lon="4.630473"><ele>189.5</ele></trkpt>
   <trkpt lat="44.808442" lon="4.630541"><ele>191.25</ele></trkpt>
   <trkpt lat="44.808497" lon="4.630617"><ele>191.5</ele></trkpt>
   <trkpt lat="44.808705" lon="4.631003"><ele>189.5</ele></trkpt>
   <trkpt lat="44.809012" lon="4.631622"><ele>187.5</ele></trkpt>
   <trkpt lat="44.809135" lon="4.631844"><ele>186.5</ele></trkpt>
   <trkpt lat="44.809201" lon="4.63195"><ele>186.5</ele></trkpt>
   <trkpt lat="44.809295" lon="4.632069"><ele>186</ele></trkpt>
   <trkpt lat="44.809366" lon="4.632166"><ele>185.5</ele></trkpt>
   <trkpt lat="44.809788" lon="4.632601"><ele>181.75</ele></trkpt>
   <trkpt lat="44.809915" lon="4.632756"><ele>184.5</ele></trkpt>
   <trkpt lat="44.809985" lon="4.632863"><ele>186</ele></trkpt>
   <trkpt lat="44.81011" lon="4.633116"><ele>188.5</ele></trkpt>
   <trkpt lat="44.810163" lon="4.633275"><ele>188.75</ele></trkpt>
   <trkpt lat="44.810356" lon="4.634087"><ele>179</ele></trkpt>
   <trkpt lat="44.810418" lon="4.634299"><ele>177.75</ele></trkpt>
   <trkpt lat="44.810488" lon="4.634506"><ele>179.75</ele></trkpt>
   <trkpt lat="44.810597" lon="4.634724"><ele>182.25</ele></trkpt>
   <trkpt lat="44.810778" lon="4.635042"><ele>180.5</ele></trkpt>
   <trkpt lat="44.810862" lon="4.635203"><ele>180</ele></trkpt>
   <trkpt lat="44.811014" lon="4.635576"><ele>179.5</ele></trkpt>
   <trkpt lat="44.811525" lon="4.637133"><ele>179</ele></trkpt>
   <trkpt lat="44.81156" lon="4.637312"><ele>177.75</ele></trkpt>
   <trkpt lat="44.811586" lon="4.63757"><ele>175.5</ele></trkpt>
   <trkpt lat="44.811583" lon="4.637763"><ele>173.75</ele></trkpt>
   <trkpt lat="44.811549" lon="4.638367"><ele>176</ele></trkpt>
   <trkpt lat="44.811547" lon="4.638657"><ele>176.5</ele></trkpt>
   <trkpt lat="44.811568" lon="4.6388"><ele>179.25</ele></trkpt>
   <trkpt lat="44.811604" lon="4.638931"><ele>181</ele></trkpt>
   <trkpt lat="44.811642" lon="4.639051"><ele>180</ele></trkpt>
   <trkpt lat="44.811692" lon="4.63917"><ele>178.5</ele></trkpt>
   <trkpt lat="44.811748" lon="4.639274"><ele>179</ele></trkpt>
   <trkpt lat="44.811878" lon="4.639449"><ele>177.5</ele></trkpt>
   <trkpt lat="44.81195" lon="4.639512"><ele>176.5</ele></trkpt>
   <trkpt lat="44.812035" lon="4.63957"><ele>175.75</ele></trkpt>
   <trkpt lat="44.81221" lon="4.639662"><ele>175</ele></trkpt>
   <trkpt lat="44.812626" lon="4.6398"><ele>173.5</ele></trkpt>
   <trkpt lat="44.81287" lon="4.639881"><ele>174</ele></trkpt>
   <trkpt lat="44.813099" lon="4.640051"><ele>173.5</ele></trkpt>
   <trkpt lat="44.813181" lon="4.640137"><ele>172.75</ele></trkpt>
   <trkpt lat="44.813256" lon="4.640247"><ele>172</ele></trkpt>
   <trkpt lat="44.813542" lon="4.640963"><ele>171.5</ele></trkpt>
   <trkpt lat="44.813622" lon="4.64116"><ele>171.25</ele></trkpt>
   <trkpt lat="44.813706" lon="4.641322"><ele>171.25</ele></trkpt>
   <trkpt lat="44.813819" lon="4.641476"><ele>171.25</ele></trkpt>
   <trkpt lat="44.813924" lon="4.641588"><ele>171</ele></trkpt>
   <trkpt lat="44.814031" lon="4.641678"><ele>171</ele></trkpt>
   <trkpt lat="44.814151" lon="4.641743"><ele>170.75</ele></trkpt>
   <trkpt lat="44.815336" lon="4.6419"><ele>171</ele></trkpt>
   <trkpt lat="44.815483" lon="4.64193"><ele>171</ele></trkpt>
   <trkpt lat="44.815617" lon="4.642008"><ele>170.75</ele></trkpt>
   <trkpt lat="44.815959" lon="4.642284"><ele>169.75</ele></trkpt>
   <trkpt lat="44.816063" lon="4.642434"><ele>170.25</ele></trkpt>
   <trkpt lat="44.816334" lon="4.642749"><ele>170.5</ele></trkpt>
   <trkpt lat="44.816762" lon="4.643307"><ele>173.25</ele></trkpt>
   <trkpt lat="44.817044" lon="4.643734"><ele>170.5</ele></trkpt>
   <trkpt lat="44.817154" lon="4.643996"><ele>170.25</ele></trkpt>
   <trkpt lat="44.817302" lon="4.644475"><ele>171.5</ele></trkpt>
   <trkpt lat="44.817339" lon="4.644698"><ele>172.25</ele></trkpt>
   <trkpt lat="44.817363" lon="4.64491"><ele>171.5</ele></trkpt>
   <trkpt lat="44.817366" lon="4.645123"><ele>171.25</ele></trkpt>
   <trkpt lat="44.817357" lon="4.645349"><ele>171</ele></trkpt>
   <trkpt lat="44.817284" lon="4.645865"><ele>170.75</ele></trkpt>
   <trkpt lat="44.817152" lon="4.64651"><ele>170.25</ele></trkpt>
   <trkpt lat="44.817146" lon="4.646742"><ele>169.75</ele></trkpt>
   <trkpt lat="44.817178" lon="4.647069"><ele>170.5</ele></trkpt>
   <trkpt lat="44.817386" lon="4.648126"><ele>172.25</ele></trkpt>
   <trkpt lat="44.817423" lon="4.648519"><ele>166.5</ele></trkpt>
   <trkpt lat="44.817581" lon="4.650136"><ele>165.5</ele></trkpt>
   <trkpt lat="44.817595" lon="4.650779"><ele>166</ele></trkpt>
   <trkpt lat="44.817591" lon="4.651197"><ele>164.75</ele></trkpt>
   <trkpt lat="44.817603" lon="4.651573"><ele>166</ele></trkpt>
   <trkpt lat="44.817757" lon="4.652436"><ele>160.25</ele></trkpt>
   <trkpt lat="44.81789" lon="4.65331"><ele>165</ele></trkpt>
   <trkpt lat="44.817884" lon="4.65352"><ele>163.5</ele></trkpt>
   <trkpt lat="44.817835" lon="4.654124"><ele>164.25</ele></trkpt>
   <trkpt lat="44.817848" lon="4.654448"><ele>164.25</ele></trkpt>
   <trkpt lat="44.817885" lon="4.654778"><ele>165.25</ele></trkpt>
   <trkpt lat="44.817996" lon="4.655314"><ele>162.5</ele></trkpt>
   <trkpt lat="44.818139" lon="4.655837"><ele>159.25</ele></trkpt>
   <trkpt lat="44.818257" lon="4.656323"><ele>162</ele></trkpt>
   <trkpt lat="44.818331" lon="4.656822"><ele>161.5</ele></trkpt>
   <trkpt lat="44.818388" lon="4.6576"><ele>161</ele></trkpt>
   <trkpt lat="44.818409" lon="4.658392"><ele>161.25</ele></trkpt>
   <trkpt lat="44.818384" lon="4.659321"><ele>158.75</ele></trkpt>
   <trkpt lat="44.818382" lon="4.659656"><ele>160.25</ele></trkpt>
   <trkpt lat="44.818446" lon="4.660106"><ele>163</ele></trkpt>
   <trkpt lat="44.818565" lon="4.660549"><ele>160.75</ele></trkpt>
   <trkpt lat="44.818739" lon="4.661053"><ele>160.25</ele></trkpt>
   <trkpt lat="44.818908" lon="4.66135"><ele>155.25</ele></trkpt>
   <trkpt lat="44.81903" lon="4.661544"><ele>157.25</ele></trkpt>
   <trkpt lat="44.819233" lon="4.662108"><ele>159.75</ele></trkpt>
   <trkpt lat="44.819538" lon="4.663097"><ele>160</ele></trkpt>
   <trkpt lat="44.81969" lon="4.663812"><ele>158</ele></trkpt>
   <trkpt lat="44.819802" lon="4.664166"><ele>159.75</ele></trkpt>
   <trkpt lat="44.819958" lon="4.664501"><ele>158.75</ele></trkpt>
   <trkpt lat="44.820698" lon="4.665808"><ele>156</ele></trkpt>
   <trkpt lat="44.821319" lon="4.66636"><ele>153</ele></trkpt>
   <trkpt lat="44.821462" lon="4.666531"><ele>152.25</ele></trkpt>
   <trkpt lat="44.821554" lon="4.666687"><ele>152.25</ele></trkpt>
   <trkpt lat="44.822027" lon="4.667527"><ele>152.75</ele></trkpt>
   <trkpt lat="44.823344" lon="4.669545"><ele>150.75</ele></trkpt>
   <trkpt lat="44.82368" lon="4.670073"><ele>150.25</ele></trkpt>
   <trkpt lat="44.82383" lon="4.670352"><ele>151.75</ele></trkpt>
   <trkpt lat="44.82397" lon="4.670652"><ele>149.5</ele></trkpt>
   <trkpt lat="44.824566" lon="4.672064"><ele>147.5</ele></trkpt>
   <trkpt lat="44.824781" lon="4.672573"><ele>151.75</ele></trkpt>
   <trkpt lat="44.824924" lon="4.672849"><ele>150.25</ele></trkpt>
   <trkpt lat="44.825094" lon="4.673131"><ele>148.25</ele></trkpt>
   <trkpt lat="44.825485" lon="4.673629"><ele>147.75</ele></trkpt>
   <trkpt lat="44.825539" lon="4.673716"><ele>148</ele></trkpt>
   <trkpt lat="44.8256" lon="4.673834"><ele>149.75</ele></trkpt>
   <trkpt lat="44.825687" lon="4.674065"><ele>149.5</ele></trkpt>
   <trkpt lat="44.825857" lon="4.674751"><ele>146</ele></trkpt>
   <trkpt lat="44.826019" lon="4.675459"><ele>147.5</ele></trkpt>
   <trkpt lat="44.82609" lon="4.675832"><ele>147</ele></trkpt>
   <trkpt lat="44.826138" lon="4.676101"><ele>148.75</ele></trkpt>
   <trkpt lat="44.826206" lon="4.676883"><ele>146.5</ele></trkpt>
   <trkpt lat="44.826275" lon="4.677331"><ele>146.25</ele></trkpt>
   <trkpt lat="44.826311" lon="4.677563"><ele>148</ele></trkpt>
   <trkpt lat="44.826325" lon="4.677632"><ele>148.5</ele></trkpt>
   <trkpt lat="44.826298" lon="4.677895"><ele>150.75</ele></trkpt>
   <trkpt lat="44.826289" lon="4.677984"><ele>151</ele></trkpt>
   <trkpt lat="44.826277" lon="4.678636"><ele>150</ele></trkpt>
   <trkpt lat="44.826269" lon="4.679169"><ele>150.25</ele></trkpt>
   <trkpt lat="44.826269" lon="4.679351"><ele>150</ele></trkpt>
   <trkpt lat="44.82625" lon="4.679746"><ele>149.5</ele></trkpt>
   <trkpt lat="44.826223" lon="4.679931"><ele>149.5</ele></trkpt>
   <trkpt lat="44.826172" lon="4.680038"><ele>149.75</ele></trkpt>
   <trkpt lat="44.826101" lon="4.680057"><ele>150</ele></trkpt>
   <trkpt lat="44.825987" lon="4.680069"><ele>150.25</ele></trkpt>
   <trkpt lat="44.825977" lon="4.680278"><ele>150.25</ele></trkpt>
   <trkpt lat="44.826022" lon="4.680418"><ele>150.75</ele></trkpt>
   <trkpt lat="44.826163" lon="4.680669"><ele>150.75</ele></trkpt>
   <trkpt lat="44.826295" lon="4.680936"><ele>150</ele></trkpt>
   <trkpt lat="44.826332" lon="4.681025"><ele>149.5</ele></trkpt>
   <trkpt lat="44.826358" lon="4.681103"><ele>149.25</ele></trkpt>
   <trkpt lat="44.82639" lon="4.681202"><ele>148.75</ele></trkpt>
   <trkpt lat="44.826413" lon="4.681301"><ele>148.75</ele></trkpt>
   <trkpt lat="44.826325" lon="4.68167"><ele>149.25</ele></trkpt>
   <trkpt lat="44.826239" lon="4.681994"><ele>149</ele></trkpt>
   <trkpt lat="44.826213" lon="4.68209"><ele>148.25</ele></trkpt>
   <trkpt lat="44.826075" lon="4.682521"><ele>147.5</ele></trkpt>
   <trkpt lat="44.82597" lon="4.682781"><ele>145.5</ele></trkpt>
   <trkpt lat="44.825803" lon="4.683191"><ele>147</ele></trkpt>
   <trkpt lat="44.825662" lon="4.683486"><ele>147.25</ele></trkpt>
   <trkpt lat="44.825464" lon="4.683874"><ele>148.75</ele></trkpt>
   <trkpt lat="44.825116" lon="4.684473"><ele>147.75</ele></trkpt>
   <trkpt lat="44.825018" lon="4.684766"><ele>150.25</ele></trkpt>
   <trkpt lat="44.824965" lon="4.685107"><ele>146.25</ele></trkpt>
   <trkpt lat="44.824959" lon="4.685215"><ele>145.25</ele></trkpt>
   <trkpt lat="44.824984" lon="4.685463"><ele>145.25</ele></trkpt>
   <trkpt lat="44.825132" lon="4.685993"><ele>147.5</ele></trkpt>
   <trkpt lat="44.825231" lon="4.686304"><ele>146.5</ele></trkpt>
   <trkpt lat="44.825279" lon="4.686511"><ele>146.75</ele></trkpt>
   <trkpt lat="44.825304" lon="4.686787"><ele>143.5</ele></trkpt>
   <trkpt lat="44.825285" lon="4.687061"><ele>141.5</ele></trkpt>
   <trkpt lat="44.825213" lon="4.687615"><ele>144.75</ele></trkpt>
   <trkpt lat="44.825203" lon="4.687802"><ele>142.75</ele></trkpt>
   <trkpt lat="44.825236" lon="4.688141"><ele>149.5</ele></trkpt>
   <trkpt lat="44.825351" lon="4.688839"><ele>145</ele></trkpt>
   <trkpt lat="44.825382" lon="4.689106"><ele>143.5</ele></trkpt>
   <trkpt lat="44.825389" lon="4.689319"><ele>145.25</ele></trkpt>
   <trkpt lat="44.825379" lon="4.689466"><ele>147</ele></trkpt>
   <trkpt lat="44.825343" lon="4.689648"><ele>147.75</ele></trkpt>
   <trkpt lat="44.825329" lon="4.689718"><ele>148</ele></trkpt>
   <trkpt lat="44.825241" lon="4.689967"><ele>149.25</ele></trkpt>
   <trkpt lat="44.825107" lon="4.690234"><ele>149</ele></trkpt>
   <trkpt lat="44.824803" lon="4.690682"><ele>150</ele></trkpt>
   <trkpt lat="44.824676" lon="4.690923"><ele>149.25</ele></trkpt>
   <trkpt lat="44.82457" lon="4.6912"><ele>149</ele></trkpt>
   <trkpt lat="44.824239" lon="4.692277"><ele>148.25</ele></trkpt>
   <trkpt lat="44.823994" lon="4.693069"><ele>147</ele></trkpt>
   <trkpt lat="44.823845" lon="4.693518"><ele>148.5</ele></trkpt>
   <trkpt lat="44.823697" lon="4.693853"><ele>147.75</ele></trkpt>
   <trkpt lat="44.823437" lon="4.694299"><ele>148.25</ele></trkpt>
   <trkpt lat="44.823067" lon="4.694845"><ele>144.5</ele></trkpt>
   <trkpt lat="44.822864" lon="4.695031"><ele>146.5</ele></trkpt>
   <trkpt lat="44.822453" lon="4.695385"><ele>148.5</ele></trkpt>
   <trkpt lat="44.82214" lon="4.695646"><ele>147.75</ele></trkpt>
   <trkpt lat="44.822096" lon="4.695673"><ele>147.75</ele></trkpt>
   <trkpt lat="44.821944" lon="4.695742"><ele>148.75</ele></trkpt>
   <trkpt lat="44.821639" lon="4.695778"><ele>149</ele></trkpt>
   <trkpt lat="44.821448" lon="4.69575"><ele>146.25</ele></trkpt>
   <trkpt lat="44.821295" lon="4.69566"><ele>145.25</ele></trkpt>
   <trkpt lat="44.821187" lon="4.695596"><ele>144.5</ele></trkpt>
   <trkpt lat="44.820099" lon="4.69453"><ele>143.5</ele></trkpt>
   <trkpt lat="44.819957" lon="4.694419"><ele>144</ele></trkpt>
   <trkpt lat="44.81979" lon="4.694288"><ele>144.75</ele></trkpt>
   <trkpt lat="44.819627" lon="4.694196"><ele>144.5</ele></trkpt>
   <trkpt lat="44.819355" lon="4.694101"><ele>143.75</ele></trkpt>
   <trkpt lat="44.819261" lon="4.694088"><ele>143.5</ele></trkpt>
   <trkpt lat="44.819083" lon="4.694063"><ele>143.75</ele></trkpt>
   <trkpt lat="44.8188" lon="4.694124"><ele>143</ele></trkpt>
   <trkpt lat="44.817484" lon="4.694528"><ele>142.75</ele></trkpt>
   <trkpt lat="44.817309" lon="4.694616"><ele>142</ele></trkpt>
   <trkpt lat="44.817202" lon="4.694701"><ele>141.75</ele></trkpt>
   <trkpt lat="44.817101" lon="4.694825"><ele>141.75</ele></trkpt>
   <trkpt lat="44.817002" lon="4.694983"><ele>141.75</ele></trkpt>
   <trkpt lat="44.816945" lon="4.695112"><ele>141.75</ele></trkpt>
   <trkpt lat="44.816915" lon="4.695207"><ele>142.25</ele></trkpt>
   <trkpt lat="44.816874" lon="4.695374"><ele>141.75</ele></trkpt>
   <trkpt lat="44.816804" lon="4.69573"><ele>142.25</ele></trkpt>
   <trkpt lat="44.816733" lon="4.696153"><ele>143.5</ele></trkpt>
   <trkpt lat="44.816687" lon="4.696365"><ele>143.75</ele></trkpt>
   <trkpt lat="44.816564" lon="4.69675"><ele>142.5</ele></trkpt>
   <trkpt lat="44.816475" lon="4.696995"><ele>141.75</ele></trkpt>
   <trkpt lat="44.816415" lon="4.697203"><ele>141.25</ele></trkpt>
   <trkpt lat="44.816385" lon="4.697331"><ele>140.75</ele></trkpt>
   <trkpt lat="44.816373" lon="4.697473"><ele>140.5</ele></trkpt>
   <trkpt lat="44.816363" lon="4.697672"><ele>140.5</ele></trkpt>
   <trkpt lat="44.816382" lon="4.697871"><ele>141.75</ele></trkpt>
   <trkpt lat="44.816429" lon="4.698068"><ele>143</ele></trkpt>
   <trkpt lat="44.816523" lon="4.698426"><ele>143.75</ele></trkpt>
   <trkpt lat="44.816643" lon="4.698835"><ele>142</ele></trkpt>
   <trkpt lat="44.816685" lon="4.699109"><ele>141.75</ele></trkpt>
   <trkpt lat="44.816702" lon="4.699309"><ele>142</ele></trkpt>
   <trkpt lat="44.816709" lon="4.699669"><ele>141.5</ele></trkpt>
   <trkpt lat="44.816694" lon="4.699813"><ele>141.5</ele></trkpt>
   <trkpt lat="44.816517" lon="4.700999"><ele>142.25</ele></trkpt>
   <trkpt lat="44.816506" lon="4.701165"><ele>142.75</ele></trkpt>
   <trkpt lat="44.816521" lon="4.701374"><ele>145.5</ele></trkpt>
   <trkpt lat="44.816656" lon="4.702148"><ele>142.25</ele></trkpt>
   <trkpt lat="44.816693" lon="4.702645"><ele>142</ele></trkpt>
   <trkpt lat="44.816688" lon="4.702849"><ele>142.25</ele></trkpt>
   <trkpt lat="44.816675" lon="4.703051"><ele>142.5</ele></trkpt>
   <trkpt lat="44.816642" lon="4.70325"><ele>143.75</ele></trkpt>
   <trkpt lat="44.816539" lon="4.703673"><ele>142.25</ele></trkpt>
   <trkpt lat="44.816509" lon="4.703789"><ele>141.75</ele></trkpt>
   <trkpt lat="44.816483" lon="4.703964"><ele>141</ele></trkpt>
   <trkpt lat="44.816433" lon="4.704557"><ele>138.5</ele></trkpt>
   <trkpt lat="44.816318" lon="4.705385"><ele>142</ele></trkpt>
   <trkpt lat="44.816287" lon="4.705565"><ele>144.75</ele></trkpt>
   <trkpt lat="44.816223" lon="4.705752"><ele>144</ele></trkpt>
   <trkpt lat="44.816153" lon="4.705915"><ele>142.5</ele></trkpt>
   <trkpt lat="44.816002" lon="4.706103"><ele>141.75</ele></trkpt>
   <trkpt lat="44.815872" lon="4.706236"><ele>140.75</ele></trkpt>
   <trkpt lat="44.815764" lon="4.706298"><ele>140</ele></trkpt>
   <trkpt lat="44.815718" lon="4.706325"><ele>139.75</ele></trkpt>
   <trkpt lat="44.815687" lon="4.706331"><ele>139.5</ele></trkpt>
   <trkpt lat="44.815572" lon="4.706362"><ele>139.25</ele></trkpt>
   <trkpt lat="44.815454" lon="4.706378"><ele>138.5</ele></trkpt>
   <trkpt lat="44.815353" lon="4.70637"><ele>138.25</ele></trkpt>
   <trkpt lat="44.815253" lon="4.706349"><ele>137.75</ele></trkpt>
   <trkpt lat="44.815068" lon="4.70626"><ele>136.25</ele></trkpt>
   <trkpt lat="44.814828" lon="4.70613"><ele>137.25</ele></trkpt>
   <trkpt lat="44.81459" lon="4.706023"><ele>138.75</ele></trkpt>
   <trkpt lat="44.814488" lon="4.705995"><ele>139.25</ele></trkpt>
   <trkpt lat="44.814376" lon="4.705983"><ele>140.5</ele></trkpt>
   <trkpt lat="44.814123" lon="4.70601"><ele>142.75</ele></trkpt>
   <trkpt lat="44.813916" lon="4.706119"><ele>141.75</ele></trkpt>
   <trkpt lat="44.813829" lon="4.706179"><ele>142.5</ele></trkpt>
   <trkpt lat="44.813734" lon="4.706267"><ele>142.75</ele></trkpt>
   <trkpt lat="44.81366" lon="4.706358"><ele>141.5</ele></trkpt>
   <trkpt lat="44.813455" lon="4.706702"><ele>141</ele></trkpt>
   <trkpt lat="44.813307" lon="4.707018"><ele>138</ele></trkpt>
   <trkpt lat="44.813247" lon="4.707203"><ele>134.75</ele></trkpt>
   <trkpt lat="44.813196" lon="4.70742"><ele>134.25</ele></trkpt>
   <trkpt lat="44.813174" lon="4.707584"><ele>135.75</ele></trkpt>
   <trkpt lat="44.813168" lon="4.707769"><ele>138</ele></trkpt>
   <trkpt lat="44.813178" lon="4.70795"><ele>140</ele></trkpt>
   <trkpt lat="44.813201" lon="4.708115"><ele>142</ele></trkpt>
   <trkpt lat="44.813246" lon="4.708336"><ele>145.75</ele></trkpt>
   <trkpt lat="44.813319" lon="4.708539"><ele>143.25</ele></trkpt>
   <trkpt lat="44.81348" lon="4.708941"><ele>139</ele></trkpt>
   <trkpt lat="44.813785" lon="4.709734"><ele>134.75</ele></trkpt>
   <trkpt lat="44.813863" lon="4.70995"><ele>135</ele></trkpt>
   <trkpt lat="44.813921" lon="4.71016"><ele>136.25</ele></trkpt>
   <trkpt lat="44.813927" lon="4.710397"><ele>138.25</ele></trkpt>
   <trkpt lat="44.813916" lon="4.710616"><ele>137</ele></trkpt>
   <trkpt lat="44.813859" lon="4.710961"><ele>136.5</ele></trkpt>
   <trkpt lat="44.813749" lon="4.711508"><ele>136.25</ele></trkpt>
   <trkpt lat="44.813741" lon="4.711684"><ele>139.5</ele></trkpt>
   <trkpt lat="44.813751" lon="4.711893"><ele>141.25</ele></trkpt>
   <trkpt lat="44.813853" lon="4.712635"><ele>137</ele></trkpt>
   <trkpt lat="44.813888" lon="4.712816"><ele>136</ele></trkpt>
   <trkpt lat="44.813951" lon="4.713036"><ele>132.75</ele></trkpt>
   <trkpt lat="44.814016" lon="4.713178"><ele>137.75</ele></trkpt>
   <trkpt lat="44.814085" lon="4.71328"><ele>140</ele></trkpt>
   <trkpt lat="44.814595" lon="4.713831"><ele>136.5</ele></trkpt>
   <trkpt lat="44.814703" lon="4.713982"><ele>135</ele></trkpt>
   <trkpt lat="44.814805" lon="4.714156"><ele>139.25</ele></trkpt>
   <trkpt lat="44.814903" lon="4.714304"><ele>138.25</ele></trkpt>
   <trkpt lat="44.814991" lon="4.714481"><ele>138.75</ele></trkpt>
   <trkpt lat="44.815114" lon="4.714775"><ele>140.5</ele></trkpt>
   <trkpt lat="44.815164" lon="4.714995"><ele>144.25</ele></trkpt>
   <trkpt lat="44.81519" lon="4.715232"><ele>144.25</ele></trkpt>
   <trkpt lat="44.815215" lon="4.715823"><ele>142</ele></trkpt>
   <trkpt lat="44.815287" lon="4.716112"><ele>139.75</ele></trkpt>
   <trkpt lat="44.815401" lon="4.716395"><ele>134.75</ele></trkpt>
   <trkpt lat="44.815835" lon="4.716942"><ele>140.75</ele></trkpt>
   <trkpt lat="44.816027" lon="4.71722"><ele>142.75</ele></trkpt>
   <trkpt lat="44.816092" lon="4.717333"><ele>142.5</ele></trkpt>
   <trkpt lat="44.816151" lon="4.717483"><ele>144.5</ele></trkpt>
   <trkpt lat="44.816213" lon="4.717743"><ele>146.25</ele></trkpt>
   <trkpt lat="44.816231" lon="4.718204"><ele>141.5</ele></trkpt>
   <trkpt lat="44.816234" lon="4.718353"><ele>139.25</ele></trkpt>
   <trkpt lat="44.816127" lon="4.718876"><ele>138.25</ele></trkpt>
   <trkpt lat="44.815998" lon="4.719549"><ele>134.75</ele></trkpt>
   <trkpt lat="44.815882" lon="4.720348"><ele>137.75</ele></trkpt>
   <trkpt lat="44.81574" lon="4.721209"><ele>135.5</ele></trkpt>
   <trkpt lat="44.815647" lon="4.721731"><ele>135.25</ele></trkpt>
   <trkpt lat="44.815637" lon="4.721907"><ele>138.5</ele></trkpt>
   <trkpt lat="44.815654" lon="4.722105"><ele>137.5</ele></trkpt>
   <trkpt lat="44.815745" lon="4.722841"><ele>135.25</ele></trkpt>
   <trkpt lat="44.815977" lon="4.724511"><ele>132</ele></trkpt>
   <trkpt lat="44.816049" lon="4.725084"><ele>132.75</ele></trkpt>
   <trkpt lat="44.816104" lon="4.725931"><ele>135.5</ele></trkpt>
   <trkpt lat="44.816172" lon="4.726208"><ele>134</ele></trkpt>
   <trkpt lat="44.81625" lon="4.726452"><ele>131.5</ele></trkpt>
   <trkpt lat="44.816362" lon="4.726648"><ele>130.25</ele></trkpt>
   <trkpt lat="44.816463" lon="4.726804"><ele>132</ele></trkpt>
   <trkpt lat="44.816973" lon="4.72724"><ele>132</ele></trkpt>
   <trkpt lat="44.817139" lon="4.727395"><ele>132.75</ele></trkpt>
   <trkpt lat="44.817258" lon="4.727585"><ele>134.75</ele></trkpt>
   <trkpt lat="44.817359" lon="4.727798"><ele>135.5</ele></trkpt>
   <trkpt lat="44.817442" lon="4.728034"><ele>134.75</ele></trkpt>
   <trkpt lat="44.817583" lon="4.728442"><ele>132</ele></trkpt>
   <trkpt lat="44.817654" lon="4.728729"><ele>132.25</ele></trkpt>
   <trkpt lat="44.817692" lon="4.729003"><ele>132.25</ele></trkpt>
   <trkpt lat="44.817755" lon="4.729764"><ele>131.25</ele></trkpt>
   <trkpt lat="44.817837" lon="4.731374"><ele>134</ele></trkpt>
   <trkpt lat="44.817899" lon="4.732184"><ele>131.5</ele></trkpt>
   <trkpt lat="44.817948" lon="4.733195"><ele>128.5</ele></trkpt>
   <trkpt lat="44.818017" lon="4.734536"><ele>127.25</ele></trkpt>
   <trkpt lat="44.818006" lon="4.734767"><ele>127</ele></trkpt>
   <trkpt lat="44.817983" lon="4.734935"><ele>127.25</ele></trkpt>
   <trkpt lat="44.817941" lon="4.735176"><ele>128</ele></trkpt>
   <trkpt lat="44.817845" lon="4.735543"><ele>128.25</ele></trkpt>
   <trkpt lat="44.817726" lon="4.735968"><ele>128.25</ele></trkpt>
   <trkpt lat="44.817629" lon="4.736394"><ele>130.25</ele></trkpt>
   <trkpt lat="44.817592" lon="4.736589"><ele>130.75</ele></trkpt>
   <trkpt lat="44.817559" lon="4.737017"><ele>129.75</ele></trkpt>
   <trkpt lat="44.817579" lon="4.737238"><ele>127</ele></trkpt>
   <trkpt lat="44.817628" lon="4.737562"><ele>122.25</ele></trkpt>
   <trkpt lat="44.817758" lon="4.738222"><ele>126.5</ele></trkpt>
   <trkpt lat="44.817785" lon="4.738436"><ele>125.75</ele></trkpt>
   <trkpt lat="44.817791" lon="4.738641"><ele>125.5</ele></trkpt>
   <trkpt lat="44.817762" lon="4.738876"><ele>126.25</ele></trkpt>
   <trkpt lat="44.817693" lon="4.73908"><ele>125.5</ele></trkpt>
   <trkpt lat="44.817588" lon="4.739297"><ele>125.75</ele></trkpt>
   <trkpt lat="44.817186" lon="4.739841"><ele>128.75</ele></trkpt>
   <trkpt lat="44.817076" lon="4.739965"><ele>128.5</ele></trkpt>
   <trkpt lat="44.816975" lon="4.740078"><ele>128</ele></trkpt>
   <trkpt lat="44.816895" lon="4.740228"><ele>127.5</ele></trkpt>
   <trkpt lat="44.816747" lon="4.740556"><ele>130.75</ele></trkpt>
   <trkpt lat="44.816467" lon="4.741512"><ele>130.5</ele></trkpt>
   <trkpt lat="44.816423" lon="4.741767"><ele>132</ele></trkpt>
   <trkpt lat="44.816392" lon="4.7421"><ele>130.75</ele></trkpt>
   <trkpt lat="44.816443" lon="4.743802"><ele>130.75</ele></trkpt>
   <trkpt lat="44.816411" lon="4.744085"><ele>131</ele></trkpt>
   <trkpt lat="44.816354" lon="4.744373"><ele>131.75</ele></trkpt>
   <trkpt lat="44.816277" lon="4.744856"><ele>131.75</ele></trkpt>
   <trkpt lat="44.816142" lon="4.745624"><ele>131.75</ele></trkpt>
   <trkpt lat="44.81606" lon="4.74623"><ele>132.25</ele></trkpt>
   <trkpt lat="44.816071" lon="4.74648"><ele>131.5</ele></trkpt>
   <trkpt lat="44.816115" lon="4.74674"><ele>130.75</ele></trkpt>
   <trkpt lat="44.816148" lon="4.747019"><ele>131.5</ele></trkpt>
   <trkpt lat="44.816198" lon="4.747249"><ele>126.5</ele></trkpt>
   <trkpt lat="44.816459" lon="4.748203"><ele>130.75</ele></trkpt>
   <trkpt lat="44.816518" lon="4.748713"><ele>132</ele></trkpt>
   <trkpt lat="44.816563" lon="4.749241"><ele>129.75</ele></trkpt>
   <trkpt lat="44.816624" lon="4.749857"><ele>130</ele></trkpt>
   <trkpt lat="44.816766" lon="4.750386"><ele>135.5</ele></trkpt>
   <trkpt lat="44.816885" lon="4.750641"><ele>131.5</ele></trkpt>
   <trkpt lat="44.817091" lon="4.75089"><ele>129.25</ele></trkpt>
   <trkpt lat="44.817475" lon="4.751535"><ele>129</ele></trkpt>
   <trkpt lat="44.818476" lon="4.753788"><ele>121</ele></trkpt>
   <trkpt lat="44.818696" lon="4.754259"><ele>129.25</ele></trkpt>
   <trkpt lat="44.818755" lon="4.754403"><ele>130</ele></trkpt>
   <trkpt lat="44.818807" lon="4.754574"><ele>127.5</ele></trkpt>
   <trkpt lat="44.819088" lon="4.75592"><ele>127</ele></trkpt>
   <trkpt lat="44.819183" lon="4.756321"><ele>125</ele></trkpt>
   <trkpt lat="44.81923" lon="4.756695"><ele>128</ele></trkpt>
   <trkpt lat="44.819241" lon="4.756872"><ele>129</ele></trkpt>
   <trkpt lat="44.819242" lon="4.757096"><ele>129</ele></trkpt>
   <trkpt lat="44.819232" lon="4.757582"><ele>128.5</ele></trkpt>
   <trkpt lat="44.819217" lon="4.757865"><ele>126</ele></trkpt>
   <trkpt lat="44.819238" lon="4.758168"><ele>122.75</ele></trkpt>
   <trkpt lat="44.819301" lon="4.758463"><ele>125.75</ele></trkpt>
   <trkpt lat="44.819485" lon="4.759096"><ele>127.25</ele></trkpt>
   <trkpt lat="44.81957" lon="4.759488"><ele>124.75</ele></trkpt>
   <trkpt lat="44.819595" lon="4.760195"><ele>120.5</ele></trkpt>
   <trkpt lat="44.819593" lon="4.760817"><ele>124.75</ele></trkpt>
   <trkpt lat="44.819592" lon="4.761044"><ele>117.75</ele></trkpt>
   <trkpt lat="44.819706" lon="4.761615"><ele>127.5</ele></trkpt>
   <trkpt lat="44.820003" lon="4.762913"><ele>123.25</ele></trkpt>
   <trkpt lat="44.820136" lon="4.763852"><ele>123</ele></trkpt>
   <trkpt lat="44.820133" lon="4.765196"><ele>119.5</ele></trkpt>
   <trkpt lat="44.820315" lon="4.766287"><ele>124.25</ele></trkpt>
   <trkpt lat="44.820463" lon="4.766807"><ele>124.5</ele></trkpt>
   <trkpt lat="44.820516" lon="4.766969"><ele>125.5</ele></trkpt>
   <trkpt lat="44.820564" lon="4.767199"><ele>124.25</ele></trkpt>
   <trkpt lat="44.820581" lon="4.767377"><ele>124</ele></trkpt>
   <trkpt lat="44.820577" lon="4.767778"><ele>122.75</ele></trkpt>
   <trkpt lat="44.820593" lon="4.768108"><ele>124.5</ele></trkpt>
   <trkpt lat="44.820623" lon="4.768318"><ele>124.75</ele></trkpt>
   <trkpt lat="44.820943" lon="4.769544"><ele>124.25</ele></trkpt>
   <trkpt lat="44.821055" lon="4.770006"><ele>116.75</ele></trkpt>
   <trkpt lat="44.821077" lon="4.770095"><ele>118.5</ele></trkpt>
   <trkpt lat="44.82132" lon="4.770987"><ele>119.75</ele></trkpt>
   <trkpt lat="44.821418" lon="4.771391"><ele>119.75</ele></trkpt>
   <trkpt lat="44.821533" lon="4.772403"><ele>121</ele></trkpt>
   <trkpt lat="44.821563" lon="4.773235"><ele>121.75</ele></trkpt>
   <trkpt lat="44.821558" lon="4.774206"><ele>122.5</ele></trkpt>
   <trkpt lat="44.821598" lon="4.774863"><ele>123</ele></trkpt>
   <trkpt lat="44.821661" lon="4.775239"><ele>120.25</ele></trkpt>
   <trkpt lat="44.821741" lon="4.775659"><ele>122.5</ele></trkpt>
   <trkpt lat="44.821785" lon="4.776149"><ele>123.5</ele></trkpt>
   <trkpt lat="44.821854" lon="4.776697"><ele>116.25</ele></trkpt>
   <trkpt lat="44.821868" lon="4.776809"><ele>117.75</ele></trkpt>
   <trkpt lat="44.821995" lon="4.777333"><ele>120.25</ele></trkpt>
   <trkpt lat="44.822103" lon="4.777873"><ele>121.75</ele></trkpt>
   <trkpt lat="44.82221" lon="4.779286"><ele>116.75</ele></trkpt>
   <trkpt lat="44.822214" lon="4.779749"><ele>118.5</ele></trkpt>
   <trkpt lat="44.822201" lon="4.780199"><ele>118.5</ele></trkpt>
   <trkpt lat="44.822114" lon="4.780704"><ele>117.5</ele></trkpt>
   <trkpt lat="44.821894" lon="4.781633"><ele>116.75</ele></trkpt>
   <trkpt lat="44.821749" lon="4.781984"><ele>117.5</ele></trkpt>
   <trkpt lat="44.821599" lon="4.782304"><ele>117.5</ele></trkpt>
   <trkpt lat="44.821366" lon="4.782628"><ele>115.5</ele></trkpt>
   <trkpt lat="44.821107" lon="4.782874"><ele>116.5</ele></trkpt>
   <trkpt lat="44.820684" lon="4.783143"><ele>115.25</ele></trkpt>
   <trkpt lat="44.820511" lon="4.783265"><ele>115</ele></trkpt>
   <trkpt lat="44.820371" lon="4.783408"><ele>113.75</ele></trkpt>
   <trkpt lat="44.820195" lon="4.783588"><ele>115</ele></trkpt>
   <trkpt lat="44.819264" lon="4.784721"><ele>114.25</ele></trkpt>
   <trkpt lat="44.818874" lon="4.785175"><ele>112.25</ele></trkpt>
   <trkpt lat="44.818091" lon="4.786144"><ele>112.75</ele></trkpt>
   <trkpt lat="44.817802" lon="4.786458"><ele>114</ele></trkpt>
   <trkpt lat="44.817618" lon="4.786624"><ele>113</ele></trkpt>
   <trkpt lat="44.817177" lon="4.787001"><ele>112.75</ele></trkpt>
   <trkpt lat="44.817137" lon="4.787017"><ele>113</ele></trkpt>
   <trkpt lat="44.816876" lon="4.787298"><ele>111.75</ele></trkpt>
   <trkpt lat="44.816738" lon="4.787503"><ele>111.75</ele></trkpt>
   <trkpt lat="44.816601" lon="4.78777"><ele>111.75</ele></trkpt>
   <trkpt lat="44.816368" lon="4.788302"><ele>111.5</ele></trkpt>
   <trkpt lat="44.816305" lon="4.78846"><ele>111.25</ele></trkpt>
   <trkpt lat="44.816129" lon="4.788905"><ele>112.5</ele></trkpt>
   <trkpt lat="44.816071" lon="4.789049"><ele>111.75</ele></trkpt>
   <trkpt lat="44.81582" lon="4.789663"><ele>113.25</ele></trkpt>
   <trkpt lat="44.815747" lon="4.789881"><ele>113</ele></trkpt>
   <trkpt lat="44.815406" lon="4.790582"><ele>114.25</ele></trkpt>
   <trkpt lat="44.815222" lon="4.790872"><ele>115</ele></trkpt>
   <trkpt lat="44.815034" lon="4.791225"><ele>115.5</ele></trkpt>
   <trkpt lat="44.814971" lon="4.791383"><ele>115.5</ele></trkpt>
   <trkpt lat="44.814883" lon="4.791685"><ele>114.75</ele></trkpt>
   <trkpt lat="44.814854" lon="4.791818"><ele>113.25</ele></trkpt>
   <trkpt lat="44.814847" lon="4.791956"><ele>111.5</ele></trkpt>
   <trkpt lat="44.814836" lon="4.792253"><ele>113.5</ele></trkpt>
   <trkpt lat="44.814828" lon="4.792479"><ele>114.75</ele></trkpt>
   <trkpt lat="44.814895" lon="4.793325"><ele>117</ele></trkpt>
   <trkpt lat="44.814878" lon="4.793495"><ele>118</ele></trkpt>
   <trkpt lat="44.81485" lon="4.793628"><ele>118.5</ele></trkpt>
   <trkpt lat="44.814822" lon="4.793727"><ele>117.75</ele></trkpt>
   <trkpt lat="44.814782" lon="4.793833"><ele>116.5</ele></trkpt>
   <trkpt lat="44.814724" lon="4.793956"><ele>115.75</ele></trkpt>
   <trkpt lat="44.814619" lon="4.794127"><ele>118.25</ele></trkpt>
   <trkpt lat="44.814433" lon="4.794317"><ele>117.5</ele></trkpt>
   <trkpt lat="44.814323" lon="4.79439"><ele>116.25</ele></trkpt>
   <trkpt lat="44.814186" lon="4.794441"><ele>113.25</ele></trkpt>
   <trkpt lat="44.814087" lon="4.79446"><ele>113.25</ele></trkpt>
   <trkpt lat="44.813972" lon="4.794463"><ele>113.5</ele></trkpt>
   <trkpt lat="44.813626" lon="4.794416"><ele>112.5</ele></trkpt>
   <trkpt lat="44.813458" lon="4.794403"><ele>112</ele></trkpt>
   <trkpt lat="44.8133" lon="4.794418"><ele>111.25</ele></trkpt>
   <trkpt lat="44.812892" lon="4.794552"><ele>111.75</ele></trkpt>
   <trkpt lat="44.812771" lon="4.794623"><ele>110.75</ele></trkpt>
   <trkpt lat="44.812544" lon="4.794785"><ele>109.75</ele></trkpt>
   <trkpt lat="44.812543" lon="4.794837"><ele>109.75</ele></trkpt>
   <trkpt lat="44.812535" lon="4.79495"><ele>109.25</ele></trkpt>
   <trkpt lat="44.812498" lon="4.795105"><ele>108.5</ele></trkpt>
   <trkpt lat="44.812446" lon="4.795277"><ele>108</ele></trkpt>
   <trkpt lat="44.812316" lon="4.795679"><ele>107.25</ele></trkpt>
   <trkpt lat="44.812305" lon="4.795736"><ele>107.25</ele></trkpt>
   <trkpt lat="44.812306" lon="4.795789"><ele>107.25</ele></trkpt>
   <trkpt lat="44.812315" lon="4.795842"><ele>107.25</ele></trkpt>
   <trkpt lat="44.812375" lon="4.79594"><ele>106.5</ele></trkpt>
   <trkpt lat="44.812489" lon="4.796053"><ele>106.25</ele></trkpt>
   <trkpt lat="44.812544" lon="4.796101"><ele>106.75</ele></trkpt>
   <trkpt lat="44.8126" lon="4.796149"><ele>107.5</ele></trkpt>
   <trkpt lat="44.812847" lon="4.796473"><ele>108.75</ele></trkpt>
   <trkpt lat="44.813024" lon="4.796683"><ele>110</ele></trkpt>
   <trkpt lat="44.813272" lon="4.796916"><ele>108.75</ele></trkpt>
   <trkpt lat="44.813458" lon="4.797045"><ele>109.25</ele></trkpt>
   <trkpt lat="44.813618" lon="4.797201"><ele>107.5</ele></trkpt>
   <trkpt lat="44.81376" lon="4.797394"><ele>107.25</ele></trkpt>
   <trkpt lat="44.813844" lon="4.797544"><ele>105.25</ele></trkpt>
   <trkpt lat="44.813845" lon="4.79757"><ele>104.5</ele></trkpt>
   <trkpt lat="44.813833" lon="4.797666"><ele>102</ele></trkpt>
   <trkpt lat="44.813794" lon="4.79786"><ele>99.5</ele></trkpt>
   <trkpt lat="44.813775" lon="4.797919"><ele>100</ele></trkpt>
   <trkpt lat="44.813745" lon="4.79796"><ele>100</ele></trkpt>
   <trkpt lat="44.813697" lon="4.797999"><ele>100</ele></trkpt>
   <trkpt lat="44.813579" lon="4.798047"><ele>99.75</ele></trkpt>
   <trkpt lat="44.813537" lon="4.798057"><ele>99.5</ele></trkpt>
   <trkpt lat="44.813457" lon="4.798068"><ele>99.25</ele></trkpt>
   <trkpt lat="44.813365" lon="4.798068"><ele>99</ele></trkpt>
   <trkpt lat="44.813081" lon="4.798019"><ele>97.25</ele></trkpt>
   <trkpt lat="44.812992" lon="4.797991"><ele>97</ele></trkpt>
   <trkpt lat="44.812354" lon="4.797818"><ele>96.5</ele></trkpt>
   <trkpt lat="44.811603" lon="4.797668"><ele>96.5</ele></trkpt>
   <trkpt lat="44.811382" lon="4.797606"><ele>96.5</ele></trkpt>
   <trkpt lat="44.811198" lon="4.797516"><ele>96.25</ele></trkpt>
   <trkpt lat="44.809536" lon="4.796415"><ele>96</ele></trkpt>
   <trkpt lat="44.808982" lon="4.795956"><ele>96</ele></trkpt>
   <trkpt lat="44.808819" lon="4.795793"><ele>96</ele></trkpt>
   <trkpt lat="44.808489" lon="4.795415"><ele>95.75</ele></trkpt>
   <trkpt lat="44.80821" lon="4.795069"><ele>96.25</ele></trkpt>
   <trkpt lat="44.808145" lon="4.79496"><ele>96.5</ele></trkpt>
   <trkpt lat="44.808111" lon="4.794876"><ele>96.25</ele></trkpt>
   <trkpt lat="44.808088" lon="4.794778"><ele>96</ele></trkpt>
   <trkpt lat="44.808074" lon="4.794675"><ele>96</ele></trkpt>
   <trkpt lat="44.808075" lon="4.794569"><ele>96</ele></trkpt>
   <trkpt lat="44.808085" lon="4.794513"><ele>95.75</ele></trkpt>
   <trkpt lat="44.808095" lon="4.794454"><ele>96</ele></trkpt>
   <trkpt lat="44.808136" lon="4.794331"><ele>96</ele></trkpt>
   <trkpt lat="44.808186" lon="4.794219"><ele>96</ele></trkpt>
   <trkpt lat="44.809018" lon="4.793013"><ele>95</ele></trkpt>
   <trkpt lat="44.809083" lon="4.792866"><ele>95.25</ele></trkpt>
   <trkpt lat="44.809101" lon="4.792786"><ele>95.5</ele></trkpt>
   <trkpt lat="44.809109" lon="4.792692"><ele>96</ele></trkpt>
   <trkpt lat="44.809104" lon="4.792589"><ele>96.25</ele></trkpt>
   <trkpt lat="44.809083" lon="4.792497"><ele>96.5</ele></trkpt>
   <trkpt lat="44.809054" lon="4.792414"><ele>96.5</ele></trkpt>
   <trkpt lat="44.809001" lon="4.792335"><ele>96.25</ele></trkpt>
   <trkpt lat="44.808517" lon="4.791607"><ele>96</ele></trkpt>
   <trkpt lat="44.808489" lon="4.791566"><ele>96</ele></trkpt>
   <trkpt lat="44.808365" lon="4.791385"><ele>96</ele></trkpt>
   <trkpt lat="44.80822" lon="4.791173"><ele>96</ele></trkpt>
   <trkpt lat="44.808176" lon="4.79111"><ele>96</ele></trkpt>
   <trkpt lat="44.808108" lon="4.79101"><ele>96</ele></trkpt>
   <trkpt lat="44.807602" lon="4.790273"><ele>96</ele></trkpt>
   <trkpt lat="44.807531" lon="4.79018"><ele>96</ele></trkpt>
   <trkpt lat="44.807472" lon="4.79013"><ele>96</ele></trkpt>
   <trkpt lat="44.807412" lon="4.790104"><ele>96</ele></trkpt>
   <trkpt lat="44.807333" lon="4.790093"><ele>96</ele></trkpt>
   <trkpt lat="44.807256" lon="4.790108"><ele>96</ele></trkpt>
   <trkpt lat="44.807182" lon="4.790143"><ele>96</ele></trkpt>
   <trkpt lat="44.806888" lon="4.790387"><ele>96.25</ele></trkpt>
   <trkpt lat="44.806808" lon="4.790433"><ele>96</ele></trkpt>
   <trkpt lat="44.80671" lon="4.790442"><ele>96</ele></trkpt>
   <trkpt lat="44.806647" lon="4.790434"><ele>96</ele></trkpt>
   <trkpt lat="44.806588" lon="4.790404"><ele>96</ele></trkpt>
   <trkpt lat="44.80649" lon="4.790318"><ele>96</ele></trkpt>
   <trkpt lat="44.806158" lon="4.789921"><ele>96</ele></trkpt>
   <trkpt lat="44.806105" lon="4.78985"><ele>96</ele></trkpt>
   <trkpt lat="44.805869" lon="4.789529"><ele>96</ele></trkpt>
   <trkpt lat="44.805752" lon="4.789372"><ele>96</ele></trkpt>
   <trkpt lat="44.805678" lon="4.789262"><ele>96</ele></trkpt>
   <trkpt lat="44.805275" lon="4.788642"><ele>96</ele></trkpt>
   <trkpt lat="44.805195" lon="4.788556"><ele>96</ele></trkpt>
   <trkpt lat="44.804569" lon="4.78802"><ele>96</ele></trkpt>
   <trkpt lat="44.804472" lon="4.787937"><ele>96</ele></trkpt>
   <trkpt lat="44.803977" lon="4.787515"><ele>96</ele></trkpt>
   <trkpt lat="44.803886" lon="4.787411"><ele>96</ele></trkpt>
   <trkpt lat="44.803806" lon="4.78727"><ele>96</ele></trkpt>
   <trkpt lat="44.803811" lon="4.787212"><ele>95.75</ele></trkpt>
   <trkpt lat="44.803493" lon="4.786727"><ele>95.5</ele></trkpt>
   <trkpt lat="44.802865" lon="4.785767"><ele>94.25</ele></trkpt>
   <trkpt lat="44.802813" lon="4.785756"><ele>94.5</ele></trkpt>
   <trkpt lat="44.802747" lon="4.785647"><ele>95</ele></trkpt>
   <trkpt lat="44.802734" lon="4.785613"><ele>95</ele></trkpt>
   <trkpt lat="44.802721" lon="4.78558"><ele>95</ele></trkpt>
   <trkpt lat="44.802752" lon="4.78554"><ele>95</ele></trkpt>
   <trkpt lat="44.802759" lon="4.785511"><ele>94.75</ele></trkpt>
   <trkpt lat="44.802753" lon="4.785453"><ele>94.5</ele></trkpt>
   <trkpt lat="44.80274" lon="4.785429"><ele>94.5</ele></trkpt>
   <trkpt lat="44.802706" lon="4.785404"><ele>94.5</ele></trkpt>
   <trkpt lat="44.802686" lon="4.785403"><ele>94.75</ele></trkpt>
   <trkpt lat="44.80265" lon="4.785426"><ele>94.75</ele></trkpt>
   <trkpt lat="44.802638" lon="4.785448"><ele>95</ele></trkpt>
   <trkpt lat="44.802607" lon="4.78544"><ele>95</ele></trkpt>
   <trkpt lat="44.802588" lon="4.785423"><ele>95</ele></trkpt>
   <trkpt lat="44.802505" lon="4.7853"><ele>95</ele></trkpt>
   <trkpt lat="44.802445" lon="4.785211"><ele>94.75</ele></trkpt>
   <trkpt lat="44.801866" lon="4.784307"><ele>94.75</ele></trkpt>
   <trkpt lat="44.801494" lon="4.783733"><ele>94.25</ele></trkpt>
   <trkpt lat="44.801218" lon="4.78326"><ele>95.5</ele></trkpt>
   <trkpt lat="44.801101" lon="4.783382"><ele>95.25</ele></trkpt>
   <trkpt lat="44.800724" lon="4.783774"><ele>95</ele></trkpt>
   <trkpt lat="44.798996" lon="4.785613"><ele>94</ele></trkpt>
   <trkpt lat="44.798948" lon="4.785664"><ele>94</ele></trkpt>
   <trkpt lat="44.798897" lon="4.785719"><ele>94.5</ele></trkpt>
   <trkpt lat="44.798563" lon="4.785395"><ele>93.25</ele></trkpt>
   <trkpt lat="44.798479" lon="4.785313"><ele>93.25</ele></trkpt>
   <trkpt lat="44.798273" lon="4.785154"><ele>93</ele></trkpt>
   <trkpt lat="44.797935" lon="4.784858"><ele>93</ele></trkpt>
   <trkpt lat="44.797849" lon="4.784782"><ele>93</ele></trkpt>
   <trkpt lat="44.79766" lon="4.784615"><ele>93</ele></trkpt>
   <trkpt lat="44.797489" lon="4.784467"><ele>92.75</ele></trkpt>
   <trkpt lat="44.797199" lon="4.784218"><ele>92.75</ele></trkpt>
   <trkpt lat="44.796924" lon="4.783984"><ele>93</ele></trkpt>
   <trkpt lat="44.796699" lon="4.783809"><ele>92.75</ele></trkpt>
   <trkpt lat="44.796559" lon="4.783674"><ele>92.5</ele></trkpt>
   <trkpt lat="44.795868" lon="4.783224"><ele>92</ele></trkpt>
   <trkpt lat="44.795663" lon="4.783111"><ele>92</ele></trkpt>
   <trkpt lat="44.795256" lon="4.782893"><ele>92</ele></trkpt>
   <trkpt lat="44.795035" lon="4.782781"><ele>92</ele></trkpt>
   <trkpt lat="44.794787" lon="4.782532"><ele>92.75</ele></trkpt>
   <trkpt lat="44.794331" lon="4.781957"><ele>93.5</ele></trkpt>
   <trkpt lat="44.793905" lon="4.78169"><ele>92.75</ele></trkpt>
   <trkpt lat="44.793611" lon="4.781523"><ele>92.75</ele></trkpt>
   <trkpt lat="44.793563" lon="4.78151"><ele>92.75</ele></trkpt>
   <trkpt lat="44.793388" lon="4.781361"><ele>92</ele></trkpt>
   <trkpt lat="44.793282" lon="4.781235"><ele>92</ele></trkpt>
   <trkpt lat="44.793146" lon="4.781126"><ele>92</ele></trkpt>
   <trkpt lat="44.792988" lon="4.780971"><ele>92</ele></trkpt>
   <trkpt lat="44.792836" lon="4.780855"><ele>92</ele></trkpt>
   <trkpt lat="44.792362" lon="4.780579"><ele>92</ele></trkpt>
   <trkpt lat="44.792132" lon="4.780407"><ele>91.25</ele></trkpt>
   <trkpt lat="44.791544" lon="4.779903"><ele>91.75</ele></trkpt>
   <trkpt lat="44.790803" lon="4.779305"><ele>91</ele></trkpt>
   <trkpt lat="44.79039" lon="4.778954"><ele>91.5</ele></trkpt>
   <trkpt lat="44.790036" lon="4.778635"><ele>91.75</ele></trkpt>
   <trkpt lat="44.7896" lon="4.778224"><ele>91.75</ele></trkpt>
   <trkpt lat="44.788991" lon="4.777677"><ele>91.5</ele></trkpt>
   <trkpt lat="44.788399" lon="4.777167"><ele>91.5</ele></trkpt>
   <trkpt lat="44.788144" lon="4.776958"><ele>91.5</ele></trkpt>
   <trkpt lat="44.787725" lon="4.77665"><ele>91.75</ele></trkpt>
   <trkpt lat="44.787034" lon="4.776215"><ele>91.25</ele></trkpt>
   <trkpt lat="44.786292" lon="4.775698"><ele>90.5</ele></trkpt>
   <trkpt lat="44.785892" lon="4.775445"><ele>90.5</ele></trkpt>
   <trkpt lat="44.785644" lon="4.77533"><ele>90.5</ele></trkpt>
   <trkpt lat="44.785222" lon="4.77519"><ele>90.25</ele></trkpt>
   <trkpt lat="44.784841" lon="4.775075"><ele>90.5</ele></trkpt>
   <trkpt lat="44.784405" lon="4.774919"><ele>90.25</ele></trkpt>
   <trkpt lat="44.78398" lon="4.774785"><ele>91.25</ele></trkpt>
   <trkpt lat="44.783628" lon="4.774662"><ele>90.5</ele></trkpt>
   <trkpt lat="44.782576" lon="4.774276"><ele>90.5</ele></trkpt>
   <trkpt lat="44.782351" lon="4.77419"><ele>90.75</ele></trkpt>
   <trkpt lat="44.782187" lon="4.774117"><ele>90.25</ele></trkpt>
   <trkpt lat="44.782094" lon="4.773983"><ele>89.75</ele></trkpt>
   <trkpt lat="44.78198" lon="4.773892"><ele>90.5</ele></trkpt>
   <trkpt lat="44.781909" lon="4.773852"><ele>90.5</ele></trkpt>
   <trkpt lat="44.781751" lon="4.773686"><ele>89.75</ele></trkpt>
   <trkpt lat="44.781671" lon="4.773647"><ele>89.75</ele></trkpt>
   <trkpt lat="44.781599" lon="4.773672"><ele>89.75</ele></trkpt>
   <trkpt lat="44.781549" lon="4.773726"><ele>90</ele></trkpt>
   <trkpt lat="44.781519" lon="4.773801"><ele>90.25</ele></trkpt>
   <trkpt lat="44.781523" lon="4.773914"><ele>90</ele></trkpt>
   <trkpt lat="44.781587" lon="4.774162"><ele>90.25</ele></trkpt>
   <trkpt lat="44.781577" lon="4.774223"><ele>90.25</ele></trkpt>
   <trkpt lat="44.781544" lon="4.774255"><ele>90.25</ele></trkpt>
   <trkpt lat="44.78151" lon="4.774251"><ele>90.25</ele></trkpt>
   <trkpt lat="44.781466" lon="4.774216"><ele>90.5</ele></trkpt>
   <trkpt lat="44.781403" lon="4.774131"><ele>91</ele></trkpt>
   <trkpt lat="44.781364" lon="4.774122"><ele>91</ele></trkpt>
   <trkpt lat="44.781319" lon="4.774124"><ele>90.75</ele></trkpt>
   <trkpt lat="44.781281" lon="4.774147"><ele>90.5</ele></trkpt>
   <trkpt lat="44.781074" lon="4.774333"><ele>90.5</ele></trkpt>
   <trkpt lat="44.781028" lon="4.774343"><ele>90.5</ele></trkpt>
   <trkpt lat="44.78094" lon="4.77436"><ele>90.75</ele></trkpt>
   <trkpt lat="44.780928" lon="4.774276"><ele>90.75</ele></trkpt>
   <trkpt lat="44.78078" lon="4.773827"><ele>90.5</ele></trkpt>
   <trkpt lat="44.780709" lon="4.773668"><ele>90</ele></trkpt>
   <trkpt lat="44.780164" lon="4.772554"><ele>90.5</ele></trkpt>
   <trkpt lat="44.780017" lon="4.772229"><ele>90.75</ele></trkpt>
   <trkpt lat="44.779909" lon="4.771948"><ele>90</ele></trkpt>
   <trkpt lat="44.77979" lon="4.771674"><ele>90.25</ele></trkpt>
   <trkpt lat="44.779652" lon="4.771379"><ele>89</ele></trkpt>
   <trkpt lat="44.779247" lon="4.770672"><ele>90</ele></trkpt>
   <trkpt lat="44.77884" lon="4.770092"><ele>89.75</ele></trkpt>
   <trkpt lat="44.7785" lon="4.769722"><ele>90.25</ele></trkpt>
   <trkpt lat="44.777619" lon="4.768838"><ele>90.75</ele></trkpt>
   <trkpt lat="44.776844" lon="4.768066"><ele>90.25</ele></trkpt>
   <trkpt lat="44.776219" lon="4.767472"><ele>90.25</ele></trkpt>
   <trkpt lat="44.776123" lon="4.767452"><ele>90.25</ele></trkpt>
   <trkpt lat="44.775881" lon="4.767485"><ele>90</ele></trkpt>
   <trkpt lat="44.775516" lon="4.767654"><ele>89.5</ele></trkpt>
   <trkpt lat="44.775096" lon="4.767812"><ele>89.25</ele></trkpt>
   <trkpt lat="44.774887" lon="4.767844"><ele>89</ele></trkpt>
   <trkpt lat="44.774497" lon="4.767858"><ele>89.25</ele></trkpt>
   <trkpt lat="44.774084" lon="4.767771"><ele>89.25</ele></trkpt>
   <trkpt lat="44.773782" lon="4.767723"><ele>89.5</ele></trkpt>
   <trkpt lat="44.77359" lon="4.767665"><ele>89</ele></trkpt>
   <trkpt lat="44.773266" lon="4.767666"><ele>88.5</ele></trkpt>
   <trkpt lat="44.77302" lon="4.767653"><ele>88</ele></trkpt>
   <trkpt lat="44.772706" lon="4.767626"><ele>89</ele></trkpt>
   <trkpt lat="44.772568" lon="4.768294"><ele>92.75</ele></trkpt>
   <trkpt lat="44.772495" lon="4.76904"><ele>93.75</ele></trkpt>
   <trkpt lat="44.770789" lon="4.768922"><ele>92.75</ele></trkpt>
   <trkpt lat="44.770764" lon="4.76892"><ele>92.25</ele></trkpt>
   <trkpt lat="44.770787" lon="4.768562"><ele>92.75</ele></trkpt>
   <trkpt lat="44.770791" lon="4.768387"><ele>93</ele></trkpt>
   <trkpt lat="44.770789" lon="4.767568"><ele>93.25</ele></trkpt>
   <trkpt lat="44.770751" lon="4.766524"><ele>91.25</ele></trkpt>
   <trkpt lat="44.770701" lon="4.766524"><ele>91</ele></trkpt>
   <trkpt lat="44.770651" lon="4.76707"><ele>91</ele></trkpt>
   <trkpt lat="44.770621" lon="4.767088"><ele>90.5</ele></trkpt>
   <trkpt lat="44.770593" lon="4.767019"><ele>90.25</ele></trkpt>
   <trkpt lat="44.770549" lon="4.766316"><ele>90.25</ele></trkpt>
   <trkpt lat="44.770502" lon="4.765943"><ele>91.25</ele></trkpt>
   <trkpt lat="44.770383" lon="4.765115"><ele>91</ele></trkpt>
   <trkpt lat="44.770315" lon="4.764717"><ele>91.25</ele></trkpt>
   <trkpt lat="44.770233" lon="4.764346"><ele>91.5</ele></trkpt>
   <trkpt lat="44.770026" lon="4.763521"><ele>90.5</ele></trkpt>
   <trkpt lat="44.769792" lon="4.762698"><ele>90.5</ele></trkpt>
   <trkpt lat="44.769745" lon="4.762548"><ele>90.75</ele></trkpt>
   <trkpt lat="44.769647" lon="4.762276"><ele>91</ele></trkpt>
   <trkpt lat="44.769484" lon="4.761875"><ele>90.75</ele></trkpt>
   <trkpt lat="44.769411" lon="4.761711"><ele>91</ele></trkpt>
   <trkpt lat="44.769327" lon="4.761543"><ele>90.75</ele></trkpt>
   <trkpt lat="44.769103" lon="4.761129"><ele>90.75</ele></trkpt>
   <trkpt lat="44.768905" lon="4.76082"><ele>91.25</ele></trkpt>
   <trkpt lat="44.768568" lon="4.760433"><ele>90.75</ele></trkpt>
   <trkpt lat="44.768349" lon="4.760212"><ele>90.75</ele></trkpt>
   <trkpt lat="44.768198" lon="4.760084"><ele>90.75</ele></trkpt>
   <trkpt lat="44.768038" lon="4.759963"><ele>91</ele></trkpt>
   <trkpt lat="44.767721" lon="4.759747"><ele>90.75</ele></trkpt>
   <trkpt lat="44.763571" lon="4.757843"><ele>89.75</ele></trkpt>
   <trkpt lat="44.762743" lon="4.757448"><ele>90</ele></trkpt>
   <trkpt lat="44.760787" lon="4.756556"><ele>89.25</ele></trkpt>
   <trkpt lat="44.760459" lon="4.756392"><ele>89.5</ele></trkpt>
   <trkpt lat="44.75991" lon="4.756142"><ele>89.25</ele></trkpt>
   <trkpt lat="44.759482" lon="4.755958"><ele>89.25</ele></trkpt>
   <trkpt lat="44.759223" lon="4.755856"><ele>89</ele></trkpt>
   <trkpt lat="44.758974" lon="4.755774"><ele>89</ele></trkpt>
   <trkpt lat="44.758777" lon="4.755718"><ele>89.25</ele></trkpt>
   <trkpt lat="44.75842" lon="4.755631"><ele>89</ele></trkpt>
   <trkpt lat="44.758105" lon="4.755567"><ele>89</ele></trkpt>
   <trkpt lat="44.757552" lon="4.755501"><ele>89.5</ele></trkpt>
   <trkpt lat="44.757449" lon="4.755482"><ele>89.5</ele></trkpt>
   <trkpt lat="44.757351" lon="4.755502"><ele>89</ele></trkpt>
   <trkpt lat="44.757031" lon="4.755477"><ele>90</ele></trkpt>
   <trkpt lat="44.757008" lon="4.755485"><ele>90</ele></trkpt>
   <trkpt lat="44.756966" lon="4.755522"><ele>90</ele></trkpt>
   <trkpt lat="44.756953" lon="4.755551"><ele>89.75</ele></trkpt>
   <trkpt lat="44.756945" lon="4.755594"><ele>89.75</ele></trkpt>
   <trkpt lat="44.756853" lon="4.756267"><ele>92.5</ele></trkpt>
   <trkpt lat="44.7568" lon="4.756562"><ele>91.25</ele></trkpt>
   <trkpt lat="44.756788" lon="4.756592"><ele>91</ele></trkpt>
   <trkpt lat="44.756744" lon="4.756639"><ele>90.75</ele></trkpt>
   <trkpt lat="44.756597" lon="4.756711"><ele>90.5</ele></trkpt>
   <trkpt lat="44.75653" lon="4.75676"><ele>90.25</ele></trkpt>
   <trkpt lat="44.756474" lon="4.756789"><ele>90.5</ele></trkpt>
   <trkpt lat="44.756425" lon="4.7568"><ele>91</ele></trkpt>
   <trkpt lat="44.756404" lon="4.756789"><ele>91.25</ele></trkpt>
   <trkpt lat="44.756365" lon="4.756751"><ele>91.25</ele></trkpt>
   <trkpt lat="44.756341" lon="4.756695"><ele>91.5</ele></trkpt>
   <trkpt lat="44.756339" lon="4.756619"><ele>91.5</ele></trkpt>
   <trkpt lat="44.756358" lon="4.756276"><ele>91.75</ele></trkpt>
   <trkpt lat="44.756321" lon="4.756274"><ele>91.5</ele></trkpt>
   <trkpt lat="44.756264" lon="4.756268"><ele>91.25</ele></trkpt>
   <trkpt lat="44.756232" lon="4.756265"><ele>91</ele></trkpt>
   <trkpt lat="44.756273" lon="4.755503"><ele>91.25</ele></trkpt>
   <trkpt lat="44.756267" lon="4.755408"><ele>91.5</ele></trkpt>
   <trkpt lat="44.756251" lon="4.755343"><ele>91.75</ele></trkpt>
   <trkpt lat="44.756219" lon="4.755282"><ele>91.75</ele></trkpt>
   <trkpt lat="44.756166" lon="4.755259"><ele>92</ele></trkpt>
   <trkpt lat="44.756071" lon="4.755248"><ele>92</ele></trkpt>
   <trkpt lat="44.756051" lon="4.755202"><ele>92</ele></trkpt>
   <trkpt lat="44.756039" lon="4.75512"><ele>92.25</ele></trkpt>
   <trkpt lat="44.756045" lon="4.755074"><ele>92.25</ele></trkpt>
   <trkpt lat="44.756102" lon="4.75491"><ele>92.5</ele></trkpt>
   <trkpt lat="44.756173" lon="4.754772"><ele>92.25</ele></trkpt>
   <trkpt lat="44.756221" lon="4.754707"><ele>92.25</ele></trkpt>
   <trkpt lat="44.756271" lon="4.754663"><ele>92</ele></trkpt>
   <trkpt lat="44.756267" lon="4.754618"><ele>91.5</ele></trkpt>
   <trkpt lat="44.755903" lon="4.750846"><ele>90.5</ele></trkpt>
   <trkpt lat="44.755901" lon="4.750824"><ele>90.75</ele></trkpt>
   <trkpt lat="44.755854" lon="4.750786"><ele>91</ele></trkpt>
   <trkpt lat="44.755833" lon="4.750542"><ele>91.75</ele></trkpt>
   <trkpt lat="44.755837" lon="4.750522"><ele>91.75</ele></trkpt>
   <trkpt lat="44.755862" lon="4.750496"><ele>91.75</ele></trkpt>
   <trkpt lat="44.755876" lon="4.750343"><ele>91.25</ele></trkpt>
   <trkpt lat="44.755846" lon="4.750206"><ele>91.5</ele></trkpt>
   <trkpt lat="44.75583" lon="4.75014"><ele>91.75</ele></trkpt>
   <trkpt lat="44.755838" lon="4.74996"><ele>92.5</ele></trkpt>
   <trkpt lat="44.75583" lon="4.749819"><ele>91.5</ele></trkpt>
   <trkpt lat="44.755807" lon="4.749785"><ele>91.5</ele></trkpt>
   <trkpt lat="44.755683" lon="4.749777"><ele>91.75</ele></trkpt>
   <trkpt lat="44.755566" lon="4.749746"><ele>92</ele></trkpt>
   <trkpt lat="44.755295" lon="4.749654"><ele>94</ele></trkpt>
   <trkpt lat="44.755286" lon="4.749629"><ele>93.75</ele></trkpt>
   <trkpt lat="44.755287" lon="4.749587"><ele>93.25</ele></trkpt>
   <trkpt lat="44.755287" lon="4.749497"><ele>92.5</ele></trkpt>
   <trkpt lat="44.755288" lon="4.749455"><ele>92</ele></trkpt>
   <trkpt lat="44.755265" lon="4.749397"><ele>91.75</ele></trkpt>
   <trkpt lat="44.755252" lon="4.74886"><ele>90</ele></trkpt>
   <trkpt lat="44.755199" lon="4.748801"><ele>90</ele></trkpt>
   <trkpt lat="44.755213" lon="4.748595"><ele>90</ele></trkpt>
   <trkpt lat="44.75517" lon="4.748524"><ele>90</ele></trkpt>
   <trkpt lat="44.755163" lon="4.748393"><ele>90</ele></trkpt>
   <trkpt lat="44.755018" lon="4.7484"><ele>90</ele></trkpt>
   <trkpt lat="44.75481" lon="4.748611"><ele>91.25</ele></trkpt>
   <trkpt lat="44.75479" lon="4.748576"><ele>91.25</ele></trkpt>
   <trkpt lat="44.754968" lon="4.748401"><ele>90</ele></trkpt>
   <trkpt lat="44.75495" lon="4.748367"><ele>90</ele></trkpt>
   <trkpt lat="44.754772" lon="4.748548"><ele>91.25</ele></trkpt>
   <trkpt lat="44.754717" lon="4.748621"><ele>91.75</ele></trkpt>
   <trkpt lat="44.754379" lon="4.74815"><ele>90.5</ele></trkpt>
   <trkpt lat="44.754343" lon="4.748177"><ele>90.5</ele></trkpt>
   <trkpt lat="44.754175" lon="4.748435"><ele>90.5</ele></trkpt>
   <trkpt lat="44.754158" lon="4.748424"><ele>90.75</ele></trkpt>
   <trkpt lat="44.754112" lon="4.748364"><ele>91.5</ele></trkpt>
   <trkpt lat="44.754272" lon="4.748096"><ele>90.75</ele></trkpt>
   <trkpt lat="44.75438" lon="4.748011"><ele>91</ele></trkpt>
   <trkpt lat="44.75433" lon="4.747984"><ele>91</ele></trkpt>
   <trkpt lat="44.75415" lon="4.748002"><ele>91</ele></trkpt>
   <trkpt lat="44.753554" lon="4.747825"><ele>91.25</ele></trkpt>
   <trkpt lat="44.753518" lon="4.74778"><ele>91</ele></trkpt>
   <trkpt lat="44.753511" lon="4.747758"><ele>91</ele></trkpt>
   <trkpt lat="44.753507" lon="4.747733"><ele>91</ele></trkpt>
   <trkpt lat="44.75352" lon="4.747624"><ele>91.5</ele></trkpt>
   <trkpt lat="44.753332" lon="4.747566"><ele>91.75</ele></trkpt>
   <trkpt lat="44.753311" lon="4.74757"><ele>91.5</ele></trkpt>
   <trkpt lat="44.75329" lon="4.747595"><ele>91.5</ele></trkpt>
   <trkpt lat="44.753256" lon="4.747725"><ele>91</ele></trkpt>
   <trkpt lat="44.753216" lon="4.747741"><ele>91</ele></trkpt>
   <trkpt lat="44.752614" lon="4.747632"><ele>91.75</ele></trkpt>
   <trkpt lat="44.752356" lon="4.747579"><ele>92</ele></trkpt>
   <trkpt lat="44.751958" lon="4.747495"><ele>92</ele></trkpt>
   <trkpt lat="44.751297" lon="4.747337"><ele>92</ele></trkpt>
   <trkpt lat="44.751052" lon="4.747291"><ele>92</ele></trkpt>
   <trkpt lat="44.750709" lon="4.747251"><ele>91.75</ele></trkpt>
   <trkpt lat="44.750642" lon="4.747223"><ele>91.75</ele></trkpt>
   <trkpt lat="44.750616" lon="4.747217"><ele>92</ele></trkpt>
   <trkpt lat="44.750446" lon="4.74715"><ele>91.75</ele></trkpt>
   <trkpt lat="44.749956" lon="4.746905"><ele>91</ele></trkpt>
   <trkpt lat="44.749615" lon="4.746753"><ele>91</ele></trkpt>
   <trkpt lat="44.749523" lon="4.74672"><ele>90.5</ele></trkpt>
   <trkpt lat="44.749394" lon="4.746656"><ele>90</ele></trkpt>
   <trkpt lat="44.749297" lon="4.746605"><ele>90.5</ele></trkpt>
   <trkpt lat="44.749215" lon="4.746568"><ele>91</ele></trkpt>
   <trkpt lat="44.749007" lon="4.746433"><ele>90.75</ele></trkpt>
   <trkpt lat="44.748867" lon="4.746366"><ele>90</ele></trkpt>
   <trkpt lat="44.748617" lon="4.746255"><ele>90</ele></trkpt>
   <trkpt lat="44.748577" lon="4.74623"><ele>89.75</ele></trkpt>
   <trkpt lat="44.74829" lon="4.746098"><ele>89</ele></trkpt>
   <trkpt lat="44.747985" lon="4.745924"><ele>89</ele></trkpt>
   <trkpt lat="44.747853" lon="4.745825"><ele>89</ele></trkpt>
   <trkpt lat="44.747754" lon="4.745699"><ele>89</ele></trkpt>
   <trkpt lat="44.74767" lon="4.745465"><ele>89</ele></trkpt>
   <trkpt lat="44.747641" lon="4.745415"><ele>89</ele></trkpt>
   <trkpt lat="44.747571" lon="4.745419"><ele>88.75</ele></trkpt>
   <trkpt lat="44.747487" lon="4.745344"><ele>89</ele></trkpt>
   <trkpt lat="44.747426" lon="4.745365"><ele>89</ele></trkpt>
   <trkpt lat="44.747341" lon="4.745382"><ele>89</ele></trkpt>
   <trkpt lat="44.747277" lon="4.745492"><ele>89</ele></trkpt>
   <trkpt lat="44.747204" lon="4.745588"><ele>88.75</ele></trkpt>
   <trkpt lat="44.74719" lon="4.745645"><ele>88.75</ele></trkpt>
   <trkpt lat="44.747122" lon="4.745651"><ele>88.75</ele></trkpt>
   <trkpt lat="44.747101" lon="4.745691"><ele>88.75</ele></trkpt>
   <trkpt lat="44.747086" lon="4.745728"><ele>88.5</ele></trkpt>
   <trkpt lat="44.746817" lon="4.745579"><ele>88.75</ele></trkpt>
   <trkpt lat="44.746573" lon="4.745466"><ele>88.75</ele></trkpt>
   <trkpt lat="44.746173" lon="4.745323"><ele>88.75</ele></trkpt>
   <trkpt lat="44.74583" lon="4.745176"><ele>88.5</ele></trkpt>
   <trkpt lat="44.745478" lon="4.745004"><ele>88.5</ele></trkpt>
   <trkpt lat="44.744488" lon="4.744541"><ele>89</ele></trkpt>
   <trkpt lat="44.743887" lon="4.744269"><ele>89.75</ele></trkpt>
   <trkpt lat="44.743443" lon="4.744041"><ele>90</ele></trkpt>
   <trkpt lat="44.743391" lon="4.744028"><ele>90.25</ele></trkpt>
   <trkpt lat="44.743266" lon="4.743985"><ele>90.5</ele></trkpt>
   <trkpt lat="44.743099" lon="4.743971"><ele>90.25</ele></trkpt>
   <trkpt lat="44.742741" lon="4.743888"><ele>91</ele></trkpt>
   <trkpt lat="44.742575" lon="4.743875"><ele>91</ele></trkpt>
   <trkpt lat="44.742531" lon="4.743875"><ele>91</ele></trkpt>
   <trkpt lat="44.742487" lon="4.74387"><ele>90.75</ele></trkpt>
   <trkpt lat="44.742412" lon="4.743892"><ele>90.25</ele></trkpt>
   <trkpt lat="44.742298" lon="4.743814"><ele>90</ele></trkpt>
   <trkpt lat="44.742118" lon="4.743754"><ele>89.75</ele></trkpt>
   <trkpt lat="44.742055" lon="4.743721"><ele>89.75</ele></trkpt>
   <trkpt lat="44.742008" lon="4.743708"><ele>89.75</ele></trkpt>
   <trkpt lat="44.741977" lon="4.744045"><ele>89</ele></trkpt>
   <trkpt lat="44.741947" lon="4.744367"><ele>88.25</ele></trkpt>
   <trkpt lat="44.741934" lon="4.744491"><ele>88</ele></trkpt>
   <trkpt lat="44.741823" lon="4.745589"><ele>88.5</ele></trkpt>
   <trkpt lat="44.741741" lon="4.746274"><ele>88.25</ele></trkpt>
   <trkpt lat="44.741706" lon="4.746507"><ele>88</ele></trkpt>
   <trkpt lat="44.741626" lon="4.746952"><ele>88.75</ele></trkpt>
   <trkpt lat="44.741573" lon="4.747213"><ele>88.5</ele></trkpt>
   <trkpt lat="44.741426" lon="4.748115"><ele>88.75</ele></trkpt>
   <trkpt lat="44.741407" lon="4.748112"><ele>88.75</ele></trkpt>
   <trkpt lat="44.741169" lon="4.748077"><ele>88</ele></trkpt>
   <trkpt lat="44.740753" lon="4.748031"><ele>88.75</ele></trkpt>
   <trkpt lat="44.739695" lon="4.747863"><ele>89.75</ele></trkpt>
   <trkpt lat="44.739586" lon="4.747845"><ele>89.5</ele></trkpt>
   <trkpt lat="44.7392" lon="4.747781"><ele>89.75</ele></trkpt>
   <trkpt lat="44.738699" lon="4.747716"><ele>90.25</ele></trkpt>
   <trkpt lat="44.737375" lon="4.747521"><ele>89</ele></trkpt>
   <trkpt lat="44.736924" lon="4.74747"><ele>90</ele></trkpt>
   <trkpt lat="44.736471" lon="4.747403"><ele>90.75</ele></trkpt>
   <trkpt lat="44.735535" lon="4.74725"><ele>89.25</ele></trkpt>
   <trkpt lat="44.734595" lon="4.747124"><ele>91</ele></trkpt>
   <trkpt lat="44.733437" lon="4.746944"><ele>90.5</ele></trkpt>
   <trkpt lat="44.732762" lon="4.746853"><ele>91.25</ele></trkpt>
   <trkpt lat="44.732141" lon="4.746751"><ele>92</ele></trkpt>
   <trkpt lat="44.731999" lon="4.746698"><ele>91.75</ele></trkpt>
   <trkpt lat="44.731973" lon="4.746783"><ele>92.25</ele></trkpt>
   <trkpt lat="44.731939" lon="4.746968"><ele>92.5</ele></trkpt>
   <trkpt lat="44.731907" lon="4.747086"><ele>91.25</ele></trkpt>
   <trkpt lat="44.731832" lon="4.747199"><ele>90.75</ele></trkpt>
   <trkpt lat="44.731726" lon="4.74729"><ele>91.25</ele></trkpt>
   <trkpt lat="44.731634" lon="4.7474"><ele>91</ele></trkpt>
   <trkpt lat="44.731581" lon="4.747505"><ele>90.5</ele></trkpt>
   <trkpt lat="44.731527" lon="4.747636"><ele>90.25</ele></trkpt>
   <trkpt lat="44.731289" lon="4.748258"><ele>90.5</ele></trkpt>
   <trkpt lat="44.730876" lon="4.749361"><ele>90</ele></trkpt>
   <trkpt lat="44.730694" lon="4.750012"><ele>89</ele></trkpt>
   <trkpt lat="44.730592" lon="4.750429"><ele>89.75</ele></trkpt>
   <trkpt lat="44.730553" lon="4.75068"><ele>90.5</ele></trkpt>
   <trkpt lat="44.730524" lon="4.750862"><ele>89.5</ele></trkpt>
   <trkpt lat="44.730438" lon="4.751514"><ele>88.25</ele></trkpt>
   <trkpt lat="44.73046" lon="4.751586"><ele>88.25</ele></trkpt>
   <trkpt lat="44.730508" lon="4.751666"><ele>88.75</ele></trkpt>
   <trkpt lat="44.731087" lon="4.75228"><ele>88</ele></trkpt>
   <trkpt lat="44.731234" lon="4.752538"><ele>87.75</ele></trkpt>
   <trkpt lat="44.731516" lon="4.753145"><ele>87</ele></trkpt>
   <trkpt lat="44.731671" lon="4.753455"><ele>86.75</ele></trkpt>
   <trkpt lat="44.731866" lon="4.753744"><ele>87</ele></trkpt>
   <trkpt lat="44.732097" lon="4.754007"><ele>87</ele></trkpt>
   <trkpt lat="44.732338" lon="4.75413"><ele>87</ele></trkpt>
   <trkpt lat="44.7327" lon="4.75417"><ele>87</ele></trkpt>
   <trkpt lat="44.732749" lon="4.754214"><ele>87</ele></trkpt>
   <trkpt lat="44.732767" lon="4.754301"><ele>87</ele></trkpt>
   <trkpt lat="44.732522" lon="4.756512"><ele>86</ele></trkpt>
   <trkpt lat="44.732078" lon="4.756515"><ele>86</ele></trkpt>
   <trkpt lat="44.731987" lon="4.756528"><ele>86</ele></trkpt>
   <trkpt lat="44.731897" lon="4.756557"><ele>86</ele></trkpt>
   <trkpt lat="44.731823" lon="4.756593"><ele>86</ele></trkpt>
   <trkpt lat="44.731282" lon="4.7569"><ele>86.25</ele></trkpt>
   <trkpt lat="44.731274" lon="4.756975"><ele>86.25</ele></trkpt>
   <trkpt lat="44.731229" lon="4.757029"><ele>86.5</ele></trkpt>
   <trkpt lat="44.731101" lon="4.75713"><ele>86.75</ele></trkpt>
   <trkpt lat="44.730908" lon="4.757183"><ele>86.75</ele></trkpt>
   <trkpt lat="44.730328" lon="4.756944"><ele>87.25</ele></trkpt>
   <trkpt lat="44.730111" lon="4.756858"><ele>87.25</ele></trkpt>
   <trkpt lat="44.730085" lon="4.756805"><ele>87.25</ele></trkpt>
   <trkpt lat="44.729344" lon="4.756771"><ele>86</ele></trkpt>
   <trkpt lat="44.72887" lon="4.756543"><ele>86.75</ele></trkpt>
   <trkpt lat="44.727932" lon="4.756059"><ele>87</ele></trkpt>
   <trkpt lat="44.727781" lon="4.756039"><ele>87</ele></trkpt>
   <trkpt lat="44.726768" lon="4.756612"><ele>86.75</ele></trkpt>
   <trkpt lat="44.726372" lon="4.756844"><ele>86</ele></trkpt>
   <trkpt lat="44.726278" lon="4.75694"><ele>86</ele></trkpt>
   <trkpt lat="44.726181" lon="4.757039"><ele>86</ele></trkpt>
   <trkpt lat="44.725942" lon="4.757535"><ele>86</ele></trkpt>
   <trkpt lat="44.725838" lon="4.757698"><ele>86</ele></trkpt>
   <trkpt lat="44.725687" lon="4.757807"><ele>86</ele></trkpt>
   <trkpt lat="44.724125" lon="4.758604"><ele>86</ele></trkpt>
   <trkpt lat="44.72379" lon="4.758836"><ele>86</ele></trkpt>
   <trkpt lat="44.723663" lon="4.758885"><ele>86</ele></trkpt>
   <trkpt lat="44.723472" lon="4.758828"><ele>86</ele></trkpt>
   <trkpt lat="44.723299" lon="4.758665"><ele>86</ele></trkpt>
   <trkpt lat="44.723125" lon="4.758454"><ele>86</ele></trkpt>
   <trkpt lat="44.722929" lon="4.75819"><ele>86</ele></trkpt>
   <trkpt lat="44.722756" lon="4.758092"><ele>85.75</ele></trkpt>
   <trkpt lat="44.722441" lon="4.75795"><ele>86</ele></trkpt>
   <trkpt lat="44.722247" lon="4.757807"><ele>86</ele></trkpt>
   <trkpt lat="44.721973" lon="4.757543"><ele>86</ele></trkpt>
   <trkpt lat="44.721641" lon="4.757336"><ele>85.75</ele></trkpt>
   <trkpt lat="44.721369" lon="4.756998"><ele>85.5</ele></trkpt>
   <trkpt lat="44.721054" lon="4.756694"><ele>85.75</ele></trkpt>
   <trkpt lat="44.720657" lon="4.756439"><ele>85.75</ele></trkpt>
   <trkpt lat="44.720604" lon="4.756405"><ele>85.75</ele></trkpt>
   <trkpt lat="44.720419" lon="4.756368"><ele>86</ele></trkpt>
   <trkpt lat="44.720086" lon="4.756531"><ele>85.25</ele></trkpt>
   <trkpt lat="44.719893" lon="4.75658"><ele>85.25</ele></trkpt>
   <trkpt lat="44.719445" lon="4.756572"><ele>85.25</ele></trkpt>
   <trkpt lat="44.719009" lon="4.756592"><ele>85.25</ele></trkpt>
   <trkpt lat="44.718625" lon="4.756653"><ele>85.75</ele></trkpt>
   <trkpt lat="44.718203" lon="4.756791"><ele>85.25</ele></trkpt>
   <trkpt lat="44.717957" lon="4.756933"><ele>86</ele></trkpt>
   <trkpt lat="44.717734" lon="4.756771"><ele>87</ele></trkpt>
   <trkpt lat="44.717319" lon="4.757528"><ele>86</ele></trkpt>
   <trkpt lat="44.716606" lon="4.75879"><ele>86.5</ele></trkpt>
   <trkpt lat="44.716073" lon="4.759667"><ele>87.25</ele></trkpt>
   <trkpt lat="44.716056" lon="4.759693"><ele>87.25</ele></trkpt>
   <trkpt lat="44.715726" lon="4.760214"><ele>87</ele></trkpt>
   <trkpt lat="44.715595" lon="4.760424"><ele>87.75</ele></trkpt>
   <trkpt lat="44.715108" lon="4.761153"><ele>87.75</ele></trkpt>
   <trkpt lat="44.714948" lon="4.761435"><ele>88</ele></trkpt>
   <trkpt lat="44.714687" lon="4.76176"><ele>87.5</ele></trkpt>
   <trkpt lat="44.71417" lon="4.762237"><ele>87.75</ele></trkpt>
   <trkpt lat="44.71431" lon="4.762536"><ele>86</ele></trkpt>
   <trkpt lat="44.714314" lon="4.762577"><ele>85.5</ele></trkpt>
   <trkpt lat="44.714317" lon="4.762605"><ele>85.25</ele></trkpt>
   <trkpt lat="44.714306" lon="4.76266"><ele>85</ele></trkpt>
   <trkpt lat="44.714099" lon="4.762856"><ele>85.5</ele></trkpt>
   <trkpt lat="44.713805" lon="4.76308"><ele>84.75</ele></trkpt>
   <trkpt lat="44.71357" lon="4.763245"><ele>84.5</ele></trkpt>
   <trkpt lat="44.712979" lon="4.763722"><ele>84.25</ele></trkpt>
   <trkpt lat="44.712696" lon="4.764032"><ele>84.25</ele></trkpt>
   <trkpt lat="44.712499" lon="4.764246"><ele>84.25</ele></trkpt>
   <trkpt lat="44.712464" lon="4.764273"><ele>84.25</ele></trkpt>
   <trkpt lat="44.712449" lon="4.764363"><ele>83.5</ele></trkpt>
   <trkpt lat="44.712442" lon="4.764378"><ele>83.5</ele></trkpt>
   <trkpt lat="44.712408" lon="4.764448"><ele>83.25</ele></trkpt>
   <trkpt lat="44.711956" lon="4.764852"><ele>82.75</ele></trkpt>
   <trkpt lat="44.71179" lon="4.764948"><ele>83.25</ele></trkpt>
   <trkpt lat="44.711699" lon="4.764945"><ele>84</ele></trkpt>
   <trkpt lat="44.711562" lon="4.765111"><ele>83.75</ele></trkpt>
   <trkpt lat="44.711519" lon="4.765148"><ele>83.75</ele></trkpt>
   <trkpt lat="44.711474" lon="4.765183"><ele>84</ele></trkpt>
   <trkpt lat="44.711329" lon="4.765322"><ele>84</ele></trkpt>
   <trkpt lat="44.711242" lon="4.765476"><ele>84</ele></trkpt>
   <trkpt lat="44.711214" lon="4.765524"><ele>84</ele></trkpt>
   <trkpt lat="44.711132" lon="4.765577"><ele>84.5</ele></trkpt>
   <trkpt lat="44.711035" lon="4.765628"><ele>84.5</ele></trkpt>
   <trkpt lat="44.710852" lon="4.765695"><ele>85.25</ele></trkpt>
   <trkpt lat="44.710759" lon="4.765752"><ele>85.25</ele></trkpt>
   <trkpt lat="44.71073" lon="4.765867"><ele>84.75</ele></trkpt>
   <trkpt lat="44.710634" lon="4.766054"><ele>84.5</ele></trkpt>
   <trkpt lat="44.7106" lon="4.766102"><ele>84.5</ele></trkpt>
   <trkpt lat="44.710489" lon="4.766273"><ele>84</ele></trkpt>
   <trkpt lat="44.71036" lon="4.766396"><ele>84.25</ele></trkpt>
   <trkpt lat="44.710077" lon="4.766616"><ele>83.25</ele></trkpt>
   <trkpt lat="44.709782" lon="4.766832"><ele>83.5</ele></trkpt>
   <trkpt lat="44.709453" lon="4.766997"><ele>83.75</ele></trkpt>
   <trkpt lat="44.709228" lon="4.767212"><ele>84</ele></trkpt>
   <trkpt lat="44.709174" lon="4.767361"><ele>83.5</ele></trkpt>
   <trkpt lat="44.709109" lon="4.767431"><ele>83.25</ele></trkpt>
   <trkpt lat="44.708947" lon="4.767431"><ele>83.75</ele></trkpt>
   <trkpt lat="44.708508" lon="4.767591"><ele>84</ele></trkpt>
   <trkpt lat="44.708068" lon="4.767554"><ele>84.25</ele></trkpt>
   <trkpt lat="44.707125" lon="4.767558"><ele>83.5</ele></trkpt>
   <trkpt lat="44.706814" lon="4.76764"><ele>83</ele></trkpt>
   <trkpt lat="44.706527" lon="4.767615"><ele>83.25</ele></trkpt>
   <trkpt lat="44.706232" lon="4.767549"><ele>83.5</ele></trkpt>
   <trkpt lat="44.705936" lon="4.767376"><ele>83</ele></trkpt>
   <trkpt lat="44.705721" lon="4.767294"><ele>83</ele></trkpt>
   <trkpt lat="44.70557" lon="4.767337"><ele>82.75</ele></trkpt>
   <trkpt lat="44.705439" lon="4.767305"><ele>82.75</ele></trkpt>
   <trkpt lat="44.705103" lon="4.766959"><ele>83.75</ele></trkpt>
   <trkpt lat="44.704897" lon="4.766876"><ele>83.75</ele></trkpt>
   <trkpt lat="44.704766" lon="4.766818"><ele>83.75</ele></trkpt>
   <trkpt lat="44.704435" lon="4.766766"><ele>83.25</ele></trkpt>
   <trkpt lat="44.704045" lon="4.766802"><ele>82.75</ele></trkpt>
   <trkpt lat="44.703794" lon="4.76685"><ele>82.75</ele></trkpt>
   <trkpt lat="44.703389" lon="4.766952"><ele>83.5</ele></trkpt>
   <trkpt lat="44.703189" lon="4.767031"><ele>83.25</ele></trkpt>
   <trkpt lat="44.703066" lon="4.767135"><ele>83.25</ele></trkpt>
   <trkpt lat="44.702803" lon="4.767398"><ele>83</ele></trkpt>
   <trkpt lat="44.702708" lon="4.76734"><ele>83.75</ele></trkpt>
   <trkpt lat="44.70266" lon="4.767161"><ele>84.5</ele></trkpt>
   <trkpt lat="44.702558" lon="4.766681"><ele>85</ele></trkpt>
   <trkpt lat="44.702518" lon="4.766591"><ele>86.25</ele></trkpt>
   <trkpt lat="44.702476" lon="4.766586"><ele>86.5</ele></trkpt>
   <trkpt lat="44.702409" lon="4.766612"><ele>86.25</ele></trkpt>
   <trkpt lat="44.701907" lon="4.766906"><ele>87.5</ele></trkpt>
   <trkpt lat="44.701788" lon="4.766877"><ele>88.25</ele></trkpt>
   <trkpt lat="44.701735" lon="4.766719"><ele>88.25</ele></trkpt>
   <trkpt lat="44.701659" lon="4.766644"><ele>88</ele></trkpt>
   <trkpt lat="44.701598" lon="4.766677"><ele>88</ele></trkpt>
   <trkpt lat="44.701568" lon="4.766637"><ele>88</ele></trkpt>
   <trkpt lat="44.701503" lon="4.766747"><ele>88.25</ele></trkpt>
   <trkpt lat="44.701419" lon="4.766823"><ele>88.5</ele></trkpt>
   <trkpt lat="44.699867" lon="4.767713"><ele>86.5</ele></trkpt>
   <trkpt lat="44.699078" lon="4.768196"><ele>87</ele></trkpt>
   <trkpt lat="44.699031" lon="4.768242"><ele>87</ele></trkpt>
   <trkpt lat="44.699046" lon="4.768293"><ele>87.75</ele></trkpt>
   <trkpt lat="44.699132" lon="4.768565"><ele>86</ele></trkpt>
   <trkpt lat="44.699164" lon="4.768622"><ele>84.75</ele></trkpt>
   <trkpt lat="44.699074" lon="4.768707"><ele>85.25</ele></trkpt>
   <trkpt lat="44.698848" lon="4.768862"><ele>84.75</ele></trkpt>
   <trkpt lat="44.698694" lon="4.768942"><ele>85.75</ele></trkpt>
   <trkpt lat="44.698443" lon="4.769017"><ele>87.25</ele></trkpt>
   <trkpt lat="44.697868" lon="4.769363"><ele>87</ele></trkpt>
   <trkpt lat="44.697365" lon="4.769677"><ele>87.25</ele></trkpt>
   <trkpt lat="44.697288" lon="4.769718"><ele>87.5</ele></trkpt>
   <trkpt lat="44.696614" lon="4.770124"><ele>85.75</ele></trkpt>
   <trkpt lat="44.696298" lon="4.77035"><ele>84.75</ele></trkpt>
   <trkpt lat="44.695422" lon="4.770883"><ele>85</ele></trkpt>
   <trkpt lat="44.694483" lon="4.771404"><ele>85.5</ele></trkpt>
   <trkpt lat="44.694237" lon="4.771525"><ele>87</ele></trkpt>
   <trkpt lat="44.694088" lon="4.771616"><ele>86.5</ele></trkpt>
   <trkpt lat="44.693966" lon="4.771683"><ele>86.5</ele></trkpt>
   <trkpt lat="44.693714" lon="4.771862"><ele>86.5</ele></trkpt>
   <trkpt lat="44.693263" lon="4.772127"><ele>86</ele></trkpt>
   <trkpt lat="44.693243" lon="4.772166"><ele>85.75</ele></trkpt>
   <trkpt lat="44.69325" lon="4.772255"><ele>85.25</ele></trkpt>
   <trkpt lat="44.693225" lon="4.772285"><ele>85.25</ele></trkpt>
   <trkpt lat="44.6924" lon="4.772609"><ele>85.5</ele></trkpt>
   <trkpt lat="44.691745" lon="4.772826"><ele>84</ele></trkpt>
   <trkpt lat="44.691494" lon="4.772904"><ele>84</ele></trkpt>
   <trkpt lat="44.691393" lon="4.772921"><ele>84</ele></trkpt>
   <trkpt lat="44.691106" lon="4.772932"><ele>83.25</ele></trkpt>
   <trkpt lat="44.69049" lon="4.772954"><ele>83</ele></trkpt>
   <trkpt lat="44.690439" lon="4.772952"><ele>83</ele></trkpt>
   <trkpt lat="44.690392" lon="4.77295"><ele>83</ele></trkpt>
   <trkpt lat="44.689901" lon="4.772925"><ele>83.25</ele></trkpt>
   <trkpt lat="44.688904" lon="4.772857"><ele>82</ele></trkpt>
   <trkpt lat="44.68791" lon="4.772767"><ele>82</ele></trkpt>
   <trkpt lat="44.687006" lon="4.772712"><ele>82</ele></trkpt>
   <trkpt lat="44.686339" lon="4.772693"><ele>82</ele></trkpt>
   <trkpt lat="44.686277" lon="4.77269"><ele>82</ele></trkpt>
   <trkpt lat="44.686279" lon="4.772545"><ele>82</ele></trkpt>
   <trkpt lat="44.686134" lon="4.77255"><ele>82</ele></trkpt>
   <trkpt lat="44.685682" lon="4.772528"><ele>82</ele></trkpt>
   <trkpt lat="44.684278" lon="4.772362"><ele>83.25</ele></trkpt>
   <trkpt lat="44.684142" lon="4.772375"><ele>83.25</ele></trkpt>
   <trkpt lat="44.683771" lon="4.772431"><ele>82.75</ele></trkpt>
   <trkpt lat="44.68245" lon="4.772516"><ele>84</ele></trkpt>
   <trkpt lat="44.682282" lon="4.772502"><ele>84.75</ele></trkpt>
   <trkpt lat="44.681999" lon="4.772452"><ele>85</ele></trkpt>
   <trkpt lat="44.681433" lon="4.772288"><ele>88.75</ele></trkpt>
   <trkpt lat="44.681057" lon="4.772241"><ele>90</ele></trkpt>
   <trkpt lat="44.680507" lon="4.772185"><ele>91.25</ele></trkpt>
   <trkpt lat="44.680258" lon="4.772196"><ele>91.5</ele></trkpt>
   <trkpt lat="44.680189" lon="4.772201"><ele>91.75</ele></trkpt>
   <trkpt lat="44.680104" lon="4.772147"><ele>91.25</ele></trkpt>
   <trkpt lat="44.679816" lon="4.772204"><ele>90.75</ele></trkpt>
   <trkpt lat="44.679776" lon="4.772212"><ele>90.5</ele></trkpt>
   <trkpt lat="44.679675" lon="4.772236"><ele>90.25</ele></trkpt>
   <trkpt lat="44.679592" lon="4.772255"><ele>91</ele></trkpt>
   <trkpt lat="44.679496" lon="4.772318"><ele>92</ele></trkpt>
   <trkpt lat="44.679456" lon="4.772449"><ele>92</ele></trkpt>
   <trkpt lat="44.679456" lon="4.77273"><ele>91.75</ele></trkpt>
   <trkpt lat="44.679515" lon="4.773261"><ele>89</ele></trkpt>
   <trkpt lat="44.679496" lon="4.773457"><ele>88.5</ele></trkpt>
   <trkpt lat="44.679347" lon="4.774062"><ele>87</ele></trkpt>
   <trkpt lat="44.679273" lon="4.774903"><ele>85</ele></trkpt>
   <trkpt lat="44.679356" lon="4.775014"><ele>84.75</ele></trkpt>
   <trkpt lat="44.679306" lon="4.775451"><ele>83.5</ele></trkpt>
   <trkpt lat="44.679241" lon="4.775771"><ele>83.5</ele></trkpt>
   <trkpt lat="44.67909" lon="4.77616"><ele>83.25</ele></trkpt>
   <trkpt lat="44.67893" lon="4.776466"><ele>83.5</ele></trkpt>
   <trkpt lat="44.678753" lon="4.776697"><ele>83.25</ele></trkpt>
   <trkpt lat="44.67851" lon="4.776911"><ele>83.75</ele></trkpt>
   <trkpt lat="44.678205" lon="4.777062"><ele>83.25</ele></trkpt>
   <trkpt lat="44.677777" lon="4.777111"><ele>83</ele></trkpt>
   <trkpt lat="44.677126" lon="4.777024"><ele>83.25</ele></trkpt>
   <trkpt lat="44.676527" lon="4.776917"><ele>84.5</ele></trkpt>
   <trkpt lat="44.675989" lon="4.776901"><ele>83.75</ele></trkpt>
   <trkpt lat="44.675518" lon="4.777005"><ele>83</ele></trkpt>
   <trkpt lat="44.675028" lon="4.777204"><ele>83.75</ele></trkpt>
   <trkpt lat="44.674602" lon="4.777456"><ele>83.5</ele></trkpt>
   <trkpt lat="44.674238" lon="4.777756"><ele>83.5</ele></trkpt>
   <trkpt lat="44.673235" lon="4.778633"><ele>83.75</ele></trkpt>
   <trkpt lat="44.671835" lon="4.779795"><ele>82.75</ele></trkpt>
   <trkpt lat="44.671358" lon="4.78005"><ele>83.25</ele></trkpt>
   <trkpt lat="44.670687" lon="4.780243"><ele>83.25</ele></trkpt>
   <trkpt lat="44.668535" lon="4.780929"><ele>82.25</ele></trkpt>
   <trkpt lat="44.668153" lon="4.781037"><ele>83.25</ele></trkpt>
   <trkpt lat="44.666703" lon="4.781487"><ele>82.5</ele></trkpt>
   <trkpt lat="44.666075" lon="4.781501"><ele>82.5</ele></trkpt>
   <trkpt lat="44.665759" lon="4.781466"><ele>82.25</ele></trkpt>
   <trkpt lat="44.665642" lon="4.781454"><ele>82.5</ele></trkpt>
   <trkpt lat="44.665559" lon="4.781444"><ele>82.5</ele></trkpt>
   <trkpt lat="44.664918" lon="4.78123"><ele>82</ele></trkpt>
   <trkpt lat="44.663039" lon="4.780458"><ele>82.5</ele></trkpt>
   <trkpt lat="44.661576" lon="4.779899"><ele>82</ele></trkpt>
   <trkpt lat="44.661036" lon="4.779663"><ele>82.5</ele></trkpt>
   <trkpt lat="44.659698" lon="4.779148"><ele>83.5</ele></trkpt>
   <trkpt lat="44.658705" lon="4.778666"><ele>81.75</ele></trkpt>
   <trkpt lat="44.658248" lon="4.778339"><ele>82.5</ele></trkpt>
   <trkpt lat="44.658127" lon="4.778233"><ele>81.75</ele></trkpt>
   <trkpt lat="44.657481" lon="4.777669"><ele>82</ele></trkpt>
   <trkpt lat="44.657206" lon="4.777486"><ele>82.75</ele></trkpt>
   <trkpt lat="44.656908" lon="4.777354"><ele>81.75</ele></trkpt>
   <trkpt lat="44.655352" lon="4.776725"><ele>83</ele></trkpt>
   <trkpt lat="44.655216" lon="4.776615"><ele>83.5</ele></trkpt>
   <trkpt lat="44.655242" lon="4.776563"><ele>83</ele></trkpt>
   <trkpt lat="44.655329" lon="4.776099"><ele>81.5</ele></trkpt>
   <trkpt lat="44.654865" lon="4.775993"><ele>78</ele></trkpt>
   <trkpt lat="44.654092" lon="4.77558"><ele>77.75</ele></trkpt>
   <trkpt lat="44.651893" lon="4.773788"><ele>77.75</ele></trkpt>
   <trkpt lat="44.651632" lon="4.773561"><ele>77.5</ele></trkpt>
   <trkpt lat="44.648472" lon="4.770951"><ele>77</ele></trkpt>
   <trkpt lat="44.645828" lon="4.768729"><ele>76.5</ele></trkpt>
   <trkpt lat="44.640072" lon="4.763924"><ele>76.5</ele></trkpt>
   <trkpt lat="44.639589" lon="4.763562"><ele>76.75</ele></trkpt>
   <trkpt lat="44.639313" lon="4.763318"><ele>76.5</ele></trkpt>
   <trkpt lat="44.639159" lon="4.763085"><ele>76.75</ele></trkpt>
   <trkpt lat="44.638874" lon="4.762753"><ele>78.75</ele></trkpt>
   <trkpt lat="44.638848" lon="4.762693"><ele>78.25</ele></trkpt>
   <trkpt lat="44.63884" lon="4.762647"><ele>78</ele></trkpt>
   <trkpt lat="44.638841" lon="4.762549"><ele>78</ele></trkpt>
   <trkpt lat="44.638912" lon="4.76218"><ele>77.75</ele></trkpt>
   <trkpt lat="44.638982" lon="4.762037"><ele>76.75</ele></trkpt>
   <trkpt lat="44.639029" lon="4.761979"><ele>76.5</ele></trkpt>
   <trkpt lat="44.639036" lon="4.761841"><ele>75.75</ele></trkpt>
   <trkpt lat="44.63901" lon="4.761653"><ele>75</ele></trkpt>
   <trkpt lat="44.639009" lon="4.761514"><ele>75</ele></trkpt>
   <trkpt lat="44.63914" lon="4.759811"><ele>77</ele></trkpt>
   <trkpt lat="44.639193" lon="4.759348"><ele>75.75</ele></trkpt>
   <trkpt lat="44.639538" lon="4.757143"><ele>75</ele></trkpt>
   <trkpt lat="44.639611" lon="4.756392"><ele>76</ele></trkpt>
   <trkpt lat="44.639579" lon="4.755847"><ele>75.25</ele></trkpt>
   <trkpt lat="44.639601" lon="4.755694"><ele>76</ele></trkpt>
   <trkpt lat="44.639586" lon="4.755606"><ele>76.25</ele></trkpt>
   <trkpt lat="44.63947" lon="4.755361"><ele>76.5</ele></trkpt>
   <trkpt lat="44.639274" lon="4.754902"><ele>76.25</ele></trkpt>
   <trkpt lat="44.6389" lon="4.7545"><ele>76.25</ele></trkpt>
   <trkpt lat="44.638929" lon="4.75445"><ele>76.75</ele></trkpt>
   <trkpt lat="44.638969" lon="4.754381"><ele>76.5</ele></trkpt>
   <trkpt lat="44.637534" lon="4.752875"><ele>76</ele></trkpt>
   <trkpt lat="44.637399" lon="4.752713"><ele>76</ele></trkpt>
   <trkpt lat="44.63718" lon="4.752519"><ele>75.75</ele></trkpt>
   <trkpt lat="44.635825" lon="4.751084"><ele>76.75</ele></trkpt>
   <trkpt lat="44.635788" lon="4.751046"><ele>76.75</ele></trkpt>
   <trkpt lat="44.635756" lon="4.751005"><ele>76.75</ele></trkpt>
   <trkpt lat="44.635719" lon="4.750968"><ele>76.75</ele></trkpt>
   <trkpt lat="44.635681" lon="4.750932"><ele>76.75</ele></trkpt>
   <trkpt lat="44.635647" lon="4.750903"><ele>76.75</ele></trkpt>
   <trkpt lat="44.635564" lon="4.750852"><ele>76.75</ele></trkpt>
   <trkpt lat="44.634991" lon="4.750216"><ele>75.75</ele></trkpt>
   <trkpt lat="44.634967" lon="4.750123"><ele>76</ele></trkpt>
   <trkpt lat="44.634983" lon="4.750024"><ele>76</ele></trkpt>
   <trkpt lat="44.635616" lon="4.748153"><ele>75.75</ele></trkpt>
   <trkpt lat="44.635612" lon="4.748081"><ele>75.75</ele></trkpt>
   <trkpt lat="44.635581" lon="4.748038"><ele>75.75</ele></trkpt>
   <trkpt lat="44.634973" lon="4.747535"><ele>76</ele></trkpt>
   <trkpt lat="44.634604" lon="4.747305"><ele>75.25</ele></trkpt>
   <trkpt lat="44.634503" lon="4.747241"><ele>75</ele></trkpt>
   <trkpt lat="44.634261" lon="4.747059"><ele>76</ele></trkpt>
   <trkpt lat="44.634117" lon="4.747"><ele>76</ele></trkpt>
   <trkpt lat="44.633993" lon="4.746892"><ele>76.5</ele></trkpt>
   <trkpt lat="44.633928" lon="4.746813"><ele>76.75</ele></trkpt>
   <trkpt lat="44.633831" lon="4.746823"><ele>77</ele></trkpt>
   <trkpt lat="44.63378" lon="4.746769"><ele>77</ele></trkpt>
   <trkpt lat="44.633698" lon="4.746676"><ele>77</ele></trkpt>
   <trkpt lat="44.633614" lon="4.746639"><ele>76.75</ele></trkpt>
   <trkpt lat="44.633446" lon="4.746645"><ele>76.75</ele></trkpt>
   <trkpt lat="44.633247" lon="4.746076"><ele>75.25</ele></trkpt>
   <trkpt lat="44.633051" lon="4.745741"><ele>76</ele></trkpt>
   <trkpt lat="44.632764" lon="4.745502"><ele>75.75</ele></trkpt>
   <trkpt lat="44.631791" lon="4.745075"><ele>75.5</ele></trkpt>
   <trkpt lat="44.630928" lon="4.744709"><ele>75.5</ele></trkpt>
   <trkpt lat="44.629464" lon="4.744168"><ele>75</ele></trkpt>
   <trkpt lat="44.629325" lon="4.744195"><ele>75</ele></trkpt>
   <trkpt lat="44.629268" lon="4.744221"><ele>75</ele></trkpt>
   <trkpt lat="44.629189" lon="4.744256"><ele>75</ele></trkpt>
   <trkpt lat="44.628928" lon="4.744308"><ele>75.75</ele></trkpt>
   <trkpt lat="44.628661" lon="4.744416"><ele>75.75</ele></trkpt>
   <trkpt lat="44.627939" lon="4.744607"><ele>77</ele></trkpt>
   <trkpt lat="44.627776" lon="4.744633"><ele>77.75</ele></trkpt>
   <trkpt lat="44.62775" lon="4.744683"><ele>77.5</ele></trkpt>
   <trkpt lat="44.627231" lon="4.747204"><ele>76</ele></trkpt>
   <trkpt lat="44.626948" lon="4.748515"><ele>77</ele></trkpt>
   <trkpt lat="44.626909" lon="4.748843"><ele>77.5</ele></trkpt>
   <trkpt lat="44.626802" lon="4.749341"><ele>76.25</ele></trkpt>
   <trkpt lat="44.626763" lon="4.749394"><ele>76.5</ele></trkpt>
   <trkpt lat="44.626728" lon="4.749412"><ele>76.5</ele></trkpt>
   <trkpt lat="44.626679" lon="4.749408"><ele>76.5</ele></trkpt>
   <trkpt lat="44.625819" lon="4.748987"><ele>76.25</ele></trkpt>
   <trkpt lat="44.625747" lon="4.748999"><ele>76.25</ele></trkpt>
   <trkpt lat="44.625663" lon="4.749084"><ele>76.25</ele></trkpt>
   <trkpt lat="44.625637" lon="4.749166"><ele>76.25</ele></trkpt>
   <trkpt lat="44.625538" lon="4.749656"><ele>76</ele></trkpt>
   <trkpt lat="44.625448" lon="4.750136"><ele>76.75</ele></trkpt>
   <trkpt lat="44.625414" lon="4.750432"><ele>77.25</ele></trkpt>
   <trkpt lat="44.625427" lon="4.750654"><ele>78.25</ele></trkpt>
   <trkpt lat="44.625426" lon="4.750739"><ele>78.75</ele></trkpt>
   <trkpt lat="44.625402" lon="4.750802"><ele>79.25</ele></trkpt>
   <trkpt lat="44.625376" lon="4.750832"><ele>79.5</ele></trkpt>
   <trkpt lat="44.625114" lon="4.750859"><ele>79.75</ele></trkpt>
   <trkpt lat="44.624427" lon="4.750332"><ele>78.75</ele></trkpt>
   <trkpt lat="44.622208" lon="4.748867"><ele>79.5</ele></trkpt>
   <trkpt lat="44.619485" lon="4.747122"><ele>78</ele></trkpt>
   <trkpt lat="44.619259" lon="4.746977"><ele>78.75</ele></trkpt>
   <trkpt lat="44.616981" lon="4.745562"><ele>79.5</ele></trkpt>
   <trkpt lat="44.613877" lon="4.743562"><ele>78.25</ele></trkpt>
   <trkpt lat="44.611868" lon="4.742296"><ele>77.5</ele></trkpt>
   <trkpt lat="44.609821" lon="4.740981"><ele>77.25</ele></trkpt>
   <trkpt lat="44.607747" lon="4.739667"><ele>78</ele></trkpt>
   <trkpt lat="44.607022" lon="4.73924"><ele>78</ele></trkpt>
   <trkpt lat="44.606714" lon="4.739002"><ele>77.75</ele></trkpt>
   <trkpt lat="44.606575" lon="4.738802"><ele>76.75</ele></trkpt>
   <trkpt lat="44.60654" lon="4.738719"><ele>76</ele></trkpt>
   <trkpt lat="44.606518" lon="4.738624"><ele>75.25</ele></trkpt>
   <trkpt lat="44.606514" lon="4.738546"><ele>74.25</ele></trkpt>
   <trkpt lat="44.606525" lon="4.73846"><ele>73.25</ele></trkpt>
   <trkpt lat="44.606567" lon="4.738311"><ele>72.25</ele></trkpt>
   <trkpt lat="44.606635" lon="4.738166"><ele>73.5</ele></trkpt>
   <trkpt lat="44.605145" lon="4.737238"><ele>72.75</ele></trkpt>
   <trkpt lat="44.603066" lon="4.73594"><ele>72.75</ele></trkpt>
   <trkpt lat="44.60224" lon="4.735311"><ele>73.5</ele></trkpt>
   <trkpt lat="44.601586" lon="4.734744"><ele>73.75</ele></trkpt>
   <trkpt lat="44.600797" lon="4.734083"><ele>73.75</ele></trkpt>
   <trkpt lat="44.600456" lon="4.733788"><ele>73</ele></trkpt>
   <trkpt lat="44.600237" lon="4.733611"><ele>72.5</ele></trkpt>
   <trkpt lat="44.599935" lon="4.733293"><ele>72.75</ele></trkpt>
   <trkpt lat="44.599262" lon="4.732329"><ele>73.25</ele></trkpt>
   <trkpt lat="44.599195" lon="4.732182"><ele>73.5</ele></trkpt>
   <trkpt lat="44.59918" lon="4.732119"><ele>73.5</ele></trkpt>
   <trkpt lat="44.599182" lon="4.73203"><ele>73.75</ele></trkpt>
   <trkpt lat="44.59925" lon="4.731763"><ele>76</ele></trkpt>
   <trkpt lat="44.599254" lon="4.731704"><ele>76.25</ele></trkpt>
   <trkpt lat="44.599247" lon="4.731667"><ele>76.75</ele></trkpt>
   <trkpt lat="44.599227" lon="4.731642"><ele>77</ele></trkpt>
   <trkpt lat="44.599207" lon="4.731634"><ele>77.25</ele></trkpt>
   <trkpt lat="44.599159" lon="4.731656"><ele>77.75</ele></trkpt>
   <trkpt lat="44.598933" lon="4.731881"><ele>76.25</ele></trkpt>
   <trkpt lat="44.598855" lon="4.731978"><ele>75.75</ele></trkpt>
   <trkpt lat="44.598773" lon="4.732108"><ele>73.75</ele></trkpt>
   <trkpt lat="44.598618" lon="4.732376"><ele>76.75</ele></trkpt>
   <trkpt lat="44.598565" lon="4.732439"><ele>77.5</ele></trkpt>
   <trkpt lat="44.598514" lon="4.73247"><ele>78</ele></trkpt>
   <trkpt lat="44.59846" lon="4.732479"><ele>78.25</ele></trkpt>
   <trkpt lat="44.598397" lon="4.732465"><ele>78.25</ele></trkpt>
   <trkpt lat="44.598265" lon="4.73239"><ele>77.75</ele></trkpt>
   <trkpt lat="44.598112" lon="4.732238"><ele>78.25</ele></trkpt>
   <trkpt lat="44.595372" lon="4.728938"><ele>77.25</ele></trkpt>
   <trkpt lat="44.595189" lon="4.728692"><ele>77</ele></trkpt>
   <trkpt lat="44.59504" lon="4.728455"><ele>77.25</ele></trkpt>
   <trkpt lat="44.594214" lon="4.726756"><ele>77.5</ele></trkpt>
   <trkpt lat="44.594181" lon="4.726558"><ele>77.5</ele></trkpt>
   <trkpt lat="44.59411" lon="4.726357"><ele>76.25</ele></trkpt>
   <trkpt lat="44.594114" lon="4.726298"><ele>76.25</ele></trkpt>
   <trkpt lat="44.59413" lon="4.726259"><ele>76.25</ele></trkpt>
   <trkpt lat="44.594164" lon="4.726233"><ele>76</ele></trkpt>
   <trkpt lat="44.594262" lon="4.726222"><ele>75.25</ele></trkpt>
   <trkpt lat="44.594289" lon="4.726207"><ele>75.25</ele></trkpt>
   <trkpt lat="44.594304" lon="4.726199"><ele>75</ele></trkpt>
   <trkpt lat="44.594326" lon="4.726161"><ele>74.75</ele></trkpt>
   <trkpt lat="44.594323" lon="4.726038"><ele>74.5</ele></trkpt>
   <trkpt lat="44.594269" lon="4.725872"><ele>75</ele></trkpt>
   <trkpt lat="44.594146" lon="4.725591"><ele>75.25</ele></trkpt>
   <trkpt lat="44.593963" lon="4.7252"><ele>74.75</ele></trkpt>
   <trkpt lat="44.593517" lon="4.72422"><ele>74.75</ele></trkpt>
   <trkpt lat="44.59341" lon="4.724021"><ele>74.25</ele></trkpt>
   <trkpt lat="44.593462" lon="4.723928"><ele>73</ele></trkpt>
   <trkpt lat="44.593806" lon="4.723349"><ele>72.5</ele></trkpt>
   <trkpt lat="44.593867" lon="4.723204"><ele>74.5</ele></trkpt>
   <trkpt lat="44.59388" lon="4.723085"><ele>74.75</ele></trkpt>
   <trkpt lat="44.593895" lon="4.722693"><ele>74.5</ele></trkpt>
   <trkpt lat="44.593967" lon="4.721466"><ele>72</ele></trkpt>
   <trkpt lat="44.593995" lon="4.721111"><ele>72</ele></trkpt>
   <trkpt lat="44.594033" lon="4.720939"><ele>72</ele></trkpt>
   <trkpt lat="44.594098" lon="4.720757"><ele>72.25</ele></trkpt>
   <trkpt lat="44.594197" lon="4.720554"><ele>73.75</ele></trkpt>
   <trkpt lat="44.594138" lon="4.720507"><ele>73.25</ele></trkpt>
   <trkpt lat="44.593796" lon="4.720425"><ele>72</ele></trkpt>
   <trkpt lat="44.593692" lon="4.720389"><ele>72</ele></trkpt>
   <trkpt lat="44.593592" lon="4.720339"><ele>72</ele></trkpt>
   <trkpt lat="44.592494" lon="4.719725"><ele>71.75</ele></trkpt>
   <trkpt lat="44.592236" lon="4.719572"><ele>72</ele></trkpt>
   <trkpt lat="44.592084" lon="4.719447"><ele>72</ele></trkpt>
   <trkpt lat="44.592002" lon="4.719517"><ele>71.75</ele></trkpt>
   <trkpt lat="44.591793" lon="4.719934"><ele>71</ele></trkpt>
   <trkpt lat="44.591743" lon="4.720001"><ele>71</ele></trkpt>
   <trkpt lat="44.591684" lon="4.720039"><ele>71</ele></trkpt>
   <trkpt lat="44.591646" lon="4.720044"><ele>71</ele></trkpt>
   <trkpt lat="44.591587" lon="4.720025"><ele>71.25</ele></trkpt>
   <trkpt lat="44.5908" lon="4.719443"><ele>71</ele></trkpt>
   <trkpt lat="44.590345" lon="4.719097"><ele>71.25</ele></trkpt>
   <trkpt lat="44.590208" lon="4.718955"><ele>71.25</ele></trkpt>
   <trkpt lat="44.589613" lon="4.71822"><ele>71.25</ele></trkpt>
   <trkpt lat="44.589245" lon="4.717751"><ele>72</ele></trkpt>
   <trkpt lat="44.588393" lon="4.716713"><ele>70.25</ele></trkpt>
   <trkpt lat="44.588132" lon="4.716331"><ele>70.75</ele></trkpt>
   <trkpt lat="44.58764" lon="4.715613"><ele>69.75</ele></trkpt>
   <trkpt lat="44.586721" lon="4.714363"><ele>70.75</ele></trkpt>
   <trkpt lat="44.586122" lon="4.713508"><ele>70.25</ele></trkpt>
   <trkpt lat="44.58594" lon="4.713202"><ele>69.5</ele></trkpt>
   <trkpt lat="44.585849" lon="4.713017"><ele>71</ele></trkpt>
   <trkpt lat="44.585747" lon="4.712773"><ele>70.25</ele></trkpt>
   <trkpt lat="44.585576" lon="4.712266"><ele>70.75</ele></trkpt>
   <trkpt lat="44.585535" lon="4.712168"><ele>70.75</ele></trkpt>
   <trkpt lat="44.585509" lon="4.712135"><ele>70.75</ele></trkpt>
   <trkpt lat="44.584937" lon="4.711606"><ele>70.75</ele></trkpt>
   <trkpt lat="44.584889" lon="4.711522"><ele>70.5</ele></trkpt>
   <trkpt lat="44.584873" lon="4.711463"><ele>70.5</ele></trkpt>
   <trkpt lat="44.584858" lon="4.711327"><ele>70.5</ele></trkpt>
   <trkpt lat="44.584811" lon="4.711212"><ele>70.75</ele></trkpt>
   <trkpt lat="44.584813" lon="4.711168"><ele>70.75</ele></trkpt>
   <trkpt lat="44.58484" lon="4.711091"><ele>71</ele></trkpt>
   <trkpt lat="44.585889" lon="4.709841"><ele>71</ele></trkpt>
   <trkpt lat="44.586013" lon="4.70971"><ele>71</ele></trkpt>
   <trkpt lat="44.586087" lon="4.709632"><ele>71</ele></trkpt>
   <trkpt lat="44.586135" lon="4.70957"><ele>71</ele></trkpt>
   <trkpt lat="44.58615" lon="4.709521"><ele>71</ele></trkpt>
   <trkpt lat="44.586163" lon="4.709421"><ele>71</ele></trkpt>
   <trkpt lat="44.586154" lon="4.708324"><ele>71</ele></trkpt>
   <trkpt lat="44.586193" lon="4.707679"><ele>71.5</ele></trkpt>
   <trkpt lat="44.586218" lon="4.707391"><ele>71.75</ele></trkpt>
   <trkpt lat="44.586247" lon="4.707109"><ele>72</ele></trkpt>
   <trkpt lat="44.586709" lon="4.706504"><ele>71</ele></trkpt>
   <trkpt lat="44.587132" lon="4.705956"><ele>72.5</ele></trkpt>
   <trkpt lat="44.586753" lon="4.705381"><ele>72.5</ele></trkpt>
   <trkpt lat="44.58674" lon="4.70536"><ele>72.5</ele></trkpt>
   <trkpt lat="44.586512" lon="4.705685"><ele>71.75</ele></trkpt>
   <trkpt lat="44.585827" lon="4.70666"><ele>72.75</ele></trkpt>
   <trkpt lat="44.585653" lon="4.706907"><ele>72.5</ele></trkpt>
   <trkpt lat="44.585413" lon="4.707266"><ele>71.75</ele></trkpt>
   <trkpt lat="44.585357" lon="4.707328"><ele>71.75</ele></trkpt>
   <trkpt lat="44.585321" lon="4.707368"><ele>71.75</ele></trkpt>
   <trkpt lat="44.585227" lon="4.707425"><ele>71.75</ele></trkpt>
   <trkpt lat="44.585206" lon="4.70754"><ele>71.5</ele></trkpt>
   <trkpt lat="44.584997" lon="4.707838"><ele>72.5</ele></trkpt>
   <trkpt lat="44.584074" lon="4.709141"><ele>71</ele></trkpt>
   <trkpt lat="44.583322" lon="4.710175"><ele>73</ele></trkpt>
   <trkpt lat="44.583291" lon="4.710223"><ele>72.75</ele></trkpt>
   <trkpt lat="44.583233" lon="4.710311"><ele>71</ele></trkpt>
   <trkpt lat="44.58144" lon="4.712813"><ele>71.75</ele></trkpt>
   <trkpt lat="44.581386" lon="4.712896"><ele>72.75</ele></trkpt>
   <trkpt lat="44.581298" lon="4.713013"><ele>72.5</ele></trkpt>
   <trkpt lat="44.580618" lon="4.713962"><ele>72</ele></trkpt>
   <trkpt lat="44.580535" lon="4.714078"><ele>73</ele></trkpt>
   <trkpt lat="44.581248" lon="4.716973"><ele>72</ele></trkpt>
   <trkpt lat="44.581302" lon="4.71715"><ele>72.75</ele></trkpt>
   <trkpt lat="44.581266" lon="4.717312"><ele>72.5</ele></trkpt>
   <trkpt lat="44.581179" lon="4.717705"><ele>76</ele></trkpt>
   <trkpt lat="44.581087" lon="4.717806"><ele>77.75</ele></trkpt>
   <trkpt lat="44.580274" lon="4.717428"><ele>77.5</ele></trkpt>
   <trkpt lat="44.579437" lon="4.717165"><ele>77.75</ele></trkpt>
   <trkpt lat="44.578589" lon="4.716939"><ele>77.75</ele></trkpt>
   <trkpt lat="44.57792" lon="4.71682"><ele>76.75</ele></trkpt>
   <trkpt lat="44.576755" lon="4.716665"><ele>78.75</ele></trkpt>
   <trkpt lat="44.576529" lon="4.716643"><ele>78.25</ele></trkpt>
   <trkpt lat="44.576233" lon="4.71664"><ele>78</ele></trkpt>
   <trkpt lat="44.576057" lon="4.716592"><ele>78</ele></trkpt>
   <trkpt lat="44.574912" lon="4.716441"><ele>77</ele></trkpt>
   <trkpt lat="44.573154" lon="4.716208"><ele>77</ele></trkpt>
   <trkpt lat="44.572291" lon="4.716101"><ele>78.75</ele></trkpt>
   <trkpt lat="44.569705" lon="4.715755"><ele>77.25</ele></trkpt>
   <trkpt lat="44.569097" lon="4.715694"><ele>77</ele></trkpt>
   <trkpt lat="44.567215" lon="4.715424"><ele>77</ele></trkpt>
   <trkpt lat="44.566391" lon="4.715315"><ele>77.5</ele></trkpt>
   <trkpt lat="44.563704" lon="4.714985"><ele>77.75</ele></trkpt>
   <trkpt lat="44.559166" lon="4.714428"><ele>78.75</ele></trkpt>
   <trkpt lat="44.558892" lon="4.714374"><ele>78.25</ele></trkpt>
   <trkpt lat="44.558831" lon="4.714365"><ele>78</ele></trkpt>
   <trkpt lat="44.558115" lon="4.714344"><ele>77.5</ele></trkpt>
   <trkpt lat="44.557221" lon="4.714354"><ele>77.5</ele></trkpt>
   <trkpt lat="44.556833" lon="4.714374"><ele>77.25</ele></trkpt>
   <trkpt lat="44.556331" lon="4.714415"><ele>78.5</ele></trkpt>
   <trkpt lat="44.555266" lon="4.714551"><ele>77.25</ele></trkpt>
   <trkpt lat="44.555155" lon="4.714577"><ele>78.25</ele></trkpt>
   <trkpt lat="44.554811" lon="4.71466"><ele>78.75</ele></trkpt>
   <trkpt lat="44.554719" lon="4.714665"><ele>78.75</ele></trkpt>
   <trkpt lat="44.554684" lon="4.714653"><ele>78.75</ele></trkpt>
   <trkpt lat="44.554653" lon="4.71463"><ele>78.5</ele></trkpt>
   <trkpt lat="44.554628" lon="4.714571"><ele>78.75</ele></trkpt>
   <trkpt lat="44.55461" lon="4.71444"><ele>79</ele></trkpt>
   <trkpt lat="44.554597" lon="4.714244"><ele>78.25</ele></trkpt>
   <trkpt lat="44.554566" lon="4.713996"><ele>76.5</ele></trkpt>
   <trkpt lat="44.554532" lon="4.713802"><ele>75.25</ele></trkpt>
   <trkpt lat="44.55441" lon="4.713314"><ele>73.75</ele></trkpt>
   <trkpt lat="44.554293" lon="4.712983"><ele>74.5</ele></trkpt>
   <trkpt lat="44.554204" lon="4.712882"><ele>72</ele></trkpt>
   <trkpt lat="44.554125" lon="4.712878"><ele>71.25</ele></trkpt>
   <trkpt lat="44.554049" lon="4.712923"><ele>72</ele></trkpt>
   <trkpt lat="44.554042" lon="4.712997"><ele>72.75</ele></trkpt>
   <trkpt lat="44.554113" lon="4.713181"><ele>72</ele></trkpt>
   <trkpt lat="44.554141" lon="4.713326"><ele>71.5</ele></trkpt>
   <trkpt lat="44.554128" lon="4.71344"><ele>71.5</ele></trkpt>
   <trkpt lat="44.554076" lon="4.713548"><ele>71.25</ele></trkpt>
   <trkpt lat="44.553992" lon="4.713596"><ele>71</ele></trkpt>
   <trkpt lat="44.553439" lon="4.713681"><ele>71.5</ele></trkpt>
   <trkpt lat="44.553259" lon="4.713734"><ele>71.75</ele></trkpt>
   <trkpt lat="44.551694" lon="4.714369"><ele>69.75</ele></trkpt>
   <trkpt lat="44.550654" lon="4.714684"><ele>71</ele></trkpt>
   <trkpt lat="44.550522" lon="4.714757"><ele>71</ele></trkpt>
   <trkpt lat="44.550414" lon="4.714877"><ele>71</ele></trkpt>
   <trkpt lat="44.550308" lon="4.715018"><ele>70.5</ele></trkpt>
   <trkpt lat="44.550122" lon="4.715364"><ele>71.5</ele></trkpt>
   <trkpt lat="44.549868" lon="4.715672"><ele>71.25</ele></trkpt>
   <trkpt lat="44.549502" lon="4.71586"><ele>71.5</ele></trkpt>
   <trkpt lat="44.549072" lon="4.716105"><ele>71.5</ele></trkpt>
   <trkpt lat="44.548973" lon="4.716297"><ele>71.75</ele></trkpt>
   <trkpt lat="44.548805" lon="4.716519"><ele>73</ele></trkpt>
   <trkpt lat="44.548661" lon="4.716633"><ele>73</ele></trkpt>
   <trkpt lat="44.548507" lon="4.716705"><ele>73.25</ele></trkpt>
   <trkpt lat="44.548314" lon="4.716765"><ele>73.25</ele></trkpt>
   <trkpt lat="44.548224" lon="4.716768"><ele>72.75</ele></trkpt>
   <trkpt lat="44.547941" lon="4.716765"><ele>72</ele></trkpt>
   <trkpt lat="44.547526" lon="4.716724"><ele>72.25</ele></trkpt>
   <trkpt lat="44.547431" lon="4.716723"><ele>72.25</ele></trkpt>
   <trkpt lat="44.54732" lon="4.716748"><ele>72.25</ele></trkpt>
   <trkpt lat="44.547219" lon="4.716784"><ele>72</ele></trkpt>
   <trkpt lat="44.546146" lon="4.717227"><ele>72.5</ele></trkpt>
   <trkpt lat="44.541977" lon="4.719661"><ele>70.25</ele></trkpt>
   <trkpt lat="44.540639" lon="4.720386"><ele>71.25</ele></trkpt>
   <trkpt lat="44.539336" lon="4.721146"><ele>71.25</ele></trkpt>
   <trkpt lat="44.539236" lon="4.721159"><ele>71.5</ele></trkpt>
   <trkpt lat="44.539166" lon="4.721146"><ele>71.75</ele></trkpt>
   <trkpt lat="44.53905" lon="4.721087"><ele>71.5</ele></trkpt>
   <trkpt lat="44.538863" lon="4.720977"><ele>71.75</ele></trkpt>
   <trkpt lat="44.538684" lon="4.720886"><ele>72.5</ele></trkpt>
   <trkpt lat="44.538436" lon="4.720813"><ele>73</ele></trkpt>
   <trkpt lat="44.538152" lon="4.720785"><ele>73.75</ele></trkpt>
   <trkpt lat="44.537548" lon="4.720859"><ele>74.5</ele></trkpt>
   <trkpt lat="44.537228" lon="4.720908"><ele>73.75</ele></trkpt>
   <trkpt lat="44.536995" lon="4.720993"><ele>74</ele></trkpt>
   <trkpt lat="44.536851" lon="4.721068"><ele>74</ele></trkpt>
   <trkpt lat="44.536683" lon="4.721226"><ele>74</ele></trkpt>
   <trkpt lat="44.535466" lon="4.722757"><ele>72.75</ele></trkpt>
   <trkpt lat="44.535306" lon="4.722934"><ele>73.5</ele></trkpt>
   <trkpt lat="44.535059" lon="4.723338"><ele>74.75</ele></trkpt>
   <trkpt lat="44.534911" lon="4.723648"><ele>74.5</ele></trkpt>
   <trkpt lat="44.534888" lon="4.723855"><ele>75.5</ele></trkpt>
   <trkpt lat="44.534786" lon="4.723908"><ele>76.5</ele></trkpt>
   <trkpt lat="44.534707" lon="4.723905"><ele>77</ele></trkpt>
   <trkpt lat="44.534147" lon="4.723081"><ele>78</ele></trkpt>
   <trkpt lat="44.534074" lon="4.723003"><ele>77.5</ele></trkpt>
   <trkpt lat="44.534061" lon="4.723004"><ele>77.5</ele></trkpt>
   <trkpt lat="44.533994" lon="4.723031"><ele>77.75</ele></trkpt>
   <trkpt lat="44.533956" lon="4.723052"><ele>77.75</ele></trkpt>
   <trkpt lat="44.533859" lon="4.723045"><ele>78</ele></trkpt>
   <trkpt lat="44.533665" lon="4.722929"><ele>77.75</ele></trkpt>
   <trkpt lat="44.53363" lon="4.722901"><ele>77.75</ele></trkpt>
   <trkpt lat="44.532292" lon="4.723399"><ele>77.75</ele></trkpt>
   <trkpt lat="44.530052" lon="4.724126"><ele>77.5</ele></trkpt>
   <trkpt lat="44.529959" lon="4.724125"><ele>77.75</ele></trkpt>
   <trkpt lat="44.529618" lon="4.724067"><ele>77.25</ele></trkpt>
   <trkpt lat="44.5295" lon="4.724017"><ele>77</ele></trkpt>
   <trkpt lat="44.529118" lon="4.723896"><ele>78.75</ele></trkpt>
   <trkpt lat="44.527617" lon="4.723581"><ele>79</ele></trkpt>
   <trkpt lat="44.526409" lon="4.72326"><ele>79.25</ele></trkpt>
   <trkpt lat="44.525844" lon="4.723125"><ele>79.25</ele></trkpt>
   <trkpt lat="44.525275" lon="4.723024"><ele>79.75</ele></trkpt>
   <trkpt lat="44.525141" lon="4.72307"><ele>79.75</ele></trkpt>
   <trkpt lat="44.524387" lon="4.723521"><ele>79.25</ele></trkpt>
   <trkpt lat="44.524056" lon="4.723727"><ele>79</ele></trkpt>
   <trkpt lat="44.523504" lon="4.724072"><ele>78</ele></trkpt>
   <trkpt lat="44.523244" lon="4.72419"><ele>77.5</ele></trkpt>
   <trkpt lat="44.523063" lon="4.724237"><ele>77</ele></trkpt>
   <trkpt lat="44.522887" lon="4.724255"><ele>75.75</ele></trkpt>
   <trkpt lat="44.522618" lon="4.724254"><ele>74.75</ele></trkpt>
   <trkpt lat="44.522083" lon="4.724247"><ele>71.25</ele></trkpt>
   <trkpt lat="44.521696" lon="4.72423"><ele>68.5</ele></trkpt>
   <trkpt lat="44.521607" lon="4.724377"><ele>69</ele></trkpt>
   <trkpt lat="44.52143" lon="4.724517"><ele>68</ele></trkpt>
   <trkpt lat="44.521288" lon="4.724579"><ele>67.75</ele></trkpt>
   <trkpt lat="44.520627" lon="4.725315"><ele>66.75</ele></trkpt>
   <trkpt lat="44.520514" lon="4.725386"><ele>66.5</ele></trkpt>
   <trkpt lat="44.519529" lon="4.725364"><ele>66.5</ele></trkpt>
   <trkpt lat="44.518617" lon="4.725185"><ele>67</ele></trkpt>
   <trkpt lat="44.518459" lon="4.725154"><ele>67</ele></trkpt>
   <trkpt lat="44.517849" lon="4.725034"><ele>67.75</ele></trkpt>
   <trkpt lat="44.5175" lon="4.724745"><ele>67.5</ele></trkpt>
   <trkpt lat="44.51539" lon="4.72389"><ele>65.25</ele></trkpt>
   <trkpt lat="44.51248" lon="4.722613"><ele>65</ele></trkpt>
   <trkpt lat="44.512411" lon="4.722517"><ele>65.25</ele></trkpt>
   <trkpt lat="44.51236" lon="4.722351"><ele>66</ele></trkpt>
   <trkpt lat="44.51231" lon="4.721941"><ele>65.75</ele></trkpt>
   <trkpt lat="44.512122" lon="4.72081"><ele>65.25</ele></trkpt>
   <trkpt lat="44.512132" lon="4.720602"><ele>65.25</ele></trkpt>
   <trkpt lat="44.512184" lon="4.720441"><ele>65.5</ele></trkpt>
   <trkpt lat="44.512157" lon="4.72036"><ele>65.25</ele></trkpt>
   <trkpt lat="44.512135" lon="4.720185"><ele>65</ele></trkpt>
   <trkpt lat="44.512132" lon="4.719973"><ele>65.25</ele></trkpt>
   <trkpt lat="44.512127" lon="4.719929"><ele>65.25</ele></trkpt>
   <trkpt lat="44.512043" lon="4.71928"><ele>65.25</ele></trkpt>
   <trkpt lat="44.512" lon="4.719166"><ele>65</ele></trkpt>
   <trkpt lat="44.511851" lon="4.718825"><ele>65</ele></trkpt>
   <trkpt lat="44.511686" lon="4.71862"><ele>65.75</ele></trkpt>
   <trkpt lat="44.511071" lon="4.718052"><ele>65</ele></trkpt>
   <trkpt lat="44.510615" lon="4.717619"><ele>65</ele></trkpt>
   <trkpt lat="44.509999" lon="4.716969"><ele>64.75</ele></trkpt>
   <trkpt lat="44.509639" lon="4.716474"><ele>65</ele></trkpt>
   <trkpt lat="44.509582" lon="4.716397"><ele>65</ele></trkpt>
   <trkpt lat="44.509531" lon="4.71632"><ele>65</ele></trkpt>
   <trkpt lat="44.509482" lon="4.716247"><ele>65</ele></trkpt>
   <trkpt lat="44.509339" lon="4.716063"><ele>65</ele></trkpt>
   <trkpt lat="44.50906" lon="4.715825"><ele>65</ele></trkpt>
   <trkpt lat="44.508706" lon="4.715553"><ele>65</ele></trkpt>
   <trkpt lat="44.507797" lon="4.715056"><ele>64.75</ele></trkpt>
   <trkpt lat="44.507259" lon="4.714806"><ele>65.5</ele></trkpt>
   <trkpt lat="44.507157" lon="4.714738"><ele>65.5</ele></trkpt>
   <trkpt lat="44.507073" lon="4.714587"><ele>65.75</ele></trkpt>
   <trkpt lat="44.506835" lon="4.71389"><ele>65</ele></trkpt>
   <trkpt lat="44.505667" lon="4.710781"><ele>65</ele></trkpt>
   <trkpt lat="44.505372" lon="4.710068"><ele>65</ele></trkpt>
   <trkpt lat="44.505144" lon="4.709564"><ele>65</ele></trkpt>
   <trkpt lat="44.505053" lon="4.709451"><ele>65</ele></trkpt>
   <trkpt lat="44.504967" lon="4.709277"><ele>65</ele></trkpt>
   <trkpt lat="44.504551" lon="4.708206"><ele>64.75</ele></trkpt>
   <trkpt lat="44.504486" lon="4.708085"><ele>64.75</ele></trkpt>
   <trkpt lat="44.504312" lon="4.707815"><ele>65</ele></trkpt>
   <trkpt lat="44.504266" lon="4.707702"><ele>64.75</ele></trkpt>
   <trkpt lat="44.504255" lon="4.707607"><ele>64.75</ele></trkpt>
   <trkpt lat="44.504085" lon="4.707421"><ele>64.5</ele></trkpt>
   <trkpt lat="44.503763" lon="4.707175"><ele>64.25</ele></trkpt>
   <trkpt lat="44.503716" lon="4.707152"><ele>64.25</ele></trkpt>
   <trkpt lat="44.503656" lon="4.707149"><ele>64.5</ele></trkpt>
   <trkpt lat="44.503563" lon="4.707206"><ele>64.25</ele></trkpt>
   <trkpt lat="44.50349" lon="4.707318"><ele>63.25</ele></trkpt>
   <trkpt lat="44.503312" lon="4.707678"><ele>64.75</ele></trkpt>
   <trkpt lat="44.503096" lon="4.708016"><ele>64.75</ele></trkpt>
   <trkpt lat="44.503055" lon="4.707949"><ele>64.75</ele></trkpt>
   <trkpt lat="44.503023" lon="4.707899"><ele>65</ele></trkpt>
   <trkpt lat="44.502955" lon="4.70778"><ele>65.25</ele></trkpt>
   <trkpt lat="44.502929" lon="4.707739"><ele>65.5</ele></trkpt>
   <trkpt lat="44.502899" lon="4.707689"><ele>65.5</ele></trkpt>
   <trkpt lat="44.502667" lon="4.707949"><ele>65.25</ele></trkpt>
   <trkpt lat="44.502598" lon="4.70799"><ele>65.5</ele></trkpt>
   <trkpt lat="44.502549" lon="4.707973"><ele>65.75</ele></trkpt>
   <trkpt lat="44.502192" lon="4.707637"><ele>65.25</ele></trkpt>
   <trkpt lat="44.502141" lon="4.707496"><ele>65.5</ele></trkpt>
   <trkpt lat="44.502104" lon="4.70711"><ele>65.75</ele></trkpt>
   <trkpt lat="44.502081" lon="4.707036"><ele>65.5</ele></trkpt>
   <trkpt lat="44.501908" lon="4.706635"><ele>65</ele></trkpt>
   <trkpt lat="44.501739" lon="4.706172"><ele>65</ele></trkpt>
   <trkpt lat="44.501443" lon="4.705817"><ele>65</ele></trkpt>
   <trkpt lat="44.501404" lon="4.705758"><ele>65</ele></trkpt>
   <trkpt lat="44.50125" lon="4.705355"><ele>65</ele></trkpt>
   <trkpt lat="44.501105" lon="4.704943"><ele>65</ele></trkpt>
   <trkpt lat="44.501044" lon="4.704841"><ele>65</ele></trkpt>
   <trkpt lat="44.500998" lon="4.704783"><ele>65.25</ele></trkpt>
   <trkpt lat="44.500233" lon="4.705816"><ele>66.5</ele></trkpt>
   <trkpt lat="44.499883" lon="4.706174"><ele>67.75</ele></trkpt>
   <trkpt lat="44.499841" lon="4.706288"><ele>67.5</ele></trkpt>
   <trkpt lat="44.49982" lon="4.70646"><ele>67.25</ele></trkpt>
   <trkpt lat="44.499794" lon="4.70651"><ele>67.25</ele></trkpt>
   <trkpt lat="44.498205" lon="4.708723"><ele>66.75</ele></trkpt>
   <trkpt lat="44.498107" lon="4.708848"><ele>66.5</ele></trkpt>
   <trkpt lat="44.497946" lon="4.708857"><ele>66.75</ele></trkpt>
   <trkpt lat="44.497822" lon="4.708899"><ele>67</ele></trkpt>
   <trkpt lat="44.497745" lon="4.708945"><ele>67</ele></trkpt>
   <trkpt lat="44.497655" lon="4.709043"><ele>67</ele></trkpt>
   <trkpt lat="44.496679" lon="4.710376"><ele>67</ele></trkpt>
   <trkpt lat="44.49666" lon="4.710705"><ele>66.75</ele></trkpt>
   <trkpt lat="44.496645" lon="4.710894"><ele>66.5</ele></trkpt>
   <trkpt lat="44.496593" lon="4.710985"><ele>66.25</ele></trkpt>
   <trkpt lat="44.49655" lon="4.711064"><ele>66</ele></trkpt>
   <trkpt lat="44.49647" lon="4.711118"><ele>66</ele></trkpt>
   <trkpt lat="44.496335" lon="4.711143"><ele>66</ele></trkpt>
   <trkpt lat="44.49623" lon="4.711148"><ele>66</ele></trkpt>
   <trkpt lat="44.496012" lon="4.71106"><ele>66</ele></trkpt>
   <trkpt lat="44.495708" lon="4.711053"><ele>66</ele></trkpt>
   <trkpt lat="44.49556" lon="4.711082"><ele>66</ele></trkpt>
   <trkpt lat="44.49536" lon="4.711178"><ele>66</ele></trkpt>
   <trkpt lat="44.494668" lon="4.71124"><ele>66</ele></trkpt>
   <trkpt lat="44.494462" lon="4.711302"><ele>66</ele></trkpt>
   <trkpt lat="44.494175" lon="4.711564"><ele>66</ele></trkpt>
   <trkpt lat="44.494079" lon="4.711591"><ele>66</ele></trkpt>
   <trkpt lat="44.49375" lon="4.711587"><ele>66</ele></trkpt>
   <trkpt lat="44.493685" lon="4.711554"><ele>66</ele></trkpt>
   <trkpt lat="44.493653" lon="4.711559"><ele>66</ele></trkpt>
   <trkpt lat="44.493624" lon="4.711583"><ele>66</ele></trkpt>
   <trkpt lat="44.493487" lon="4.711799"><ele>65</ele></trkpt>
   <trkpt lat="44.493296" lon="4.712219"><ele>65.25</ele></trkpt>
   <trkpt lat="44.49327" lon="4.712278"><ele>64.5</ele></trkpt>
   <trkpt lat="44.493137" lon="4.712586"><ele>64.75</ele></trkpt>
   <trkpt lat="44.493084" lon="4.712607"><ele>65</ele></trkpt>
   <trkpt lat="44.493034" lon="4.712595"><ele>65</ele></trkpt>
   <trkpt lat="44.492999" lon="4.712541"><ele>64.75</ele></trkpt>
   <trkpt lat="44.492898" lon="4.712382"><ele>63.75</ele></trkpt>
   <trkpt lat="44.488956" lon="4.709075"><ele>62.75</ele></trkpt>
   <trkpt lat="44.488539" lon="4.708602"><ele>62.5</ele></trkpt>
   <trkpt lat="44.488044" lon="4.707968"><ele>62</ele></trkpt>
   <trkpt lat="44.485083" lon="4.703692"><ele>61.75</ele></trkpt>
   <trkpt lat="44.484494" lon="4.70293"><ele>61.25</ele></trkpt>
   <trkpt lat="44.484329" lon="4.702797"><ele>62.25</ele></trkpt>
   <trkpt lat="44.48419" lon="4.702625"><ele>62.75</ele></trkpt>
   <trkpt lat="44.483477" lon="4.701572"><ele>62.75</ele></trkpt>
   <trkpt lat="44.483267" lon="4.701339"><ele>63.5</ele></trkpt>
   <trkpt lat="44.483165" lon="4.701246"><ele>63.25</ele></trkpt>
   <trkpt lat="44.483074" lon="4.701196"><ele>63.75</ele></trkpt>
   <trkpt lat="44.482863" lon="4.701149"><ele>64</ele></trkpt>
   <trkpt lat="44.482597" lon="4.701118"><ele>64</ele></trkpt>
   <trkpt lat="44.482462" lon="4.701124"><ele>64</ele></trkpt>
   <trkpt lat="44.482366" lon="4.701142"><ele>64</ele></trkpt>
   <trkpt lat="44.482276" lon="4.70123"><ele>64</ele></trkpt>
   <trkpt lat="44.482151" lon="4.701438"><ele>64</ele></trkpt>
   <trkpt lat="44.481797" lon="4.701553"><ele>64.25</ele></trkpt>
   <trkpt lat="44.481764" lon="4.701226"><ele>64.25</ele></trkpt>
   <trkpt lat="44.481601" lon="4.69937"><ele>64.25</ele></trkpt>
   <trkpt lat="44.481396" lon="4.69705"><ele>64.75</ele></trkpt>
   <trkpt lat="44.481367" lon="4.6967"><ele>64.75</ele></trkpt>
   <trkpt lat="44.481716" lon="4.696658"><ele>62.5</ele></trkpt>
   <trkpt lat="44.481794" lon="4.696634"><ele>62.25</ele></trkpt>
   <trkpt lat="44.481898" lon="4.696583"><ele>61.75</ele></trkpt>
   <trkpt lat="44.481903" lon="4.696675"><ele>62</ele></trkpt>
   <trkpt lat="44.481849" lon="4.69685"><ele>61.25</ele></trkpt>
   <trkpt lat="44.481744" lon="4.697025"><ele>61</ele></trkpt>
   <trkpt lat="44.481654" lon="4.697151"><ele>61.25</ele></trkpt>
   <trkpt lat="44.481487" lon="4.697446"><ele>60.75</ele></trkpt>
   <trkpt lat="44.481373" lon="4.697478"><ele>61.25</ele></trkpt>
   <trkpt lat="44.481223" lon="4.697472"><ele>61.75</ele></trkpt>
   <trkpt lat="44.481048" lon="4.697438"><ele>61.75</ele></trkpt>
   <trkpt lat="44.480824" lon="4.697453"><ele>61.75</ele></trkpt>
   <trkpt lat="44.480482" lon="4.697551"><ele>61</ele></trkpt>
   <trkpt lat="44.479965" lon="4.697599"><ele>61</ele></trkpt>
   <trkpt lat="44.479657" lon="4.697672"><ele>60.25</ele></trkpt>
   <trkpt lat="44.479333" lon="4.697735"><ele>60.75</ele></trkpt>
   <trkpt lat="44.478943" lon="4.697688"><ele>61.25</ele></trkpt>
   <trkpt lat="44.478127" lon="4.697795"><ele>61.75</ele></trkpt>
   <trkpt lat="44.477998" lon="4.697789"><ele>61.75</ele></trkpt>
   <trkpt lat="44.477903" lon="4.6978"><ele>61.75</ele></trkpt>
   <trkpt lat="44.477566" lon="4.697859"><ele>61.25</ele></trkpt>
   <trkpt lat="44.476716" lon="4.697953"><ele>61.25</ele></trkpt>
   <trkpt lat="44.476203" lon="4.698039"><ele>61</ele></trkpt>
   <trkpt lat="44.47568" lon="4.698203"><ele>60.5</ele></trkpt>
   <trkpt lat="44.475338" lon="4.698238"><ele>60.5</ele></trkpt>
   <trkpt lat="44.474804" lon="4.698216"><ele>60.5</ele></trkpt>
   <trkpt lat="44.473927" lon="4.698195"><ele>59.75</ele></trkpt>
   <trkpt lat="44.473117" lon="4.698143"><ele>61</ele></trkpt>
   <trkpt lat="44.473118" lon="4.698073"><ele>61.5</ele></trkpt>
   <trkpt lat="44.473127" lon="4.69801"><ele>61.5</ele></trkpt>
   <trkpt lat="44.473198" lon="4.697791"><ele>61</ele></trkpt>
   <trkpt lat="44.473218" lon="4.697685"><ele>61</ele></trkpt>
   <trkpt lat="44.473239" lon="4.697447"><ele>61.25</ele></trkpt>
   <trkpt lat="44.473247" lon="4.69722"><ele>62.25</ele></trkpt>
   <trkpt lat="44.473238" lon="4.697065"><ele>61.25</ele></trkpt>
   <trkpt lat="44.473216" lon="4.696928"><ele>60.5</ele></trkpt>
   <trkpt lat="44.473203" lon="4.696849"><ele>60.25</ele></trkpt>
   <trkpt lat="44.473185" lon="4.696784"><ele>60</ele></trkpt>
   <trkpt lat="44.473159" lon="4.696728"><ele>60</ele></trkpt>
   <trkpt lat="44.473043" lon="4.696602"><ele>60</ele></trkpt>
   <trkpt lat="44.473006" lon="4.696551"><ele>60</ele></trkpt>
   <trkpt lat="44.472962" lon="4.696385"><ele>60</ele></trkpt>
   <trkpt lat="44.472885" lon="4.696367"><ele>60</ele></trkpt>
   <trkpt lat="44.472807" lon="4.696385"><ele>60</ele></trkpt>
   <trkpt lat="44.472501" lon="4.696414"><ele>60</ele></trkpt>
   <trkpt lat="44.471921" lon="4.696435"><ele>60</ele></trkpt>
   <trkpt lat="44.471366" lon="4.696484"><ele>60</ele></trkpt>
   <trkpt lat="44.471137" lon="4.69646"><ele>60.5</ele></trkpt>
   <trkpt lat="44.470989" lon="4.696425"><ele>60.75</ele></trkpt>
   <trkpt lat="44.469085" lon="4.69656"><ele>60</ele></trkpt>
   <trkpt lat="44.468734" lon="4.696581"><ele>60</ele></trkpt>
   <trkpt lat="44.468547" lon="4.696591"><ele>60</ele></trkpt>
   <trkpt lat="44.46836" lon="4.696614"><ele>60</ele></trkpt>
   <trkpt lat="44.467363" lon="4.696952"><ele>60.25</ele></trkpt>
   <trkpt lat="44.466807" lon="4.697165"><ele>59.25</ele></trkpt>
   <trkpt lat="44.466047" lon="4.697417"><ele>59.5</ele></trkpt>
   <trkpt lat="44.465729" lon="4.69753"><ele>60.25</ele></trkpt>
   <trkpt lat="44.465459" lon="4.697591"><ele>60.25</ele></trkpt>
   <trkpt lat="44.464462" lon="4.697717"><ele>60</ele></trkpt>
   <trkpt lat="44.463806" lon="4.697766"><ele>60.75</ele></trkpt>
   <trkpt lat="44.463616" lon="4.697776"><ele>60.75</ele></trkpt>
   <trkpt lat="44.46351" lon="4.697801"><ele>60.5</ele></trkpt>
   <trkpt lat="44.462975" lon="4.697831"><ele>60</ele></trkpt>
   <trkpt lat="44.462079" lon="4.697858"><ele>60.25</ele></trkpt>
   <trkpt lat="44.460931" lon="4.698167"><ele>59.75</ele></trkpt>
   <trkpt lat="44.460732" lon="4.698161"><ele>59.75</ele></trkpt>
   <trkpt lat="44.46019" lon="4.698146"><ele>59</ele></trkpt>
   <trkpt lat="44.4589" lon="4.697926"><ele>59.75</ele></trkpt>
   <trkpt lat="44.457537" lon="4.69758"><ele>59.75</ele></trkpt>
   <trkpt lat="44.45643" lon="4.697251"><ele>59</ele></trkpt>
   <trkpt lat="44.455392" lon="4.696858"><ele>59.25</ele></trkpt>
   <trkpt lat="44.454134" lon="4.69614"><ele>59.75</ele></trkpt>
   <trkpt lat="44.453922" lon="4.696075"><ele>59.75</ele></trkpt>
   <trkpt lat="44.453191" lon="4.696141"><ele>59.25</ele></trkpt>
   <trkpt lat="44.452855" lon="4.696135"><ele>60.5</ele></trkpt>
   <trkpt lat="44.452748" lon="4.696035"><ele>60.5</ele></trkpt>
   <trkpt lat="44.452522" lon="4.695821"><ele>62.5</ele></trkpt>
   <trkpt lat="44.452363" lon="4.696014"><ele>60.75</ele></trkpt>
   <trkpt lat="44.452241" lon="4.696061"><ele>60</ele></trkpt>
   <trkpt lat="44.451912" lon="4.695818"><ele>60</ele></trkpt>
   <trkpt lat="44.45156" lon="4.69553"><ele>60.25</ele></trkpt>
   <trkpt lat="44.451339" lon="4.695349"><ele>59.75</ele></trkpt>
   <trkpt lat="44.450272" lon="4.694772"><ele>59.5</ele></trkpt>
   <trkpt lat="44.449179" lon="4.694228"><ele>59.5</ele></trkpt>
   <trkpt lat="44.44909" lon="4.694105"><ele>59</ele></trkpt>
   <trkpt lat="44.449058" lon="4.69392"><ele>59</ele></trkpt>
   <trkpt lat="44.449017" lon="4.693069"><ele>59</ele></trkpt>
   <trkpt lat="44.449021" lon="4.692728"><ele>58.25</ele></trkpt>
   <trkpt lat="44.448966" lon="4.692664"><ele>57.75</ele></trkpt>
   <trkpt lat="44.448865" lon="4.692624"><ele>57.25</ele></trkpt>
   <trkpt lat="44.448727" lon="4.692613"><ele>57</ele></trkpt>
   <trkpt lat="44.448004" lon="4.692713"><ele>57.75</ele></trkpt>
   <trkpt lat="44.447809" lon="4.692676"><ele>57.5</ele></trkpt>
   <trkpt lat="44.447616" lon="4.692562"><ele>57.75</ele></trkpt>
   <trkpt lat="44.447341" lon="4.692316"><ele>57.5</ele></trkpt>
   <trkpt lat="44.447152" lon="4.692165"><ele>57.5</ele></trkpt>
   <trkpt lat="44.446616" lon="4.691766"><ele>57</ele></trkpt>
   <trkpt lat="44.446348" lon="4.691589"><ele>57.5</ele></trkpt>
   <trkpt lat="44.446173" lon="4.691495"><ele>57.25</ele></trkpt>
   <trkpt lat="44.445465" lon="4.691182"><ele>56.75</ele></trkpt>
   <trkpt lat="44.445124" lon="4.691049"><ele>57.25</ele></trkpt>
   <trkpt lat="44.444873" lon="4.690935"><ele>56.75</ele></trkpt>
   <trkpt lat="44.444643" lon="4.690794"><ele>56.75</ele></trkpt>
   <trkpt lat="44.444432" lon="4.690608"><ele>56.5</ele></trkpt>
   <trkpt lat="44.444198" lon="4.69035"><ele>56.5</ele></trkpt>
   <trkpt lat="44.444061" lon="4.69026"><ele>57</ele></trkpt>
   <trkpt lat="44.444017" lon="4.690294"><ele>57.5</ele></trkpt>
   <trkpt lat="44.443947" lon="4.690419"><ele>58</ele></trkpt>
   <trkpt lat="44.443874" lon="4.690574"><ele>58</ele></trkpt>
   <trkpt lat="44.443661" lon="4.690364"><ele>58</ele></trkpt>
   <trkpt lat="44.44363" lon="4.690279"><ele>58</ele></trkpt>
   <trkpt lat="44.443598" lon="4.690097"><ele>58</ele></trkpt>
   <trkpt lat="44.443549" lon="4.689977"><ele>57.75</ele></trkpt>
   <trkpt lat="44.44331" lon="4.689668"><ele>58</ele></trkpt>
   <trkpt lat="44.442912" lon="4.689078"><ele>57.5</ele></trkpt>
   <trkpt lat="44.442442" lon="4.688408"><ele>57.25</ele></trkpt>
   <trkpt lat="44.442299" lon="4.688142"><ele>57.5</ele></trkpt>
   <trkpt lat="44.441999" lon="4.687613"><ele>57</ele></trkpt>
   <trkpt lat="44.441889" lon="4.687415"><ele>56.75</ele></trkpt>
   <trkpt lat="44.441697" lon="4.687203"><ele>57.75</ele></trkpt>
   <trkpt lat="44.441529" lon="4.686868"><ele>57.5</ele></trkpt>
   <trkpt lat="44.441343" lon="4.686412"><ele>58.75</ele></trkpt>
   <trkpt lat="44.441151" lon="4.686079"><ele>57.5</ele></trkpt>
   <trkpt lat="44.440921" lon="4.685889"><ele>57.5</ele></trkpt>
   <trkpt lat="44.440744" lon="4.685694"><ele>57.75</ele></trkpt>
   <trkpt lat="44.44061" lon="4.685595"><ele>58.5</ele></trkpt>
   <trkpt lat="44.440475" lon="4.685401"><ele>57.25</ele></trkpt>
   <trkpt lat="44.440323" lon="4.684702"><ele>58.5</ele></trkpt>
   <trkpt lat="44.440307" lon="4.684585"><ele>58.75</ele></trkpt>
   <trkpt lat="44.440315" lon="4.684417"><ele>58.5</ele></trkpt>
   <trkpt lat="44.440361" lon="4.684203"><ele>57.75</ele></trkpt>
   <trkpt lat="44.440373" lon="4.684158"><ele>57.5</ele></trkpt>
   <trkpt lat="44.440429" lon="4.684013"><ele>58</ele></trkpt>
   <trkpt lat="44.440563" lon="4.683821"><ele>58.25</ele></trkpt>
   <trkpt lat="44.440465" lon="4.68321"><ele>59.25</ele></trkpt>
   <trkpt lat="44.440444" lon="4.682856"><ele>59</ele></trkpt>
   <trkpt lat="44.440406" lon="4.682751"><ele>59</ele></trkpt>
   <trkpt lat="44.440249" lon="4.682585"><ele>59.5</ele></trkpt>
   <trkpt lat="44.440085" lon="4.682531"><ele>59.75</ele></trkpt>
   <trkpt lat="44.439949" lon="4.682394"><ele>60.25</ele></trkpt>
   <trkpt lat="44.439998" lon="4.682245"><ele>60.75</ele></trkpt>
   <trkpt lat="44.440083" lon="4.682106"><ele>61.25</ele></trkpt>
   <trkpt lat="44.440149" lon="4.682019"><ele>61.5</ele></trkpt>
   <trkpt lat="44.44029" lon="4.681927"><ele>61.25</ele></trkpt>
   <trkpt lat="44.44062" lon="4.681826"><ele>63</ele></trkpt>
   <trkpt lat="44.440631" lon="4.681782"><ele>64</ele></trkpt>
   <trkpt lat="44.440662" lon="4.68153"><ele>64.25</ele></trkpt>
   <trkpt lat="44.440662" lon="4.681461"><ele>63.25</ele></trkpt>
   <trkpt lat="44.44044" lon="4.681361"><ele>63.25</ele></trkpt>
   <trkpt lat="44.440189" lon="4.681256"><ele>62.5</ele></trkpt>
   <trkpt lat="44.440066" lon="4.681184"><ele>62</ele></trkpt>
   <trkpt lat="44.439927" lon="4.681003"><ele>61.25</ele></trkpt>
   <trkpt lat="44.439784" lon="4.68075"><ele>60.75</ele></trkpt>
   <trkpt lat="44.439673" lon="4.680522"><ele>59.75</ele></trkpt>
   <trkpt lat="44.439582" lon="4.680374"><ele>57.5</ele></trkpt>
   <trkpt lat="44.439482" lon="4.680184"><ele>57.5</ele></trkpt>
   <trkpt lat="44.439406" lon="4.680007"><ele>58.25</ele></trkpt>
   <trkpt lat="44.439317" lon="4.679611"><ele>56.25</ele></trkpt>
   <trkpt lat="44.439306" lon="4.679501"><ele>56</ele></trkpt>
   <trkpt lat="44.439309" lon="4.679064"><ele>56</ele></trkpt>
   <trkpt lat="44.439299" lon="4.678813"><ele>56.25</ele></trkpt>
   <trkpt lat="44.439219" lon="4.678556"><ele>56.25</ele></trkpt>
   <trkpt lat="44.439152" lon="4.678207"><ele>56.75</ele></trkpt>
   <trkpt lat="44.439061" lon="4.677545"><ele>56.75</ele></trkpt>
   <trkpt lat="44.439035" lon="4.677166"><ele>57.25</ele></trkpt>
   <trkpt lat="44.439017" lon="4.676923"><ele>57</ele></trkpt>
   <trkpt lat="44.43899" lon="4.676695"><ele>58</ele></trkpt>
   <trkpt lat="44.438955" lon="4.676507"><ele>58.75</ele></trkpt>
   <trkpt lat="44.438918" lon="4.676359"><ele>59</ele></trkpt>
   <trkpt lat="44.438874" lon="4.67626"><ele>58.75</ele></trkpt>
   <trkpt lat="44.438726" lon="4.675972"><ele>57.5</ele></trkpt>
   <trkpt lat="44.438124" lon="4.674581"><ele>56.5</ele></trkpt>
   <trkpt lat="44.437679" lon="4.673476"><ele>56.75</ele></trkpt>
   <trkpt lat="44.437327" lon="4.672623"><ele>56.5</ele></trkpt>
   <trkpt lat="44.436967" lon="4.67206"><ele>56.75</ele></trkpt>
   <trkpt lat="44.436775" lon="4.671761"><ele>56.75</ele></trkpt>
   <trkpt lat="44.436689" lon="4.67165"><ele>57</ele></trkpt>
   <trkpt lat="44.43635" lon="4.671212"><ele>56.5</ele></trkpt>
   <trkpt lat="44.435742" lon="4.670404"><ele>56.5</ele></trkpt>
   <trkpt lat="44.435316" lon="4.670027"><ele>56.5</ele></trkpt>
   <trkpt lat="44.434547" lon="4.669106"><ele>55.25</ele></trkpt>
   <trkpt lat="44.434064" lon="4.668621"><ele>56</ele></trkpt>
   <trkpt lat="44.433625" lon="4.668261"><ele>55.25</ele></trkpt>
   <trkpt lat="44.433429" lon="4.668144"><ele>55.25</ele></trkpt>
   <trkpt lat="44.432821" lon="4.667694"><ele>54.75</ele></trkpt>
   <trkpt lat="44.431814" lon="4.666999"><ele>54.5</ele></trkpt>
   <trkpt lat="44.431668" lon="4.666861"><ele>55</ele></trkpt>
   <trkpt lat="44.431111" lon="4.666501"><ele>55</ele></trkpt>
   <trkpt lat="44.430166" lon="4.665931"><ele>55.25</ele></trkpt>
   <trkpt lat="44.429727" lon="4.665697"><ele>55.25</ele></trkpt>
   <trkpt lat="44.429485" lon="4.665582"><ele>55.5</ele></trkpt>
   <trkpt lat="44.429195" lon="4.665491"><ele>55</ele></trkpt>
   <trkpt lat="44.428695" lon="4.665227"><ele>56.25</ele></trkpt>
   <trkpt lat="44.428365" lon="4.665078"><ele>56.5</ele></trkpt>
   <trkpt lat="44.427765" lon="4.664782"><ele>56</ele></trkpt>
   <trkpt lat="44.427075" lon="4.664484"><ele>56.25</ele></trkpt>
   <trkpt lat="44.426848" lon="4.664405"><ele>56</ele></trkpt>
   <trkpt lat="44.426171" lon="4.664082"><ele>55.5</ele></trkpt>
   <trkpt lat="44.425542" lon="4.663855"><ele>56.5</ele></trkpt>
   <trkpt lat="44.425042" lon="4.663656"><ele>55.5</ele></trkpt>
   <trkpt lat="44.42439" lon="4.663441"><ele>55</ele></trkpt>
   <trkpt lat="44.423284" lon="4.663119"><ele>55.5</ele></trkpt>
   <trkpt lat="44.42279" lon="4.663001"><ele>55.75</ele></trkpt>
   <trkpt lat="44.422124" lon="4.662841"><ele>55.25</ele></trkpt>
   <trkpt lat="44.42167" lon="4.662725"><ele>54.25</ele></trkpt>
   <trkpt lat="44.420459" lon="4.66247"><ele>55.5</ele></trkpt>
   <trkpt lat="44.41947" lon="4.662315"><ele>54.75</ele></trkpt>
   <trkpt lat="44.418587" lon="4.662215"><ele>55</ele></trkpt>
   <trkpt lat="44.418124" lon="4.662175"><ele>55</ele></trkpt>
   <trkpt lat="44.417601" lon="4.662111"><ele>55</ele></trkpt>
   <trkpt lat="44.417181" lon="4.662071"><ele>55</ele></trkpt>
   <trkpt lat="44.416981" lon="4.662028"><ele>55</ele></trkpt>
   <trkpt lat="44.416859" lon="4.662103"><ele>54.5</ele></trkpt>
   <trkpt lat="44.41682" lon="4.662259"><ele>54</ele></trkpt>
   <trkpt lat="44.416878" lon="4.662683"><ele>54.25</ele></trkpt>
   <trkpt lat="44.416888" lon="4.662838"><ele>54.5</ele></trkpt>
   <trkpt lat="44.416885" lon="4.662958"><ele>54.5</ele></trkpt>
   <trkpt lat="44.41685" lon="4.663022"><ele>54.5</ele></trkpt>
   <trkpt lat="44.416745" lon="4.663062"><ele>54</ele></trkpt>
   <trkpt lat="44.416511" lon="4.66304"><ele>54.5</ele></trkpt>
   <trkpt lat="44.416282" lon="4.663057"><ele>54.75</ele></trkpt>
   <trkpt lat="44.416005" lon="4.663058"><ele>55.25</ele></trkpt>
   <trkpt lat="44.415167" lon="4.663098"><ele>54.5</ele></trkpt>
   <trkpt lat="44.414683" lon="4.663133"><ele>54</ele></trkpt>
   <trkpt lat="44.414477" lon="4.663125"><ele>54</ele></trkpt>
   <trkpt lat="44.414069" lon="4.66305"><ele>55</ele></trkpt>
   <trkpt lat="44.413697" lon="4.663021"><ele>55</ele></trkpt>
   <trkpt lat="44.412865" lon="4.662862"><ele>54.5</ele></trkpt>
   <trkpt lat="44.412549" lon="4.662907"><ele>54</ele></trkpt>
   <trkpt lat="44.411998" lon="4.662832"><ele>53.75</ele></trkpt>
   <trkpt lat="44.411614" lon="4.66268"><ele>54</ele></trkpt>
   <trkpt lat="44.411269" lon="4.662527"><ele>54.75</ele></trkpt>
   <trkpt lat="44.41103" lon="4.662465"><ele>54.5</ele></trkpt>
   <trkpt lat="44.410798" lon="4.662471"><ele>54</ele></trkpt>
   <trkpt lat="44.41048" lon="4.662436"><ele>53.75</ele></trkpt>
   <trkpt lat="44.410401" lon="4.662436"><ele>53.5</ele></trkpt>
   <trkpt lat="44.41028" lon="4.662408"><ele>53.25</ele></trkpt>
   <trkpt lat="44.410204" lon="4.662241"><ele>53.75</ele></trkpt>
   <trkpt lat="44.410197" lon="4.6618"><ele>53.5</ele></trkpt>
   <trkpt lat="44.410185" lon="4.661733"><ele>53</ele></trkpt>
   <trkpt lat="44.410162" lon="4.661677"><ele>52.5</ele></trkpt>
   <trkpt lat="44.410054" lon="4.661644"><ele>52</ele></trkpt>
   <trkpt lat="44.409889" lon="4.661582"><ele>52</ele></trkpt>
   <trkpt lat="44.409775" lon="4.661511"><ele>52.25</ele></trkpt>
   <trkpt lat="44.409682" lon="4.661488"><ele>52.75</ele></trkpt>
   <trkpt lat="44.409576" lon="4.661528"><ele>53</ele></trkpt>
   <trkpt lat="44.409471" lon="4.661593"><ele>53</ele></trkpt>
   <trkpt lat="44.409378" lon="4.661581"><ele>53.5</ele></trkpt>
   <trkpt lat="44.409202" lon="4.661463"><ele>53.5</ele></trkpt>
   <trkpt lat="44.409009" lon="4.661311"><ele>52.5</ele></trkpt>
   <trkpt lat="44.408871" lon="4.661178"><ele>52.75</ele></trkpt>
   <trkpt lat="44.40874" lon="4.661121"><ele>52.75</ele></trkpt>
   <trkpt lat="44.408556" lon="4.661115"><ele>52.75</ele></trkpt>
   <trkpt lat="44.408292" lon="4.661158"><ele>52.75</ele></trkpt>
   <trkpt lat="44.407928" lon="4.661297"><ele>52.5</ele></trkpt>
   <trkpt lat="44.407664" lon="4.661407"><ele>52.5</ele></trkpt>
   <trkpt lat="44.407358" lon="4.661461"><ele>51.5</ele></trkpt>
   <trkpt lat="44.407071" lon="4.661541"><ele>51.5</ele></trkpt>
   <trkpt lat="44.406485" lon="4.661734"><ele>52</ele></trkpt>
   <trkpt lat="44.406176" lon="4.661801"><ele>51.5</ele></trkpt>
   <trkpt lat="44.405386" lon="4.661963"><ele>51.75</ele></trkpt>
   <trkpt lat="44.405233" lon="4.661986"><ele>51.75</ele></trkpt>
   <trkpt lat="44.405051" lon="4.661993"><ele>51.75</ele></trkpt>
   <trkpt lat="44.404912" lon="4.661819"><ele>51.5</ele></trkpt>
   <trkpt lat="44.4048" lon="4.661532"><ele>51</ele></trkpt>
   <trkpt lat="44.404809" lon="4.661442"><ele>51</ele></trkpt>
   <trkpt lat="44.404824" lon="4.661304"><ele>51.25</ele></trkpt>
   <trkpt lat="44.40475" lon="4.661108"><ele>52</ele></trkpt>
   <trkpt lat="44.404686" lon="4.661021"><ele>52.5</ele></trkpt>
   <trkpt lat="44.404471" lon="4.660883"><ele>52.75</ele></trkpt>
   <trkpt lat="44.404346" lon="4.660773"><ele>53</ele></trkpt>
   <trkpt lat="44.404189" lon="4.660537"><ele>53</ele></trkpt>
   <trkpt lat="44.404131" lon="4.660334"><ele>53.5</ele></trkpt>
   <trkpt lat="44.404013" lon="4.660054"><ele>53.25</ele></trkpt>
   <trkpt lat="44.403823" lon="4.659633"><ele>53.25</ele></trkpt>
   <trkpt lat="44.403797" lon="4.659578"><ele>53</ele></trkpt>
   <trkpt lat="44.403757" lon="4.659594"><ele>52.75</ele></trkpt>
   <trkpt lat="44.403472" lon="4.659789"><ele>52</ele></trkpt>
   <trkpt lat="44.403452" lon="4.659753"><ele>52.25</ele></trkpt>
   <trkpt lat="44.403342" lon="4.659441"><ele>52.75</ele></trkpt>
   <trkpt lat="44.403148" lon="4.658993"><ele>52.25</ele></trkpt>
   <trkpt lat="44.402722" lon="4.658175"><ele>52</ele></trkpt>
   <trkpt lat="44.402638" lon="4.657861"><ele>52</ele></trkpt>
   <trkpt lat="44.402607" lon="4.657783"><ele>52</ele></trkpt>
   <trkpt lat="44.402564" lon="4.657723"><ele>52.5</ele></trkpt>
   <trkpt lat="44.402512" lon="4.657716"><ele>52.75</ele></trkpt>
   <trkpt lat="44.402433" lon="4.657748"><ele>53</ele></trkpt>
   <trkpt lat="44.402336" lon="4.657818"><ele>53</ele></trkpt>
   <trkpt lat="44.402244" lon="4.657962"><ele>53.5</ele></trkpt>
   <trkpt lat="44.402214" lon="4.658057"><ele>53.75</ele></trkpt>
   <trkpt lat="44.401834" lon="4.659715"><ele>53</ele></trkpt>
   <trkpt lat="44.401783" lon="4.659817"><ele>53</ele></trkpt>
   <trkpt lat="44.401717" lon="4.659849"><ele>53</ele></trkpt>
   <trkpt lat="44.400649" lon="4.659687"><ele>53.5</ele></trkpt>
   <trkpt lat="44.400536" lon="4.659697"><ele>54</ele></trkpt>
   <trkpt lat="44.400326" lon="4.659889"><ele>53.75</ele></trkpt>
   <trkpt lat="44.400144" lon="4.659983"><ele>54</ele></trkpt>
   <trkpt lat="44.400014" lon="4.659975"><ele>54</ele></trkpt>
   <trkpt lat="44.399838" lon="4.659927"><ele>53.25</ele></trkpt>
   <trkpt lat="44.399371" lon="4.659741"><ele>53</ele></trkpt>
   <trkpt lat="44.39872" lon="4.659505"><ele>53</ele></trkpt>
   <trkpt lat="44.397994" lon="4.659139"><ele>53.5</ele></trkpt>
   <trkpt lat="44.39777" lon="4.65898"><ele>53.5</ele></trkpt>
   <trkpt lat="44.3973" lon="4.658526"><ele>53</ele></trkpt>
   <trkpt lat="44.397053" lon="4.658349"><ele>52.75</ele></trkpt>
   <trkpt lat="44.396768" lon="4.658178"><ele>52.5</ele></trkpt>
   <trkpt lat="44.396701" lon="4.658139"><ele>52.5</ele></trkpt>
   <trkpt lat="44.396665" lon="4.658071"><ele>52.75</ele></trkpt>
   <trkpt lat="44.396553" lon="4.658017"><ele>52.5</ele></trkpt>
   <trkpt lat="44.395537" lon="4.657325"><ele>52.5</ele></trkpt>
   <trkpt lat="44.395248" lon="4.657065"><ele>52.75</ele></trkpt>
   <trkpt lat="44.395262" lon="4.656859"><ele>52.75</ele></trkpt>
   <trkpt lat="44.396178" lon="4.650592"><ele>53</ele></trkpt>
   <trkpt lat="44.396204" lon="4.650419"><ele>53</ele></trkpt>
   <trkpt lat="44.396229" lon="4.650279"><ele>53</ele></trkpt>
   <trkpt lat="44.396184" lon="4.65009"><ele>52</ele></trkpt>
   <trkpt lat="44.396122" lon="4.649941"><ele>50.75</ele></trkpt>
   <trkpt lat="44.396026" lon="4.649686"><ele>50.5</ele></trkpt>
   <trkpt lat="44.395969" lon="4.649548"><ele>52</ele></trkpt>
   <trkpt lat="44.395971" lon="4.649012"><ele>53</ele></trkpt>
   <trkpt lat="44.395937" lon="4.649007"><ele>53</ele></trkpt>
   <trkpt lat="44.395818" lon="4.649054"><ele>52.75</ele></trkpt>
   <trkpt lat="44.395669" lon="4.649172"><ele>53</ele></trkpt>
   <trkpt lat="44.395595" lon="4.649332"><ele>53</ele></trkpt>
   <trkpt lat="44.395511" lon="4.649808"><ele>52.5</ele></trkpt>
   <trkpt lat="44.395446" lon="4.65"><ele>51.75</ele></trkpt>
   <trkpt lat="44.394944" lon="4.650769"><ele>52.75</ele></trkpt>
   <trkpt lat="44.394934" lon="4.651048"><ele>51.75</ele></trkpt>
   <trkpt lat="44.394896" lon="4.65115"><ele>51.5</ele></trkpt>
   <trkpt lat="44.394757" lon="4.651298"><ele>52</ele></trkpt>
   <trkpt lat="44.394329" lon="4.651926"><ele>51.75</ele></trkpt>
   <trkpt lat="44.393594" lon="4.652382"><ele>51.75</ele></trkpt>
   <trkpt lat="44.393065" lon="4.652611"><ele>52</ele></trkpt>
   <trkpt lat="44.392314" lon="4.653145"><ele>52.25</ele></trkpt>
   <trkpt lat="44.391968" lon="4.653341"><ele>52.75</ele></trkpt>
   <trkpt lat="44.391688" lon="4.653421"><ele>52.75</ele></trkpt>
   <trkpt lat="44.391495" lon="4.653429"><ele>53</ele></trkpt>
   <trkpt lat="44.391421" lon="4.653433"><ele>52.75</ele></trkpt>
   <trkpt lat="44.391353" lon="4.653421"><ele>52.75</ele></trkpt>
   <trkpt lat="44.390886" lon="4.653313"><ele>52</ele></trkpt>
   <trkpt lat="44.390566" lon="4.653287"><ele>52</ele></trkpt>
   <trkpt lat="44.389443" lon="4.653323"><ele>52.75</ele></trkpt>
   <trkpt lat="44.389103" lon="4.653206"><ele>52.25</ele></trkpt>
   <trkpt lat="44.388581" lon="4.653107"><ele>52</ele></trkpt>
   <trkpt lat="44.38843" lon="4.653005"><ele>52</ele></trkpt>
   <trkpt lat="44.387994" lon="4.652549"><ele>52</ele></trkpt>
   <trkpt lat="44.387841" lon="4.652363"><ele>52</ele></trkpt>
   <trkpt lat="44.387583" lon="4.652051"><ele>52</ele></trkpt>
   <trkpt lat="44.387003" lon="4.651351"><ele>52</ele></trkpt>
   <trkpt lat="44.386797" lon="4.651154"><ele>52</ele></trkpt>
   <trkpt lat="44.386654" lon="4.651037"><ele>52</ele></trkpt>
   <trkpt lat="44.386177" lon="4.650653"><ele>52</ele></trkpt>
   <trkpt lat="44.386015" lon="4.650559"><ele>51.5</ele></trkpt>
   <trkpt lat="44.38576" lon="4.650371"><ele>51</ele></trkpt>
   <trkpt lat="44.385491" lon="4.650198"><ele>51</ele></trkpt>
   <trkpt lat="44.384944" lon="4.649822"><ele>51</ele></trkpt>
   <trkpt lat="44.384343" lon="4.649288"><ele>51.25</ele></trkpt>
   <trkpt lat="44.384244" lon="4.649245"><ele>51.5</ele></trkpt>
   <trkpt lat="44.383984" lon="4.649265"><ele>52</ele></trkpt>
   <trkpt lat="44.383737" lon="4.649256"><ele>52</ele></trkpt>
   <trkpt lat="44.383463" lon="4.649197"><ele>52</ele></trkpt>
   <trkpt lat="44.382622" lon="4.648861"><ele>51</ele></trkpt>
   <trkpt lat="44.382361" lon="4.648676"><ele>51.25</ele></trkpt>
   <trkpt lat="44.38148" lon="4.647623"><ele>51.25</ele></trkpt>
   <trkpt lat="44.381319" lon="4.647413"><ele>51.5</ele></trkpt>
   <trkpt lat="44.381202" lon="4.647299"><ele>51.25</ele></trkpt>
   <trkpt lat="44.381145" lon="4.647256"><ele>51</ele></trkpt>
   <trkpt lat="44.381084" lon="4.647248"><ele>51</ele></trkpt>
   <trkpt lat="44.381026" lon="4.647254"><ele>51.25</ele></trkpt>
   <trkpt lat="44.380651" lon="4.647346"><ele>51.5</ele></trkpt>
   <trkpt lat="44.38031" lon="4.647452"><ele>51.25</ele></trkpt>
   <trkpt lat="44.380229" lon="4.647467"><ele>51.25</ele></trkpt>
   <trkpt lat="44.380135" lon="4.647468"><ele>51.25</ele></trkpt>
   <trkpt lat="44.380065" lon="4.647444"><ele>51.5</ele></trkpt>
   <trkpt lat="44.379963" lon="4.647371"><ele>52.25</ele></trkpt>
   <trkpt lat="44.379855" lon="4.647278"><ele>52.5</ele></trkpt>
   <trkpt lat="44.379703" lon="4.647138"><ele>52.75</ele></trkpt>
   <trkpt lat="44.379593" lon="4.647026"><ele>53.5</ele></trkpt>
   <trkpt lat="44.379527" lon="4.646983"><ele>53.5</ele></trkpt>
   <trkpt lat="44.379442" lon="4.646969"><ele>53.25</ele></trkpt>
   <trkpt lat="44.379087" lon="4.647051"><ele>55.25</ele></trkpt>
   <trkpt lat="44.379051" lon="4.647128"><ele>55.25</ele></trkpt>
   <trkpt lat="44.379019" lon="4.647169"><ele>55</ele></trkpt>
   <trkpt lat="44.379005" lon="4.647172"><ele>55</ele></trkpt>
   <trkpt lat="44.378744" lon="4.647233"><ele>54.25</ele></trkpt>
   <trkpt lat="44.378305" lon="4.647354"><ele>53.75</ele></trkpt>
   <trkpt lat="44.377816" lon="4.647449"><ele>53.25</ele></trkpt>
   <trkpt lat="44.377425" lon="4.647517"><ele>52.5</ele></trkpt>
   <trkpt lat="44.377268" lon="4.647488"><ele>52.25</ele></trkpt>
   <trkpt lat="44.377244" lon="4.647498"><ele>52</ele></trkpt>
   <trkpt lat="44.377128" lon="4.647551"><ele>52.5</ele></trkpt>
   <trkpt lat="44.377032" lon="4.647615"><ele>53</ele></trkpt>
   <trkpt lat="44.3769" lon="4.647671"><ele>53.5</ele></trkpt>
   <trkpt lat="44.37649" lon="4.647708"><ele>53.75</ele></trkpt>
   <trkpt lat="44.376034" lon="4.647726"><ele>54</ele></trkpt>
   <trkpt lat="44.375585" lon="4.647699"><ele>53.25</ele></trkpt>
   <trkpt lat="44.375311" lon="4.647681"><ele>53</ele></trkpt>
   <trkpt lat="44.374922" lon="4.647664"><ele>52.75</ele></trkpt>
   <trkpt lat="44.374595" lon="4.647651"><ele>52.25</ele></trkpt>
   <trkpt lat="44.373782" lon="4.647705"><ele>52</ele></trkpt>
   <trkpt lat="44.373585" lon="4.64772"><ele>52</ele></trkpt>
   <trkpt lat="44.373067" lon="4.647732"><ele>52</ele></trkpt>
   <trkpt lat="44.37228" lon="4.647783"><ele>50.75</ele></trkpt>
   <trkpt lat="44.372278" lon="4.647782"><ele>50.75</ele></trkpt>
   <trkpt lat="44.37224" lon="4.647764"><ele>51.25</ele></trkpt>
   <trkpt lat="44.372195" lon="4.647761"><ele>51.25</ele></trkpt>
   <trkpt lat="44.372139" lon="4.647766"><ele>51.25</ele></trkpt>
   <trkpt lat="44.372054" lon="4.647777"><ele>51.5</ele></trkpt>
   <trkpt lat="44.372005" lon="4.647814"><ele>51.5</ele></trkpt>
   <trkpt lat="44.371959" lon="4.647837"><ele>51.5</ele></trkpt>
   <trkpt lat="44.371626" lon="4.647853"><ele>51.25</ele></trkpt>
   <trkpt lat="44.371316" lon="4.647865"><ele>51</ele></trkpt>
   <trkpt lat="44.371058" lon="4.647846"><ele>50.5</ele></trkpt>
   <trkpt lat="44.37099" lon="4.647842"><ele>50.5</ele></trkpt>
   <trkpt lat="44.370899" lon="4.647824"><ele>50.5</ele></trkpt>
   <trkpt lat="44.370414" lon="4.64772"><ele>50.75</ele></trkpt>
   <trkpt lat="44.37032" lon="4.647699"><ele>50.5</ele></trkpt>
   <trkpt lat="44.370053" lon="4.647639"><ele>50.75</ele></trkpt>
   <trkpt lat="44.369738" lon="4.647573"><ele>51</ele></trkpt>
   <trkpt lat="44.369602" lon="4.647547"><ele>51.25</ele></trkpt>
   <trkpt lat="44.369432" lon="4.647514"><ele>51.75</ele></trkpt>
   <trkpt lat="44.369329" lon="4.647486"><ele>51.5</ele></trkpt>
   <trkpt lat="44.369006" lon="4.647375"><ele>51.25</ele></trkpt>
   <trkpt lat="44.368929" lon="4.647356"><ele>51</ele></trkpt>
   <trkpt lat="44.368908" lon="4.647361"><ele>51</ele></trkpt>
   <trkpt lat="44.368877" lon="4.647361"><ele>51</ele></trkpt>
   <trkpt lat="44.368871" lon="4.647325"><ele>51.5</ele></trkpt>
   <trkpt lat="44.368882" lon="4.647228"><ele>52.75</ele></trkpt>
   <trkpt lat="44.368804" lon="4.647162"><ele>53.25</ele></trkpt>
   <trkpt lat="44.368765" lon="4.64717"><ele>53.5</ele></trkpt>
   <trkpt lat="44.368724" lon="4.6472"><ele>53.5</ele></trkpt>
   <trkpt lat="44.36868" lon="4.647249"><ele>53</ele></trkpt>
   <trkpt lat="44.368643" lon="4.647314"><ele>51.75</ele></trkpt>
   <trkpt lat="44.368607" lon="4.647305"><ele>52</ele></trkpt>
   <trkpt lat="44.368605" lon="4.647326"><ele>51.5</ele></trkpt>
   <trkpt lat="44.368602" lon="4.647398"><ele>51.5</ele></trkpt>
   <trkpt lat="44.368469" lon="4.648825"><ele>51.75</ele></trkpt>
   <trkpt lat="44.36822" lon="4.651518"><ele>52.5</ele></trkpt>
   <trkpt lat="44.368162" lon="4.651684"><ele>52.5</ele></trkpt>
   <trkpt lat="44.368117" lon="4.652225"><ele>52.25</ele></trkpt>
   <trkpt lat="44.368026" lon="4.653128"><ele>53.5</ele></trkpt>
   <trkpt lat="44.367961" lon="4.654032"><ele>51.75</ele></trkpt>
   <trkpt lat="44.367856" lon="4.655242"><ele>51.25</ele></trkpt>
   <trkpt lat="44.36777" lon="4.656162"><ele>52.75</ele></trkpt>
   <trkpt lat="44.367737" lon="4.656331"><ele>52.75</ele></trkpt>
   <trkpt lat="44.367685" lon="4.656415"><ele>52.5</ele></trkpt>
   <trkpt lat="44.367601" lon="4.656472"><ele>52.25</ele></trkpt>
   <trkpt lat="44.367431" lon="4.65644"><ele>51.75</ele></trkpt>
   <trkpt lat="44.367116" lon="4.656356"><ele>51.25</ele></trkpt>
   <trkpt lat="44.366658" lon="4.656244"><ele>50.75</ele></trkpt>
   <trkpt lat="44.366423" lon="4.656205"><ele>50.5</ele></trkpt>
   <trkpt lat="44.3635" lon="4.655926"><ele>50</ele></trkpt>
   <trkpt lat="44.363074" lon="4.65585"><ele>49</ele></trkpt>
   <trkpt lat="44.36297" lon="4.655831"><ele>49.25</ele></trkpt>
   <trkpt lat="44.362939" lon="4.655825"><ele>49.25</ele></trkpt>
   <trkpt lat="44.361913" lon="4.655557"><ele>50</ele></trkpt>
   <trkpt lat="44.361663" lon="4.655526"><ele>49.75</ele></trkpt>
   <trkpt lat="44.361398" lon="4.655528"><ele>49.75</ele></trkpt>
   <trkpt lat="44.360871" lon="4.655599"><ele>50</ele></trkpt>
   <trkpt lat="44.359853" lon="4.655681"><ele>49.25</ele></trkpt>
   <trkpt lat="44.35966" lon="4.655718"><ele>49.5</ele></trkpt>
   <trkpt lat="44.359431" lon="4.655784"><ele>49.75</ele></trkpt>
   <trkpt lat="44.358222" lon="4.656235"><ele>50</ele></trkpt>
   <trkpt lat="44.357891" lon="4.656357"><ele>49.75</ele></trkpt>
   <trkpt lat="44.357693" lon="4.656443"><ele>50</ele></trkpt>
   <trkpt lat="44.357622" lon="4.656542"><ele>50</ele></trkpt>
   <trkpt lat="44.357573" lon="4.656669"><ele>49.5</ele></trkpt>
   <trkpt lat="44.357497" lon="4.656734"><ele>50</ele></trkpt>
   <trkpt lat="44.357411" lon="4.656763"><ele>50</ele></trkpt>
   <trkpt lat="44.357309" lon="4.656774"><ele>50</ele></trkpt>
   <trkpt lat="44.35602" lon="4.656661"><ele>50</ele></trkpt>
   <trkpt lat="44.355686" lon="4.656656"><ele>49.5</ele></trkpt>
   <trkpt lat="44.355264" lon="4.656672"><ele>49</ele></trkpt>
   <trkpt lat="44.355136" lon="4.656639"><ele>49</ele></trkpt>
   <trkpt lat="44.355069" lon="4.656619"><ele>49</ele></trkpt>
   <trkpt lat="44.354083" lon="4.656061"><ele>49.5</ele></trkpt>
   <trkpt lat="44.353818" lon="4.655862"><ele>49.5</ele></trkpt>
   <trkpt lat="44.353723" lon="4.655809"><ele>49.25</ele></trkpt>
   <trkpt lat="44.353638" lon="4.655798"><ele>49</ele></trkpt>
   <trkpt lat="44.353569" lon="4.655803"><ele>49</ele></trkpt>
   <trkpt lat="44.353462" lon="4.655857"><ele>49</ele></trkpt>
   <trkpt lat="44.352917" lon="4.656254"><ele>49</ele></trkpt>
   <trkpt lat="44.351168" lon="4.657553"><ele>49</ele></trkpt>
   <trkpt lat="44.349422" lon="4.658877"><ele>48.75</ele></trkpt>
   <trkpt lat="44.349291" lon="4.658937"><ele>48.5</ele></trkpt>
   <trkpt lat="44.349069" lon="4.659038"><ele>48.5</ele></trkpt>
   <trkpt lat="44.348678" lon="4.659134"><ele>48</ele></trkpt>
   <trkpt lat="44.348218" lon="4.659199"><ele>48.75</ele></trkpt>
   <trkpt lat="44.348022" lon="4.659215"><ele>49</ele></trkpt>
   <trkpt lat="44.347807" lon="4.659161"><ele>48.75</ele></trkpt>
   <trkpt lat="44.347386" lon="4.658915"><ele>47.75</ele></trkpt>
   <trkpt lat="44.346737" lon="4.658405"><ele>48.25</ele></trkpt>
   <trkpt lat="44.346553" lon="4.658276"><ele>48.25</ele></trkpt>
   <trkpt lat="44.346423" lon="4.658223"><ele>48.25</ele></trkpt>
   <trkpt lat="44.346192" lon="4.658223"><ele>48.75</ele></trkpt>
   <trkpt lat="44.345955" lon="4.658378"><ele>48.75</ele></trkpt>
   <trkpt lat="44.344994" lon="4.658954"><ele>48.75</ele></trkpt>
   <trkpt lat="44.344419" lon="4.659299"><ele>48</ele></trkpt>
   <trkpt lat="44.342586" lon="4.660411"><ele>47.75</ele></trkpt>
   <trkpt lat="44.342433" lon="4.660513"><ele>48</ele></trkpt>
   <trkpt lat="44.341396" lon="4.660907"><ele>48</ele></trkpt>
   <trkpt lat="44.340232" lon="4.661319"><ele>48</ele></trkpt>
   <trkpt lat="44.340163" lon="4.66134"><ele>48</ele></trkpt>
   <trkpt lat="44.339589" lon="4.661528"><ele>47.25</ele></trkpt>
   <trkpt lat="44.339498" lon="4.661538"><ele>47.5</ele></trkpt>
   <trkpt lat="44.339453" lon="4.661522"><ele>47.25</ele></trkpt>
   <trkpt lat="44.339408" lon="4.661505"><ele>47.25</ele></trkpt>
   <trkpt lat="44.339075" lon="4.661284"><ele>47.25</ele></trkpt>
   <trkpt lat="44.338389" lon="4.660905"><ele>47.75</ele></trkpt>
   <trkpt lat="44.337825" lon="4.660642"><ele>47.25</ele></trkpt>
   <trkpt lat="44.337188" lon="4.660433"><ele>47.5</ele></trkpt>
   <trkpt lat="44.336697" lon="4.660223"><ele>48.75</ele></trkpt>
   <trkpt lat="44.336041" lon="4.659902"><ele>48.25</ele></trkpt>
   <trkpt lat="44.335592" lon="4.659659"><ele>49</ele></trkpt>
   <trkpt lat="44.335178" lon="4.659486"><ele>48</ele></trkpt>
   <trkpt lat="44.334934" lon="4.659426"><ele>49.25</ele></trkpt>
   <trkpt lat="44.334698" lon="4.659402"><ele>47.5</ele></trkpt>
   <trkpt lat="44.334037" lon="4.659174"><ele>47.5</ele></trkpt>
   <trkpt lat="44.333921" lon="4.659169"><ele>47</ele></trkpt>
   <trkpt lat="44.333806" lon="4.659165"><ele>47</ele></trkpt>
   <trkpt lat="44.333631" lon="4.659177"><ele>47</ele></trkpt>
   <trkpt lat="44.33335" lon="4.659222"><ele>46.75</ele></trkpt>
   <trkpt lat="44.331763" lon="4.659708"><ele>46.75</ele></trkpt>
   <trkpt lat="44.331417" lon="4.659832"><ele>47</ele></trkpt>
   <trkpt lat="44.331183" lon="4.659837"><ele>47</ele></trkpt>
   <trkpt lat="44.330888" lon="4.659805"><ele>47</ele></trkpt>
   <trkpt lat="44.330592" lon="4.659735"><ele>47</ele></trkpt>
   <trkpt lat="44.33032" lon="4.659682"><ele>47</ele></trkpt>
   <trkpt lat="44.330078" lon="4.659655"><ele>46.75</ele></trkpt>
   <trkpt lat="44.329748" lon="4.659676"><ele>47</ele></trkpt>
   <trkpt lat="44.329225" lon="4.659657"><ele>47</ele></trkpt>
   <trkpt lat="44.32833" lon="4.65948"><ele>47</ele></trkpt>
   <trkpt lat="44.327307" lon="4.659263"><ele>47.75</ele></trkpt>
   <trkpt lat="44.327128" lon="4.659214"><ele>48</ele></trkpt>
   <trkpt lat="44.326692" lon="4.659094"><ele>47.75</ele></trkpt>
   <trkpt lat="44.326663" lon="4.659092"><ele>47.5</ele></trkpt>
   <trkpt lat="44.326581" lon="4.659099"><ele>47.75</ele></trkpt>
   <trkpt lat="44.32602" lon="4.659201"><ele>47.5</ele></trkpt>
   <trkpt lat="44.325729" lon="4.659281"><ele>47</ele></trkpt>
   <trkpt lat="44.325611" lon="4.659338"><ele>47</ele></trkpt>
   <trkpt lat="44.325441" lon="4.659517"><ele>46.5</ele></trkpt>
   <trkpt lat="44.325246" lon="4.659781"><ele>46.75</ele></trkpt>
   <trkpt lat="44.324785" lon="4.660403"><ele>47</ele></trkpt>
   <trkpt lat="44.324494" lon="4.660802"><ele>46.75</ele></trkpt>
   <trkpt lat="44.32388" lon="4.661677"><ele>46</ele></trkpt>
   <trkpt lat="44.32342" lon="4.662391"><ele>46.5</ele></trkpt>
   <trkpt lat="44.323137" lon="4.662855"><ele>46.25</ele></trkpt>
   <trkpt lat="44.322978" lon="4.663096"><ele>46.5</ele></trkpt>
   <trkpt lat="44.322792" lon="4.663356"><ele>46</ele></trkpt>
   <trkpt lat="44.322349" lon="4.663926"><ele>46</ele></trkpt>
   <trkpt lat="44.322078" lon="4.664224"><ele>46</ele></trkpt>
   <trkpt lat="44.321983" lon="4.664329"><ele>46</ele></trkpt>
   <trkpt lat="44.32168" lon="4.664748"><ele>46.25</ele></trkpt>
   <trkpt lat="44.321492" lon="4.665118"><ele>47</ele></trkpt>
   <trkpt lat="44.321355" lon="4.665486"><ele>46.5</ele></trkpt>
   <trkpt lat="44.321263" lon="4.66577"><ele>46.5</ele></trkpt>
   <trkpt lat="44.321252" lon="4.665819"><ele>46.5</ele></trkpt>
   <trkpt lat="44.321027" lon="4.666813"><ele>46</ele></trkpt>
   <trkpt lat="44.32091" lon="4.667144"><ele>46</ele></trkpt>
   <trkpt lat="44.320789" lon="4.667414"><ele>46.5</ele></trkpt>
   <trkpt lat="44.320634" lon="4.667642"><ele>46</ele></trkpt>
   <trkpt lat="44.320411" lon="4.667921"><ele>45.75</ele></trkpt>
   <trkpt lat="44.320339" lon="4.667986"><ele>45.75</ele></trkpt>
   <trkpt lat="44.320062" lon="4.668238"><ele>46</ele></trkpt>
   <trkpt lat="44.319359" lon="4.668828"><ele>45.75</ele></trkpt>
   <trkpt lat="44.318903" lon="4.669139"><ele>46.75</ele></trkpt>
   <trkpt lat="44.318787" lon="4.669166"><ele>46.75</ele></trkpt>
   <trkpt lat="44.318366" lon="4.669214"><ele>47.5</ele></trkpt>
   <trkpt lat="44.318335" lon="4.669255"><ele>47.25</ele></trkpt>
   <trkpt lat="44.3183" lon="4.66932"><ele>46.75</ele></trkpt>
   <trkpt lat="44.318265" lon="4.669428"><ele>46</ele></trkpt>
   <trkpt lat="44.316865" lon="4.674543"><ele>45.75</ele></trkpt>
   <trkpt lat="44.316817" lon="4.67465"><ele>45.75</ele></trkpt>
   <trkpt lat="44.316751" lon="4.674724"><ele>46</ele></trkpt>
   <trkpt lat="44.314931" lon="4.676205"><ele>46</ele></trkpt>
   <trkpt lat="44.314695" lon="4.676386"><ele>45.75</ele></trkpt>
   <trkpt lat="44.313553" lon="4.677309"><ele>45.5</ele></trkpt>
   <trkpt lat="44.313397" lon="4.677438"><ele>45</ele></trkpt>
   <trkpt lat="44.313321" lon="4.677501"><ele>45</ele></trkpt>
   <trkpt lat="44.311475" lon="4.679022"><ele>44.75</ele></trkpt>
   <trkpt lat="44.310977" lon="4.679406"><ele>45</ele></trkpt>
   <trkpt lat="44.310637" lon="4.67968"><ele>45</ele></trkpt>
   <trkpt lat="44.310194" lon="4.680041"><ele>45</ele></trkpt>
   <trkpt lat="44.309533" lon="4.680583"><ele>44.5</ele></trkpt>
   <trkpt lat="44.30942" lon="4.680703"><ele>44.25</ele></trkpt>
   <trkpt lat="44.308675" lon="4.681711"><ele>44</ele></trkpt>
   <trkpt lat="44.308384" lon="4.682016"><ele>43.75</ele></trkpt>
   <trkpt lat="44.308153" lon="4.682232"><ele>44</ele></trkpt>
   <trkpt lat="44.308038" lon="4.682312"><ele>44.5</ele></trkpt>
   <trkpt lat="44.307491" lon="4.682578"><ele>44.5</ele></trkpt>
   <trkpt lat="44.307378" lon="4.682655"><ele>45</ele></trkpt>
   <trkpt lat="44.307286" lon="4.682734"><ele>45</ele></trkpt>
   <trkpt lat="44.307207" lon="4.682825"><ele>45</ele></trkpt>
   <trkpt lat="44.307146" lon="4.682924"><ele>45</ele></trkpt>
   <trkpt lat="44.307101" lon="4.683034"><ele>45</ele></trkpt>
   <trkpt lat="44.307027" lon="4.6834"><ele>45.25</ele></trkpt>
   <trkpt lat="44.306998" lon="4.683366"><ele>45</ele></trkpt>
   <trkpt lat="44.30697" lon="4.683328"><ele>45</ele></trkpt>
   <trkpt lat="44.306871" lon="4.683158"><ele>44.5</ele></trkpt>
   <trkpt lat="44.306656" lon="4.682779"><ele>44.75</ele></trkpt>
   <trkpt lat="44.306592" lon="4.682694"><ele>44.25</ele></trkpt>
   <trkpt lat="44.306512" lon="4.682629"><ele>43.75</ele></trkpt>
   <trkpt lat="44.306226" lon="4.682506"><ele>44.5</ele></trkpt>
   <trkpt lat="44.305816" lon="4.682347"><ele>44</ele></trkpt>
   <trkpt lat="44.305014" lon="4.682018"><ele>43.75</ele></trkpt>
   <trkpt lat="44.304684" lon="4.681951"><ele>44</ele></trkpt>
   <trkpt lat="44.304229" lon="4.681961"><ele>44.75</ele></trkpt>
   <trkpt lat="44.303946" lon="4.682002"><ele>44</ele></trkpt>
   <trkpt lat="44.303864" lon="4.682023"><ele>44</ele></trkpt>
   <trkpt lat="44.303252" lon="4.682192"><ele>44</ele></trkpt>
   <trkpt lat="44.303156" lon="4.682219"><ele>44</ele></trkpt>
   <trkpt lat="44.302984" lon="4.682283"><ele>44</ele></trkpt>
   <trkpt lat="44.302832" lon="4.682307"><ele>44</ele></trkpt>
   <trkpt lat="44.302474" lon="4.682328"><ele>44</ele></trkpt>
   <trkpt lat="44.302149" lon="4.682295"><ele>44</ele></trkpt>
   <trkpt lat="44.301856" lon="4.682249"><ele>44</ele></trkpt>
   <trkpt lat="44.30165" lon="4.682247"><ele>44</ele></trkpt>
   <trkpt lat="44.301417" lon="4.682284"><ele>44</ele></trkpt>
   <trkpt lat="44.301089" lon="4.68237"><ele>44</ele></trkpt>
   <trkpt lat="44.300751" lon="4.682486"><ele>44</ele></trkpt>
   <trkpt lat="44.300257" lon="4.682751"><ele>44</ele></trkpt>
   <trkpt lat="44.299927" lon="4.682869"><ele>43.75</ele></trkpt>
   <trkpt lat="44.299756" lon="4.682902"><ele>43.5</ele></trkpt>
   <trkpt lat="44.299557" lon="4.682878"><ele>43.25</ele></trkpt>
   <trkpt lat="44.299221" lon="4.682724"><ele>43.5</ele></trkpt>
   <trkpt lat="44.299" lon="4.682563"><ele>43.5</ele></trkpt>
   <trkpt lat="44.298727" lon="4.682328"><ele>44</ele></trkpt>
   <trkpt lat="44.298634" lon="4.682238"><ele>44</ele></trkpt>
   <trkpt lat="44.298366" lon="4.682029"><ele>43.75</ele></trkpt>
   <trkpt lat="44.298143" lon="4.681882"><ele>44</ele></trkpt>
   <trkpt lat="44.297779" lon="4.681642"><ele>43.75</ele></trkpt>
   <trkpt lat="44.297336" lon="4.681303"><ele>44</ele></trkpt>
   <trkpt lat="44.296961" lon="4.680963"><ele>43.5</ele></trkpt>
   <trkpt lat="44.296682" lon="4.680611"><ele>43.75</ele></trkpt>
   <trkpt lat="44.296314" lon="4.680058"><ele>43.75</ele></trkpt>
   <trkpt lat="44.29596" lon="4.679468"><ele>43.75</ele></trkpt>
   <trkpt lat="44.295881" lon="4.679211"><ele>44</ele></trkpt>
   <trkpt lat="44.295893" lon="4.67881"><ele>44</ele></trkpt>
   <trkpt lat="44.295887" lon="4.678489"><ele>44</ele></trkpt>
   <trkpt lat="44.295839" lon="4.678076"><ele>43</ele></trkpt>
   <trkpt lat="44.295841" lon="4.677729"><ele>43</ele></trkpt>
   <trkpt lat="44.295929" lon="4.676718"><ele>43.25</ele></trkpt>
   <trkpt lat="44.29597" lon="4.67603"><ele>43.5</ele></trkpt>
   <trkpt lat="44.295952" lon="4.675817"><ele>44</ele></trkpt>
   <trkpt lat="44.295871" lon="4.675333"><ele>44</ele></trkpt>
   <trkpt lat="44.295792" lon="4.675019"><ele>43</ele></trkpt>
   <trkpt lat="44.295728" lon="4.674902"><ele>43.25</ele></trkpt>
   <trkpt lat="44.295582" lon="4.674853"><ele>43.25</ele></trkpt>
   <trkpt lat="44.294455" lon="4.674922"><ele>44</ele></trkpt>
   <trkpt lat="44.294231" lon="4.674863"><ele>43</ele></trkpt>
   <trkpt lat="44.293756" lon="4.674633"><ele>43.5</ele></trkpt>
   <trkpt lat="44.293009" lon="4.674324"><ele>43.25</ele></trkpt>
   <trkpt lat="44.292378" lon="4.674165"><ele>43.75</ele></trkpt>
   <trkpt lat="44.291206" lon="4.673832"><ele>43.25</ele></trkpt>
   <trkpt lat="44.290717" lon="4.673649"><ele>43.25</ele></trkpt>
   <trkpt lat="44.290188" lon="4.673501"><ele>43</ele></trkpt>
   <trkpt lat="44.288841" lon="4.673293"><ele>43.5</ele></trkpt>
   <trkpt lat="44.287962" lon="4.673116"><ele>43.25</ele></trkpt>
   <trkpt lat="44.28752" lon="4.673048"><ele>43.75</ele></trkpt>
   <trkpt lat="44.286409" lon="4.672878"><ele>43.5</ele></trkpt>
   <trkpt lat="44.286169" lon="4.672861"><ele>43</ele></trkpt>
   <trkpt lat="44.285999" lon="4.672863"><ele>43</ele></trkpt>
   <trkpt lat="44.285796" lon="4.672011"><ele>43</ele></trkpt>
   <trkpt lat="44.285747" lon="4.671837"><ele>43</ele></trkpt>
   <trkpt lat="44.285704" lon="4.671748"><ele>43</ele></trkpt>
   <trkpt lat="44.285657" lon="4.671709"><ele>43</ele></trkpt>
   <trkpt lat="44.285268" lon="4.671711"><ele>43</ele></trkpt>
   <trkpt lat="44.283559" lon="4.671728"><ele>42.25</ele></trkpt>
   <trkpt lat="44.283484" lon="4.671707"><ele>42.25</ele></trkpt>
   <trkpt lat="44.283419" lon="4.671666"><ele>42.5</ele></trkpt>
   <trkpt lat="44.283249" lon="4.671429"><ele>42</ele></trkpt>
   <trkpt lat="44.283192" lon="4.671396"><ele>42</ele></trkpt>
   <trkpt lat="44.283126" lon="4.671386"><ele>42</ele></trkpt>
   <trkpt lat="44.28305" lon="4.671428"><ele>42</ele></trkpt>
   <trkpt lat="44.282038" lon="4.672315"><ele>43</ele></trkpt>
   <trkpt lat="44.28196" lon="4.672351"><ele>42.75</ele></trkpt>
   <trkpt lat="44.281894" lon="4.672357"><ele>43</ele></trkpt>
   <trkpt lat="44.281815" lon="4.67234"><ele>43</ele></trkpt>
   <trkpt lat="44.281627" lon="4.6722"><ele>42.75</ele></trkpt>
   <trkpt lat="44.281255" lon="4.671831"><ele>43</ele></trkpt>
   <trkpt lat="44.281187" lon="4.671783"><ele>43</ele></trkpt>
   <trkpt lat="44.281069" lon="4.67172"><ele>43</ele></trkpt>
   <trkpt lat="44.28056" lon="4.671569"><ele>43</ele></trkpt>
   <trkpt lat="44.279532" lon="4.671297"><ele>42.25</ele></trkpt>
   <trkpt lat="44.279376" lon="4.671247"><ele>42.5</ele></trkpt>
   <trkpt lat="44.279284" lon="4.671204"><ele>42.5</ele></trkpt>
   <trkpt lat="44.279118" lon="4.671105"><ele>42.75</ele></trkpt>
   <trkpt lat="44.278799" lon="4.670875"><ele>42.75</ele></trkpt>
   <trkpt lat="44.278308" lon="4.670611"><ele>42.75</ele></trkpt>
   <trkpt lat="44.277148" lon="4.670086"><ele>43</ele></trkpt>
   <trkpt lat="44.276961" lon="4.669856"><ele>42.25</ele></trkpt>
   <trkpt lat="44.275965" lon="4.668438"><ele>42</ele></trkpt>
   <trkpt lat="44.275757" lon="4.668149"><ele>42</ele></trkpt>
   <trkpt lat="44.275011" lon="4.667392"><ele>42.25</ele></trkpt>
   <trkpt lat="44.274655" lon="4.667021"><ele>42.5</ele></trkpt>
   <trkpt lat="44.274315" lon="4.666703"><ele>42.25</ele></trkpt>
   <trkpt lat="44.274156" lon="4.66657"><ele>42</ele></trkpt>
   <trkpt lat="44.274004" lon="4.666468"><ele>42</ele></trkpt>
   <trkpt lat="44.273833" lon="4.666417"><ele>42</ele></trkpt>
   <trkpt lat="44.27346" lon="4.666396"><ele>42</ele></trkpt>
   <trkpt lat="44.273022" lon="4.66641"><ele>42</ele></trkpt>
   <trkpt lat="44.272838" lon="4.666463"><ele>42</ele></trkpt>
   <trkpt lat="44.272347" lon="4.666698"><ele>42</ele></trkpt>
   <trkpt lat="44.272201" lon="4.666735"><ele>42</ele></trkpt>
   <trkpt lat="44.272056" lon="4.66673"><ele>42</ele></trkpt>
   <trkpt lat="44.271338" lon="4.666527"><ele>42</ele></trkpt>
   <trkpt lat="44.270662" lon="4.666347"><ele>42</ele></trkpt>
   <trkpt lat="44.2705" lon="4.666346"><ele>42</ele></trkpt>
   <trkpt lat="44.270411" lon="4.666383"><ele>42</ele></trkpt>
   <trkpt lat="44.270229" lon="4.666549"><ele>42</ele></trkpt>
   <trkpt lat="44.270095" lon="4.66671"><ele>42.5</ele></trkpt>
   <trkpt lat="44.269916" lon="4.666617"><ele>42.25</ele></trkpt>
   <trkpt lat="44.269743" lon="4.666485"><ele>42.75</ele></trkpt>
   <trkpt lat="44.269656" lon="4.666414"><ele>43</ele></trkpt>
   <trkpt lat="44.269442" lon="4.666084"><ele>42.5</ele></trkpt>
   <trkpt lat="44.269029" lon="4.665444"><ele>41</ele></trkpt>
   <trkpt lat="44.268879" lon="4.665265"><ele>41</ele></trkpt>
   <trkpt lat="44.268709" lon="4.665089"><ele>41</ele></trkpt>
   <trkpt lat="44.268296" lon="4.664815"><ele>41</ele></trkpt>
   <trkpt lat="44.267901" lon="4.664567"><ele>41</ele></trkpt>
   <trkpt lat="44.267498" lon="4.66424"><ele>41</ele></trkpt>
   <trkpt lat="44.267331" lon="4.664136"><ele>41</ele></trkpt>
   <trkpt lat="44.267193" lon="4.664084"><ele>41</ele></trkpt>
   <trkpt lat="44.266972" lon="4.664038"><ele>41</ele></trkpt>
   <trkpt lat="44.266668" lon="4.664029"><ele>41</ele></trkpt>
   <trkpt lat="44.265697" lon="4.664133"><ele>41</ele></trkpt>
   <trkpt lat="44.264959" lon="4.664185"><ele>41</ele></trkpt>
   <trkpt lat="44.264222" lon="4.664196"><ele>40.75</ele></trkpt>
   <trkpt lat="44.263989" lon="4.664228"><ele>40.75</ele></trkpt>
   <trkpt lat="44.263773" lon="4.664297"><ele>41</ele></trkpt>
   <trkpt lat="44.26348" lon="4.664421"><ele>40.5</ele></trkpt>
   <trkpt lat="44.26311" lon="4.664216"><ele>40.75</ele></trkpt>
   <trkpt lat="44.262806" lon="4.664035"><ele>41</ele></trkpt>
   <trkpt lat="44.26271" lon="4.663978"><ele>41</ele></trkpt>
   <trkpt lat="44.262492" lon="4.663827"><ele>41</ele></trkpt>
   <trkpt lat="44.262247" lon="4.663616"><ele>41</ele></trkpt>
   <trkpt lat="44.262068" lon="4.663397"><ele>41</ele></trkpt>
   <trkpt lat="44.262002" lon="4.663296"><ele>41</ele></trkpt>
   <trkpt lat="44.261758" lon="4.662934"><ele>41.25</ele></trkpt>
   <trkpt lat="44.261639" lon="4.662859"><ele>41.5</ele></trkpt>
   <trkpt lat="44.261561" lon="4.66283"><ele>41.75</ele></trkpt>
   <trkpt lat="44.261471" lon="4.662833"><ele>41.75</ele></trkpt>
   <trkpt lat="44.26129" lon="4.662803"><ele>42</ele></trkpt>
   <trkpt lat="44.261251" lon="4.662786"><ele>42</ele></trkpt>
   <trkpt lat="44.261244" lon="4.662757"><ele>42</ele></trkpt>
   <trkpt lat="44.261197" lon="4.662662"><ele>42</ele></trkpt>
   <trkpt lat="44.26113" lon="4.662585"><ele>41.75</ele></trkpt>
   <trkpt lat="44.261044" lon="4.662533"><ele>42</ele></trkpt>
   <trkpt lat="44.260924" lon="4.662524"><ele>42</ele></trkpt>
   <trkpt lat="44.260856" lon="4.662548"><ele>42</ele></trkpt>
   <trkpt lat="44.260794" lon="4.662593"><ele>42</ele></trkpt>
   <trkpt lat="44.260739" lon="4.662658"><ele>42</ele></trkpt>
   <trkpt lat="44.260688" lon="4.662761"><ele>42</ele></trkpt>
   <trkpt lat="44.260659" lon="4.662893"><ele>41.5</ele></trkpt>
   <trkpt lat="44.260657" lon="4.662991"><ele>41.5</ele></trkpt>
   <trkpt lat="44.260669" lon="4.66308"><ele>41.25</ele></trkpt>
   <trkpt lat="44.260635" lon="4.663229"><ele>41.5</ele></trkpt>
   <trkpt lat="44.260581" lon="4.663375"><ele>41.75</ele></trkpt>
   <trkpt lat="44.260522" lon="4.663438"><ele>41.5</ele></trkpt>
   <trkpt lat="44.260445" lon="4.663482"><ele>41.25</ele></trkpt>
   <trkpt lat="44.260393" lon="4.663495"><ele>41</ele></trkpt>
   <trkpt lat="44.260315" lon="4.663501"><ele>41</ele></trkpt>
   <trkpt lat="44.26024" lon="4.663475"><ele>41</ele></trkpt>
   <trkpt lat="44.260144" lon="4.663427"><ele>41</ele></trkpt>
   <trkpt lat="44.259985" lon="4.663297"><ele>41</ele></trkpt>
   <trkpt lat="44.259793" lon="4.663119"><ele>41</ele></trkpt>
   <trkpt lat="44.259692" lon="4.663042"><ele>40.75</ele></trkpt>
   <trkpt lat="44.259599" lon="4.662988"><ele>40.5</ele></trkpt>
   <trkpt lat="44.259478" lon="4.662947"><ele>40.25</ele></trkpt>
   <trkpt lat="44.259295" lon="4.662929"><ele>40.25</ele></trkpt>
   <trkpt lat="44.25917" lon="4.662946"><ele>40.25</ele></trkpt>
   <trkpt lat="44.259049" lon="4.662991"><ele>40.25</ele></trkpt>
   <trkpt lat="44.25892" lon="4.663057"><ele>40.75</ele></trkpt>
   <trkpt lat="44.25879" lon="4.66315"><ele>41</ele></trkpt>
   <trkpt lat="44.258627" lon="4.663366"><ele>41</ele></trkpt>
   <trkpt lat="44.258516" lon="4.663598"><ele>40.5</ele></trkpt>
   <trkpt lat="44.258475" lon="4.663586"><ele>40.5</ele></trkpt>
   <trkpt lat="44.258417" lon="4.663583"><ele>40.25</ele></trkpt>
   <trkpt lat="44.258206" lon="4.663623"><ele>40</ele></trkpt>
   <trkpt lat="44.257638" lon="4.663759"><ele>40.75</ele></trkpt>
   <trkpt lat="44.257469" lon="4.663818"><ele>40.5</ele></trkpt>
   <trkpt lat="44.255954" lon="4.664583"><ele>40</ele></trkpt>
   <trkpt lat="44.255926" lon="4.664597"><ele>40</ele></trkpt>
   <trkpt lat="44.253251" lon="4.665923"><ele>40</ele></trkpt>
   <trkpt lat="44.252258" lon="4.666403"><ele>40</ele></trkpt>
   <trkpt lat="44.252192" lon="4.666444"><ele>40</ele></trkpt>
   <trkpt lat="44.252145" lon="4.666493"><ele>40.25</ele></trkpt>
   <trkpt lat="44.252116" lon="4.666543"><ele>40.5</ele></trkpt>
   <trkpt lat="44.252089" lon="4.666607"><ele>41</ele></trkpt>
   <trkpt lat="44.251512" lon="4.6684"><ele>40</ele></trkpt>
   <trkpt lat="44.251271" lon="4.669174"><ele>39.75</ele></trkpt>
   <trkpt lat="44.251087" lon="4.66974"><ele>40</ele></trkpt>
   <trkpt lat="44.250767" lon="4.670728"><ele>40</ele></trkpt>
   <trkpt lat="44.250606" lon="4.670952"><ele>40.5</ele></trkpt>
   <trkpt lat="44.250402" lon="4.671121"><ele>40</ele></trkpt>
   <trkpt lat="44.250376" lon="4.671185"><ele>40</ele></trkpt>
   <trkpt lat="44.250329" lon="4.671303"><ele>40</ele></trkpt>
   <trkpt lat="44.250174" lon="4.671777"><ele>39</ele></trkpt>
   <trkpt lat="44.249994" lon="4.672339"><ele>39.5</ele></trkpt>
   <trkpt lat="44.249855" lon="4.672862"><ele>39.5</ele></trkpt>
   <trkpt lat="44.249732" lon="4.673202"><ele>39.75</ele></trkpt>
   <trkpt lat="44.249578" lon="4.673487"><ele>40</ele></trkpt>
   <trkpt lat="44.249443" lon="4.673707"><ele>40</ele></trkpt>
   <trkpt lat="44.249324" lon="4.673852"><ele>40</ele></trkpt>
   <trkpt lat="44.249175" lon="4.673999"><ele>39.5</ele></trkpt>
   <trkpt lat="44.248989" lon="4.674159"><ele>39.5</ele></trkpt>
   <trkpt lat="44.248372" lon="4.67447"><ele>39</ele></trkpt>
   <trkpt lat="44.248026" lon="4.6747"><ele>39</ele></trkpt>
   <trkpt lat="44.247795" lon="4.674866"><ele>39</ele></trkpt>
   <trkpt lat="44.247615" lon="4.675018"><ele>39.5</ele></trkpt>
   <trkpt lat="44.247385" lon="4.675255"><ele>39</ele></trkpt>
   <trkpt lat="44.247049" lon="4.675513"><ele>39</ele></trkpt>
   <trkpt lat="44.246671" lon="4.675546"><ele>39</ele></trkpt>
   <trkpt lat="44.246595" lon="4.675597"><ele>39</ele></trkpt>
   <trkpt lat="44.24655" lon="4.675657"><ele>39</ele></trkpt>
   <trkpt lat="44.246521" lon="4.675752"><ele>39</ele></trkpt>
   <trkpt lat="44.246526" lon="4.676399"><ele>39</ele></trkpt>
   <trkpt lat="44.246555" lon="4.676765"><ele>39.5</ele></trkpt>
   <trkpt lat="44.246558" lon="4.676952"><ele>39.75</ele></trkpt>
   <trkpt lat="44.246545" lon="4.677116"><ele>39.25</ele></trkpt>
   <trkpt lat="44.246493" lon="4.677357"><ele>39</ele></trkpt>
   <trkpt lat="44.246318" lon="4.678064"><ele>39</ele></trkpt>
   <trkpt lat="44.246062" lon="4.678881"><ele>39</ele></trkpt>
   <trkpt lat="44.24598" lon="4.679177"><ele>39</ele></trkpt>
   <trkpt lat="44.245924" lon="4.679402"><ele>39</ele></trkpt>
   <trkpt lat="44.245902" lon="4.679584"><ele>39</ele></trkpt>
   <trkpt lat="44.245901" lon="4.679869"><ele>39</ele></trkpt>
   <trkpt lat="44.245934" lon="4.680239"><ele>39</ele></trkpt>
   <trkpt lat="44.245979" lon="4.680498"><ele>39</ele></trkpt>
   <trkpt lat="44.246173" lon="4.681224"><ele>39.25</ele></trkpt>
   <trkpt lat="44.246194" lon="4.68138"><ele>39.75</ele></trkpt>
   <trkpt lat="44.246195" lon="4.681529"><ele>39.75</ele></trkpt>
   <trkpt lat="44.246165" lon="4.681801"><ele>39.25</ele></trkpt>
   <trkpt lat="44.246132" lon="4.681972"><ele>39</ele></trkpt>
   <trkpt lat="44.246053" lon="4.682135"><ele>38.75</ele></trkpt>
   <trkpt lat="44.246015" lon="4.682265"><ele>39</ele></trkpt>
   <trkpt lat="44.246021" lon="4.682427"><ele>39</ele></trkpt>
   <trkpt lat="44.246047" lon="4.682743"><ele>38.75</ele></trkpt>
   <trkpt lat="44.246241" lon="4.683614"><ele>38.75</ele></trkpt>
   <trkpt lat="44.246548" lon="4.684608"><ele>39</ele></trkpt>
   <trkpt lat="44.246726" lon="4.685253"><ele>39</ele></trkpt>
   <trkpt lat="44.246908" lon="4.685996"><ele>39</ele></trkpt>
   <trkpt lat="44.246976" lon="4.686263"><ele>39.25</ele></trkpt>
   <trkpt lat="44.247021" lon="4.6865"><ele>39.5</ele></trkpt>
   <trkpt lat="44.247037" lon="4.686643"><ele>39.5</ele></trkpt>
   <trkpt lat="44.247043" lon="4.686766"><ele>39.25</ele></trkpt>
   <trkpt lat="44.247043" lon="4.686882"><ele>39</ele></trkpt>
   <trkpt lat="44.24703" lon="4.68705"><ele>39</ele></trkpt>
   <trkpt lat="44.246964" lon="4.687493"><ele>39</ele></trkpt>
   <trkpt lat="44.24677" lon="4.688665"><ele>39</ele></trkpt>
   <trkpt lat="44.246749" lon="4.688837"><ele>39</ele></trkpt>
   <trkpt lat="44.246732" lon="4.689125"><ele>39</ele></trkpt>
   <trkpt lat="44.246745" lon="4.690717"><ele>39</ele></trkpt>
   <trkpt lat="44.246737" lon="4.690913"><ele>39</ele></trkpt>
   <trkpt lat="44.246715" lon="4.691211"><ele>39</ele></trkpt>
   <trkpt lat="44.24651" lon="4.693128"><ele>39</ele></trkpt>
   <trkpt lat="44.246439" lon="4.694038"><ele>38.75</ele></trkpt>
   <trkpt lat="44.246206" lon="4.697004"><ele>39</ele></trkpt>
   <trkpt lat="44.246116" lon="4.698077"><ele>39</ele></trkpt>
   <trkpt lat="44.246067" lon="4.698664"><ele>39</ele></trkpt>
   <trkpt lat="44.246015" lon="4.698798"><ele>39</ele></trkpt>
   <trkpt lat="44.246004" lon="4.698863"><ele>39</ele></trkpt>
   <trkpt lat="44.246003" lon="4.698922"><ele>39</ele></trkpt>
   <trkpt lat="44.246101" lon="4.699112"><ele>39.75</ele></trkpt>
   <trkpt lat="44.24611" lon="4.69916"><ele>39.75</ele></trkpt>
   <trkpt lat="44.246106" lon="4.699207"><ele>40.25</ele></trkpt>
   <trkpt lat="44.246085" lon="4.699247"><ele>40.5</ele></trkpt>
   <trkpt lat="44.245989" lon="4.699342"><ele>40.5</ele></trkpt>
   <trkpt lat="44.245927" lon="4.699428"><ele>40.5</ele></trkpt>
   <trkpt lat="44.2458" lon="4.699654"><ele>41.5</ele></trkpt>
   <trkpt lat="44.2455" lon="4.700319"><ele>42.5</ele></trkpt>
   <trkpt lat="44.245326" lon="4.700647"><ele>41.75</ele></trkpt>
   <trkpt lat="44.245512" lon="4.700749"><ele>43.25</ele></trkpt>
   <trkpt lat="44.245459" lon="4.700881"><ele>41</ele></trkpt>
   <trkpt lat="44.244842" lon="4.702553"><ele>40.5</ele></trkpt>
   <trkpt lat="44.244536" lon="4.703372"><ele>42.5</ele></trkpt>
   <trkpt lat="44.244278" lon="4.704091"><ele>40.5</ele></trkpt>
   <trkpt lat="44.24409" lon="4.70459"><ele>40.25</ele></trkpt>
   <trkpt lat="44.243883" lon="4.704955"><ele>40.75</ele></trkpt>
   <trkpt lat="44.243797" lon="4.705087"><ele>40.25</ele></trkpt>
   <trkpt lat="44.24372" lon="4.705171"><ele>40</ele></trkpt>
   <trkpt lat="44.243638" lon="4.705186"><ele>40</ele></trkpt>
   <trkpt lat="44.243585" lon="4.705216"><ele>40</ele></trkpt>
   <trkpt lat="44.243524" lon="4.70527"><ele>40</ele></trkpt>
   <trkpt lat="44.243488" lon="4.705288"><ele>40</ele></trkpt>
   <trkpt lat="44.24346" lon="4.705302"><ele>40</ele></trkpt>
   <trkpt lat="44.243384" lon="4.705324"><ele>40</ele></trkpt>
   <trkpt lat="44.243186" lon="4.705332"><ele>40</ele></trkpt>
   <trkpt lat="44.24196" lon="4.705181"><ele>40.5</ele></trkpt>
   <trkpt lat="44.241867" lon="4.705188"><ele>40.75</ele></trkpt>
   <trkpt lat="44.241749" lon="4.705194"><ele>41</ele></trkpt>
   <trkpt lat="44.241546" lon="4.705267"><ele>41.75</ele></trkpt>
   <trkpt lat="44.24136" lon="4.705346"><ele>41.75</ele></trkpt>
   <trkpt lat="44.241285" lon="4.705347"><ele>42</ele></trkpt>
   <trkpt lat="44.241169" lon="4.705342"><ele>42.25</ele></trkpt>
   <trkpt lat="44.241115" lon="4.705357"><ele>42.5</ele></trkpt>
   <trkpt lat="44.241077" lon="4.705349"><ele>42.25</ele></trkpt>
   <trkpt lat="44.240987" lon="4.705361"><ele>42</ele></trkpt>
   <trkpt lat="44.240923" lon="4.705369"><ele>41.75</ele></trkpt>
   <trkpt lat="44.239926" lon="4.705459"><ele>40</ele></trkpt>
   <trkpt lat="44.239532" lon="4.705495"><ele>40</ele></trkpt>
   <trkpt lat="44.238759" lon="4.705573"><ele>39.5</ele></trkpt>
   <trkpt lat="44.238295" lon="4.705633"><ele>39.25</ele></trkpt>
   <trkpt lat="44.237808" lon="4.705696"><ele>39</ele></trkpt>
   <trkpt lat="44.237991" lon="4.706327"><ele>39</ele></trkpt>
   <trkpt lat="44.237994" lon="4.706449"><ele>39</ele></trkpt>
   <trkpt lat="44.237982" lon="4.706502"><ele>39.25</ele></trkpt>
   <trkpt lat="44.237957" lon="4.706537"><ele>39.5</ele></trkpt>
   <trkpt lat="44.237922" lon="4.706549"><ele>39.5</ele></trkpt>
   <trkpt lat="44.236919" lon="4.706541"><ele>40</ele></trkpt>
   <trkpt lat="44.236803" lon="4.706547"><ele>40</ele></trkpt>
   <trkpt lat="44.236453" lon="4.706579"><ele>39.75</ele></trkpt>
   <trkpt lat="44.236419" lon="4.706582"><ele>39.75</ele></trkpt>
   <trkpt lat="44.236308" lon="4.70659"><ele>39.5</ele></trkpt>
   <trkpt lat="44.235585" lon="4.706679"><ele>39</ele></trkpt>
   <trkpt lat="44.235214" lon="4.706748"><ele>39.5</ele></trkpt>
   <trkpt lat="44.234705" lon="4.706864"><ele>39.5</ele></trkpt>
   <trkpt lat="44.234551" lon="4.706909"><ele>39.75</ele></trkpt>
   <trkpt lat="44.234202" lon="4.707012"><ele>39.75</ele></trkpt>
   <trkpt lat="44.233253" lon="4.707365"><ele>39.5</ele></trkpt>
   <trkpt lat="44.232572" lon="4.707668"><ele>39.25</ele></trkpt>
   <trkpt lat="44.232405" lon="4.707757"><ele>39</ele></trkpt>
   <trkpt lat="44.231686" lon="4.708133"><ele>39.25</ele></trkpt>
   <trkpt lat="44.231613" lon="4.708141"><ele>39</ele></trkpt>
   <trkpt lat="44.23154" lon="4.708117"><ele>38.75</ele></trkpt>
   <trkpt lat="44.231382" lon="4.707995"><ele>38.75</ele></trkpt>
   <trkpt lat="44.231243" lon="4.70784"><ele>38.5</ele></trkpt>
   <trkpt lat="44.231093" lon="4.708039"><ele>36</ele></trkpt>
   <trkpt lat="44.231037" lon="4.708143"><ele>37.25</ele></trkpt>
   <trkpt lat="44.230986" lon="4.708196"><ele>38</ele></trkpt>
   <trkpt lat="44.23061" lon="4.708332"><ele>39</ele></trkpt>
   <trkpt lat="44.230576" lon="4.708368"><ele>38.75</ele></trkpt>
   <trkpt lat="44.230515" lon="4.708507"><ele>38.5</ele></trkpt>
   <trkpt lat="44.230594" lon="4.708637"><ele>38.25</ele></trkpt>
   <trkpt lat="44.230477" lon="4.708759"><ele>39.5</ele></trkpt>
   <trkpt lat="44.228003" lon="4.710107"><ele>38.75</ele></trkpt>
   <trkpt lat="44.22795" lon="4.710119"><ele>38.75</ele></trkpt>
   <trkpt lat="44.227889" lon="4.710125"><ele>38.5</ele></trkpt>
   <trkpt lat="44.225294" lon="4.709777"><ele>38</ele></trkpt>
   <trkpt lat="44.22514" lon="4.710343"><ele>37</ele></trkpt>
   <trkpt lat="44.224579" lon="4.712359"><ele>37.25</ele></trkpt>
   <trkpt lat="44.224557" lon="4.712423"><ele>37.5</ele></trkpt>
   <trkpt lat="44.224525" lon="4.712471"><ele>37.5</ele></trkpt>
   <trkpt lat="44.224396" lon="4.712578"><ele>37.25</ele></trkpt>
   <trkpt lat="44.223666" lon="4.71321"><ele>37.25</ele></trkpt>
   <trkpt lat="44.222637" lon="4.714208"><ele>37.25</ele></trkpt>
   <trkpt lat="44.221872" lon="4.715018"><ele>37.75</ele></trkpt>
   <trkpt lat="44.220108" lon="4.717047"><ele>39</ele></trkpt>
   <trkpt lat="44.219962" lon="4.717206"><ele>38.25</ele></trkpt>
   <trkpt lat="44.219783" lon="4.717349"><ele>40</ele></trkpt>
   <trkpt lat="44.219601" lon="4.717459"><ele>41.5</ele></trkpt>
   <trkpt lat="44.219276" lon="4.71764"><ele>41.75</ele></trkpt>
   <trkpt lat="44.219162" lon="4.717728"><ele>43</ele></trkpt>
   <trkpt lat="44.219037" lon="4.717847"><ele>42.5</ele></trkpt>
   <trkpt lat="44.218916" lon="4.718024"><ele>43.5</ele></trkpt>
   <trkpt lat="44.218582" lon="4.718689"><ele>41</ele></trkpt>
   <trkpt lat="44.218488" lon="4.71883"><ele>39.5</ele></trkpt>
   <trkpt lat="44.218333" lon="4.719021"><ele>38.75</ele></trkpt>
   <trkpt lat="44.218059" lon="4.719319"><ele>38</ele></trkpt>
   <trkpt lat="44.217779" lon="4.71961"><ele>37.5</ele></trkpt>
   <trkpt lat="44.216285" lon="4.720933"><ele>36.75</ele></trkpt>
   <trkpt lat="44.215864" lon="4.721286"><ele>36</ele></trkpt>
   <trkpt lat="44.215444" lon="4.721606"><ele>36.75</ele></trkpt>
   <trkpt lat="44.215058" lon="4.72188"><ele>36.25</ele></trkpt>
   <trkpt lat="44.214275" lon="4.72241"><ele>36.75</ele></trkpt>
   <trkpt lat="44.212942" lon="4.723082"><ele>36.25</ele></trkpt>
   <trkpt lat="44.212069" lon="4.723408"><ele>38</ele></trkpt>
   <trkpt lat="44.211837" lon="4.723484"><ele>38</ele></trkpt>
   <trkpt lat="44.211606" lon="4.723487"><ele>38.5</ele></trkpt>
   <trkpt lat="44.211156" lon="4.723403"><ele>41.5</ele></trkpt>
   <trkpt lat="44.210895" lon="4.723376"><ele>44.25</ele></trkpt>
   <trkpt lat="44.210815" lon="4.723396"><ele>44.5</ele></trkpt>
   <trkpt lat="44.210741" lon="4.723415"><ele>43.5</ele></trkpt>
   <trkpt lat="44.210639" lon="4.723462"><ele>42</ele></trkpt>
   <trkpt lat="44.210151" lon="4.723713"><ele>39.5</ele></trkpt>
   <trkpt lat="44.209974" lon="4.723775"><ele>38.25</ele></trkpt>
   <trkpt lat="44.20981" lon="4.723801"><ele>37.75</ele></trkpt>
   <trkpt lat="44.209526" lon="4.723814"><ele>36.75</ele></trkpt>
   <trkpt lat="44.209183" lon="4.723797"><ele>36</ele></trkpt>
   <trkpt lat="44.206235" lon="4.723731"><ele>36.25</ele></trkpt>
   <trkpt lat="44.205896" lon="4.723729"><ele>36.25</ele></trkpt>
   <trkpt lat="44.205488" lon="4.723768"><ele>35.5</ele></trkpt>
   <trkpt lat="44.205176" lon="4.723803"><ele>35.25</ele></trkpt>
   <trkpt lat="44.204757" lon="4.723892"><ele>35.75</ele></trkpt>
   <trkpt lat="44.204057" lon="4.724088"><ele>35</ele></trkpt>
   <trkpt lat="44.20342" lon="4.724318"><ele>35.75</ele></trkpt>
   <trkpt lat="44.203062" lon="4.724479"><ele>36.25</ele></trkpt>
   <trkpt lat="44.202861" lon="4.724561"><ele>35.5</ele></trkpt>
   <trkpt lat="44.202716" lon="4.724605"><ele>35</ele></trkpt>
   <trkpt lat="44.202522" lon="4.724616"><ele>35</ele></trkpt>
   <trkpt lat="44.200697" lon="4.72381"><ele>35</ele></trkpt>
   <trkpt lat="44.200425" lon="4.723667"><ele>35</ele></trkpt>
   <trkpt lat="44.200419" lon="4.723881"><ele>35</ele></trkpt>
   <trkpt lat="44.200436" lon="4.724114"><ele>34.5</ele></trkpt>
   <trkpt lat="44.200473" lon="4.724399"><ele>34</ele></trkpt>
   <trkpt lat="44.200501" lon="4.724629"><ele>35.5</ele></trkpt>
   <trkpt lat="44.200577" lon="4.725109"><ele>37.5</ele></trkpt>
   <trkpt lat="44.200596" lon="4.725314"><ele>39</ele></trkpt>
   <trkpt lat="44.200597" lon="4.725489"><ele>39.75</ele></trkpt>
   <trkpt lat="44.200578" lon="4.725768"><ele>40</ele></trkpt>
   <trkpt lat="44.200552" lon="4.725897"><ele>39.25</ele></trkpt>
   <trkpt lat="44.200507" lon="4.726048"><ele>37.75</ele></trkpt>
   <trkpt lat="44.200449" lon="4.726211"><ele>36.75</ele></trkpt>
   <trkpt lat="44.200376" lon="4.726358"><ele>36.25</ele></trkpt>
   <trkpt lat="44.200248" lon="4.726565"><ele>36.25</ele></trkpt>
   <trkpt lat="44.200137" lon="4.72668"><ele>36</ele></trkpt>
   <trkpt lat="44.200014" lon="4.72655"><ele>35</ele></trkpt>
   <trkpt lat="44.199905" lon="4.726475"><ele>35</ele></trkpt>
   <trkpt lat="44.199649" lon="4.726358"><ele>34.75</ele></trkpt>
   <trkpt lat="44.198842" lon="4.726156"><ele>34</ele></trkpt>
   <trkpt lat="44.198475" lon="4.726065"><ele>34</ele></trkpt>
   <trkpt lat="44.198323" lon="4.726027"><ele>34</ele></trkpt>
   <trkpt lat="44.197996" lon="4.725964"><ele>34</ele></trkpt>
   <trkpt lat="44.197851" lon="4.725936"><ele>34</ele></trkpt>
   <trkpt lat="44.197386" lon="4.725997"><ele>34</ele></trkpt>
   <trkpt lat="44.196893" lon="4.726292"><ele>34.5</ele></trkpt>
   <trkpt lat="44.196835" lon="4.726357"><ele>34.75</ele></trkpt>
   <trkpt lat="44.196754" lon="4.726297"><ele>34.5</ele></trkpt>
   <trkpt lat="44.196666" lon="4.726034"><ele>34</ele></trkpt>
   <trkpt lat="44.196607" lon="4.725922"><ele>34</ele></trkpt>
   <trkpt lat="44.196524" lon="4.725869"><ele>34</ele></trkpt>
   <trkpt lat="44.195591" lon="4.725801"><ele>34</ele></trkpt>
   <trkpt lat="44.195359" lon="4.725786"><ele>34</ele></trkpt>
   <trkpt lat="44.195226" lon="4.725801"><ele>34</ele></trkpt>
   <trkpt lat="44.194663" lon="4.725859"><ele>34</ele></trkpt>
   <trkpt lat="44.194539" lon="4.725865"><ele>34</ele></trkpt>
   <trkpt lat="44.194288" lon="4.725806"><ele>34</ele></trkpt>
   <trkpt lat="44.193598" lon="4.725577"><ele>34</ele></trkpt>
   <trkpt lat="44.19352" lon="4.725551"><ele>34</ele></trkpt>
   <trkpt lat="44.193584" lon="4.725187"><ele>34</ele></trkpt>
   <trkpt lat="44.193463" lon="4.724762"><ele>34</ele></trkpt>
   <trkpt lat="44.193224" lon="4.724016"><ele>34</ele></trkpt>
   <trkpt lat="44.192977" lon="4.723267"><ele>34</ele></trkpt>
   <trkpt lat="44.192507" lon="4.721813"><ele>33.75</ele></trkpt>
   <trkpt lat="44.192097" lon="4.720562"><ele>34</ele></trkpt>
   <trkpt lat="44.191793" lon="4.719117"><ele>35.75</ele></trkpt>
   <trkpt lat="44.191678" lon="4.719017"><ele>36.5</ele></trkpt>
   <trkpt lat="44.191197" lon="4.718658"><ele>36.25</ele></trkpt>
   <trkpt lat="44.190989" lon="4.718405"><ele>35.25</ele></trkpt>
   <trkpt lat="44.190842" lon="4.71825"><ele>35.25</ele></trkpt>
   <trkpt lat="44.190755" lon="4.718212"><ele>35.25</ele></trkpt>
   <trkpt lat="44.190665" lon="4.718263"><ele>35.75</ele></trkpt>
   <trkpt lat="44.189874" lon="4.718997"><ele>35.25</ele></trkpt>
   <trkpt lat="44.189798" lon="4.719095"><ele>35.75</ele></trkpt>
   <trkpt lat="44.189557" lon="4.719863"><ele>34.5</ele></trkpt>
   <trkpt lat="44.189448" lon="4.72005"><ele>35.75</ele></trkpt>
   <trkpt lat="44.188168" lon="4.72172"><ele>34.75</ele></trkpt>
   <trkpt lat="44.188133" lon="4.721666"><ele>34.25</ele></trkpt>
   <trkpt lat="44.18805" lon="4.721547"><ele>33.25</ele></trkpt>
   <trkpt lat="44.188026" lon="4.721515"><ele>33.5</ele></trkpt>
   <trkpt lat="44.187854" lon="4.721278"><ele>34</ele></trkpt>
   <trkpt lat="44.187808" lon="4.721153"><ele>34</ele></trkpt>
   <trkpt lat="44.187777" lon="4.720943"><ele>34</ele></trkpt>
   <trkpt lat="44.187707" lon="4.720232"><ele>34.5</ele></trkpt>
   <trkpt lat="44.187448" lon="4.718504"><ele>33.75</ele></trkpt>
   <trkpt lat="44.187244" lon="4.717077"><ele>35</ele></trkpt>
   <trkpt lat="44.186999" lon="4.715276"><ele>35</ele></trkpt>
   <trkpt lat="44.186996" lon="4.715171"><ele>35</ele></trkpt>
   <trkpt lat="44.186939" lon="4.714911"><ele>35.25</ele></trkpt>
   <trkpt lat="44.186803" lon="4.713988"><ele>36</ele></trkpt>
   <trkpt lat="44.186771" lon="4.713957"><ele>36</ele></trkpt>
   <trkpt lat="44.186741" lon="4.713936"><ele>36</ele></trkpt>
   <trkpt lat="44.186701" lon="4.713923"><ele>36</ele></trkpt>
   <trkpt lat="44.186645" lon="4.713933"><ele>35.75</ele></trkpt>
   <trkpt lat="44.186588" lon="4.713959"><ele>35.5</ele></trkpt>
   <trkpt lat="44.184256" lon="4.715305"><ele>34.5</ele></trkpt>
   <trkpt lat="44.182961" lon="4.71612"><ele>35.25</ele></trkpt>
   <trkpt lat="44.182564" lon="4.716404"><ele>35</ele></trkpt>
   <trkpt lat="44.181674" lon="4.717172"><ele>34.75</ele></trkpt>
   <trkpt lat="44.180698" lon="4.717935"><ele>33.75</ele></trkpt>
   <trkpt lat="44.1797" lon="4.718746"><ele>33.25</ele></trkpt>
   <trkpt lat="44.179153" lon="4.719135"><ele>34.5</ele></trkpt>
   <trkpt lat="44.17737" lon="4.720205"><ele>35</ele></trkpt>
   <trkpt lat="44.175241" lon="4.721088"><ele>34.75</ele></trkpt>
   <trkpt lat="44.173462" lon="4.721542"><ele>34.75</ele></trkpt>
   <trkpt lat="44.17222" lon="4.721721"><ele>34</ele></trkpt>
   <trkpt lat="44.171381" lon="4.721777"><ele>34.25</ele></trkpt>
   <trkpt lat="44.170802" lon="4.72179"><ele>34.25</ele></trkpt>
   <trkpt lat="44.16965" lon="4.721734"><ele>34.25</ele></trkpt>
   <trkpt lat="44.167459" lon="4.721458"><ele>34</ele></trkpt>
   <trkpt lat="44.162564" lon="4.720822"><ele>33.75</ele></trkpt>
   <trkpt lat="44.160789" lon="4.720755"><ele>33.5</ele></trkpt>
   <trkpt lat="44.160614" lon="4.720782"><ele>33.75</ele></trkpt>
   <trkpt lat="44.160396" lon="4.720793"><ele>33.75</ele></trkpt>
   <trkpt lat="44.160383" lon="4.720741"><ele>33.5</ele></trkpt>
   <trkpt lat="44.160368" lon="4.720691"><ele>33.25</ele></trkpt>
   <trkpt lat="44.160141" lon="4.720682"><ele>33</ele></trkpt>
   <trkpt lat="44.159539" lon="4.720699"><ele>32.5</ele></trkpt>
   <trkpt lat="44.158977" lon="4.720758"><ele>33</ele></trkpt>
   <trkpt lat="44.158544" lon="4.72083"><ele>33.75</ele></trkpt>
   <trkpt lat="44.157137" lon="4.721017"><ele>33.25</ele></trkpt>
   <trkpt lat="44.157054" lon="4.721017"><ele>33.5</ele></trkpt>
   <trkpt lat="44.157004" lon="4.720982"><ele>33.5</ele></trkpt>
   <trkpt lat="44.156956" lon="4.720918"><ele>33.75</ele></trkpt>
   <trkpt lat="44.156931" lon="4.720821"><ele>33.75</ele></trkpt>
   <trkpt lat="44.156923" lon="4.720757"><ele>33.75</ele></trkpt>
   <trkpt lat="44.156923" lon="4.720642"><ele>34.5</ele></trkpt>
   <trkpt lat="44.156935" lon="4.72057"><ele>34.75</ele></trkpt>
   <trkpt lat="44.156958" lon="4.720454"><ele>35.75</ele></trkpt>
   <trkpt lat="44.156994" lon="4.720397"><ele>36</ele></trkpt>
   <trkpt lat="44.157293" lon="4.72016"><ele>36.75</ele></trkpt>
   <trkpt lat="44.157318" lon="4.720122"><ele>37</ele></trkpt>
   <trkpt lat="44.157323" lon="4.720073"><ele>37.25</ele></trkpt>
   <trkpt lat="44.157309" lon="4.720039"><ele>37.5</ele></trkpt>
   <trkpt lat="44.157281" lon="4.720014"><ele>37.75</ele></trkpt>
   <trkpt lat="44.15688" lon="4.720103"><ele>38</ele></trkpt>
   <trkpt lat="44.156144" lon="4.720262"><ele>37.75</ele></trkpt>
   <trkpt lat="44.156083" lon="4.720278"><ele>37.75</ele></trkpt>
   <trkpt lat="44.156048" lon="4.720321"><ele>37.5</ele></trkpt>
   <trkpt lat="44.156029" lon="4.72037"><ele>37</ele></trkpt>
   <trkpt lat="44.15572" lon="4.720441"><ele>37.5</ele></trkpt>
   <trkpt lat="44.155093" lon="4.720623"><ele>37.25</ele></trkpt>
   <trkpt lat="44.153452" lon="4.721133"><ele>37.5</ele></trkpt>
   <trkpt lat="44.151722" lon="4.721649"><ele>37.75</ele></trkpt>
   <trkpt lat="44.150496" lon="4.722047"><ele>37</ele></trkpt>
   <trkpt lat="44.150422" lon="4.722048"><ele>37.25</ele></trkpt>
   <trkpt lat="44.150293" lon="4.722024"><ele>38</ele></trkpt>
   <trkpt lat="44.150216" lon="4.722028"><ele>38</ele></trkpt>
   <trkpt lat="44.150111" lon="4.722059"><ele>37.75</ele></trkpt>
   <trkpt lat="44.149775" lon="4.722156"><ele>37.75</ele></trkpt>
   <trkpt lat="44.149683" lon="4.722193"><ele>37.75</ele></trkpt>
   <trkpt lat="44.149522" lon="4.722294"><ele>37.25</ele></trkpt>
   <trkpt lat="44.149381" lon="4.72235"><ele>37</ele></trkpt>
   <trkpt lat="44.148309" lon="4.722651"><ele>36.75</ele></trkpt>
   <trkpt lat="44.147786" lon="4.72279"><ele>36.75</ele></trkpt>
   <trkpt lat="44.147351" lon="4.722868"><ele>37</ele></trkpt>
   <trkpt lat="44.146887" lon="4.722924"><ele>37</ele></trkpt>
   <trkpt lat="44.146477" lon="4.722962"><ele>37.25</ele></trkpt>
   <trkpt lat="44.145994" lon="4.722988"><ele>37</ele></trkpt>
   <trkpt lat="44.145297" lon="4.72304"><ele>37</ele></trkpt>
   <trkpt lat="44.144613" lon="4.723074"><ele>36.75</ele></trkpt>
   <trkpt lat="44.14422" lon="4.723079"><ele>36.5</ele></trkpt>
   <trkpt lat="44.143823" lon="4.723073"><ele>36.75</ele></trkpt>
   <trkpt lat="44.142936" lon="4.723016"><ele>37</ele></trkpt>
   <trkpt lat="44.14238" lon="4.722945"><ele>36.25</ele></trkpt>
   <trkpt lat="44.141607" lon="4.722813"><ele>36.5</ele></trkpt>
   <trkpt lat="44.141313" lon="4.722751"><ele>36.75</ele></trkpt>
   <trkpt lat="44.140608" lon="4.722564"><ele>36.25</ele></trkpt>
   <trkpt lat="44.139911" lon="4.722336"><ele>36.25</ele></trkpt>
   <trkpt lat="44.139585" lon="4.722218"><ele>36.5</ele></trkpt>
   <trkpt lat="44.139003" lon="4.721976"><ele>36.5</ele></trkpt>
   <trkpt lat="44.138366" lon="4.721687"><ele>35.75</ele></trkpt>
   <trkpt lat="44.13805" lon="4.721526"><ele>35.25</ele></trkpt>
   <trkpt lat="44.13718" lon="4.721048"><ele>35.75</ele></trkpt>
   <trkpt lat="44.135538" lon="4.720099"><ele>35.5</ele></trkpt>
   <trkpt lat="44.132978" lon="4.71865"><ele>35.25</ele></trkpt>
   <trkpt lat="44.130384" lon="4.717121"><ele>35.5</ele></trkpt>
   <trkpt lat="44.130173" lon="4.717006"><ele>35.5</ele></trkpt>
   <trkpt lat="44.129674" lon="4.716775"><ele>36</ele></trkpt>
   <trkpt lat="44.12853" lon="4.716391"><ele>36.25</ele></trkpt>
   <trkpt lat="44.128446" lon="4.716357"><ele>36.5</ele></trkpt>
   <trkpt lat="44.128368" lon="4.716287"><ele>36.75</ele></trkpt>
   <trkpt lat="44.128318" lon="4.716183"><ele>36.75</ele></trkpt>
   <trkpt lat="44.128292" lon="4.716073"><ele>36.5</ele></trkpt>
   <trkpt lat="44.128287" lon="4.715749"><ele>36.5</ele></trkpt>
   <trkpt lat="44.128266" lon="4.715688"><ele>36.5</ele></trkpt>
   <trkpt lat="44.128219" lon="4.715646"><ele>36.25</ele></trkpt>
   <trkpt lat="44.128188" lon="4.715627"><ele>36.25</ele></trkpt>
   <trkpt lat="44.128152" lon="4.715617"><ele>36</ele></trkpt>
   <trkpt lat="44.128131" lon="4.715613"><ele>36</ele></trkpt>
   <trkpt lat="44.128077" lon="4.71561"><ele>35.75</ele></trkpt>
   <trkpt lat="44.128017" lon="4.715619"><ele>35.75</ele></trkpt>
   <trkpt lat="44.127967" lon="4.715657"><ele>36</ele></trkpt>
   <trkpt lat="44.127934" lon="4.715759"><ele>36</ele></trkpt>
   <trkpt lat="44.127884" lon="4.71613"><ele>36</ele></trkpt>
   <trkpt lat="44.127863" lon="4.716203"><ele>36</ele></trkpt>
   <trkpt lat="44.12783" lon="4.716251"><ele>36</ele></trkpt>
   <trkpt lat="44.127784" lon="4.716278"><ele>36.25</ele></trkpt>
   <trkpt lat="44.127719" lon="4.716286"><ele>36</ele></trkpt>
   <trkpt lat="44.127564" lon="4.716262"><ele>36</ele></trkpt>
   <trkpt lat="44.127357" lon="4.716247"><ele>36</ele></trkpt>
   <trkpt lat="44.127067" lon="4.716247"><ele>36</ele></trkpt>
   <trkpt lat="44.126664" lon="4.716278"><ele>35.25</ele></trkpt>
   <trkpt lat="44.124972" lon="4.716295"><ele>36.25</ele></trkpt>
   <trkpt lat="44.124022" lon="4.716313"><ele>36.25</ele></trkpt>
   <trkpt lat="44.123394" lon="4.716353"><ele>36</ele></trkpt>
   <trkpt lat="44.122951" lon="4.716428"><ele>35.75</ele></trkpt>
   <trkpt lat="44.122524" lon="4.716541"><ele>35.75</ele></trkpt>
   <trkpt lat="44.122159" lon="4.716662"><ele>36</ele></trkpt>
   <trkpt lat="44.119771" lon="4.717568"><ele>36</ele></trkpt>
   <trkpt lat="44.119382" lon="4.717726"><ele>35.5</ele></trkpt>
   <trkpt lat="44.118962" lon="4.717777"><ele>37.5</ele></trkpt>
   <trkpt lat="44.11859" lon="4.717922"><ele>37</ele></trkpt>
   <trkpt lat="44.117596" lon="4.718287"><ele>37.75</ele></trkpt>
   <trkpt lat="44.116048" lon="4.718861"><ele>38</ele></trkpt>
   <trkpt lat="44.114957" lon="4.719236"><ele>38.25</ele></trkpt>
   <trkpt lat="44.114417" lon="4.7194"><ele>39</ele></trkpt>
   <trkpt lat="44.114027" lon="4.719544"><ele>38.25</ele></trkpt>
   <trkpt lat="44.113773" lon="4.719645"><ele>38.5</ele></trkpt>
   <trkpt lat="44.112851" lon="4.720037"><ele>35.25</ele></trkpt>
   <trkpt lat="44.11265" lon="4.720129"><ele>34.25</ele></trkpt>
   <trkpt lat="44.112426" lon="4.720207"><ele>34</ele></trkpt>
   <trkpt lat="44.112134" lon="4.720291"><ele>33.5</ele></trkpt>
   <trkpt lat="44.112103" lon="4.720325"><ele>33.5</ele></trkpt>
   <trkpt lat="44.11209" lon="4.720369"><ele>33.5</ele></trkpt>
   <trkpt lat="44.112091" lon="4.720404"><ele>33.5</ele></trkpt>
   <trkpt lat="44.112096" lon="4.720472"><ele>33.75</ele></trkpt>
   <trkpt lat="44.112085" lon="4.720529"><ele>33.75</ele></trkpt>
   <trkpt lat="44.112042" lon="4.72056"><ele>33.75</ele></trkpt>
   <trkpt lat="44.111359" lon="4.720691"><ele>33</ele></trkpt>
   <trkpt lat="44.110821" lon="4.72098"><ele>32</ele></trkpt>
   <trkpt lat="44.110315" lon="4.721229"><ele>32</ele></trkpt>
   <trkpt lat="44.11005" lon="4.721397"><ele>32.5</ele></trkpt>
   <trkpt lat="44.109764" lon="4.721628"><ele>31.75</ele></trkpt>
   <trkpt lat="44.109504" lon="4.721868"><ele>31.75</ele></trkpt>
   <trkpt lat="44.109164" lon="4.722252"><ele>31.75</ele></trkpt>
   <trkpt lat="44.108885" lon="4.722608"><ele>31.75</ele></trkpt>
   <trkpt lat="44.107864" lon="4.723969"><ele>31.75</ele></trkpt>
   <trkpt lat="44.106404" lon="4.725863"><ele>31.75</ele></trkpt>
   <trkpt lat="44.106035" lon="4.726358"><ele>31</ele></trkpt>
   <trkpt lat="44.105672" lon="4.726792"><ele>31.25</ele></trkpt>
   <trkpt lat="44.105468" lon="4.726993"><ele>31.75</ele></trkpt>
   <trkpt lat="44.105283" lon="4.727149"><ele>31.25</ele></trkpt>
   <trkpt lat="44.104838" lon="4.727441"><ele>31</ele></trkpt>
   <trkpt lat="44.104632" lon="4.727532"><ele>32</ele></trkpt>
   <trkpt lat="44.104403" lon="4.727624"><ele>31.5</ele></trkpt>
   <trkpt lat="44.104164" lon="4.727685"><ele>31.5</ele></trkpt>
   <trkpt lat="44.103933" lon="4.727726"><ele>31</ele></trkpt>
   <trkpt lat="44.103706" lon="4.727742"><ele>31.25</ele></trkpt>
   <trkpt lat="44.103338" lon="4.727747"><ele>31.75</ele></trkpt>
   <trkpt lat="44.103157" lon="4.727728"><ele>31</ele></trkpt>
   <trkpt lat="44.102654" lon="4.727599"><ele>31.25</ele></trkpt>
   <trkpt lat="44.102432" lon="4.727516"><ele>32.5</ele></trkpt>
   <trkpt lat="44.102318" lon="4.727461"><ele>32</ele></trkpt>
   <trkpt lat="44.102152" lon="4.727372"><ele>31.25</ele></trkpt>
   <trkpt lat="44.101822" lon="4.727189"><ele>31.5</ele></trkpt>
   <trkpt lat="44.100963" lon="4.726677"><ele>32.75</ele></trkpt>
   <trkpt lat="44.100423" lon="4.726371"><ele>32.75</ele></trkpt>
   <trkpt lat="44.100138" lon="4.72626"><ele>32.75</ele></trkpt>
   <trkpt lat="44.099957" lon="4.726223"><ele>33</ele></trkpt>
   <trkpt lat="44.099897" lon="4.726251"><ele>32.75</ele></trkpt>
   <trkpt lat="44.099838" lon="4.726309"><ele>32.75</ele></trkpt>
   <trkpt lat="44.099767" lon="4.726328"><ele>32.5</ele></trkpt>
   <trkpt lat="44.099685" lon="4.726323"><ele>32.25</ele></trkpt>
   <trkpt lat="44.09932" lon="4.726193"><ele>32.75</ele></trkpt>
   <trkpt lat="44.099106" lon="4.72614"><ele>33.25</ele></trkpt>
   <trkpt lat="44.098434" lon="4.726051"><ele>33</ele></trkpt>
   <trkpt lat="44.098183" lon="4.72605"><ele>33</ele></trkpt>
   <trkpt lat="44.097483" lon="4.726072"><ele>34</ele></trkpt>
   <trkpt lat="44.09684" lon="4.726078"><ele>34</ele></trkpt>
   <trkpt lat="44.096842" lon="4.726118"><ele>34</ele></trkpt>
   <trkpt lat="44.096843" lon="4.726161"><ele>34</ele></trkpt>
   <trkpt lat="44.096884" lon="4.727405"><ele>34</ele></trkpt>
   <trkpt lat="44.096887" lon="4.7275"><ele>34</ele></trkpt>
   <trkpt lat="44.0969" lon="4.727564"><ele>34</ele></trkpt>
   <trkpt lat="44.096913" lon="4.727641"><ele>34</ele></trkpt>
   <trkpt lat="44.096947" lon="4.728379"><ele>33.75</ele></trkpt>
   <trkpt lat="44.096996" lon="4.729942"><ele>34</ele></trkpt>
   <trkpt lat="44.097032" lon="4.730316"><ele>34</ele></trkpt>
   <trkpt lat="44.097051" lon="4.730386"><ele>34</ele></trkpt>
   <trkpt lat="44.09709" lon="4.730444"><ele>34.25</ele></trkpt>
   <trkpt lat="44.097173" lon="4.730564"><ele>34</ele></trkpt>
   <trkpt lat="44.097245" lon="4.730626"><ele>34</ele></trkpt>
   <trkpt lat="44.097237" lon="4.730681"><ele>33.75</ele></trkpt>
   <trkpt lat="44.097217" lon="4.730819"><ele>34</ele></trkpt>
   <trkpt lat="44.097183" lon="4.730946"><ele>33.25</ele></trkpt>
   <trkpt lat="44.09705" lon="4.731019"><ele>32.75</ele></trkpt>
   <trkpt lat="44.096941" lon="4.731098"><ele>32</ele></trkpt>
   <trkpt lat="44.096859" lon="4.731125"><ele>31.75</ele></trkpt>
   <trkpt lat="44.096767" lon="4.731136"><ele>31.5</ele></trkpt>
   <trkpt lat="44.0966" lon="4.731125"><ele>32</ele></trkpt>
   <trkpt lat="44.096341" lon="4.731138"><ele>32.75</ele></trkpt>
   <trkpt lat="44.096214" lon="4.731125"><ele>33.25</ele></trkpt>
   <trkpt lat="44.096044" lon="4.731084"><ele>34</ele></trkpt>
   <trkpt lat="44.09584" lon="4.731066"><ele>34</ele></trkpt>
   <trkpt lat="44.095724" lon="4.731043"><ele>34</ele></trkpt>
   <trkpt lat="44.095517" lon="4.730972"><ele>33.75</ele></trkpt>
   <trkpt lat="44.095358" lon="4.730893"><ele>33.5</ele></trkpt>
   <trkpt lat="44.095137" lon="4.730737"><ele>32.5</ele></trkpt>
   <trkpt lat="44.095042" lon="4.730685"><ele>32.25</ele></trkpt>
   <trkpt lat="44.0948" lon="4.730595"><ele>33.25</ele></trkpt>
   <trkpt lat="44.094615" lon="4.730562"><ele>33.75</ele></trkpt>
   <trkpt lat="44.094359" lon="4.730541"><ele>34</ele></trkpt>
   <trkpt lat="44.09428" lon="4.730539"><ele>34</ele></trkpt>
   <trkpt lat="44.094186" lon="4.730554"><ele>34</ele></trkpt>
   <trkpt lat="44.094095" lon="4.730584"><ele>33.5</ele></trkpt>
   <trkpt lat="44.093952" lon="4.730695"><ele>32.25</ele></trkpt>
   <trkpt lat="44.093811" lon="4.730767"><ele>32</ele></trkpt>
   <trkpt lat="44.093673" lon="4.730865"><ele>32</ele></trkpt>
   <trkpt lat="44.093567" lon="4.730994"><ele>31.5</ele></trkpt>
   <trkpt lat="44.093454" lon="4.731167"><ele>31.25</ele></trkpt>
   <trkpt lat="44.093055" lon="4.731966"><ele>29.75</ele></trkpt>
   <trkpt lat="44.092587" lon="4.732841"><ele>30</ele></trkpt>
   <trkpt lat="44.092386" lon="4.733268"><ele>30.75</ele></trkpt>
   <trkpt lat="44.092326" lon="4.733467"><ele>31</ele></trkpt>
   <trkpt lat="44.092288" lon="4.733774"><ele>31.25</ele></trkpt>
   <trkpt lat="44.092256" lon="4.734607"><ele>30.75</ele></trkpt>
   <trkpt lat="44.092239" lon="4.735466"><ele>30.5</ele></trkpt>
   <trkpt lat="44.092372" lon="4.736874"><ele>30.75</ele></trkpt>
   <trkpt lat="44.092719" lon="4.740246"><ele>29.5</ele></trkpt>
   <trkpt lat="44.092739" lon="4.740356"><ele>29.75</ele></trkpt>
   <trkpt lat="44.092782" lon="4.740523"><ele>30.5</ele></trkpt>
   <trkpt lat="44.092836" lon="4.740683"><ele>30.75</ele></trkpt>
   <trkpt lat="44.092909" lon="4.740862"><ele>30.5</ele></trkpt>
   <trkpt lat="44.092972" lon="4.741005"><ele>30.5</ele></trkpt>
   <trkpt lat="44.093142" lon="4.741317"><ele>31</ele></trkpt>
   <trkpt lat="44.093292" lon="4.741553"><ele>30</ele></trkpt>
   <trkpt lat="44.094216" lon="4.743127"><ele>30.25</ele></trkpt>
   <trkpt lat="44.094538" lon="4.743562"><ele>30.5</ele></trkpt>
   <trkpt lat="44.094972" lon="4.74402"><ele>30.5</ele></trkpt>
   <trkpt lat="44.095926" lon="4.745056"><ele>29.75</ele></trkpt>
   <trkpt lat="44.096066" lon="4.745215"><ele>29.75</ele></trkpt>
   <trkpt lat="44.096325" lon="4.745487"><ele>30</ele></trkpt>
   <trkpt lat="44.096707" lon="4.745914"><ele>29.75</ele></trkpt>
   <trkpt lat="44.096967" lon="4.746204"><ele>29.25</ele></trkpt>
   <trkpt lat="44.097073" lon="4.746303"><ele>29</ele></trkpt>
   <trkpt lat="44.097486" lon="4.746762"><ele>29</ele></trkpt>
   <trkpt lat="44.097555" lon="4.746865"><ele>28.75</ele></trkpt>
   <trkpt lat="44.097726" lon="4.747221"><ele>28.75</ele></trkpt>
   <trkpt lat="44.098133" lon="4.748011"><ele>28.5</ele></trkpt>
   <trkpt lat="44.09822" lon="4.748161"><ele>28.5</ele></trkpt>
   <trkpt lat="44.098283" lon="4.748228"><ele>28.75</ele></trkpt>
   <trkpt lat="44.098556" lon="4.748458"><ele>28.5</ele></trkpt>
   <trkpt lat="44.098889" lon="4.748756"><ele>28.5</ele></trkpt>
   <trkpt lat="44.098958" lon="4.74885"><ele>28.5</ele></trkpt>
   <trkpt lat="44.099053" lon="4.748974"><ele>28.25</ele></trkpt>
   <trkpt lat="44.099179" lon="4.749116"><ele>28.75</ele></trkpt>
   <trkpt lat="44.099321" lon="4.749249"><ele>28.25</ele></trkpt>
   <trkpt lat="44.099559" lon="4.749508"><ele>28.5</ele></trkpt>
   <trkpt lat="44.099728" lon="4.749701"><ele>28.75</ele></trkpt>
   <trkpt lat="44.099898" lon="4.749879"><ele>28.5</ele></trkpt>
   <trkpt lat="44.099938" lon="4.749942"><ele>28.75</ele></trkpt>
   <trkpt lat="44.100047" lon="4.750145"><ele>28.75</ele></trkpt>
   <trkpt lat="44.100389" lon="4.750678"><ele>28.5</ele></trkpt>
   <trkpt lat="44.100424" lon="4.750748"><ele>28.25</ele></trkpt>
   <trkpt lat="44.100446" lon="4.750809"><ele>28.25</ele></trkpt>
   <trkpt lat="44.100463" lon="4.750896"><ele>28.25</ele></trkpt>
   <trkpt lat="44.100476" lon="4.751088"><ele>28.75</ele></trkpt>
   <trkpt lat="44.100482" lon="4.751302"><ele>29</ele></trkpt>
   <trkpt lat="44.100457" lon="4.751444"><ele>28.75</ele></trkpt>
   <trkpt lat="44.100403" lon="4.751608"><ele>28.5</ele></trkpt>
   <trkpt lat="44.100325" lon="4.751789"><ele>29</ele></trkpt>
   <trkpt lat="44.100285" lon="4.751944"><ele>29.75</ele></trkpt>
   <trkpt lat="44.100218" lon="4.752366"><ele>28.5</ele></trkpt>
   <trkpt lat="44.100047" lon="4.75385"><ele>28.75</ele></trkpt>
   <trkpt lat="44.099977" lon="4.754416"><ele>29.5</ele></trkpt>
   <trkpt lat="44.099971" lon="4.754545"><ele>29.5</ele></trkpt>
   <trkpt lat="44.099938" lon="4.754678"><ele>29.5</ele></trkpt>
   <trkpt lat="44.099911" lon="4.754782"><ele>29.25</ele></trkpt>
   <trkpt lat="44.099835" lon="4.754825"><ele>28.75</ele></trkpt>
   <trkpt lat="44.099758" lon="4.754902"><ele>28.5</ele></trkpt>
   <trkpt lat="44.099693" lon="4.755022"><ele>28.5</ele></trkpt>
   <trkpt lat="44.099438" lon="4.755584"><ele>29</ele></trkpt>
   <trkpt lat="44.09941" lon="4.755688"><ele>28.75</ele></trkpt>
   <trkpt lat="44.099401" lon="4.755783"><ele>29</ele></trkpt>
   <trkpt lat="44.0994" lon="4.755923"><ele>29.5</ele></trkpt>
   <trkpt lat="44.099392" lon="4.755968"><ele>29.5</ele></trkpt>
   <trkpt lat="44.099327" lon="4.756055"><ele>29.25</ele></trkpt>
   <trkpt lat="44.099247" lon="4.756159"><ele>29.25</ele></trkpt>
   <trkpt lat="44.099196" lon="4.756214"><ele>29.25</ele></trkpt>
   <trkpt lat="44.098991" lon="4.756673"><ele>28.5</ele></trkpt>
   <trkpt lat="44.098835" lon="4.757189"><ele>28</ele></trkpt>
   <trkpt lat="44.09881" lon="4.757311"><ele>28</ele></trkpt>
   <trkpt lat="44.098808" lon="4.757349"><ele>28</ele></trkpt>
   <trkpt lat="44.098823" lon="4.757416"><ele>28.25</ele></trkpt>
   <trkpt lat="44.098847" lon="4.757517"><ele>28.5</ele></trkpt>
   <trkpt lat="44.098837" lon="4.757563"><ele>28.25</ele></trkpt>
   <trkpt lat="44.098601" lon="4.758192"><ele>28.75</ele></trkpt>
   <trkpt lat="44.098436" lon="4.758565"><ele>28.75</ele></trkpt>
   <trkpt lat="44.098283" lon="4.758882"><ele>28.25</ele></trkpt>
   <trkpt lat="44.098106" lon="4.759246"><ele>28.25</ele></trkpt>
   <trkpt lat="44.097964" lon="4.759511"><ele>28</ele></trkpt>
   <trkpt lat="44.09792" lon="4.759592"><ele>28.25</ele></trkpt>
   <trkpt lat="44.097562" lon="4.760161"><ele>28.25</ele></trkpt>
   <trkpt lat="44.097473" lon="4.760284"><ele>28.5</ele></trkpt>
   <trkpt lat="44.097258" lon="4.760581"><ele>28.75</ele></trkpt>
   <trkpt lat="44.097237" lon="4.760649"><ele>28.75</ele></trkpt>
   <trkpt lat="44.097259" lon="4.760757"><ele>28.75</ele></trkpt>
   <trkpt lat="44.097228" lon="4.76084"><ele>28.75</ele></trkpt>
   <trkpt lat="44.097191" lon="4.760926"><ele>28.5</ele></trkpt>
   <trkpt lat="44.097158" lon="4.760994"><ele>28.25</ele></trkpt>
   <trkpt lat="44.097139" lon="4.761011"><ele>28.25</ele></trkpt>
   <trkpt lat="44.09711" lon="4.76102"><ele>28.25</ele></trkpt>
   <trkpt lat="44.097078" lon="4.761018"><ele>28.5</ele></trkpt>
   <trkpt lat="44.097025" lon="4.760981"><ele>28.5</ele></trkpt>
   <trkpt lat="44.096987" lon="4.760894"><ele>28.25</ele></trkpt>
   <trkpt lat="44.096965" lon="4.76085"><ele>28</ele></trkpt>
   <trkpt lat="44.096941" lon="4.76085"><ele>28</ele></trkpt>
   <trkpt lat="44.096919" lon="4.760869"><ele>27.75</ele></trkpt>
   <trkpt lat="44.096443" lon="4.761208"><ele>26.75</ele></trkpt>
   <trkpt lat="44.095776" lon="4.761613"><ele>28</ele></trkpt>
   <trkpt lat="44.095552" lon="4.761736"><ele>28</ele></trkpt>
   <trkpt lat="44.095337" lon="4.761842"><ele>27.75</ele></trkpt>
   <trkpt lat="44.095129" lon="4.761919"><ele>28.5</ele></trkpt>
   <trkpt lat="44.094886" lon="4.761991"><ele>28</ele></trkpt>
   <trkpt lat="44.094217" lon="4.762135"><ele>27.75</ele></trkpt>
   <trkpt lat="44.092786" lon="4.762386"><ele>27.25</ele></trkpt>
   <trkpt lat="44.092691" lon="4.76239"><ele>27.25</ele></trkpt>
   <trkpt lat="44.092582" lon="4.762376"><ele>27</ele></trkpt>
   <trkpt lat="44.092504" lon="4.762379"><ele>27.25</ele></trkpt>
   <trkpt lat="44.092078" lon="4.762459"><ele>27.75</ele></trkpt>
   <trkpt lat="44.091396" lon="4.762658"><ele>27.25</ele></trkpt>
   <trkpt lat="44.090989" lon="4.762752"><ele>28</ele></trkpt>
   <trkpt lat="44.090751" lon="4.762761"><ele>28</ele></trkpt>
   <trkpt lat="44.090047" lon="4.762745"><ele>28.5</ele></trkpt>
   <trkpt lat="44.089658" lon="4.762699"><ele>27.75</ele></trkpt>
   <trkpt lat="44.089586" lon="4.762689"><ele>28</ele></trkpt>
   <trkpt lat="44.089518" lon="4.762681"><ele>28</ele></trkpt>
   <trkpt lat="44.089148" lon="4.762632"><ele>27.75</ele></trkpt>
   <trkpt lat="44.088824" lon="4.76256"><ele>28</ele></trkpt>
   <trkpt lat="44.088077" lon="4.762592"><ele>27.5</ele></trkpt>
   <trkpt lat="44.087978" lon="4.762596"><ele>27.5</ele></trkpt>
   <trkpt lat="44.087865" lon="4.762604"><ele>27.5</ele></trkpt>
   <trkpt lat="44.087739" lon="4.762615"><ele>27.5</ele></trkpt>
   <trkpt lat="44.08754" lon="4.762654"><ele>27.5</ele></trkpt>
   <trkpt lat="44.087392" lon="4.762662"><ele>27.5</ele></trkpt>
   <trkpt lat="44.08705" lon="4.762663"><ele>27.25</ele></trkpt>
   <trkpt lat="44.086922" lon="4.762646"><ele>27</ele></trkpt>
   <trkpt lat="44.0867" lon="4.762592"><ele>27</ele></trkpt>
   <trkpt lat="44.086358" lon="4.762481"><ele>27.75</ele></trkpt>
   <trkpt lat="44.086087" lon="4.76238"><ele>27.25</ele></trkpt>
   <trkpt lat="44.084401" lon="4.761679"><ele>28</ele></trkpt>
   <trkpt lat="44.084286" lon="4.76163"><ele>28</ele></trkpt>
   <trkpt lat="44.08419" lon="4.761591"><ele>27.75</ele></trkpt>
   <trkpt lat="44.083355" lon="4.761276"><ele>27.25</ele></trkpt>
   <trkpt lat="44.082897" lon="4.761137"><ele>26.5</ele></trkpt>
   <trkpt lat="44.082391" lon="4.76106"><ele>27.25</ele></trkpt>
   <trkpt lat="44.081675" lon="4.761041"><ele>27.25</ele></trkpt>
   <trkpt lat="44.081518" lon="4.761047"><ele>27.25</ele></trkpt>
   <trkpt lat="44.081375" lon="4.761057"><ele>27.25</ele></trkpt>
   <trkpt lat="44.080989" lon="4.761165"><ele>26.75</ele></trkpt>
   <trkpt lat="44.080204" lon="4.761416"><ele>28</ele></trkpt>
   <trkpt lat="44.07996" lon="4.761535"><ele>27.75</ele></trkpt>
   <trkpt lat="44.079868" lon="4.761562"><ele>27.5</ele></trkpt>
   <trkpt lat="44.079817" lon="4.761587"><ele>27.5</ele></trkpt>
   <trkpt lat="44.079759" lon="4.761629"><ele>27.75</ele></trkpt>
   <trkpt lat="44.079512" lon="4.761849"><ele>28</ele></trkpt>
   <trkpt lat="44.079413" lon="4.761934"><ele>27.75</ele></trkpt>
   <trkpt lat="44.079345" lon="4.761993"><ele>27.25</ele></trkpt>
   <trkpt lat="44.078913" lon="4.762383"><ele>27.5</ele></trkpt>
   <trkpt lat="44.07772" lon="4.763511"><ele>27.25</ele></trkpt>
   <trkpt lat="44.077289" lon="4.763949"><ele>28</ele></trkpt>
   <trkpt lat="44.07702" lon="4.76425"><ele>27.25</ele></trkpt>
   <trkpt lat="44.076577" lon="4.764796"><ele>26.25</ele></trkpt>
   <trkpt lat="44.076074" lon="4.765489"><ele>26.5</ele></trkpt>
   <trkpt lat="44.075656" lon="4.766125"><ele>27</ele></trkpt>
   <trkpt lat="44.075169" lon="4.767012"><ele>26</ele></trkpt>
   <trkpt lat="44.075068" lon="4.767229"><ele>26.75</ele></trkpt>
   <trkpt lat="44.074956" lon="4.7675"><ele>26.5</ele></trkpt>
   <trkpt lat="44.074861" lon="4.767851"><ele>27</ele></trkpt>
   <trkpt lat="44.074856" lon="4.767909"><ele>27</ele></trkpt>
   <trkpt lat="44.074847" lon="4.768004"><ele>27</ele></trkpt>
   <trkpt lat="44.074847" lon="4.768154"><ele>27</ele></trkpt>
   <trkpt lat="44.074853" lon="4.7683"><ele>27</ele></trkpt>
   <trkpt lat="44.074874" lon="4.768425"><ele>27</ele></trkpt>
   <trkpt lat="44.074897" lon="4.768528"><ele>27</ele></trkpt>
   <trkpt lat="44.074933" lon="4.768632"><ele>26.75</ele></trkpt>
   <trkpt lat="44.074976" lon="4.768727"><ele>26.5</ele></trkpt>
   <trkpt lat="44.075032" lon="4.768796"><ele>26.25</ele></trkpt>
   <trkpt lat="44.075092" lon="4.768854"><ele>26.25</ele></trkpt>
   <trkpt lat="44.075285" lon="4.769006"><ele>27.75</ele></trkpt>
   <trkpt lat="44.075418" lon="4.76909"><ele>27.5</ele></trkpt>
   <trkpt lat="44.07552" lon="4.769141"><ele>27</ele></trkpt>
   <trkpt lat="44.075703" lon="4.769192"><ele>27.25</ele></trkpt>
   <trkpt lat="44.075797" lon="4.769233"><ele>27.25</ele></trkpt>
   <trkpt lat="44.076055" lon="4.769383"><ele>26.5</ele></trkpt>
   <trkpt lat="44.076547" lon="4.769652"><ele>26.25</ele></trkpt>
   <trkpt lat="44.076824" lon="4.769817"><ele>27.25</ele></trkpt>
   <trkpt lat="44.076938" lon="4.769912"><ele>27</ele></trkpt>
   <trkpt lat="44.076959" lon="4.769957"><ele>26.75</ele></trkpt>
   <trkpt lat="44.076966" lon="4.770014"><ele>26.75</ele></trkpt>
   <trkpt lat="44.076959" lon="4.77008"><ele>26.75</ele></trkpt>
   <trkpt lat="44.076738" lon="4.770954"><ele>26.25</ele></trkpt>
   <trkpt lat="44.076528" lon="4.771383"><ele>26</ele></trkpt>
   <trkpt lat="44.07647" lon="4.771487"><ele>26</ele></trkpt>
   <trkpt lat="44.076417" lon="4.771562"><ele>26.75</ele></trkpt>
   <trkpt lat="44.076336" lon="4.771666"><ele>27.75</ele></trkpt>
   <trkpt lat="44.076315" lon="4.771677"><ele>28</ele></trkpt>
   <trkpt lat="44.076214" lon="4.771682"><ele>27.75</ele></trkpt>
   <trkpt lat="44.076166" lon="4.771689"><ele>28</ele></trkpt>
   <trkpt lat="44.076124" lon="4.771732"><ele>27.75</ele></trkpt>
   <trkpt lat="44.076071" lon="4.771807"><ele>27.5</ele></trkpt>
   <trkpt lat="44.076048" lon="4.771839"><ele>27.25</ele></trkpt>
   <trkpt lat="44.076039" lon="4.77185"><ele>27</ele></trkpt>
   <trkpt lat="44.07601" lon="4.771854"><ele>26.75</ele></trkpt>
   <trkpt lat="44.075987" lon="4.77184"><ele>26.5</ele></trkpt>
   <trkpt lat="44.075863" lon="4.771562"><ele>26</ele></trkpt>
   <trkpt lat="44.075545" lon="4.771183"><ele>27.5</ele></trkpt>
   <trkpt lat="44.075168" lon="4.770876"><ele>27.5</ele></trkpt>
   <trkpt lat="44.074834" lon="4.770675"><ele>28.25</ele></trkpt>
   <trkpt lat="44.074739" lon="4.770627"><ele>28</ele></trkpt>
   <trkpt lat="44.074615" lon="4.77064"><ele>28.25</ele></trkpt>
   <trkpt lat="44.074554" lon="4.77062"><ele>28.25</ele></trkpt>
   <trkpt lat="44.074069" lon="4.770347"><ele>28</ele></trkpt>
   <trkpt lat="44.073976" lon="4.7703"><ele>27.75</ele></trkpt>
   <trkpt lat="44.073986" lon="4.770267"><ele>28</ele></trkpt>
   <trkpt lat="44.074027" lon="4.770142"><ele>28</ele></trkpt>
   <trkpt lat="44.073318" lon="4.769739"><ele>30.75</ele></trkpt>
   <trkpt lat="44.073234" lon="4.769692"><ele>30</ele></trkpt>
   <trkpt lat="44.069927" lon="4.767801"><ele>30.5</ele></trkpt>
   <trkpt lat="44.069817" lon="4.767742"><ele>30.25</ele></trkpt>
   <trkpt lat="44.069501" lon="4.767573"><ele>29.25</ele></trkpt>
   <trkpt lat="44.069429" lon="4.7675"><ele>29.75</ele></trkpt>
   <trkpt lat="44.069329" lon="4.767392"><ele>29.5</ele></trkpt>
   <trkpt lat="44.069289" lon="4.767341"><ele>29.25</ele></trkpt>
   <trkpt lat="44.06928" lon="4.767295"><ele>29.25</ele></trkpt>
   <trkpt lat="44.069264" lon="4.767252"><ele>29</ele></trkpt>
   <trkpt lat="44.069231" lon="4.767206"><ele>28.75</ele></trkpt>
   <trkpt lat="44.06919" lon="4.767176"><ele>28.75</ele></trkpt>
   <trkpt lat="44.069145" lon="4.767164"><ele>28.75</ele></trkpt>
   <trkpt lat="44.06911" lon="4.767169"><ele>28.75</ele></trkpt>
   <trkpt lat="44.069076" lon="4.767185"><ele>28.75</ele></trkpt>
   <trkpt lat="44.069047" lon="4.767211"><ele>28.75</ele></trkpt>
   <trkpt lat="44.069022" lon="4.767246"><ele>29</ele></trkpt>
   <trkpt lat="44.069004" lon="4.767289"><ele>29</ele></trkpt>
   <trkpt lat="44.068994" lon="4.767336"><ele>29</ele></trkpt>
   <trkpt lat="44.068994" lon="4.767407"><ele>29.25</ele></trkpt>
   <trkpt lat="44.069011" lon="4.767474"><ele>29.25</ele></trkpt>
   <trkpt lat="44.069043" lon="4.767529"><ele>29.25</ele></trkpt>
   <trkpt lat="44.069092" lon="4.767569"><ele>29.25</ele></trkpt>
   <trkpt lat="44.069147" lon="4.76758"><ele>29.25</ele></trkpt>
   <trkpt lat="44.069147" lon="4.767636"><ele>28.75</ele></trkpt>
   <trkpt lat="44.069142" lon="4.767777"><ele>28</ele></trkpt>
   <trkpt lat="44.069274" lon="4.767772"><ele>27.5</ele></trkpt>
   <trkpt lat="44.069349" lon="4.767788"><ele>27.25</ele></trkpt>
   <trkpt lat="44.069388" lon="4.767813"><ele>27</ele></trkpt>
   <trkpt lat="44.069423" lon="4.767849"><ele>26.75</ele></trkpt>
   <trkpt lat="44.069461" lon="4.767901"><ele>26.75</ele></trkpt>
   <trkpt lat="44.069483" lon="4.767975"><ele>26.75</ele></trkpt>
   <trkpt lat="44.069479" lon="4.768053"><ele>26.5</ele></trkpt>
   <trkpt lat="44.06946" lon="4.768139"><ele>26.75</ele></trkpt>
   <trkpt lat="44.069372" lon="4.768335"><ele>26.5</ele></trkpt>
   <trkpt lat="44.068763" lon="4.76944"><ele>26.25</ele></trkpt>
   <trkpt lat="44.06865" lon="4.769695"><ele>27</ele></trkpt>
   <trkpt lat="44.06862" lon="4.770009"><ele>29</ele></trkpt>
   <trkpt lat="44.068526" lon="4.770285"><ele>28.25</ele></trkpt>
   <trkpt lat="44.068363" lon="4.770596"><ele>27.25</ele></trkpt>
   <trkpt lat="44.068285" lon="4.770842"><ele>26.75</ele></trkpt>
   <trkpt lat="44.068307" lon="4.770887"><ele>26.75</ele></trkpt>
   <trkpt lat="44.068363" lon="4.770999"><ele>27.25</ele></trkpt>
   <trkpt lat="44.068314" lon="4.77123"><ele>26.5</ele></trkpt>
   <trkpt lat="44.068185" lon="4.771747"><ele>25</ele></trkpt>
   <trkpt lat="44.068017" lon="4.772358"><ele>26.5</ele></trkpt>
   <trkpt lat="44.067726" lon="4.773558"><ele>26</ele></trkpt>
   <trkpt lat="44.067462" lon="4.77458"><ele>26.25</ele></trkpt>
   <trkpt lat="44.066665" lon="4.777846"><ele>25.75</ele></trkpt>
   <trkpt lat="44.066605" lon="4.777843"><ele>25.5</ele></trkpt>
   <trkpt lat="44.066528" lon="4.77784"><ele>25.5</ele></trkpt>
   <trkpt lat="44.066555" lon="4.777908"><ele>25.5</ele></trkpt>
   <trkpt lat="44.066489" lon="4.778186"><ele>25.25</ele></trkpt>
   <trkpt lat="44.066279" lon="4.779013"><ele>25.75</ele></trkpt>
   <trkpt lat="44.065865" lon="4.780598"><ele>25.75</ele></trkpt>
   <trkpt lat="44.065782" lon="4.780861"><ele>26.25</ele></trkpt>
   <trkpt lat="44.065655" lon="4.781161"><ele>25.5</ele></trkpt>
   <trkpt lat="44.065419" lon="4.781641"><ele>26</ele></trkpt>
   <trkpt lat="44.065119" lon="4.782169"><ele>25.75</ele></trkpt>
   <trkpt lat="44.064891" lon="4.782534"><ele>25.75</ele></trkpt>
   <trkpt lat="44.064653" lon="4.782853"><ele>25.5</ele></trkpt>
   <trkpt lat="44.064388" lon="4.783165"><ele>25.25</ele></trkpt>
   <trkpt lat="44.064161" lon="4.783385"><ele>25.5</ele></trkpt>
   <trkpt lat="44.06393" lon="4.783575"><ele>25.5</ele></trkpt>
   <trkpt lat="44.063419" lon="4.783924"><ele>25.5</ele></trkpt>
   <trkpt lat="44.063153" lon="4.78406"><ele>25.25</ele></trkpt>
   <trkpt lat="44.062663" lon="4.784246"><ele>25.25</ele></trkpt>
   <trkpt lat="44.062243" lon="4.784431"><ele>25.75</ele></trkpt>
   <trkpt lat="44.062035" lon="4.784498"><ele>25</ele></trkpt>
   <trkpt lat="44.061654" lon="4.784581"><ele>25</ele></trkpt>
   <trkpt lat="44.061538" lon="4.784592"><ele>25</ele></trkpt>
   <trkpt lat="44.060985" lon="4.784536"><ele>24.5</ele></trkpt>
   <trkpt lat="44.060613" lon="4.784433"><ele>25</ele></trkpt>
   <trkpt lat="44.060241" lon="4.784342"><ele>24.75</ele></trkpt>
   <trkpt lat="44.059311" lon="4.78409"><ele>25</ele></trkpt>
   <trkpt lat="44.058311" lon="4.783787"><ele>24.75</ele></trkpt>
   <trkpt lat="44.057102" lon="4.783355"><ele>24.75</ele></trkpt>
   <trkpt lat="44.056686" lon="4.783219"><ele>25</ele></trkpt>
   <trkpt lat="44.056187" lon="4.783114"><ele>24.5</ele></trkpt>
   <trkpt lat="44.055906" lon="4.783092"><ele>24.5</ele></trkpt>
   <trkpt lat="44.055661" lon="4.7831"><ele>24</ele></trkpt>
   <trkpt lat="44.055294" lon="4.783238"><ele>23.5</ele></trkpt>
   <trkpt lat="44.054838" lon="4.783277"><ele>24</ele></trkpt>
   <trkpt lat="44.054601" lon="4.783307"><ele>24</ele></trkpt>
   <trkpt lat="44.054365" lon="4.783348"><ele>24</ele></trkpt>
   <trkpt lat="44.054396" lon="4.783742"><ele>25.5</ele></trkpt>
   <trkpt lat="44.053628" lon="4.783978"><ele>26.25</ele></trkpt>
   <trkpt lat="44.052816" lon="4.784305"><ele>25.75</ele></trkpt>
   <trkpt lat="44.051928" lon="4.78482"><ele>26</ele></trkpt>
   <trkpt lat="44.051161" lon="4.785427"><ele>25.75</ele></trkpt>
   <trkpt lat="44.050242" lon="4.786342"><ele>25.75</ele></trkpt>
   <trkpt lat="44.049469" lon="4.787315"><ele>25.25</ele></trkpt>
   <trkpt lat="44.048759" lon="4.788446"><ele>25.75</ele></trkpt>
   <trkpt lat="44.048538" lon="4.788168"><ele>24</ele></trkpt>
   <trkpt lat="44.045867" lon="4.793057"><ele>23.5</ele></trkpt>
   <trkpt lat="44.045509" lon="4.793592"><ele>24</ele></trkpt>
   <trkpt lat="44.045175" lon="4.794073"><ele>23</ele></trkpt>
   <trkpt lat="44.04493" lon="4.794411"><ele>23.25</ele></trkpt>
   <trkpt lat="44.044724" lon="4.794736"><ele>23.75</ele></trkpt>
   <trkpt lat="44.044453" lon="4.79518"><ele>23.25</ele></trkpt>
   <trkpt lat="44.043938" lon="4.795999"><ele>23</ele></trkpt>
   <trkpt lat="44.0437" lon="4.796377"><ele>22.25</ele></trkpt>
   <trkpt lat="44.043362" lon="4.796945"><ele>22.75</ele></trkpt>
   <trkpt lat="44.042511" lon="4.798258"><ele>22.75</ele></trkpt>
   <trkpt lat="44.04189" lon="4.799247"><ele>22.25</ele></trkpt>
   <trkpt lat="44.041446" lon="4.79994"><ele>22.5</ele></trkpt>
   <trkpt lat="44.040778" lon="4.801008"><ele>22.25</ele></trkpt>
   <trkpt lat="44.040436" lon="4.801534"><ele>21.75</ele></trkpt>
   <trkpt lat="44.039713" lon="4.802692"><ele>22.25</ele></trkpt>
   <trkpt lat="44.03892" lon="4.803918"><ele>22.5</ele></trkpt>
   <trkpt lat="44.037299" lon="4.806392"><ele>22.25</ele></trkpt>
   <trkpt lat="44.037069" lon="4.806701"><ele>22</ele></trkpt>
   <trkpt lat="44.03668" lon="4.807106"><ele>22.25</ele></trkpt>
   <trkpt lat="44.036195" lon="4.807566"><ele>22.25</ele></trkpt>
   <trkpt lat="44.036051" lon="4.807693"><ele>22.25</ele></trkpt>
   <trkpt lat="44.035304" lon="4.808462"><ele>22.25</ele></trkpt>
   <trkpt lat="44.03455" lon="4.809195"><ele>22.25</ele></trkpt>
   <trkpt lat="44.034271" lon="4.808289"><ele>22.5</ele></trkpt>
   <trkpt lat="44.03392" lon="4.807102"><ele>22</ele></trkpt>
   <trkpt lat="44.033877" lon="4.807025"><ele>22</ele></trkpt>
   <trkpt lat="44.033659" lon="4.806843"><ele>22</ele></trkpt>
   <trkpt lat="44.033566" lon="4.806783"><ele>22</ele></trkpt>
   <trkpt lat="44.033361" lon="4.806687"><ele>22</ele></trkpt>
   <trkpt lat="44.03285" lon="4.806516"><ele>22</ele></trkpt>
   <trkpt lat="44.032699" lon="4.806466"><ele>22</ele></trkpt>
   <trkpt lat="44.032206" lon="4.80633"><ele>22</ele></trkpt>
   <trkpt lat="44.032132" lon="4.806287"><ele>22</ele></trkpt>
   <trkpt lat="44.032103" lon="4.806258"><ele>22</ele></trkpt>
   <trkpt lat="44.032068" lon="4.806223"><ele>22</ele></trkpt>
   <trkpt lat="44.032011" lon="4.806136"><ele>22</ele></trkpt>
   <trkpt lat="44.03193" lon="4.805986"><ele>21.5</ele></trkpt>
   <trkpt lat="44.031854" lon="4.805868"><ele>21.25</ele></trkpt>
   <trkpt lat="44.031448" lon="4.805068"><ele>22.75</ele></trkpt>
   <trkpt lat="44.031165" lon="4.804634"><ele>22.75</ele></trkpt>
   <trkpt lat="44.030642" lon="4.803801"><ele>22.5</ele></trkpt>
   <trkpt lat="44.029998" lon="4.802725"><ele>22</ele></trkpt>
   <trkpt lat="44.029926" lon="4.80262"><ele>22</ele></trkpt>
   <trkpt lat="44.029608" lon="4.802247"><ele>22</ele></trkpt>
   <trkpt lat="44.029513" lon="4.802448"><ele>22</ele></trkpt>
   <trkpt lat="44.029038" lon="4.803288"><ele>22</ele></trkpt>
   <trkpt lat="44.028882" lon="4.803439"><ele>22</ele></trkpt>
   <trkpt lat="44.028721" lon="4.803535"><ele>22</ele></trkpt>
   <trkpt lat="44.028069" lon="4.803893"><ele>22</ele></trkpt>
   <trkpt lat="44.027714" lon="4.804105"><ele>22</ele></trkpt>
   <trkpt lat="44.027478" lon="4.804246"><ele>22</ele></trkpt>
   <trkpt lat="44.027315" lon="4.804419"><ele>22</ele></trkpt>
   <trkpt lat="44.027074" lon="4.804705"><ele>22</ele></trkpt>
   <trkpt lat="44.026846" lon="4.80499"><ele>22</ele></trkpt>
   <trkpt lat="44.026683" lon="4.805157"><ele>21.75</ele></trkpt>
   <trkpt lat="44.026544" lon="4.805253"><ele>22</ele></trkpt>
   <trkpt lat="44.026415" lon="4.80531"><ele>22</ele></trkpt>
   <trkpt lat="44.026247" lon="4.80535"><ele>21.75</ele></trkpt>
   <trkpt lat="44.025745" lon="4.805267"><ele>22</ele></trkpt>
   <trkpt lat="44.025534" lon="4.805293"><ele>21.75</ele></trkpt>
   <trkpt lat="44.025346" lon="4.805335"><ele>21.75</ele></trkpt>
   <trkpt lat="44.02505" lon="4.805413"><ele>21.5</ele></trkpt>
   <trkpt lat="44.023338" lon="4.805671"><ele>21.75</ele></trkpt>
   <trkpt lat="44.021472" lon="4.805811"><ele>22</ele></trkpt>
   <trkpt lat="44.021135" lon="4.805903"><ele>21.75</ele></trkpt>
   <trkpt lat="44.020989" lon="4.805991"><ele>21.5</ele></trkpt>
   <trkpt lat="44.020866" lon="4.806083"><ele>21.75</ele></trkpt>
   <trkpt lat="44.020659" lon="4.806261"><ele>21.75</ele></trkpt>
   <trkpt lat="44.020273" lon="4.806704"><ele>21.75</ele></trkpt>
   <trkpt lat="44.020023" lon="4.806916"><ele>21</ele></trkpt>
   <trkpt lat="44.0198" lon="4.807058"><ele>21.25</ele></trkpt>
   <trkpt lat="44.01964" lon="4.807136"><ele>21.5</ele></trkpt>
   <trkpt lat="44.018598" lon="4.807536"><ele>21.75</ele></trkpt>
   <trkpt lat="44.017379" lon="4.807997"><ele>21.75</ele></trkpt>
   <trkpt lat="44.016503" lon="4.808348"><ele>21</ele></trkpt>
   <trkpt lat="44.016192" lon="4.808435"><ele>21</ele></trkpt>
   <trkpt lat="44.016046" lon="4.808432"><ele>21</ele></trkpt>
   <trkpt lat="44.015958" lon="4.808398"><ele>21.5</ele></trkpt>
   <trkpt lat="44.015854" lon="4.808354"><ele>21.75</ele></trkpt>
   <trkpt lat="44.015715" lon="4.808336"><ele>21.75</ele></trkpt>
   <trkpt lat="44.01558" lon="4.808343"><ele>21.75</ele></trkpt>
   <trkpt lat="44.014336" lon="4.808577"><ele>21</ele></trkpt>
   <trkpt lat="44.013553" lon="4.80869"><ele>20.75</ele></trkpt>
   <trkpt lat="44.012865" lon="4.808774"><ele>21.25</ele></trkpt>
   <trkpt lat="44.012649" lon="4.808891"><ele>20.25</ele></trkpt>
   <trkpt lat="44.012529" lon="4.808989"><ele>20.5</ele></trkpt>
   <trkpt lat="44.012476" lon="4.809058"><ele>20.5</ele></trkpt>
   <trkpt lat="44.01245" lon="4.810205"><ele>20</ele></trkpt>
   <trkpt lat="44.012461" lon="4.810716"><ele>20</ele></trkpt>
   <trkpt lat="44.012477" lon="4.810886"><ele>20</ele></trkpt>
   <trkpt lat="44.012585" lon="4.811462"><ele>20.5</ele></trkpt>
   <trkpt lat="44.012613" lon="4.811568"><ele>20.25</ele></trkpt>
   <trkpt lat="44.012789" lon="4.812236"><ele>20.75</ele></trkpt>
   <trkpt lat="44.01292" lon="4.812735"><ele>20</ele></trkpt>
   <trkpt lat="44.013437" lon="4.814345"><ele>21</ele></trkpt>
   <trkpt lat="44.013454" lon="4.814465"><ele>20.75</ele></trkpt>
   <trkpt lat="44.013479" lon="4.814638"><ele>20.5</ele></trkpt>
   <trkpt lat="44.013573" lon="4.815742"><ele>20.25</ele></trkpt>
   <trkpt lat="44.013504" lon="4.815755"><ele>20.75</ele></trkpt>
   <trkpt lat="44.013402" lon="4.815702"><ele>21</ele></trkpt>
   <trkpt lat="44.013179" lon="4.815676"><ele>21.25</ele></trkpt>
   <trkpt lat="44.013032" lon="4.815677"><ele>21.25</ele></trkpt>
   <trkpt lat="44.01265" lon="4.81568"><ele>21.25</ele></trkpt>
   <trkpt lat="44.011687" lon="4.815653"><ele>20.5</ele></trkpt>
   <trkpt lat="44.01018" lon="4.815594"><ele>20</ele></trkpt>
   <trkpt lat="44.010094" lon="4.81569"><ele>20.25</ele></trkpt>
   <trkpt lat="44.01008" lon="4.815952"><ele>20.25</ele></trkpt>
   <trkpt lat="44.010078" lon="4.816325"><ele>20.25</ele></trkpt>
   <trkpt lat="44.010055" lon="4.816507"><ele>20</ele></trkpt>
   <trkpt lat="44.009994" lon="4.816593"><ele>20</ele></trkpt>
   <trkpt lat="44.009855" lon="4.816561"><ele>20.25</ele></trkpt>
   <trkpt lat="44.009677" lon="4.816475"><ele>20.5</ele></trkpt>
   <trkpt lat="44.008466" lon="4.816024"><ele>20.5</ele></trkpt>
   <trkpt lat="44.007894" lon="4.815886"><ele>20.25</ele></trkpt>
   <trkpt lat="44.006622" lon="4.815906"><ele>20.25</ele></trkpt>
   <trkpt lat="44.006328" lon="4.8159"><ele>20</ele></trkpt>
   <trkpt lat="44.005594" lon="4.81591"><ele>20</ele></trkpt>
   <trkpt lat="44.005372" lon="4.815859"><ele>20</ele></trkpt>
   <trkpt lat="44.00504" lon="4.815842"><ele>20</ele></trkpt>
   <trkpt lat="44.004784" lon="4.815791"><ele>20.5</ele></trkpt>
   <trkpt lat="44.004476" lon="4.815894"><ele>21</ele></trkpt>
   <trkpt lat="44.003867" lon="4.815911"><ele>20.25</ele></trkpt>
   <trkpt lat="44.003195" lon="4.815838"><ele>20</ele></trkpt>
   <trkpt lat="44.002992" lon="4.815835"><ele>20</ele></trkpt>
   <trkpt lat="44.002279" lon="4.815976"><ele>20</ele></trkpt>
   <trkpt lat="44.001772" lon="4.816094"><ele>19.75</ele></trkpt>
   <trkpt lat="44.001261" lon="4.816221"><ele>19.5</ele></trkpt>
   <trkpt lat="44.000304" lon="4.816498"><ele>19.25</ele></trkpt>
   <trkpt lat="44.000256" lon="4.816481"><ele>19.25</ele></trkpt>
   <trkpt lat="44.000158" lon="4.816423"><ele>19.25</ele></trkpt>
   <trkpt lat="44.000123" lon="4.816398"><ele>19.5</ele></trkpt>
   <trkpt lat="44.000058" lon="4.816263"><ele>19.5</ele></trkpt>
   <trkpt lat="43.999463" lon="4.815334"><ele>19</ele></trkpt>
   <trkpt lat="43.997679" lon="4.812646"><ele>19.25</ele></trkpt>
   <trkpt lat="43.997629" lon="4.812586"><ele>19.5</ele></trkpt>
   <trkpt lat="43.997583" lon="4.812568"><ele>19.75</ele></trkpt>
   <trkpt lat="43.996807" lon="4.812563"><ele>19.75</ele></trkpt>
   <trkpt lat="43.996713" lon="4.812562"><ele>19.75</ele></trkpt>
   <trkpt lat="43.996661" lon="4.812576"><ele>19.75</ele></trkpt>
   <trkpt lat="43.996615" lon="4.812613"><ele>19.75</ele></trkpt>
   <trkpt lat="43.996581" lon="4.812651"><ele>19.5</ele></trkpt>
   <trkpt lat="43.996547" lon="4.812725"><ele>19.5</ele></trkpt>
   <trkpt lat="43.996526" lon="4.812795"><ele>19.5</ele></trkpt>
   <trkpt lat="43.996476" lon="4.813329"><ele>21.25</ele></trkpt>
   <trkpt lat="43.996458" lon="4.813413"><ele>21.5</ele></trkpt>
   <trkpt lat="43.99647" lon="4.813538"><ele>22.25</ele></trkpt>
   <trkpt lat="43.996466" lon="4.813628"><ele>22.5</ele></trkpt>
   <trkpt lat="43.996457" lon="4.813649"><ele>22.75</ele></trkpt>
   <trkpt lat="43.996435" lon="4.813679"><ele>22.75</ele></trkpt>
   <trkpt lat="43.996318" lon="4.813475"><ele>22.25</ele></trkpt>
   <trkpt lat="43.996163" lon="4.813268"><ele>22</ele></trkpt>
   <trkpt lat="43.995918" lon="4.813067"><ele>22.25</ele></trkpt>
   <trkpt lat="43.995668" lon="4.812909"><ele>22.25</ele></trkpt>
   <trkpt lat="43.994885" lon="4.812415"><ele>21.25</ele></trkpt>
   <trkpt lat="43.993746" lon="4.811773"><ele>22</ele></trkpt>
   <trkpt lat="43.992706" lon="4.811099"><ele>22.25</ele></trkpt>
   <trkpt lat="43.990659" lon="4.809482"><ele>21.5</ele></trkpt>
   <trkpt lat="43.990275" lon="4.809195"><ele>22.25</ele></trkpt>
   <trkpt lat="43.989947" lon="4.808847"><ele>21.75</ele></trkpt>
   <trkpt lat="43.98914" lon="4.807887"><ele>22</ele></trkpt>
   <trkpt lat="43.988868" lon="4.807649"><ele>22.25</ele></trkpt>
   <trkpt lat="43.988835" lon="4.807587"><ele>22.25</ele></trkpt>
   <trkpt lat="43.988357" lon="4.807319"><ele>20.75</ele></trkpt>
   <trkpt lat="43.987726" lon="4.806991"><ele>20</ele></trkpt>
   <trkpt lat="43.987108" lon="4.806742"><ele>19.75</ele></trkpt>
   <trkpt lat="43.98662" lon="4.806606"><ele>19.5</ele></trkpt>
   <trkpt lat="43.986087" lon="4.806499"><ele>20</ele></trkpt>
   <trkpt lat="43.985152" lon="4.806324"><ele>20</ele></trkpt>
   <trkpt lat="43.984318" lon="4.806205"><ele>19.5</ele></trkpt>
   <trkpt lat="43.983805" lon="4.806058"><ele>19.75</ele></trkpt>
   <trkpt lat="43.982719" lon="4.805634"><ele>19.75</ele></trkpt>
   <trkpt lat="43.982219" lon="4.805346"><ele>22</ele></trkpt>
   <trkpt lat="43.981964" lon="4.805151"><ele>22.75</ele></trkpt>
   <trkpt lat="43.981949" lon="4.805213"><ele>22.75</ele></trkpt>
   <trkpt lat="43.981892" lon="4.805306"><ele>22.5</ele></trkpt>
   <trkpt lat="43.981533" lon="4.805645"><ele>21.75</ele></trkpt>
   <trkpt lat="43.981419" lon="4.805676"><ele>21.75</ele></trkpt>
   <trkpt lat="43.980664" lon="4.805769"><ele>19</ele></trkpt>
   <trkpt lat="43.980617" lon="4.805754"><ele>19.25</ele></trkpt>
   <trkpt lat="43.980599" lon="4.805717"><ele>19</ele></trkpt>
   <trkpt lat="43.980598" lon="4.805672"><ele>18.75</ele></trkpt>
   <trkpt lat="43.980626" lon="4.805629"><ele>18.25</ele></trkpt>
   <trkpt lat="43.980674" lon="4.805596"><ele>18</ele></trkpt>
   <trkpt lat="43.980818" lon="4.805549"><ele>17.75</ele></trkpt>
   <trkpt lat="43.980915" lon="4.805526"><ele>18</ele></trkpt>
   <trkpt lat="43.980954" lon="4.805499"><ele>18</ele></trkpt>
   <trkpt lat="43.98098" lon="4.805446"><ele>17.75</ele></trkpt>
   <trkpt lat="43.981003" lon="4.805343"><ele>17.5</ele></trkpt>
   <trkpt lat="43.981025" lon="4.805208"><ele>17.5</ele></trkpt>
   <trkpt lat="43.981007" lon="4.805133"><ele>17.5</ele></trkpt>
   <trkpt lat="43.980958" lon="4.805072"><ele>17.5</ele></trkpt>
   <trkpt lat="43.980906" lon="4.805033"><ele>17.75</ele></trkpt>
   <trkpt lat="43.980842" lon="4.805018"><ele>17.75</ele></trkpt>
   <trkpt lat="43.980537" lon="4.805048"><ele>16.5</ele></trkpt>
   <trkpt lat="43.979074" lon="4.805512"><ele>16.5</ele></trkpt>
   <trkpt lat="43.978519" lon="4.80568"><ele>16.75</ele></trkpt>
   <trkpt lat="43.977217" lon="4.806194"><ele>17</ele></trkpt>
   <trkpt lat="43.976991" lon="4.806375"><ele>16.75</ele></trkpt>
   <trkpt lat="43.976546" lon="4.806632"><ele>17</ele></trkpt>
   <trkpt lat="43.975892" lon="4.80708"><ele>16.75</ele></trkpt>
   <trkpt lat="43.975498" lon="4.807327"><ele>17</ele></trkpt>
   <trkpt lat="43.975149" lon="4.807498"><ele>17.25</ele></trkpt>
   <trkpt lat="43.974289" lon="4.808005"><ele>17.25</ele></trkpt>
   <trkpt lat="43.973989" lon="4.808246"><ele>17</ele></trkpt>
   <trkpt lat="43.973565" lon="4.80862"><ele>17.25</ele></trkpt>
   <trkpt lat="43.9731" lon="4.80907"><ele>16.5</ele></trkpt>
   <trkpt lat="43.972757" lon="4.809402"><ele>16.25</ele></trkpt>
   <trkpt lat="43.97236" lon="4.80982"><ele>17</ele></trkpt>
   <trkpt lat="43.972156" lon="4.810004"><ele>17</ele></trkpt>
   <trkpt lat="43.970782" lon="4.811083"><ele>16.5</ele></trkpt>
   <trkpt lat="43.970551" lon="4.81122"><ele>16.75</ele></trkpt>
   <trkpt lat="43.970082" lon="4.811398"><ele>16.5</ele></trkpt>
   <trkpt lat="43.969179" lon="4.8118"><ele>16.5</ele></trkpt>
   <trkpt lat="43.968218" lon="4.812216"><ele>17</ele></trkpt>
   <trkpt lat="43.968073" lon="4.812267"><ele>16.75</ele></trkpt>
   <trkpt lat="43.967941" lon="4.812243"><ele>16.75</ele></trkpt>
   <trkpt lat="43.967161" lon="4.811973"><ele>16.75</ele></trkpt>
   <trkpt lat="43.96588" lon="4.811502"><ele>16.25</ele></trkpt>
   <trkpt lat="43.965552" lon="4.811374"><ele>16.75</ele></trkpt>
   <trkpt lat="43.964022" lon="4.810818"><ele>16.5</ele></trkpt>
   <trkpt lat="43.963821" lon="4.810702"><ele>16.25</ele></trkpt>
   <trkpt lat="43.962933" lon="4.809663"><ele>16.25</ele></trkpt>
   <trkpt lat="43.962846" lon="4.80954"><ele>16.25</ele></trkpt>
   <trkpt lat="43.962727" lon="4.809422"><ele>16.5</ele></trkpt>
   <trkpt lat="43.962483" lon="4.809046"><ele>17.75</ele></trkpt>
   <trkpt lat="43.961276" lon="4.806341"><ele>16.75</ele></trkpt>
   <trkpt lat="43.959846" lon="4.799995"><ele>16.75</ele></trkpt>
   <trkpt lat="43.959788" lon="4.799649"><ele>16.75</ele></trkpt>
   <trkpt lat="43.959788" lon="4.799455"><ele>17.25</ele></trkpt>
   <trkpt lat="43.959809" lon="4.799317"><ele>17.75</ele></trkpt>
   <trkpt lat="43.959761" lon="4.799019"><ele>18.5</ele></trkpt>
   <trkpt lat="43.959759" lon="4.798916"><ele>18.75</ele></trkpt>
   <trkpt lat="43.959776" lon="4.798871"><ele>19</ele></trkpt>
   <trkpt lat="43.959538" lon="4.798767"><ele>19</ele></trkpt>
   <trkpt lat="43.959272" lon="4.79867"><ele>18.25</ele></trkpt>
   <trkpt lat="43.959171" lon="4.798661"><ele>18</ele></trkpt>
   <trkpt lat="43.959124" lon="4.798661"><ele>18.25</ele></trkpt>
   <trkpt lat="43.959031" lon="4.798662"><ele>19</ele></trkpt>
   <trkpt lat="43.95897" lon="4.798628"><ele>19.25</ele></trkpt>
   <trkpt lat="43.95882" lon="4.798506"><ele>20</ele></trkpt>
   <trkpt lat="43.958661" lon="4.798401"><ele>21.25</ele></trkpt>
   <trkpt lat="43.958624" lon="4.798409"><ele>21.5</ele></trkpt>
   <trkpt lat="43.958206" lon="4.797682"><ele>20.5</ele></trkpt>
   <trkpt lat="43.958021" lon="4.797353"><ele>21.25</ele></trkpt>
   <trkpt lat="43.957988" lon="4.797243"><ele>21</ele></trkpt>
   <trkpt lat="43.957795" lon="4.797022"><ele>20.5</ele></trkpt>
   <trkpt lat="43.957653" lon="4.796833"><ele>19.25</ele></trkpt>
   <trkpt lat="43.957479" lon="4.796545"><ele>18.25</ele></trkpt>
   <trkpt lat="43.957142" lon="4.795909"><ele>18.25</ele></trkpt>
   <trkpt lat="43.956965" lon="4.795899"><ele>17.75</ele></trkpt>
   <trkpt lat="43.956882" lon="4.795807"><ele>18</ele></trkpt>
   <trkpt lat="43.956808" lon="4.795615"><ele>18</ele></trkpt>
   <trkpt lat="43.956708" lon="4.795277"><ele>19</ele></trkpt>
   <trkpt lat="43.956684" lon="4.795306"><ele>18.75</ele></trkpt>
   <trkpt lat="43.956375" lon="4.795497"><ele>17.25</ele></trkpt>
   <trkpt lat="43.956291" lon="4.795383"><ele>17.25</ele></trkpt>
   <trkpt lat="43.955783" lon="4.794546"><ele>17.75</ele></trkpt>
   <trkpt lat="43.955565" lon="4.794153"><ele>17</ele></trkpt>
   <trkpt lat="43.955366" lon="4.793746"><ele>17.5</ele></trkpt>
   <trkpt lat="43.955193" lon="4.793491"><ele>18</ele></trkpt>
   <trkpt lat="43.955093" lon="4.793331"><ele>18.5</ele></trkpt>
   <trkpt lat="43.954952" lon="4.793146"><ele>19.25</ele></trkpt>
   <trkpt lat="43.954705" lon="4.792996"><ele>18</ele></trkpt>
   <trkpt lat="43.954515" lon="4.792836"><ele>17.75</ele></trkpt>
   <trkpt lat="43.954261" lon="4.792579"><ele>17.75</ele></trkpt>
   <trkpt lat="43.954255" lon="4.79256"><ele>17.75</ele></trkpt>
   <trkpt lat="43.954257" lon="4.79254"><ele>18</ele></trkpt>
   <trkpt lat="43.954265" lon="4.792526"><ele>18</ele></trkpt>
   <trkpt lat="43.954283" lon="4.792491"><ele>18.25</ele></trkpt>
   <trkpt lat="43.9543" lon="4.792458"><ele>18.5</ele></trkpt>
   <trkpt lat="43.954318" lon="4.792423"><ele>18.75</ele></trkpt>
   <trkpt lat="43.954357" lon="4.792343"><ele>19.25</ele></trkpt>
   <trkpt lat="43.954494" lon="4.792059"><ele>21.75</ele></trkpt>
   <trkpt lat="43.954501" lon="4.792016"><ele>22.25</ele></trkpt>
   <trkpt lat="43.954497" lon="4.791989"><ele>22.5</ele></trkpt>
   <trkpt lat="43.954487" lon="4.791969"><ele>23</ele></trkpt>
   <trkpt lat="43.954442" lon="4.791948"><ele>23.75</ele></trkpt>
   <trkpt lat="43.954369" lon="4.791993"><ele>23.5</ele></trkpt>
   <trkpt lat="43.954265" lon="4.792031"><ele>23</ele></trkpt>
   <trkpt lat="43.954232" lon="4.792032"><ele>23.25</ele></trkpt>
   <trkpt lat="43.954216" lon="4.792041"><ele>23</ele></trkpt>
   <trkpt lat="43.954199" lon="4.792049"><ele>23</ele></trkpt>
   <trkpt lat="43.954169" lon="4.792082"><ele>22.5</ele></trkpt>
   <trkpt lat="43.954109" lon="4.792194"><ele>20</ele></trkpt>
   <trkpt lat="43.95321" lon="4.79454"><ele>22.5</ele></trkpt>
   <trkpt lat="43.952839" lon="4.795546"><ele>23.25</ele></trkpt>
   <trkpt lat="43.952791" lon="4.795689"><ele>23.75</ele></trkpt>
   <trkpt lat="43.952688" lon="4.796021"><ele>22.75</ele></trkpt>
   <trkpt lat="43.952638" lon="4.796236"><ele>22.5</ele></trkpt>
   <trkpt lat="43.952628" lon="4.796315"><ele>22.75</ele></trkpt>
   <trkpt lat="43.952628" lon="4.796367"><ele>23</ele></trkpt>
   <trkpt lat="43.952637" lon="4.79642"><ele>23</ele></trkpt>
   <trkpt lat="43.952651" lon="4.796449"><ele>23</ele></trkpt>
   <trkpt lat="43.952634" lon="4.796507"><ele>23</ele></trkpt>
   <trkpt lat="43.952558" lon="4.796754"><ele>23.25</ele></trkpt>
   <trkpt lat="43.952515" lon="4.7969"><ele>23</ele></trkpt>
   <trkpt lat="43.952493" lon="4.796966"><ele>22.75</ele></trkpt>
   <trkpt lat="43.952463" lon="4.796969"><ele>22.5</ele></trkpt>
   <trkpt lat="43.95244" lon="4.796984"><ele>22.5</ele></trkpt>
   <trkpt lat="43.952419" lon="4.797011"><ele>22.25</ele></trkpt>
   <trkpt lat="43.95237" lon="4.797087"><ele>22</ele></trkpt>
   <trkpt lat="43.952034" lon="4.798173"><ele>19.5</ele></trkpt>
   <trkpt lat="43.952002" lon="4.798272"><ele>18.5</ele></trkpt>
   <trkpt lat="43.950928" lon="4.801981"><ele>18.5</ele></trkpt>
   <trkpt lat="43.9509" lon="4.802079"><ele>19.5</ele></trkpt>
   <trkpt lat="43.950896" lon="4.802255"><ele>20.75</ele></trkpt>
   <trkpt lat="43.950869" lon="4.802297"><ele>20.75</ele></trkpt>
   <trkpt lat="43.950737" lon="4.802433"><ele>21</ele></trkpt>
   <trkpt lat="43.950727" lon="4.802458"><ele>21</ele></trkpt>
   <trkpt lat="43.950707" lon="4.802497"><ele>21</ele></trkpt>
   <trkpt lat="43.950676" lon="4.802503"><ele>20.75</ele></trkpt>
   <trkpt lat="43.950516" lon="4.802399"><ele>20.75</ele></trkpt>
   <trkpt lat="43.950471" lon="4.80241"><ele>20.25</ele></trkpt>
   <trkpt lat="43.950394" lon="4.802451"><ele>19.75</ele></trkpt>
   <trkpt lat="43.950323" lon="4.802426"><ele>19.5</ele></trkpt>
   <trkpt lat="43.950284" lon="4.802412"><ele>19.25</ele></trkpt>
   <trkpt lat="43.950235" lon="4.802404"><ele>19</ele></trkpt>
   <trkpt lat="43.950238" lon="4.80237"><ele>19.25</ele></trkpt>
   <trkpt lat="43.950238" lon="4.802344"><ele>19.25</ele></trkpt>
   <trkpt lat="43.950238" lon="4.802318"><ele>19.5</ele></trkpt>
   <trkpt lat="43.950238" lon="4.802292"><ele>19.5</ele></trkpt>
   <trkpt lat="43.950239" lon="4.802265"><ele>19.75</ele></trkpt>
   <trkpt lat="43.950239" lon="4.802234"><ele>19.75</ele></trkpt>
   <trkpt lat="43.950238" lon="4.802197"><ele>20</ele></trkpt>
   <trkpt lat="43.950215" lon="4.802159"><ele>20</ele></trkpt>
   <trkpt lat="43.95019" lon="4.80214"><ele>20</ele></trkpt>
   <trkpt lat="43.949931" lon="4.801998"><ele>19.75</ele></trkpt>
   <trkpt lat="43.949899" lon="4.801989"><ele>19.5</ele></trkpt>
   <trkpt lat="43.949866" lon="4.801965"><ele>19.5</ele></trkpt>
   <trkpt lat="43.949834" lon="4.801941"><ele>19.25</ele></trkpt>
   <trkpt lat="43.949768" lon="4.801891"><ele>18.75</ele></trkpt>
   <trkpt lat="43.94967" lon="4.801819"><ele>18.25</ele></trkpt>
   <trkpt lat="43.949627" lon="4.801788"><ele>18</ele></trkpt>
   <trkpt lat="43.949606" lon="4.801773"><ele>18</ele></trkpt>
   <trkpt lat="43.949582" lon="4.801752"><ele>17.75</ele></trkpt>
   <trkpt lat="43.9495" lon="4.801658"><ele>17</ele></trkpt>
   <trkpt lat="43.949379" lon="4.801557"><ele>17</ele></trkpt>
   <trkpt lat="43.949257" lon="4.801505"><ele>17.5</ele></trkpt>
   <trkpt lat="43.949172" lon="4.801524"><ele>17.75</ele></trkpt>
   <trkpt lat="43.948708" lon="4.801189"><ele>18.5</ele></trkpt>
   <trkpt lat="43.948634" lon="4.801147"><ele>18.75</ele></trkpt>
   <trkpt lat="43.948493" lon="4.801029"><ele>18.5</ele></trkpt>
   <trkpt lat="43.948466" lon="4.800979"><ele>18.25</ele></trkpt>
   <trkpt lat="43.948438" lon="4.800924"><ele>18.5</ele></trkpt>
   <trkpt lat="43.948284" lon="4.800772"><ele>18.75</ele></trkpt>
   <trkpt lat="43.948206" lon="4.800706"><ele>18.5</ele></trkpt>
   <trkpt lat="43.948024" lon="4.800632"><ele>18.25</ele></trkpt>
   <trkpt lat="43.947801" lon="4.800445"><ele>18.5</ele></trkpt>
   <trkpt lat="43.94748" lon="4.800159"><ele>19</ele></trkpt>
   <trkpt lat="43.947417" lon="4.800144"><ele>19</ele></trkpt>
   <trkpt lat="43.947402" lon="4.800113"><ele>19</ele></trkpt>
   <trkpt lat="43.947393" lon="4.800091"><ele>19</ele></trkpt>
   <trkpt lat="43.947379" lon="4.800061"><ele>19</ele></trkpt>
   <trkpt lat="43.947358" lon="4.800035"><ele>19</ele></trkpt>
   <trkpt lat="43.947339" lon="4.800027"><ele>19</ele></trkpt>
   <trkpt lat="43.947312" lon="4.800011"><ele>19</ele></trkpt>
   <trkpt lat="43.947284" lon="4.799997"><ele>18.75</ele></trkpt>
   <trkpt lat="43.947273" lon="4.799995"><ele>18.75</ele></trkpt>
   <trkpt lat="43.947274" lon="4.799967"><ele>18.75</ele></trkpt>
   <trkpt lat="43.947267" lon="4.799937"><ele>18.75</ele></trkpt>
   <trkpt lat="43.947048" lon="4.799675"><ele>18.75</ele></trkpt>
   <trkpt lat="43.946745" lon="4.799276"><ele>18.25</ele></trkpt>
   <trkpt lat="43.946299" lon="4.798752"><ele>18</ele></trkpt>
   <trkpt lat="43.946137" lon="4.798582"><ele>18</ele></trkpt>
   <trkpt lat="43.946002" lon="4.798453"><ele>18.5</ele></trkpt>
   <trkpt lat="43.945854" lon="4.798342"><ele>18.75</ele></trkpt>
   <trkpt lat="43.945641" lon="4.798227"><ele>18.5</ele></trkpt>
   <trkpt lat="43.945507" lon="4.798166"><ele>18.5</ele></trkpt>
   <trkpt lat="43.945249" lon="4.798069"><ele>18.75</ele></trkpt>
   <trkpt lat="43.945142" lon="4.798043"><ele>18.75</ele></trkpt>
   <trkpt lat="43.944893" lon="4.798002"><ele>19.25</ele></trkpt>
   <trkpt lat="43.944837" lon="4.797995"><ele>19.5</ele></trkpt>
   <trkpt lat="43.944775" lon="4.798003"><ele>19.75</ele></trkpt>
   <trkpt lat="43.944742" lon="4.798021"><ele>19.75</ele></trkpt>
   <trkpt lat="43.944725" lon="4.798077"><ele>19.75</ele></trkpt>
   <trkpt lat="43.944414" lon="4.798088"><ele>18.75</ele></trkpt>
   <trkpt lat="43.944167" lon="4.798109"><ele>18</ele></trkpt>
   <trkpt lat="43.944121" lon="4.798129"><ele>18</ele></trkpt>
   <trkpt lat="43.944074" lon="4.798173"><ele>18</ele></trkpt>
   <trkpt lat="43.943593" lon="4.799293"><ele>18.75</ele></trkpt>
   <trkpt lat="43.943553" lon="4.799397"><ele>18.75</ele></trkpt>
   <trkpt lat="43.943497" lon="4.799353"><ele>18.5</ele></trkpt>
   <trkpt lat="43.943474" lon="4.799335"><ele>18.5</ele></trkpt>
   <trkpt lat="43.943402" lon="4.799286"><ele>18</ele></trkpt>
   <trkpt lat="43.943309" lon="4.799229"><ele>18</ele></trkpt>
   <trkpt lat="43.943261" lon="4.799213"><ele>18</ele></trkpt>
   <trkpt lat="43.943221" lon="4.799204"><ele>18</ele></trkpt>
   <trkpt lat="43.943121" lon="4.799181"><ele>18</ele></trkpt>
   <trkpt lat="43.942973" lon="4.799137"><ele>18</ele></trkpt>
   <trkpt lat="43.942827" lon="4.799093"><ele>18</ele></trkpt>
   <trkpt lat="43.942581" lon="4.799019"><ele>18</ele></trkpt>
   <trkpt lat="43.942205" lon="4.798906"><ele>18</ele></trkpt>
   <trkpt lat="43.942032" lon="4.798854"><ele>18</ele></trkpt>
   <trkpt lat="43.941954" lon="4.798831"><ele>18</ele></trkpt>
   <trkpt lat="43.941863" lon="4.798779"><ele>18.75</ele></trkpt>
   <trkpt lat="43.941757" lon="4.798749"><ele>18.5</ele></trkpt>
   <trkpt lat="43.941669" lon="4.798717"><ele>18.5</ele></trkpt>
   <trkpt lat="43.941378" lon="4.798538"><ele>18.25</ele></trkpt>
   <trkpt lat="43.941231" lon="4.798416"><ele>18.25</ele></trkpt>
   <trkpt lat="43.941199" lon="4.798392"><ele>18.25</ele></trkpt>
   <trkpt lat="43.941182" lon="4.79836"><ele>18.25</ele></trkpt>
   <trkpt lat="43.941157" lon="4.798339"><ele>17.75</ele></trkpt>
   <trkpt lat="43.941129" lon="4.798331"><ele>17.25</ele></trkpt>
   <trkpt lat="43.94109" lon="4.798293"><ele>17</ele></trkpt>
   <trkpt lat="43.941036" lon="4.798214"><ele>17.25</ele></trkpt>
   <trkpt lat="43.94096" lon="4.798136"><ele>17.25</ele></trkpt>
   <trkpt lat="43.940854" lon="4.798035"><ele>17</ele></trkpt>
   <trkpt lat="43.940685" lon="4.797948"><ele>17</ele></trkpt>
   <trkpt lat="43.940502" lon="4.797879"><ele>17</ele></trkpt>
   <trkpt lat="43.94006" lon="4.79777"><ele>17</ele></trkpt>
   <trkpt lat="43.939647" lon="4.7976"><ele>17.25</ele></trkpt>
   <trkpt lat="43.93962" lon="4.797588"><ele>17.25</ele></trkpt>
   <trkpt lat="43.939527" lon="4.797547"><ele>17.5</ele></trkpt>
   <trkpt lat="43.939338" lon="4.797464"><ele>17.5</ele></trkpt>
   <trkpt lat="43.939214" lon="4.797393"><ele>17.25</ele></trkpt>
   <trkpt lat="43.939059" lon="4.797296"><ele>17.5</ele></trkpt>
   <trkpt lat="43.93896" lon="4.797219"><ele>17.25</ele></trkpt>
   <trkpt lat="43.938879" lon="4.797172"><ele>17</ele></trkpt>
   <trkpt lat="43.938816" lon="4.797144"><ele>17</ele></trkpt>
   <trkpt lat="43.938751" lon="4.797127"><ele>17</ele></trkpt>
   <trkpt lat="43.938717" lon="4.797122"><ele>17</ele></trkpt>
   <trkpt lat="43.938691" lon="4.797075"><ele>17.25</ele></trkpt>
   <trkpt lat="43.938672" lon="4.79706"><ele>17.25</ele></trkpt>
   <trkpt lat="43.938649" lon="4.797052"><ele>17.5</ele></trkpt>
   <trkpt lat="43.938601" lon="4.797065"><ele>17.5</ele></trkpt>
   <trkpt lat="43.93849" lon="4.797054"><ele>17.25</ele></trkpt>
   <trkpt lat="43.938412" lon="4.79704"><ele>17</ele></trkpt>
   <trkpt lat="43.938276" lon="4.796972"><ele>17</ele></trkpt>
   <trkpt lat="43.938089" lon="4.796862"><ele>17</ele></trkpt>
   <trkpt lat="43.937934" lon="4.796774"><ele>17</ele></trkpt>
   <trkpt lat="43.937794" lon="4.796696"><ele>17</ele></trkpt>
   <trkpt lat="43.937521" lon="4.796565"><ele>17.25</ele></trkpt>
   <trkpt lat="43.937111" lon="4.796454"><ele>17</ele></trkpt>
   <trkpt lat="43.936831" lon="4.796362"><ele>17</ele></trkpt>
   <trkpt lat="43.936789" lon="4.79636"><ele>17</ele></trkpt>
   <trkpt lat="43.936749" lon="4.796372"><ele>17</ele></trkpt>
   <trkpt lat="43.936724" lon="4.796329"><ele>17</ele></trkpt>
   <trkpt lat="43.935958" lon="4.795716"><ele>17</ele></trkpt>
   <trkpt lat="43.935928" lon="4.795692"><ele>17</ele></trkpt>
   <trkpt lat="43.935898" lon="4.795667"><ele>17</ele></trkpt>
   <trkpt lat="43.935847" lon="4.795627"><ele>17</ele></trkpt>
   <trkpt lat="43.935786" lon="4.795579"><ele>17</ele></trkpt>
   <trkpt lat="43.935738" lon="4.795541"><ele>17</ele></trkpt>
   <trkpt lat="43.935699" lon="4.795512"><ele>17</ele></trkpt>
   <trkpt lat="43.935588" lon="4.795424"><ele>17</ele></trkpt>
   <trkpt lat="43.935502" lon="4.795357"><ele>17</ele></trkpt>
   <trkpt lat="43.935475" lon="4.795337"><ele>17</ele></trkpt>
   <trkpt lat="43.935396" lon="4.795308"><ele>17</ele></trkpt>
   <trkpt lat="43.935316" lon="4.795294"><ele>17</ele></trkpt>
   <trkpt lat="43.935236" lon="4.795292"><ele>17</ele></trkpt>
   <trkpt lat="43.935186" lon="4.7953"><ele>17</ele></trkpt>
   <trkpt lat="43.935092" lon="4.795314"><ele>17</ele></trkpt>
   <trkpt lat="43.935081" lon="4.795316"><ele>17</ele></trkpt>
   <trkpt lat="43.93494" lon="4.795341"><ele>17</ele></trkpt>
   <trkpt lat="43.934818" lon="4.795365"><ele>17</ele></trkpt>
   <trkpt lat="43.93478" lon="4.795373"><ele>17.25</ele></trkpt>
   <trkpt lat="43.934443" lon="4.795444"><ele>17.5</ele></trkpt>
   <trkpt lat="43.93418" lon="4.795498"><ele>17</ele></trkpt>
   <trkpt lat="43.934115" lon="4.795511"><ele>17</ele></trkpt>
   <trkpt lat="43.934089" lon="4.795517"><ele>17</ele></trkpt>
   <trkpt lat="43.934056" lon="4.795524"><ele>17</ele></trkpt>
   <trkpt lat="43.933974" lon="4.795541"><ele>17</ele></trkpt>
   <trkpt lat="43.933885" lon="4.795559"><ele>17</ele></trkpt>
   <trkpt lat="43.933323" lon="4.795677"><ele>17.25</ele></trkpt>
   <trkpt lat="43.933225" lon="4.795698"><ele>17.25</ele></trkpt>
   <trkpt lat="43.933162" lon="4.795711"><ele>17</ele></trkpt>
   <trkpt lat="43.93306" lon="4.795732"><ele>17</ele></trkpt>
   <trkpt lat="43.932912" lon="4.795739"><ele>17.25</ele></trkpt>
   <trkpt lat="43.932622" lon="4.795673"><ele>17.25</ele></trkpt>
   <trkpt lat="43.932515" lon="4.795668"><ele>17.25</ele></trkpt>
   <trkpt lat="43.932385" lon="4.795684"><ele>17.25</ele></trkpt>
   <trkpt lat="43.93227" lon="4.795725"><ele>17.25</ele></trkpt>
   <trkpt lat="43.932158" lon="4.79579"><ele>17.25</ele></trkpt>
   <trkpt lat="43.932016" lon="4.79591"><ele>17.5</ele></trkpt>
   <trkpt lat="43.931784" lon="4.79614"><ele>17.5</ele></trkpt>
   <trkpt lat="43.931521" lon="4.796438"><ele>18</ele></trkpt>
   <trkpt lat="43.931316" lon="4.796666"><ele>18</ele></trkpt>
   <trkpt lat="43.931263" lon="4.796724"><ele>18</ele></trkpt>
   <trkpt lat="43.931047" lon="4.796959"><ele>18</ele></trkpt>
   <trkpt lat="43.930675" lon="4.797373"><ele>18</ele></trkpt>
   <trkpt lat="43.93051" lon="4.79759"><ele>18</ele></trkpt>
   <trkpt lat="43.930475" lon="4.79765"><ele>18</ele></trkpt>
   <trkpt lat="43.930437" lon="4.797714"><ele>18</ele></trkpt>
   <trkpt lat="43.930355" lon="4.797837"><ele>18</ele></trkpt>
   <trkpt lat="43.930177" lon="4.798112"><ele>18</ele></trkpt>
   <trkpt lat="43.930146" lon="4.798156"><ele>18</ele></trkpt>
   <trkpt lat="43.929994" lon="4.798387"><ele>18</ele></trkpt>
   <trkpt lat="43.929813" lon="4.798666"><ele>18</ele></trkpt>
   <trkpt lat="43.929756" lon="4.798752"><ele>18</ele></trkpt>
   <trkpt lat="43.929694" lon="4.798842"><ele>18</ele></trkpt>
   <trkpt lat="43.929627" lon="4.798938"><ele>18</ele></trkpt>
   <trkpt lat="43.929566" lon="4.799022"><ele>18</ele></trkpt>
   <trkpt lat="43.92945" lon="4.799186"><ele>18</ele></trkpt>
   <trkpt lat="43.929381" lon="4.799279"><ele>18</ele></trkpt>
   <trkpt lat="43.929265" lon="4.799459"><ele>18</ele></trkpt>
   <trkpt lat="43.929239" lon="4.799513"><ele>17.75</ele></trkpt>
   <trkpt lat="43.929208" lon="4.799576"><ele>18</ele></trkpt>
   <trkpt lat="43.929141" lon="4.799562"><ele>18</ele></trkpt>
   <trkpt lat="43.928656" lon="4.799447"><ele>18</ele></trkpt>
   <trkpt lat="43.928447" lon="4.799394"><ele>18</ele></trkpt>
   <trkpt lat="43.928354" lon="4.799372"><ele>18</ele></trkpt>
   <trkpt lat="43.928051" lon="4.799302"><ele>18</ele></trkpt>
   <trkpt lat="43.92756" lon="4.799197"><ele>18</ele></trkpt>
   <trkpt lat="43.92746" lon="4.799176"><ele>18</ele></trkpt>
   <trkpt lat="43.927445" lon="4.799173"><ele>18</ele></trkpt>
   <trkpt lat="43.927397" lon="4.799164"><ele>18</ele></trkpt>
   <trkpt lat="43.927324" lon="4.799148"><ele>18</ele></trkpt>
   <trkpt lat="43.926837" lon="4.799047"><ele>19</ele></trkpt>
   <trkpt lat="43.926623" lon="4.798992"><ele>19.25</ele></trkpt>
   <trkpt lat="43.926349" lon="4.798922"><ele>18.25</ele></trkpt>
   <trkpt lat="43.926195" lon="4.798911"><ele>18.75</ele></trkpt>
   <trkpt lat="43.926152" lon="4.798908"><ele>18.75</ele></trkpt>
   <trkpt lat="43.926097" lon="4.798927"><ele>18.75</ele></trkpt>
   <trkpt lat="43.926052" lon="4.798941"><ele>18.5</ele></trkpt>
   <trkpt lat="43.926042" lon="4.798909"><ele>18.5</ele></trkpt>
   <trkpt lat="43.926025" lon="4.798883"><ele>18.5</ele></trkpt>
   <trkpt lat="43.926003" lon="4.798866"><ele>18.5</ele></trkpt>
   <trkpt lat="43.925966" lon="4.798859"><ele>18.5</ele></trkpt>
   <trkpt lat="43.925931" lon="4.798877"><ele>18.25</ele></trkpt>
   <trkpt lat="43.925905" lon="4.798915"><ele>18</ele></trkpt>
   <trkpt lat="43.925876" lon="4.798882"><ele>18</ele></trkpt>
   <trkpt lat="43.925828" lon="4.798848"><ele>17.75</ele></trkpt>
   <trkpt lat="43.925742" lon="4.79881"><ele>18</ele></trkpt>
   <trkpt lat="43.925243" lon="4.798713"><ele>19.25</ele></trkpt>
   <trkpt lat="43.925128" lon="4.798703"><ele>19.25</ele></trkpt>
   <trkpt lat="43.924906" lon="4.798689"><ele>19.25</ele></trkpt>
   <trkpt lat="43.924712" lon="4.798639"><ele>19</ele></trkpt>
   <trkpt lat="43.924692" lon="4.798632"><ele>18.75</ele></trkpt>
   <trkpt lat="43.924643" lon="4.798617"><ele>18.5</ele></trkpt>
   <trkpt lat="43.924523" lon="4.798809"><ele>18.75</ele></trkpt>
   <trkpt lat="43.924429" lon="4.798891"><ele>19</ele></trkpt>
   <trkpt lat="43.924377" lon="4.798945"><ele>19</ele></trkpt>
   <trkpt lat="43.924033" lon="4.799305"><ele>19</ele></trkpt>
   <trkpt lat="43.92357" lon="4.799851"><ele>19.5</ele></trkpt>
   <trkpt lat="43.92333" lon="4.800197"><ele>19.25</ele></trkpt>
   <trkpt lat="43.92322" lon="4.800367"><ele>19.25</ele></trkpt>
   <trkpt lat="43.923139" lon="4.800525"><ele>19.5</ele></trkpt>
   <trkpt lat="43.923038" lon="4.800716"><ele>19.25</ele></trkpt>
   <trkpt lat="43.922967" lon="4.800822"><ele>19.25</ele></trkpt>
   <trkpt lat="43.922882" lon="4.800955"><ele>19.25</ele></trkpt>
   <trkpt lat="43.922809" lon="4.801069"><ele>19</ele></trkpt>
   <trkpt lat="43.92279" lon="4.801098"><ele>19</ele></trkpt>
   <trkpt lat="43.922735" lon="4.801206"><ele>19</ele></trkpt>
   <trkpt lat="43.922701" lon="4.80133"><ele>19</ele></trkpt>
   <trkpt lat="43.922654" lon="4.801812"><ele>19</ele></trkpt>
   <trkpt lat="43.922646" lon="4.801915"><ele>19</ele></trkpt>
   <trkpt lat="43.922639" lon="4.802001"><ele>19</ele></trkpt>
   <trkpt lat="43.922616" lon="4.802159"><ele>19</ele></trkpt>
   <trkpt lat="43.922601" lon="4.802314"><ele>19</ele></trkpt>
   <trkpt lat="43.92259" lon="4.802501"><ele>19</ele></trkpt>
   <trkpt lat="43.922593" lon="4.802696"><ele>19</ele></trkpt>
   <trkpt lat="43.92259" lon="4.802788"><ele>19.25</ele></trkpt>
   <trkpt lat="43.922578" lon="4.802853"><ele>19.25</ele></trkpt>
   <trkpt lat="43.922508" lon="4.803041"><ele>19.75</ele></trkpt>
   <trkpt lat="43.922471" lon="4.803134"><ele>20</ele></trkpt>
   <trkpt lat="43.922455" lon="4.80318"><ele>20</ele></trkpt>
   <trkpt lat="43.922433" lon="4.803163"><ele>20</ele></trkpt>
   <trkpt lat="43.922408" lon="4.803161"><ele>20</ele></trkpt>
   <trkpt lat="43.922385" lon="4.803175"><ele>20</ele></trkpt>
   <trkpt lat="43.92237" lon="4.8032"><ele>20</ele></trkpt>
   <trkpt lat="43.922329" lon="4.803176"><ele>20</ele></trkpt>
   <trkpt lat="43.922247" lon="4.803126"><ele>20</ele></trkpt>
   <trkpt lat="43.922206" lon="4.803102"><ele>19.75</ele></trkpt>
   <trkpt lat="43.92215" lon="4.803072"><ele>19.75</ele></trkpt>
   <trkpt lat="43.922045" lon="4.803027"><ele>20</ele></trkpt>
   <trkpt lat="43.921965" lon="4.802995"><ele>20</ele></trkpt>
   <trkpt lat="43.921872" lon="4.802961"><ele>19.75</ele></trkpt>
   <trkpt lat="43.921849" lon="4.802953"><ele>19.75</ele></trkpt>
   <trkpt lat="43.921706" lon="4.802891"><ele>19.5</ele></trkpt>
   <trkpt lat="43.921446" lon="4.802779"><ele>19</ele></trkpt>
   <trkpt lat="43.921374" lon="4.802741"><ele>19</ele></trkpt>
   <trkpt lat="43.921333" lon="4.802716"><ele>19</ele></trkpt>
   <trkpt lat="43.921311" lon="4.80264"><ele>19.25</ele></trkpt>
   <trkpt lat="43.921277" lon="4.802582"><ele>19.25</ele></trkpt>
   <trkpt lat="43.921233" lon="4.802538"><ele>19.5</ele></trkpt>
   <trkpt lat="43.921183" lon="4.802513"><ele>19.5</ele></trkpt>
   <trkpt lat="43.921129" lon="4.802507"><ele>19.75</ele></trkpt>
   <trkpt lat="43.921076" lon="4.802521"><ele>19.75</ele></trkpt>
   <trkpt lat="43.921045" lon="4.80254"><ele>19.75</ele></trkpt>
   <trkpt lat="43.920991" lon="4.8026"><ele>19.5</ele></trkpt>
   <trkpt lat="43.920963" lon="4.802657"><ele>19.25</ele></trkpt>
   <trkpt lat="43.920946" lon="4.802721"><ele>19.25</ele></trkpt>
   <trkpt lat="43.920942" lon="4.802789"><ele>19.25</ele></trkpt>
   <trkpt lat="43.920949" lon="4.802857"><ele>19.25</ele></trkpt>
   <trkpt lat="43.920975" lon="4.802936"><ele>19.5</ele></trkpt>
   <trkpt lat="43.920994" lon="4.80297"><ele>19.5</ele></trkpt>
   <trkpt lat="43.921005" lon="4.803083"><ele>19.5</ele></trkpt>
   <trkpt lat="43.921008" lon="4.803188"><ele>19.75</ele></trkpt>
   <trkpt lat="43.921011" lon="4.803479"><ele>20</ele></trkpt>
   <trkpt lat="43.920976" lon="4.804322"><ele>20</ele></trkpt>
   <trkpt lat="43.920969" lon="4.80462"><ele>19.5</ele></trkpt>
   <trkpt lat="43.920974" lon="4.804728"><ele>19.5</ele></trkpt>
   <trkpt lat="43.920974" lon="4.804822"><ele>19.5</ele></trkpt>
   <trkpt lat="43.920961" lon="4.804892"><ele>19.5</ele></trkpt>
   <trkpt lat="43.92095" lon="4.804919"><ele>19.5</ele></trkpt>
   <trkpt lat="43.920887" lon="4.805033"><ele>19.75</ele></trkpt>
   <trkpt lat="43.920859" lon="4.805074"><ele>19.75</ele></trkpt>
   <trkpt lat="43.920822" lon="4.805088"><ele>20</ele></trkpt>
   <trkpt lat="43.920756" lon="4.80514"><ele>20</ele></trkpt>
   <trkpt lat="43.920716" lon="4.805199"><ele>20</ele></trkpt>
   <trkpt lat="43.920689" lon="4.805271"><ele>20</ele></trkpt>
   <trkpt lat="43.920676" lon="4.80535"><ele>20</ele></trkpt>
   <trkpt lat="43.920679" lon="4.805431"><ele>20</ele></trkpt>
   <trkpt lat="43.920697" lon="4.805509"><ele>20</ele></trkpt>
   <trkpt lat="43.920723" lon="4.805567"><ele>20</ele></trkpt>
   <trkpt lat="43.920758" lon="4.805616"><ele>20</ele></trkpt>
   <trkpt lat="43.9208" lon="4.805653"><ele>20</ele></trkpt>
   <trkpt lat="43.920846" lon="4.805676"><ele>19.75</ele></trkpt>
   <trkpt lat="43.920899" lon="4.805803"><ele>19.75</ele></trkpt>
   <trkpt lat="43.920945" lon="4.805928"><ele>19.5</ele></trkpt>
   <trkpt lat="43.920975" lon="4.806057"><ele>19.75</ele></trkpt>
   <trkpt lat="43.921" lon="4.806212"><ele>20</ele></trkpt>
   <trkpt lat="43.921007" lon="4.806378"><ele>20</ele></trkpt>
   <trkpt lat="43.921002" lon="4.806559"><ele>20</ele></trkpt>
   <trkpt lat="43.920988" lon="4.806726"><ele>20</ele></trkpt>
   <trkpt lat="43.920962" lon="4.806894"><ele>20</ele></trkpt>
   <trkpt lat="43.920902" lon="4.807164"><ele>20</ele></trkpt>
   <trkpt lat="43.920694" lon="4.807952"><ele>20</ele></trkpt>
   <trkpt lat="43.920658" lon="4.808131"><ele>20</ele></trkpt>
   <trkpt lat="43.920632" lon="4.808299"><ele>20</ele></trkpt>
   <trkpt lat="43.920617" lon="4.808485"><ele>20.25</ele></trkpt>
   <trkpt lat="43.920614" lon="4.808623"><ele>20.75</ele></trkpt>
   <trkpt lat="43.920603" lon="4.808918"><ele>20.75</ele></trkpt>
   <trkpt lat="43.920587" lon="4.809031"><ele>21.25</ele></trkpt>
   <trkpt lat="43.920566" lon="4.809116"><ele>21.75</ele></trkpt>
   <trkpt lat="43.920526" lon="4.809157"><ele>21.75</ele></trkpt>
   <trkpt lat="43.920495" lon="4.809211"><ele>21.75</ele></trkpt>
   <trkpt lat="43.920392" lon="4.809218"><ele>21.5</ele></trkpt>
   <trkpt lat="43.919936" lon="4.809251"><ele>21.25</ele></trkpt>
   <trkpt lat="43.919705" lon="4.809286"><ele>21.25</ele></trkpt>
   <trkpt lat="43.919402" lon="4.809298"><ele>21</ele></trkpt>
   <trkpt lat="43.918815" lon="4.809334"><ele>21.25</ele></trkpt>
   <trkpt lat="43.918314" lon="4.809379"><ele>21.75</ele></trkpt>
   <trkpt lat="43.917823" lon="4.809454"><ele>22.75</ele></trkpt>
   <trkpt lat="43.917737" lon="4.809467"><ele>22.75</ele></trkpt>
   <trkpt lat="43.917523" lon="4.809482"><ele>22.5</ele></trkpt>
   <trkpt lat="43.917315" lon="4.809476"><ele>23.5</ele></trkpt>
   <trkpt lat="43.917067" lon="4.809431"><ele>24.5</ele></trkpt>
   <trkpt lat="43.916825" lon="4.80935"><ele>25</ele></trkpt>
   <trkpt lat="43.916618" lon="4.809256"><ele>24.5</ele></trkpt>
   <trkpt lat="43.916396" lon="4.80916"><ele>23</ele></trkpt>
   <trkpt lat="43.912897" lon="4.807519"><ele>23</ele></trkpt>
   <trkpt lat="43.91267" lon="4.807402"><ele>25</ele></trkpt>
   <trkpt lat="43.91257" lon="4.80735"><ele>24.75</ele></trkpt>
   <trkpt lat="43.9126" lon="4.807232"><ele>25</ele></trkpt>
   <trkpt lat="43.912487" lon="4.807107"><ele>24</ele></trkpt>
   <trkpt lat="43.912403" lon="4.807053"><ele>23.75</ele></trkpt>
   <trkpt lat="43.912232" lon="4.807079"><ele>23.75</ele></trkpt>
   <trkpt lat="43.912186" lon="4.807064"><ele>24</ele></trkpt>
   <trkpt lat="43.912025" lon="4.806967"><ele>24</ele></trkpt>
   <trkpt lat="43.911685" lon="4.806806"><ele>23</ele></trkpt>
   <trkpt lat="43.911623" lon="4.806777"><ele>23</ele></trkpt>
   <trkpt lat="43.911506" lon="4.806613"><ele>22.75</ele></trkpt>
   <trkpt lat="43.911469" lon="4.806591"><ele>22.5</ele></trkpt>
   <trkpt lat="43.911422" lon="4.806576"><ele>22.5</ele></trkpt>
   <trkpt lat="43.911339" lon="4.806575"><ele>22.5</ele></trkpt>
   <trkpt lat="43.911273" lon="4.806578"><ele>22.5</ele></trkpt>
   <trkpt lat="43.911201" lon="4.806531"><ele>22.5</ele></trkpt>
   <trkpt lat="43.910998" lon="4.806345"><ele>22</ele></trkpt>
   <trkpt lat="43.910784" lon="4.806212"><ele>21.5</ele></trkpt>
   <trkpt lat="43.910454" lon="4.806092"><ele>21.75</ele></trkpt>
   <trkpt lat="43.90923" lon="4.80551"><ele>21.5</ele></trkpt>
   <trkpt lat="43.908756" lon="4.805287"><ele>21.25</ele></trkpt>
   <trkpt lat="43.908684" lon="4.805204"><ele>21.5</ele></trkpt>
   <trkpt lat="43.907348" lon="4.804577"><ele>20.75</ele></trkpt>
   <trkpt lat="43.907013" lon="4.804408"><ele>21.25</ele></trkpt>
   <trkpt lat="43.90658" lon="4.804163"><ele>20.75</ele></trkpt>
   <trkpt lat="43.906499" lon="4.804091"><ele>20.75</ele></trkpt>
   <trkpt lat="43.906405" lon="4.803967"><ele>20.75</ele></trkpt>
   <trkpt lat="43.906383" lon="4.804008"><ele>20.75</ele></trkpt>
   <trkpt lat="43.906347" lon="4.804087"><ele>20.75</ele></trkpt>
   <trkpt lat="43.906332" lon="4.804121"><ele>20.75</ele></trkpt>
   <trkpt lat="43.906277" lon="4.804078"><ele>20.5</ele></trkpt>
   <trkpt lat="43.906183" lon="4.804015"><ele>20.25</ele></trkpt>
   <trkpt lat="43.906082" lon="4.803969"><ele>20</ele></trkpt>
   <trkpt lat="43.90592" lon="4.803926"><ele>20</ele></trkpt>
   <trkpt lat="43.905766" lon="4.803925"><ele>20</ele></trkpt>
   <trkpt lat="43.905637" lon="4.803914"><ele>20</ele></trkpt>
   <trkpt lat="43.90548" lon="4.803898"><ele>20</ele></trkpt>
   <trkpt lat="43.905453" lon="4.803884"><ele>20</ele></trkpt>
   <trkpt lat="43.905399" lon="4.803811"><ele>20</ele></trkpt>
   <trkpt lat="43.905382" lon="4.803798"><ele>20</ele></trkpt>
   <trkpt lat="43.905142" lon="4.803774"><ele>20</ele></trkpt>
   <trkpt lat="43.904655" lon="4.803753"><ele>20</ele></trkpt>
   <trkpt lat="43.903894" lon="4.803694"><ele>20</ele></trkpt>
   <trkpt lat="43.903872" lon="4.803693"><ele>20</ele></trkpt>
   <trkpt lat="43.903603" lon="4.803778"><ele>20</ele></trkpt>
   <trkpt lat="43.903551" lon="4.803774"><ele>20</ele></trkpt>
   <trkpt lat="43.903323" lon="4.803756"><ele>20</ele></trkpt>
   <trkpt lat="43.902733" lon="4.803718"><ele>20</ele></trkpt>
   <trkpt lat="43.902326" lon="4.803684"><ele>20</ele></trkpt>
   <trkpt lat="43.901795" lon="4.803646"><ele>20</ele></trkpt>
   <trkpt lat="43.901778" lon="4.803588"><ele>20</ele></trkpt>
   <trkpt lat="43.90159" lon="4.803527"><ele>20</ele></trkpt>
   <trkpt lat="43.901016" lon="4.803489"><ele>20</ele></trkpt>
   <trkpt lat="43.900928" lon="4.803491"><ele>20</ele></trkpt>
   <trkpt lat="43.899825" lon="4.803405"><ele>20</ele></trkpt>
   <trkpt lat="43.899771" lon="4.803409"><ele>20</ele></trkpt>
   <trkpt lat="43.899749" lon="4.803421"><ele>20</ele></trkpt>
   <trkpt lat="43.899712" lon="4.803396"><ele>20</ele></trkpt>
   <trkpt lat="43.89972" lon="4.803354"><ele>20</ele></trkpt>
   <trkpt lat="43.899704" lon="4.803308"><ele>20</ele></trkpt>
   <trkpt lat="43.899688" lon="4.803295"><ele>20</ele></trkpt>
   <trkpt lat="43.899651" lon="4.803297"><ele>20</ele></trkpt>
   <trkpt lat="43.899636" lon="4.803312"><ele>20</ele></trkpt>
   <trkpt lat="43.899627" lon="4.803331"><ele>20</ele></trkpt>
   <trkpt lat="43.899624" lon="4.803375"><ele>20</ele></trkpt>
   <trkpt lat="43.89955" lon="4.803376"><ele>20</ele></trkpt>
   <trkpt lat="43.899265" lon="4.80338"><ele>20</ele></trkpt>
   <trkpt lat="43.899204" lon="4.80338"><ele>20</ele></trkpt>
   <trkpt lat="43.89918" lon="4.80338"><ele>20</ele></trkpt>
   <trkpt lat="43.899158" lon="4.80338"><ele>20</ele></trkpt>
   <trkpt lat="43.89909" lon="4.803376"><ele>20</ele></trkpt>
   <trkpt lat="43.899008" lon="4.803367"><ele>20</ele></trkpt>
   <trkpt lat="43.898946" lon="4.80336"><ele>20</ele></trkpt>
   <trkpt lat="43.898888" lon="4.803357"><ele>20</ele></trkpt>
   <trkpt lat="43.898773" lon="4.803352"><ele>20</ele></trkpt>
   <trkpt lat="43.898704" lon="4.803329"><ele>20</ele></trkpt>
   <trkpt lat="43.898579" lon="4.803302"><ele>20</ele></trkpt>
   <trkpt lat="43.898514" lon="4.80327"><ele>20</ele></trkpt>
   <trkpt lat="43.898488" lon="4.803252"><ele>20</ele></trkpt>
   <trkpt lat="43.898385" lon="4.803172"><ele>20</ele></trkpt>
   <trkpt lat="43.898338" lon="4.803199"><ele>20</ele></trkpt>
   <trkpt lat="43.897911" lon="4.803137"><ele>20</ele></trkpt>
   <trkpt lat="43.897787" lon="4.803094"><ele>20</ele></trkpt>
   <trkpt lat="43.897811" lon="4.802952"><ele>20</ele></trkpt>
   <trkpt lat="43.897835" lon="4.802811"><ele>20</ele></trkpt>
   <trkpt lat="43.897642" lon="4.802683"><ele>20</ele></trkpt>
   <trkpt lat="43.897376" lon="4.802451"><ele>20</ele></trkpt>
   <trkpt lat="43.897093" lon="4.802139"><ele>20</ele></trkpt>
   <trkpt lat="43.896971" lon="4.80199"><ele>20</ele></trkpt>
   <trkpt lat="43.8968" lon="4.801816"><ele>20</ele></trkpt>
   <trkpt lat="43.89675" lon="4.801802"><ele>20</ele></trkpt>
   <trkpt lat="43.896702" lon="4.801778"><ele>20</ele></trkpt>
   <trkpt lat="43.896554" lon="4.801675"><ele>20</ele></trkpt>
   <trkpt lat="43.896364" lon="4.801602"><ele>20</ele></trkpt>
   <trkpt lat="43.896287" lon="4.801599"><ele>20</ele></trkpt>
   <trkpt lat="43.896246" lon="4.801613"><ele>20</ele></trkpt>
   <trkpt lat="43.896112" lon="4.801699"><ele>20</ele></trkpt>
   <trkpt lat="43.895823" lon="4.802016"><ele>20</ele></trkpt>
   <trkpt lat="43.895482" lon="4.80239"><ele>20</ele></trkpt>
   <trkpt lat="43.895325" lon="4.802537"><ele>20.5</ele></trkpt>
   <trkpt lat="43.895291" lon="4.802569"><ele>20.5</ele></trkpt>
   <trkpt lat="43.895207" lon="4.80261"><ele>20.25</ele></trkpt>
   <trkpt lat="43.894885" lon="4.80344"><ele>20.25</ele></trkpt>
   <trkpt lat="43.89474" lon="4.803779"><ele>20.5</ele></trkpt>
   <trkpt lat="43.89462" lon="4.804012"><ele>21</ele></trkpt>
   <trkpt lat="43.894512" lon="4.804197"><ele>21</ele></trkpt>
   <trkpt lat="43.894367" lon="4.804405"><ele>21</ele></trkpt>
   <trkpt lat="43.893184" lon="4.8058"><ele>21</ele></trkpt>
   <trkpt lat="43.89241" lon="4.80674"><ele>21.5</ele></trkpt>
   <trkpt lat="43.891166" lon="4.808193"><ele>21.5</ele></trkpt>
   <trkpt lat="43.890833" lon="4.808665"><ele>22</ele></trkpt>
   <trkpt lat="43.890605" lon="4.80903"><ele>22.75</ele></trkpt>
   <trkpt lat="43.890524" lon="4.809158"><ele>22.75</ele></trkpt>
   <trkpt lat="43.889955" lon="4.810157"><ele>23</ele></trkpt>
   <trkpt lat="43.889933" lon="4.810197"><ele>23</ele></trkpt>
   <trkpt lat="43.889874" lon="4.810297"><ele>23</ele></trkpt>
   <trkpt lat="43.889636" lon="4.810689"><ele>22.5</ele></trkpt>
   <trkpt lat="43.88946" lon="4.811002"><ele>22.75</ele></trkpt>
   <trkpt lat="43.889279" lon="4.811358"><ele>22.5</ele></trkpt>
   <trkpt lat="43.889118" lon="4.81176"><ele>22.5</ele></trkpt>
   <trkpt lat="43.889026" lon="4.81205"><ele>22</ele></trkpt>
   <trkpt lat="43.88894" lon="4.812442"><ele>22.5</ele></trkpt>
   <trkpt lat="43.888886" lon="4.812818"><ele>22.75</ele></trkpt>
   <trkpt lat="43.888515" lon="4.817799"><ele>22</ele></trkpt>
   <trkpt lat="43.888202" lon="4.821855"><ele>22.75</ele></trkpt>
   <trkpt lat="43.887804" lon="4.827078"><ele>24.25</ele></trkpt>
   <trkpt lat="43.887804" lon="4.827152"><ele>24.5</ele></trkpt>
   <trkpt lat="43.887824" lon="4.827224"><ele>24.75</ele></trkpt>
   <trkpt lat="43.887862" lon="4.827292"><ele>24.5</ele></trkpt>
   <trkpt lat="43.887869" lon="4.827319"><ele>24.5</ele></trkpt>
   <trkpt lat="43.887866" lon="4.827342"><ele>24.5</ele></trkpt>
   <trkpt lat="43.887794" lon="4.82745"><ele>24.75</ele></trkpt>
   <trkpt lat="43.887776" lon="4.827511"><ele>25</ele></trkpt>
   <trkpt lat="43.887473" lon="4.831359"><ele>25</ele></trkpt>
   <trkpt lat="43.887165" lon="4.835481"><ele>26</ele></trkpt>
   <trkpt lat="43.886977" lon="4.837815"><ele>26.75</ele></trkpt>
   <trkpt lat="43.88697" lon="4.837886"><ele>26.75</ele></trkpt>
   <trkpt lat="43.886906" lon="4.838837"><ele>26.75</ele></trkpt>
   <trkpt lat="43.886893" lon="4.83914"><ele>26</ele></trkpt>
   <trkpt lat="43.886895" lon="4.839681"><ele>27</ele></trkpt>
   <trkpt lat="43.886956" lon="4.840406"><ele>26.75</ele></trkpt>
   <trkpt lat="43.887204" lon="4.842384"><ele>27.5</ele></trkpt>
   <trkpt lat="43.887302" lon="4.843206"><ele>28</ele></trkpt>
   <trkpt lat="43.887343" lon="4.843597"><ele>28</ele></trkpt>
   <trkpt lat="43.887362" lon="4.843836"><ele>28</ele></trkpt>
   <trkpt lat="43.887374" lon="4.844289"><ele>28</ele></trkpt>
   <trkpt lat="43.887358" lon="4.844727"><ele>28</ele></trkpt>
   <trkpt lat="43.887332" lon="4.845206"><ele>28.25</ele></trkpt>
   <trkpt lat="43.887293" lon="4.845605"><ele>28</ele></trkpt>
   <trkpt lat="43.886785" lon="4.848786"><ele>29</ele></trkpt>
   <trkpt lat="43.886771" lon="4.848866"><ele>29</ele></trkpt>
   <trkpt lat="43.886729" lon="4.849132"><ele>29</ele></trkpt>
   <trkpt lat="43.886706" lon="4.849258"><ele>29</ele></trkpt>
   <trkpt lat="43.886522" lon="4.850345"><ele>29</ele></trkpt>
   <trkpt lat="43.886404" lon="4.851043"><ele>29</ele></trkpt>
   <trkpt lat="43.886245" lon="4.851932"><ele>30</ele></trkpt>
   <trkpt lat="43.886094" lon="4.852796"><ele>29.75</ele></trkpt>
   <trkpt lat="43.885967" lon="4.853519"><ele>30</ele></trkpt>
   <trkpt lat="43.885911" lon="4.853845"><ele>30</ele></trkpt>
   <trkpt lat="43.885834" lon="4.854297"><ele>29.75</ele></trkpt>
   <trkpt lat="43.885711" lon="4.855017"><ele>30</ele></trkpt>
   <trkpt lat="43.885631" lon="4.855485"><ele>30.5</ele></trkpt>
   <trkpt lat="43.885619" lon="4.855553"><ele>30.75</ele></trkpt>
   <trkpt lat="43.885611" lon="4.855611"><ele>30.75</ele></trkpt>
   <trkpt lat="43.885547" lon="4.856068"><ele>31</ele></trkpt>
   <trkpt lat="43.885514" lon="4.856469"><ele>30.25</ele></trkpt>
   <trkpt lat="43.885483" lon="4.856934"><ele>31</ele></trkpt>
   <trkpt lat="43.885473" lon="4.85724"><ele>31</ele></trkpt>
   <trkpt lat="43.885477" lon="4.85802"><ele>31.25</ele></trkpt>
   <trkpt lat="43.885486" lon="4.858303"><ele>31.25</ele></trkpt>
   <trkpt lat="43.885509" lon="4.858623"><ele>31</ele></trkpt>
   <trkpt lat="43.885567" lon="4.859148"><ele>31.75</ele></trkpt>
   <trkpt lat="43.885615" lon="4.859486"><ele>31.75</ele></trkpt>
   <trkpt lat="43.88573" lon="4.860136"><ele>31.5</ele></trkpt>
   <trkpt lat="43.885862" lon="4.86097"><ele>32</ele></trkpt>
   <trkpt lat="43.885919" lon="4.860878"><ele>32</ele></trkpt>
   <trkpt lat="43.885994" lon="4.860811"><ele>32</ele></trkpt>
   <trkpt lat="43.886099" lon="4.860642"><ele>32</ele></trkpt>
   <trkpt lat="43.886143" lon="4.860684"><ele>32</ele></trkpt>
   <trkpt lat="43.886189" lon="4.860731"><ele>32</ele></trkpt>
   <trkpt lat="43.885852" lon="4.861286"><ele>32</ele></trkpt>
   <trkpt lat="43.885839" lon="4.861814"><ele>32</ele></trkpt>
   <trkpt lat="43.885832" lon="4.861879"><ele>32</ele></trkpt>
   <trkpt lat="43.885823" lon="4.861951"><ele>32</ele></trkpt>
   <trkpt lat="43.88581" lon="4.862018"><ele>32</ele></trkpt>
   <trkpt lat="43.88568" lon="4.863036"><ele>32</ele></trkpt>
   <trkpt lat="43.885602" lon="4.863781"><ele>32</ele></trkpt>
   <trkpt lat="43.885583" lon="4.864138"><ele>32</ele></trkpt>
   <trkpt lat="43.88559" lon="4.864492"><ele>32</ele></trkpt>
   <trkpt lat="43.88559" lon="4.864914"><ele>32.5</ele></trkpt>
   <trkpt lat="43.885626" lon="4.865329"><ele>32.75</ele></trkpt>
   <trkpt lat="43.885771" lon="4.866283"><ele>32.5</ele></trkpt>
   <trkpt lat="43.886074" lon="4.86817"><ele>33</ele></trkpt>
   <trkpt lat="43.886273" lon="4.869229"><ele>33.25</ele></trkpt>
   <trkpt lat="43.886371" lon="4.869841"><ele>32.75</ele></trkpt>
   <trkpt lat="43.886408" lon="4.870391"><ele>33.75</ele></trkpt>
   <trkpt lat="43.886475" lon="4.872582"><ele>33.5</ele></trkpt>
   <trkpt lat="43.886515" lon="4.873912"><ele>34.5</ele></trkpt>
   <trkpt lat="43.88653" lon="4.87441"><ele>34.25</ele></trkpt>
   <trkpt lat="43.88655" lon="4.874812"><ele>34.25</ele></trkpt>
   <trkpt lat="43.886596" lon="4.875211"><ele>34</ele></trkpt>
   <trkpt lat="43.88675" lon="4.87635"><ele>34.5</ele></trkpt>
   <trkpt lat="43.886851" lon="4.876957"><ele>34.25</ele></trkpt>
   <trkpt lat="43.886959" lon="4.877455"><ele>34.75</ele></trkpt>
   <trkpt lat="43.887209" lon="4.878448"><ele>35.25</ele></trkpt>
   <trkpt lat="43.887513" lon="4.879626"><ele>35.75</ele></trkpt>
   <trkpt lat="43.88753" lon="4.879688"><ele>35.75</ele></trkpt>
   <trkpt lat="43.887607" lon="4.87973"><ele>35.75</ele></trkpt>
   <trkpt lat="43.88771" lon="4.879743"><ele>35.75</ele></trkpt>
   <trkpt lat="43.887709" lon="4.879806"><ele>35.75</ele></trkpt>
   <trkpt lat="43.887706" lon="4.879887"><ele>35.75</ele></trkpt>
   <trkpt lat="43.887581" lon="4.879891"><ele>35.5</ele></trkpt>
   <trkpt lat="43.887726" lon="4.880466"><ele>35.75</ele></trkpt>
   <trkpt lat="43.887788" lon="4.880754"><ele>35.75</ele></trkpt>
   <trkpt lat="43.887874" lon="4.881344"><ele>35</ele></trkpt>
   <trkpt lat="43.887914" lon="4.881893"><ele>35</ele></trkpt>
   <trkpt lat="43.887917" lon="4.882164"><ele>35.25</ele></trkpt>
   <trkpt lat="43.887903" lon="4.882554"><ele>35</ele></trkpt>
   <trkpt lat="43.887892" lon="4.882782"><ele>34.75</ele></trkpt>
   <trkpt lat="43.887888" lon="4.882907"><ele>35</ele></trkpt>
   <trkpt lat="43.887818" lon="4.883508"><ele>35.75</ele></trkpt>
   <trkpt lat="43.887513" lon="4.885335"><ele>36.5</ele></trkpt>
   <trkpt lat="43.887088" lon="4.887908"><ele>35.5</ele></trkpt>
   <trkpt lat="43.886445" lon="4.891718"><ele>37.75</ele></trkpt>
   <trkpt lat="43.886369" lon="4.89205"><ele>37.5</ele></trkpt>
   <trkpt lat="43.886218" lon="4.892571"><ele>37</ele></trkpt>
   <trkpt lat="43.885872" lon="4.893615"><ele>38</ele></trkpt>
   <trkpt lat="43.885846" lon="4.893723"><ele>37.75</ele></trkpt>
   <trkpt lat="43.885815" lon="4.89381"><ele>37.75</ele></trkpt>
   <trkpt lat="43.885742" lon="4.894004"><ele>38</ele></trkpt>
   <trkpt lat="43.885646" lon="4.894262"><ele>38</ele></trkpt>
   <trkpt lat="43.884428" lon="4.897805"><ele>40</ele></trkpt>
   <trkpt lat="43.884327" lon="4.898034"><ele>40.5</ele></trkpt>
   <trkpt lat="43.884197" lon="4.898282"><ele>41</ele></trkpt>
   <trkpt lat="43.883947" lon="4.898687"><ele>42</ele></trkpt>
   <trkpt lat="43.883768" lon="4.898927"><ele>43</ele></trkpt>
   <trkpt lat="43.883487" lon="4.899231"><ele>44.25</ele></trkpt>
   <trkpt lat="43.883192" lon="4.89948"><ele>43.75</ele></trkpt>
   <trkpt lat="43.883038" lon="4.89959"><ele>41.75</ele></trkpt>
   <trkpt lat="43.88276" lon="4.899748"><ele>41.75</ele></trkpt>
   <trkpt lat="43.882347" lon="4.899934"><ele>41.5</ele></trkpt>
   <trkpt lat="43.881909" lon="4.900167"><ele>41.25</ele></trkpt>
   <trkpt lat="43.881669" lon="4.900341"><ele>41.75</ele></trkpt>
   <trkpt lat="43.881625" lon="4.900372"><ele>41.75</ele></trkpt>
   <trkpt lat="43.881297" lon="4.900709"><ele>41</ele></trkpt>
   <trkpt lat="43.880647" lon="4.901438"><ele>41</ele></trkpt>
   <trkpt lat="43.878613" lon="4.903718"><ele>40.75</ele></trkpt>
   <trkpt lat="43.878177" lon="4.904183"><ele>40</ele></trkpt>
   <trkpt lat="43.877712" lon="4.904736"><ele>40.5</ele></trkpt>
   <trkpt lat="43.877502" lon="4.905053"><ele>40</ele></trkpt>
   <trkpt lat="43.877247" lon="4.905502"><ele>40</ele></trkpt>
   <trkpt lat="43.877019" lon="4.906129"><ele>40.25</ele></trkpt>
   <trkpt lat="43.875467" lon="4.910887"><ele>40.75</ele></trkpt>
   <trkpt lat="43.875124" lon="4.911955"><ele>40</ele></trkpt>
   <trkpt lat="43.87406" lon="4.914664"><ele>41.5</ele></trkpt>
   <trkpt lat="43.872407" lon="4.918853"><ele>42</ele></trkpt>
   <trkpt lat="43.871982" lon="4.919951"><ele>42</ele></trkpt>
   <trkpt lat="43.870812" lon="4.922911"><ele>43</ele></trkpt>
   <trkpt lat="43.869269" lon="4.926821"><ele>44</ele></trkpt>
   <trkpt lat="43.86909" lon="4.927254"><ele>44</ele></trkpt>
   <trkpt lat="43.86884" lon="4.92784"><ele>44</ele></trkpt>
   <trkpt lat="43.8645" lon="4.936845"><ele>46.5</ele></trkpt>
   <trkpt lat="43.862831" lon="4.94031"><ele>47.75</ele></trkpt>
   <trkpt lat="43.862243" lon="4.941546"><ele>48</ele></trkpt>
   <trkpt lat="43.861751" lon="4.942501"><ele>48.25</ele></trkpt>
   <trkpt lat="43.861697" lon="4.942596"><ele>48.25</ele></trkpt>
   <trkpt lat="43.861473" lon="4.94293"><ele>48.5</ele></trkpt>
   <trkpt lat="43.861197" lon="4.943302"><ele>48.75</ele></trkpt>
   <trkpt lat="43.860982" lon="4.943553"><ele>49</ele></trkpt>
   <trkpt lat="43.860798" lon="4.943763"><ele>49</ele></trkpt>
   <trkpt lat="43.860522" lon="4.943994"><ele>48.75</ele></trkpt>
   <trkpt lat="43.858782" lon="4.945341"><ele>49</ele></trkpt>
   <trkpt lat="43.856923" lon="4.94681"><ele>49.5</ele></trkpt>
   <trkpt lat="43.856188" lon="4.947389"><ele>50</ele></trkpt>
   <trkpt lat="43.85583" lon="4.947615"><ele>50</ele></trkpt>
   <trkpt lat="43.855587" lon="4.947732"><ele>50</ele></trkpt>
   <trkpt lat="43.855291" lon="4.947861"><ele>50</ele></trkpt>
   <trkpt lat="43.854965" lon="4.947957"><ele>50</ele></trkpt>
   <trkpt lat="43.854587" lon="4.948029"><ele>50</ele></trkpt>
   <trkpt lat="43.854211" lon="4.948042"><ele>50</ele></trkpt>
   <trkpt lat="43.853989" lon="4.948035"><ele>49.75</ele></trkpt>
   <trkpt lat="43.853767" lon="4.94801"><ele>49.75</ele></trkpt>
   <trkpt lat="43.853325" lon="4.947943"><ele>50</ele></trkpt>
   <trkpt lat="43.852458" lon="4.947795"><ele>50</ele></trkpt>
   <trkpt lat="43.848227" lon="4.947087"><ele>51</ele></trkpt>
   <trkpt lat="43.848012" lon="4.947042"><ele>51</ele></trkpt>
   <trkpt lat="43.847949" lon="4.947017"><ele>51.25</ele></trkpt>
   <trkpt lat="43.847898" lon="4.946955"><ele>51.5</ele></trkpt>
   <trkpt lat="43.847878" lon="4.946908"><ele>51.5</ele></trkpt>
   <trkpt lat="43.847859" lon="4.946856"><ele>51.25</ele></trkpt>
   <trkpt lat="43.847734" lon="4.946847"><ele>51.5</ele></trkpt>
   <trkpt lat="43.847722" lon="4.946859"><ele>51.5</ele></trkpt>
   <trkpt lat="43.847704" lon="4.94691"><ele>51.5</ele></trkpt>
   <trkpt lat="43.84767" lon="4.94697"><ele>51.5</ele></trkpt>
   <trkpt lat="43.847651" lon="4.946976"><ele>51.25</ele></trkpt>
   <trkpt lat="43.847541" lon="4.94697"><ele>51</ele></trkpt>
   <trkpt lat="43.845447" lon="4.946607"><ele>51.75</ele></trkpt>
   <trkpt lat="43.844079" lon="4.946403"><ele>52</ele></trkpt>
   <trkpt lat="43.843843" lon="4.946339"><ele>51.75</ele></trkpt>
   <trkpt lat="43.842714" lon="4.946157"><ele>52</ele></trkpt>
   <trkpt lat="43.842431" lon="4.946122"><ele>52</ele></trkpt>
   <trkpt lat="43.842137" lon="4.946136"><ele>52</ele></trkpt>
   <trkpt lat="43.84159" lon="4.94621"><ele>52</ele></trkpt>
   <trkpt lat="43.8405" lon="4.946379"><ele>52</ele></trkpt>
   <trkpt lat="43.839385" lon="4.946558"><ele>51.5</ele></trkpt>
   <trkpt lat="43.839015" lon="4.946626"><ele>52</ele></trkpt>
   <trkpt lat="43.838873" lon="4.946673"><ele>52</ele></trkpt>
   <trkpt lat="43.838674" lon="4.946757"><ele>52.5</ele></trkpt>
   <trkpt lat="43.83833" lon="4.94697"><ele>52</ele></trkpt>
   <trkpt lat="43.837955" lon="4.947279"><ele>52.5</ele></trkpt>
   <trkpt lat="43.837528" lon="4.947751"><ele>52.75</ele></trkpt>
   <trkpt lat="43.836529" lon="4.94897"><ele>53</ele></trkpt>
   <trkpt lat="43.835932" lon="4.949703"><ele>53</ele></trkpt>
   <trkpt lat="43.835718" lon="4.950014"><ele>53</ele></trkpt>
   <trkpt lat="43.835289" lon="4.950555"><ele>52.75</ele></trkpt>
   <trkpt lat="43.835124" lon="4.950709"><ele>53</ele></trkpt>
   <trkpt lat="43.834668" lon="4.951073"><ele>53</ele></trkpt>
   <trkpt lat="43.833866" lon="4.951688"><ele>54</ele></trkpt>
   <trkpt lat="43.83364" lon="4.951917"><ele>54.75</ele></trkpt>
   <trkpt lat="43.833613" lon="4.951937"><ele>54.75</ele></trkpt>
   <trkpt lat="43.83357" lon="4.95194"><ele>54.75</ele></trkpt>
   <trkpt lat="43.833534" lon="4.951929"><ele>54.75</ele></trkpt>
   <trkpt lat="43.833513" lon="4.951943"><ele>54.75</ele></trkpt>
   <trkpt lat="43.833437" lon="4.952183"><ele>55</ele></trkpt>
   <trkpt lat="43.83331" lon="4.952391"><ele>55</ele></trkpt>
   <trkpt lat="43.831372" lon="4.955786"><ele>56</ele></trkpt>
   <trkpt lat="43.831034" lon="4.95632"><ele>56</ele></trkpt>
   <trkpt lat="43.830098" lon="4.95775"><ele>56.75</ele></trkpt>
   <trkpt lat="43.826824" lon="4.964072"><ele>59</ele></trkpt>
   <trkpt lat="43.826054" lon="4.96559"><ele>59</ele></trkpt>
   <trkpt lat="43.825802" lon="4.966056"><ele>59</ele></trkpt>
   <trkpt lat="43.824713" lon="4.968545"><ele>61</ele></trkpt>
   <trkpt lat="43.824544" lon="4.968822"><ele>61</ele></trkpt>
   <trkpt lat="43.824344" lon="4.969101"><ele>61</ele></trkpt>
   <trkpt lat="43.82418" lon="4.969292"><ele>61</ele></trkpt>
   <trkpt lat="43.823907" lon="4.969568"><ele>61</ele></trkpt>
   <trkpt lat="43.822837" lon="4.970319"><ele>61</ele></trkpt>
   <trkpt lat="43.822662" lon="4.970465"><ele>60.75</ele></trkpt>
   <trkpt lat="43.822472" lon="4.970651"><ele>60.75</ele></trkpt>
   <trkpt lat="43.822175" lon="4.970994"><ele>61</ele></trkpt>
   <trkpt lat="43.820229" lon="4.974039"><ele>62</ele></trkpt>
   <trkpt lat="43.820206" lon="4.973864"><ele>61.75</ele></trkpt>
   <trkpt lat="43.820135" lon="4.97339"><ele>61.5</ele></trkpt>
   <trkpt lat="43.820085" lon="4.973202"><ele>61.5</ele></trkpt>
   <trkpt lat="43.820057" lon="4.973157"><ele>61.75</ele></trkpt>
   <trkpt lat="43.820022" lon="4.973128"><ele>61.75</ele></trkpt>
   <trkpt lat="43.819994" lon="4.973099"><ele>61.75</ele></trkpt>
   <trkpt lat="43.819943" lon="4.973014"><ele>61.75</ele></trkpt>
   <trkpt lat="43.819916" lon="4.972934"><ele>61.75</ele></trkpt>
   <trkpt lat="43.819902" lon="4.972827"><ele>61.5</ele></trkpt>
   <trkpt lat="43.819824" lon="4.972834"><ele>61.25</ele></trkpt>
   <trkpt lat="43.81977" lon="4.97285"><ele>61.25</ele></trkpt>
   <trkpt lat="43.816581" lon="4.97513"><ele>62</ele></trkpt>
   <trkpt lat="43.81517" lon="4.97626"><ele>62</ele></trkpt>
   <trkpt lat="43.812639" lon="4.977734"><ele>62</ele></trkpt>
   <trkpt lat="43.811271" lon="4.97853"><ele>62.75</ele></trkpt>
   <trkpt lat="43.810363" lon="4.979124"><ele>62.5</ele></trkpt>
   <trkpt lat="43.809528" lon="4.97966"><ele>62.75</ele></trkpt>
   <trkpt lat="43.807571" lon="4.98081"><ele>62.75</ele></trkpt>
   <trkpt lat="43.804184" lon="4.982953"><ele>63.75</ele></trkpt>
   <trkpt lat="43.804139" lon="4.983466"><ele>64</ele></trkpt>
   <trkpt lat="43.804082" lon="4.984129"><ele>64</ele></trkpt>
   <trkpt lat="43.80407" lon="4.98426"><ele>64</ele></trkpt>
   <trkpt lat="43.803881" lon="4.985438"><ele>64.75</ele></trkpt>
   <trkpt lat="43.803561" lon="4.987448"><ele>65</ele></trkpt>
   <trkpt lat="43.803505" lon="4.987648"><ele>65</ele></trkpt>
   <trkpt lat="43.803461" lon="4.987773"><ele>65.5</ele></trkpt>
   <trkpt lat="43.803419" lon="4.987849"><ele>65.75</ele></trkpt>
   <trkpt lat="43.803395" lon="4.987881"><ele>65.75</ele></trkpt>
   <trkpt lat="43.803412" lon="4.987914"><ele>65.75</ele></trkpt>
   <trkpt lat="43.803668" lon="4.988383"><ele>65.75</ele></trkpt>
   <trkpt lat="43.803743" lon="4.988526"><ele>65.75</ele></trkpt>
   <trkpt lat="43.803722" lon="4.988557"><ele>65.75</ele></trkpt>
   <trkpt lat="43.803699" lon="4.988608"><ele>65.75</ele></trkpt>
   <trkpt lat="43.803679" lon="4.988677"><ele>66</ele></trkpt>
   <trkpt lat="43.803639" lon="4.989128"><ele>66</ele></trkpt>
   <trkpt lat="43.803426" lon="4.990685"><ele>66.25</ele></trkpt>
   <trkpt lat="43.803215" lon="4.991808"><ele>67.5</ele></trkpt>
   <trkpt lat="43.802992" lon="4.992798"><ele>69.25</ele></trkpt>
   <trkpt lat="43.802758" lon="4.993616"><ele>71</ele></trkpt>
   <trkpt lat="43.802584" lon="4.993992"><ele>72</ele></trkpt>
   <trkpt lat="43.802256" lon="4.99461"><ele>73.5</ele></trkpt>
   <trkpt lat="43.802073" lon="4.994985"><ele>74.5</ele></trkpt>
   <trkpt lat="43.801968" lon="4.995335"><ele>74.75</ele></trkpt>
   <trkpt lat="43.801856" lon="4.99576"><ele>75.25</ele></trkpt>
   <trkpt lat="43.80167" lon="4.996423"><ele>76.75</ele></trkpt>
   <trkpt lat="43.801575" lon="4.996949"><ele>78</ele></trkpt>
   <trkpt lat="43.801518" lon="4.997393"><ele>78.75</ele></trkpt>
   <trkpt lat="43.801459" lon="4.997904"><ele>79.5</ele></trkpt>
   <trkpt lat="43.801429" lon="4.998422"><ele>80</ele></trkpt>
   <trkpt lat="43.801364" lon="4.999323"><ele>80</ele></trkpt>
   <trkpt lat="43.80133" lon="5.000328"><ele>80.25</ele></trkpt>
   <trkpt lat="43.801265" lon="5.00186"><ele>79</ele></trkpt>
   <trkpt lat="43.801215" lon="5.002106"><ele>78.75</ele></trkpt>
   <trkpt lat="43.801153" lon="5.002347"><ele>78.25</ele></trkpt>
   <trkpt lat="43.801088" lon="5.00277"><ele>77.25</ele></trkpt>
   <trkpt lat="43.801063" lon="5.002992"><ele>77.25</ele></trkpt>
   <trkpt lat="43.801018" lon="5.003184"><ele>77.25</ele></trkpt>
   <trkpt lat="43.800906" lon="5.003598"><ele>77.5</ele></trkpt>
   <trkpt lat="43.800836" lon="5.003801"><ele>77.25</ele></trkpt>
   <trkpt lat="43.80078" lon="5.00393"><ele>77.25</ele></trkpt>
   <trkpt lat="43.800696" lon="5.00401"><ele>77.75</ele></trkpt>
   <trkpt lat="43.800603" lon="5.003998"><ele>78.25</ele></trkpt>
   <trkpt lat="43.800509" lon="5.004054"><ele>78.5</ele></trkpt>
   <trkpt lat="43.799349" lon="5.005159"><ele>80.25</ele></trkpt>
   <trkpt lat="43.79927" lon="5.005231"><ele>80.75</ele></trkpt>
   <trkpt lat="43.799218" lon="5.005246"><ele>81.25</ele></trkpt>
   <trkpt lat="43.799121" lon="5.005246"><ele>82</ele></trkpt>
   <trkpt lat="43.799042" lon="5.005299"><ele>81.75</ele></trkpt>
   <trkpt lat="43.798671" lon="5.005733"><ele>82</ele></trkpt>
   <trkpt lat="43.798116" lon="5.006223"><ele>83.25</ele></trkpt>
   <trkpt lat="43.797913" lon="5.006353"><ele>83.5</ele></trkpt>
   <trkpt lat="43.797314" lon="5.006695"><ele>84.5</ele></trkpt>
   <trkpt lat="43.795677" lon="5.007832"><ele>87.25</ele></trkpt>
   <trkpt lat="43.795025" lon="5.008267"><ele>89</ele></trkpt>
   <trkpt lat="43.794486" lon="5.008681"><ele>90</ele></trkpt>
   <trkpt lat="43.79391" lon="5.009031"><ele>90.75</ele></trkpt>
   <trkpt lat="43.793653" lon="5.009138"><ele>90.75</ele></trkpt>
   <trkpt lat="43.793577" lon="5.009148"><ele>91</ele></trkpt>
   <trkpt lat="43.793218" lon="5.009187"><ele>91.75</ele></trkpt>
   <trkpt lat="43.793017" lon="5.009134"><ele>92.25</ele></trkpt>
   <trkpt lat="43.792726" lon="5.009158"><ele>93</ele></trkpt>
   <trkpt lat="43.792347" lon="5.009285"><ele>94.25</ele></trkpt>
   <trkpt lat="43.792002" lon="5.009455"><ele>95.5</ele></trkpt>
   <trkpt lat="43.791212" lon="5.009774"><ele>94.25</ele></trkpt>
   <trkpt lat="43.791145" lon="5.009847"><ele>94.25</ele></trkpt>
   <trkpt lat="43.791113" lon="5.009893"><ele>94.25</ele></trkpt>
   <trkpt lat="43.790998" lon="5.010204"><ele>93.25</ele></trkpt>
   <trkpt lat="43.790969" lon="5.010269"><ele>93</ele></trkpt>
   <trkpt lat="43.790864" lon="5.010612"><ele>92.5</ele></trkpt>
   <trkpt lat="43.790774" lon="5.010942"><ele>92</ele></trkpt>
   <trkpt lat="43.79071" lon="5.011361"><ele>91.75</ele></trkpt>
   <trkpt lat="43.790522" lon="5.013615"><ele>93</ele></trkpt>
   <trkpt lat="43.790416" lon="5.015044"><ele>94.5</ele></trkpt>
   <trkpt lat="43.790345" lon="5.015594"><ele>95.75</ele></trkpt>
   <trkpt lat="43.790333" lon="5.015929"><ele>96.25</ele></trkpt>
   <trkpt lat="43.790309" lon="5.016203"><ele>96.75</ele></trkpt>
   <trkpt lat="43.790228" lon="5.016716"><ele>97</ele></trkpt>
   <trkpt lat="43.79017" lon="5.017281"><ele>97.5</ele></trkpt>
   <trkpt lat="43.790136" lon="5.017494"><ele>98.25</ele></trkpt>
   <trkpt lat="43.78995" lon="5.018183"><ele>98</ele></trkpt>
   <trkpt lat="43.78982" lon="5.018773"><ele>98.5</ele></trkpt>
   <trkpt lat="43.789748" lon="5.019359"><ele>99.75</ele></trkpt>
   <trkpt lat="43.789723" lon="5.01965"><ele>99.75</ele></trkpt>
   <trkpt lat="43.789727" lon="5.019992"><ele>100.75</ele></trkpt>
   <trkpt lat="43.789693" lon="5.020264"><ele>101</ele></trkpt>
   <trkpt lat="43.789606" lon="5.020666"><ele>101.5</ele></trkpt>
   <trkpt lat="43.789449" lon="5.021215"><ele>102</ele></trkpt>
   <trkpt lat="43.789266" lon="5.021986"><ele>103.5</ele></trkpt>
   <trkpt lat="43.78913" lon="5.0228"><ele>104.25</ele></trkpt>
   <trkpt lat="43.789014" lon="5.023635"><ele>106</ele></trkpt>
   <trkpt lat="43.788988" lon="5.024182"><ele>106.5</ele></trkpt>
   <trkpt lat="43.788994" lon="5.025025"><ele>107.5</ele></trkpt>
   <trkpt lat="43.789013" lon="5.025632"><ele>107.75</ele></trkpt>
   <trkpt lat="43.789012" lon="5.026324"><ele>108.5</ele></trkpt>
   <trkpt lat="43.789542" lon="5.026571"><ele>106.25</ele></trkpt>
   <trkpt lat="43.789836" lon="5.026718"><ele>104.25</ele></trkpt>
   <trkpt lat="43.789908" lon="5.026767"><ele>103.75</ele></trkpt>
   <trkpt lat="43.78999" lon="5.026822"><ele>103.25</ele></trkpt>
   <trkpt lat="43.79013" lon="5.027011"><ele>103</ele></trkpt>
   <trkpt lat="43.790168" lon="5.027091"><ele>103</ele></trkpt>
   <trkpt lat="43.790197" lon="5.027195"><ele>103</ele></trkpt>
   <trkpt lat="43.790231" lon="5.0274"><ele>102.25</ele></trkpt>
   <trkpt lat="43.790259" lon="5.027624"><ele>101.5</ele></trkpt>
   <trkpt lat="43.790287" lon="5.027707"><ele>101</ele></trkpt>
   <trkpt lat="43.790351" lon="5.027959"><ele>101</ele></trkpt>
   <trkpt lat="43.790373" lon="5.028072"><ele>101.25</ele></trkpt>
   <trkpt lat="43.790392" lon="5.028282"><ele>100.5</ele></trkpt>
   <trkpt lat="43.790391" lon="5.028461"><ele>100.5</ele></trkpt>
   <trkpt lat="43.790377" lon="5.028672"><ele>100.5</ele></trkpt>
   <trkpt lat="43.790353" lon="5.028824"><ele>100.5</ele></trkpt>
   <trkpt lat="43.790315" lon="5.028976"><ele>100.75</ele></trkpt>
   <trkpt lat="43.790154" lon="5.02943"><ele>100.25</ele></trkpt>
   <trkpt lat="43.790096" lon="5.029622"><ele>100.5</ele></trkpt>
   <trkpt lat="43.790068" lon="5.029789"><ele>100.5</ele></trkpt>
   <trkpt lat="43.790065" lon="5.029865"><ele>100.5</ele></trkpt>
   <trkpt lat="43.79008" lon="5.030066"><ele>100.25</ele></trkpt>
   <trkpt lat="43.790118" lon="5.030245"><ele>100</ele></trkpt>
   <trkpt lat="43.790225" lon="5.030593"><ele>100.25</ele></trkpt>
   <trkpt lat="43.79027" lon="5.030834"><ele>99</ele></trkpt>
   <trkpt lat="43.790325" lon="5.031198"><ele>98.75</ele></trkpt>
   <trkpt lat="43.79043" lon="5.031936"><ele>98.25</ele></trkpt>
   <trkpt lat="43.790439" lon="5.03211"><ele>98</ele></trkpt>
   <trkpt lat="43.790428" lon="5.032293"><ele>97.75</ele></trkpt>
   <trkpt lat="43.790426" lon="5.032538"><ele>97.25</ele></trkpt>
   <trkpt lat="43.790451" lon="5.033075"><ele>96.5</ele></trkpt>
   <trkpt lat="43.790499" lon="5.033849"><ele>95.25</ele></trkpt>
   <trkpt lat="43.790536" lon="5.034551"><ele>95</ele></trkpt>
   <trkpt lat="43.790523" lon="5.034673"><ele>95</ele></trkpt>
   <trkpt lat="43.790485" lon="5.034749"><ele>95.25</ele></trkpt>
   <trkpt lat="43.790439" lon="5.034799"><ele>95.5</ele></trkpt>
   <trkpt lat="43.790619" lon="5.035184"><ele>94.5</ele></trkpt>
   <trkpt lat="43.790655" lon="5.035265"><ele>94.5</ele></trkpt>
   <trkpt lat="43.790844" lon="5.035701"><ele>93.75</ele></trkpt>
   <trkpt lat="43.790939" lon="5.036008"><ele>94.75</ele></trkpt>
   <trkpt lat="43.790964" lon="5.036128"><ele>95</ele></trkpt>
   <trkpt lat="43.79099" lon="5.036361"><ele>94.25</ele></trkpt>
   <trkpt lat="43.791018" lon="5.036481"><ele>94</ele></trkpt>
   <trkpt lat="43.791055" lon="5.036554"><ele>93.5</ele></trkpt>
   <trkpt lat="43.791073" lon="5.036637"><ele>93.5</ele></trkpt>
   <trkpt lat="43.791113" lon="5.036868"><ele>92.75</ele></trkpt>
   <trkpt lat="43.791168" lon="5.037256"><ele>93.5</ele></trkpt>
   <trkpt lat="43.79118" lon="5.037308"><ele>93.5</ele></trkpt>
   <trkpt lat="43.791201" lon="5.037351"><ele>93.5</ele></trkpt>
   <trkpt lat="43.791181" lon="5.037443"><ele>93.5</ele></trkpt>
   <trkpt lat="43.791208" lon="5.037722"><ele>92.25</ele></trkpt>
   <trkpt lat="43.791232" lon="5.038026"><ele>89.5</ele></trkpt>
   <trkpt lat="43.791179" lon="5.038136"><ele>88.75</ele></trkpt>
   <trkpt lat="43.791039" lon="5.038296"><ele>88.25</ele></trkpt>
   <trkpt lat="43.791015" lon="5.038337"><ele>88.25</ele></trkpt>
   <trkpt lat="43.790986" lon="5.038386"><ele>88</ele></trkpt>
   <trkpt lat="43.790918" lon="5.038542"><ele>88</ele></trkpt>
   <trkpt lat="43.790768" lon="5.038914"><ele>88.5</ele></trkpt>
   <trkpt lat="43.790652" lon="5.039127"><ele>88.75</ele></trkpt>
   <trkpt lat="43.790554" lon="5.039271"><ele>89</ele></trkpt>
   <trkpt lat="43.790379" lon="5.039658"><ele>89</ele></trkpt>
   <trkpt lat="43.790475" lon="5.039736"><ele>88.5</ele></trkpt>
   <trkpt lat="43.790558" lon="5.039796"><ele>87.75</ele></trkpt>
   <trkpt lat="43.79059" lon="5.039839"><ele>87.75</ele></trkpt>
   <trkpt lat="43.790613" lon="5.039869"><ele>87.5</ele></trkpt>
   <trkpt lat="43.790742" lon="5.040096"><ele>86.75</ele></trkpt>
   <trkpt lat="43.790789" lon="5.040175"><ele>86.25</ele></trkpt>
   <trkpt lat="43.790875" lon="5.040323"><ele>85.5</ele></trkpt>
   <trkpt lat="43.791029" lon="5.040459"><ele>84.5</ele></trkpt>
   <trkpt lat="43.791146" lon="5.04082"><ele>81.75</ele></trkpt>
   <trkpt lat="43.79115" lon="5.04099"><ele>81.75</ele></trkpt>
   <trkpt lat="43.791131" lon="5.041468"><ele>81.5</ele></trkpt>
   <trkpt lat="43.791118" lon="5.041628"><ele>80.25</ele></trkpt>
   <trkpt lat="43.791093" lon="5.041702"><ele>80.5</ele></trkpt>
   <trkpt lat="43.791051" lon="5.041757"><ele>81.5</ele></trkpt>
   <trkpt lat="43.790947" lon="5.041825"><ele>82.5</ele></trkpt>
   <trkpt lat="43.790853" lon="5.041854"><ele>82.5</ele></trkpt>
   <trkpt lat="43.790701" lon="5.041952"><ele>82.75</ele></trkpt>
   <trkpt lat="43.790589" lon="5.042032"><ele>83.5</ele></trkpt>
   <trkpt lat="43.790509" lon="5.042122"><ele>84.25</ele></trkpt>
   <trkpt lat="43.790265" lon="5.042399"><ele>84</ele></trkpt>
   <trkpt lat="43.789994" lon="5.042716"><ele>84</ele></trkpt>
   <trkpt lat="43.789873" lon="5.042911"><ele>82.5</ele></trkpt>
   <trkpt lat="43.789833" lon="5.043002"><ele>82.5</ele></trkpt>
   <trkpt lat="43.789772" lon="5.043139"><ele>82.5</ele></trkpt>
   <trkpt lat="43.789695" lon="5.043312"><ele>83.25</ele></trkpt>
   <trkpt lat="43.789555" lon="5.043741"><ele>81.5</ele></trkpt>
   <trkpt lat="43.789473" lon="5.043963"><ele>81.25</ele></trkpt>
   <trkpt lat="43.789408" lon="5.044096"><ele>81.75</ele></trkpt>
   <trkpt lat="43.789304" lon="5.044276"><ele>82.5</ele></trkpt>
   <trkpt lat="43.789192" lon="5.044403"><ele>82</ele></trkpt>
   <trkpt lat="43.78909" lon="5.044504"><ele>88</ele></trkpt>
   <trkpt lat="43.788982" lon="5.044566"><ele>92.5</ele></trkpt>
   <trkpt lat="43.788803" lon="5.044645"><ele>90</ele></trkpt>
   <trkpt lat="43.788593" lon="5.044712"><ele>82</ele></trkpt>
   <trkpt lat="43.788439" lon="5.044743"><ele>81.25</ele></trkpt>
   <trkpt lat="43.788262" lon="5.044755"><ele>81.25</ele></trkpt>
   <trkpt lat="43.788131" lon="5.044739"><ele>81</ele></trkpt>
   <trkpt lat="43.787884" lon="5.044675"><ele>82</ele></trkpt>
   <trkpt lat="43.787214" lon="5.044611"><ele>82.5</ele></trkpt>
   <trkpt lat="43.78708" lon="5.044612"><ele>82.25</ele></trkpt>
   <trkpt lat="43.786285" lon="5.044739"><ele>81.75</ele></trkpt>
   <trkpt lat="43.785705" lon="5.044873"><ele>86.75</ele></trkpt>
   <trkpt lat="43.785386" lon="5.044914"><ele>85.25</ele></trkpt>
   <trkpt lat="43.785313" lon="5.044901"><ele>85.75</ele></trkpt>
   <trkpt lat="43.785142" lon="5.044871"><ele>87.25</ele></trkpt>
   <trkpt lat="43.784779" lon="5.044848"><ele>84.75</ele></trkpt>
   <trkpt lat="43.784444" lon="5.044901"><ele>84.25</ele></trkpt>
   <trkpt lat="43.784156" lon="5.044931"><ele>83.25</ele></trkpt>
   <trkpt lat="43.784074" lon="5.044956"><ele>83.25</ele></trkpt>
   <trkpt lat="43.783998" lon="5.044978"><ele>83</ele></trkpt>
   <trkpt lat="43.783879" lon="5.045054"><ele>82.75</ele></trkpt>
   <trkpt lat="43.783771" lon="5.045184"><ele>82.75</ele></trkpt>
   <trkpt lat="43.78351" lon="5.045539"><ele>82</ele></trkpt>
   <trkpt lat="43.783211" lon="5.045808"><ele>83.75</ele></trkpt>
   <trkpt lat="43.783162" lon="5.045854"><ele>83.25</ele></trkpt>
   <trkpt lat="43.78312" lon="5.045991"><ele>82.25</ele></trkpt>
   <trkpt lat="43.782879" lon="5.046958"><ele>81</ele></trkpt>
   <trkpt lat="43.782802" lon="5.047222"><ele>81.25</ele></trkpt>
   <trkpt lat="43.782731" lon="5.04741"><ele>83.25</ele></trkpt>
   <trkpt lat="43.782653" lon="5.04752"><ele>83.5</ele></trkpt>
   <trkpt lat="43.782394" lon="5.047745"><ele>83</ele></trkpt>
   <trkpt lat="43.782108" lon="5.048027"><ele>83</ele></trkpt>
   <trkpt lat="43.781485" lon="5.048704"><ele>83</ele></trkpt>
   <trkpt lat="43.781129" lon="5.049077"><ele>82.75</ele></trkpt>
   <trkpt lat="43.780435" lon="5.049706"><ele>82.5</ele></trkpt>
   <trkpt lat="43.780086" lon="5.05"><ele>83.25</ele></trkpt>
   <trkpt lat="43.779065" lon="5.050648"><ele>83</ele></trkpt>
   <trkpt lat="43.777985" lon="5.05136"><ele>83.5</ele></trkpt>
   <trkpt lat="43.776897" lon="5.052019"><ele>83.25</ele></trkpt>
   <trkpt lat="43.775525" lon="5.052851"><ele>84.25</ele></trkpt>
   <trkpt lat="43.77174" lon="5.05512"><ele>85.5</ele></trkpt>
   <trkpt lat="43.770153" lon="5.055998"><ele>86.5</ele></trkpt>
   <trkpt lat="43.769956" lon="5.056127"><ele>86.5</ele></trkpt>
   <trkpt lat="43.769281" lon="5.056594"><ele>86</ele></trkpt>
   <trkpt lat="43.767749" lon="5.057536"><ele>86</ele></trkpt>
   <trkpt lat="43.767732" lon="5.057546"><ele>86</ele></trkpt>
   <trkpt lat="43.76762" lon="5.057612"><ele>86.5</ele></trkpt>
   <trkpt lat="43.764056" lon="5.059724"><ele>87.5</ele></trkpt>
   <trkpt lat="43.763717" lon="5.059926"><ele>87.25</ele></trkpt>
   <trkpt lat="43.760428" lon="5.061875"><ele>87.75</ele></trkpt>
   <trkpt lat="43.758188" lon="5.063222"><ele>88.75</ele></trkpt>
   <trkpt lat="43.753018" lon="5.066333"><ele>90.5</ele></trkpt>
   <trkpt lat="43.75289" lon="5.06641"><ele>90.25</ele></trkpt>
   <trkpt lat="43.752467" lon="5.066641"><ele>90.75</ele></trkpt>
   <trkpt lat="43.751683" lon="5.06707"><ele>91.25</ele></trkpt>
   <trkpt lat="43.750957" lon="5.067537"><ele>91</ele></trkpt>
   <trkpt lat="43.747782" lon="5.069434"><ele>91</ele></trkpt>
   <trkpt lat="43.747721" lon="5.069471"><ele>91</ele></trkpt>
   <trkpt lat="43.746676" lon="5.070098"><ele>92.5</ele></trkpt>
   <trkpt lat="43.746583" lon="5.070154"><ele>92.5</ele></trkpt>
   <trkpt lat="43.745223" lon="5.070956"><ele>92.75</ele></trkpt>
   <trkpt lat="43.744434" lon="5.071444"><ele>93.25</ele></trkpt>
   <trkpt lat="43.744134" lon="5.071609"><ele>93.75</ele></trkpt>
   <trkpt lat="43.743813" lon="5.07174"><ele>93.5</ele></trkpt>
   <trkpt lat="43.743498" lon="5.071858"><ele>94.25</ele></trkpt>
   <trkpt lat="43.743308" lon="5.07179"><ele>93.75</ele></trkpt>
   <trkpt lat="43.74328" lon="5.071731"><ele>93.75</ele></trkpt>
   <trkpt lat="43.743253" lon="5.071709"><ele>93.75</ele></trkpt>
   <trkpt lat="43.743228" lon="5.071702"><ele>93.5</ele></trkpt>
   <trkpt lat="43.743198" lon="5.071707"><ele>93.5</ele></trkpt>
   <trkpt lat="43.743169" lon="5.071727"><ele>93.5</ele></trkpt>
   <trkpt lat="43.743148" lon="5.071759"><ele>93.5</ele></trkpt>
   <trkpt lat="43.743136" lon="5.071799"><ele>93.5</ele></trkpt>
   <trkpt lat="43.743135" lon="5.071841"><ele>93.5</ele></trkpt>
   <trkpt lat="43.743146" lon="5.071885"><ele>93.75</ele></trkpt>
   <trkpt lat="43.743081" lon="5.071968"><ele>94</ele></trkpt>
   <trkpt lat="43.742971" lon="5.072067"><ele>94</ele></trkpt>
   <trkpt lat="43.742708" lon="5.072166"><ele>93.75</ele></trkpt>
   <trkpt lat="43.741916" lon="5.072296"><ele>94.25</ele></trkpt>
   <trkpt lat="43.741714" lon="5.072337"><ele>94.25</ele></trkpt>
   <trkpt lat="43.74166" lon="5.072377"><ele>94.5</ele></trkpt>
   <trkpt lat="43.7416" lon="5.072493"><ele>94.75</ele></trkpt>
   <trkpt lat="43.741491" lon="5.072435"><ele>94.75</ele></trkpt>
   <trkpt lat="43.741459" lon="5.072411"><ele>94.75</ele></trkpt>
   <trkpt lat="43.74136" lon="5.072386"><ele>94.75</ele></trkpt>
   <trkpt lat="43.741253" lon="5.07238"><ele>94.5</ele></trkpt>
   <trkpt lat="43.741093" lon="5.072372"><ele>94.25</ele></trkpt>
   <trkpt lat="43.740929" lon="5.072371"><ele>94</ele></trkpt>
   <trkpt lat="43.740796" lon="5.072336"><ele>94</ele></trkpt>
   <trkpt lat="43.740673" lon="5.072258"><ele>94</ele></trkpt>
   <trkpt lat="43.740554" lon="5.072176"><ele>94</ele></trkpt>
   <trkpt lat="43.740301" lon="5.071972"><ele>94</ele></trkpt>
   <trkpt lat="43.739796" lon="5.071566"><ele>94</ele></trkpt>
   <trkpt lat="43.739652" lon="5.07145"><ele>93.75</ele></trkpt>
   <trkpt lat="43.739578" lon="5.07139"><ele>93.75</ele></trkpt>
   <trkpt lat="43.738553" lon="5.070317"><ele>93.75</ele></trkpt>
   <trkpt lat="43.738407" lon="5.070166"><ele>93.25</ele></trkpt>
   <trkpt lat="43.738289" lon="5.069886"><ele>94</ele></trkpt>
   <trkpt lat="43.738192" lon="5.069614"><ele>94.5</ele></trkpt>
   <trkpt lat="43.738163" lon="5.0695"><ele>94.5</ele></trkpt>
   <trkpt lat="43.738113" lon="5.069425"><ele>94.5</ele></trkpt>
   <trkpt lat="43.738046" lon="5.069381"><ele>94.5</ele></trkpt>
   <trkpt lat="43.737973" lon="5.069375"><ele>94.25</ele></trkpt>
   <trkpt lat="43.737889" lon="5.069418"><ele>94.25</ele></trkpt>
   <trkpt lat="43.737725" lon="5.069322"><ele>93.75</ele></trkpt>
   <trkpt lat="43.737549" lon="5.069252"><ele>93.5</ele></trkpt>
   <trkpt lat="43.736926" lon="5.06869"><ele>94</ele></trkpt>
   <trkpt lat="43.734675" lon="5.066652"><ele>94</ele></trkpt>
   <trkpt lat="43.734468" lon="5.066465"><ele>94</ele></trkpt>
   <trkpt lat="43.734101" lon="5.066156"><ele>94</ele></trkpt>
   <trkpt lat="43.733783" lon="5.065979"><ele>94</ele></trkpt>
   <trkpt lat="43.733491" lon="5.065775"><ele>94</ele></trkpt>
   <trkpt lat="43.73272" lon="5.065054"><ele>94.75</ele></trkpt>
   <trkpt lat="43.732384" lon="5.064758"><ele>94.5</ele></trkpt>
   <trkpt lat="43.731854" lon="5.064328"><ele>94.75</ele></trkpt>
   <trkpt lat="43.731643" lon="5.064176"><ele>94.75</ele></trkpt>
   <trkpt lat="43.73135" lon="5.063965"><ele>94</ele></trkpt>
   <trkpt lat="43.729751" lon="5.062861"><ele>94.5</ele></trkpt>
   <trkpt lat="43.729551" lon="5.062723"><ele>94.25</ele></trkpt>
   <trkpt lat="43.729384" lon="5.062628"><ele>94</ele></trkpt>
   <trkpt lat="43.729098" lon="5.062577"><ele>94</ele></trkpt>
   <trkpt lat="43.727248" lon="5.062441"><ele>94</ele></trkpt>
   <trkpt lat="43.726142" lon="5.062492"><ele>94.75</ele></trkpt>
   <trkpt lat="43.72561" lon="5.062448"><ele>95</ele></trkpt>
   <trkpt lat="43.725051" lon="5.06225"><ele>95</ele></trkpt>
   <trkpt lat="43.72421" lon="5.061924"><ele>95.75</ele></trkpt>
   <trkpt lat="43.723794" lon="5.061753"><ele>96</ele></trkpt>
   <trkpt lat="43.723641" lon="5.06166"><ele>96</ele></trkpt>
   <trkpt lat="43.723485" lon="5.061553"><ele>96</ele></trkpt>
   <trkpt lat="43.723206" lon="5.06131"><ele>96</ele></trkpt>
   <trkpt lat="43.722209" lon="5.060344"><ele>95.75</ele></trkpt>
   <trkpt lat="43.721591" lon="5.059746"><ele>96</ele></trkpt>
   <trkpt lat="43.721351" lon="5.059548"><ele>96</ele></trkpt>
   <trkpt lat="43.721092" lon="5.059387"><ele>97</ele></trkpt>
   <trkpt lat="43.72083" lon="5.059261"><ele>97.5</ele></trkpt>
   <trkpt lat="43.720295" lon="5.059026"><ele>97.5</ele></trkpt>
   <trkpt lat="43.720105" lon="5.058926"><ele>97.25</ele></trkpt>
   <trkpt lat="43.719919" lon="5.058791"><ele>97</ele></trkpt>
   <trkpt lat="43.719168" lon="5.058166"><ele>97.25</ele></trkpt>
   <trkpt lat="43.715392" lon="5.055029"><ele>103.75</ele></trkpt>
   <trkpt lat="43.715227" lon="5.054896"><ele>104.75</ele></trkpt>
   <trkpt lat="43.714774" lon="5.054455"><ele>107.5</ele></trkpt>
   <trkpt lat="43.714462" lon="5.054051"><ele>110.25</ele></trkpt>
   <trkpt lat="43.714261" lon="5.053754"><ele>111.5</ele></trkpt>
   <trkpt lat="43.713655" lon="5.052498"><ele>118.5</ele></trkpt>
   <trkpt lat="43.713504" lon="5.052237"><ele>120</ele></trkpt>
   <trkpt lat="43.713339" lon="5.052045"><ele>121.25</ele></trkpt>
   <trkpt lat="43.712786" lon="5.051438"><ele>125.75</ele></trkpt>
   <trkpt lat="43.712734" lon="5.051361"><ele>126.5</ele></trkpt>
   <trkpt lat="43.71267" lon="5.051268"><ele>127.75</ele></trkpt>
   <trkpt lat="43.71254" lon="5.050973"><ele>128.5</ele></trkpt>
   <trkpt lat="43.712031" lon="5.049627"><ele>132</ele></trkpt>
   <trkpt lat="43.711831" lon="5.049393"><ele>132</ele></trkpt>
   <trkpt lat="43.71155" lon="5.049027"><ele>132.25</ele></trkpt>
   <trkpt lat="43.711413" lon="5.048821"><ele>132.75</ele></trkpt>
   <trkpt lat="43.711194" lon="5.048296"><ele>133.25</ele></trkpt>
   <trkpt lat="43.711067" lon="5.047932"><ele>132.75</ele></trkpt>
   <trkpt lat="43.71093" lon="5.04767"><ele>133</ele></trkpt>
   <trkpt lat="43.710554" lon="5.04716"><ele>132.75</ele></trkpt>
   <trkpt lat="43.709577" lon="5.045884"><ele>135</ele></trkpt>
   <trkpt lat="43.707825" lon="5.043656"><ele>138.25</ele></trkpt>
   <trkpt lat="43.707025" lon="5.042648"><ele>137.75</ele></trkpt>
   <trkpt lat="43.706672" lon="5.042138"><ele>138.5</ele></trkpt>
   <trkpt lat="43.706525" lon="5.041903"><ele>139</ele></trkpt>
   <trkpt lat="43.706394" lon="5.041741"><ele>139.75</ele></trkpt>
   <trkpt lat="43.70628" lon="5.041641"><ele>140.75</ele></trkpt>
   <trkpt lat="43.706219" lon="5.041604"><ele>141.5</ele></trkpt>
   <trkpt lat="43.705568" lon="5.041232"><ele>145.75</ele></trkpt>
   <trkpt lat="43.705354" lon="5.041152"><ele>144</ele></trkpt>
   <trkpt lat="43.704816" lon="5.041039"><ele>140.75</ele></trkpt>
   <trkpt lat="43.704687" lon="5.040975"><ele>139.75</ele></trkpt>
   <trkpt lat="43.704527" lon="5.040867"><ele>138.5</ele></trkpt>
   <trkpt lat="43.704321" lon="5.04064"><ele>136.75</ele></trkpt>
   <trkpt lat="43.704111" lon="5.040382"><ele>135.5</ele></trkpt>
   <trkpt lat="43.704013" lon="5.040265"><ele>134.75</ele></trkpt>
   <trkpt lat="43.703914" lon="5.040138"><ele>134</ele></trkpt>
   <trkpt lat="43.703685" lon="5.039842"><ele>132.5</ele></trkpt>
   <trkpt lat="43.703326" lon="5.039408"><ele>129</ele></trkpt>
   <trkpt lat="43.702845" lon="5.038873"><ele>124.5</ele></trkpt>
   <trkpt lat="43.70162" lon="5.037585"><ele>116</ele></trkpt>
   <trkpt lat="43.700703" lon="5.036621"><ele>110.25</ele></trkpt>
   <trkpt lat="43.700664" lon="5.036554"><ele>110</ele></trkpt>
   <trkpt lat="43.700516" lon="5.0363"><ele>108.25</ele></trkpt>
   <trkpt lat="43.700522" lon="5.036252"><ele>108.25</ele></trkpt>
   <trkpt lat="43.700517" lon="5.036219"><ele>108</ele></trkpt>
   <trkpt lat="43.700503" lon="5.036188"><ele>108</ele></trkpt>
   <trkpt lat="43.700483" lon="5.036165"><ele>107.75</ele></trkpt>
   <trkpt lat="43.700459" lon="5.036153"><ele>107.75</ele></trkpt>
   <trkpt lat="43.700433" lon="5.036153"><ele>107.5</ele></trkpt>
   <trkpt lat="43.700408" lon="5.036164"><ele>107.5</ele></trkpt>
   <trkpt lat="43.700388" lon="5.036187"><ele>107.5</ele></trkpt>
   <trkpt lat="43.700374" lon="5.036217"><ele>107.25</ele></trkpt>
   <trkpt lat="43.700368" lon="5.036252"><ele>107.25</ele></trkpt>
   <trkpt lat="43.700371" lon="5.036288"><ele>107.5</ele></trkpt>
   <trkpt lat="43.700382" lon="5.036321"><ele>107.5</ele></trkpt>
   <trkpt lat="43.700319" lon="5.036423"><ele>107.5</ele></trkpt>
   <trkpt lat="43.700212" lon="5.036504"><ele>107.75</ele></trkpt>
   <trkpt lat="43.699939" lon="5.036674"><ele>107</ele></trkpt>
   <trkpt lat="43.699769" lon="5.03685"><ele>107.75</ele></trkpt>
   <trkpt lat="43.699674" lon="5.036998"><ele>108</ele></trkpt>
   <trkpt lat="43.699569" lon="5.037201"><ele>107.75</ele></trkpt>
   <trkpt lat="43.699236" lon="5.037846"><ele>108</ele></trkpt>
   <trkpt lat="43.699195" lon="5.037924"><ele>108</ele></trkpt>
   <trkpt lat="43.699079" lon="5.038108"><ele>108.25</ele></trkpt>
   <trkpt lat="43.699004" lon="5.038184"><ele>108.75</ele></trkpt>
   <trkpt lat="43.69889" lon="5.038224"><ele>108.75</ele></trkpt>
   <trkpt lat="43.698623" lon="5.038265"><ele>108.25</ele></trkpt>
   <trkpt lat="43.698283" lon="5.038343"><ele>108.5</ele></trkpt>
   <trkpt lat="43.698213" lon="5.038372"><ele>108</ele></trkpt>
   <trkpt lat="43.698141" lon="5.038442"><ele>107.75</ele></trkpt>
   <trkpt lat="43.697931" lon="5.038725"><ele>108.5</ele></trkpt>
   <trkpt lat="43.69779" lon="5.038867"><ele>108</ele></trkpt>
   <trkpt lat="43.697673" lon="5.038939"><ele>108.25</ele></trkpt>
   <trkpt lat="43.697415" lon="5.039034"><ele>108.25</ele></trkpt>
   <trkpt lat="43.697213" lon="5.039093"><ele>108.25</ele></trkpt>
   <trkpt lat="43.69704" lon="5.039138"><ele>108.25</ele></trkpt>
   <trkpt lat="43.696948" lon="5.039162"><ele>108</ele></trkpt>
   <trkpt lat="43.696719" lon="5.039236"><ele>108</ele></trkpt>
   <trkpt lat="43.69665" lon="5.039277"><ele>107.75</ele></trkpt>
   <trkpt lat="43.696597" lon="5.039313"><ele>107.25</ele></trkpt>
   <trkpt lat="43.696469" lon="5.039425"><ele>106.5</ele></trkpt>
   <trkpt lat="43.696435" lon="5.039458"><ele>106.25</ele></trkpt>
   <trkpt lat="43.696394" lon="5.039498"><ele>106</ele></trkpt>
   <trkpt lat="43.696253" lon="5.039493"><ele>105</ele></trkpt>
   <trkpt lat="43.696242" lon="5.039471"><ele>104.75</ele></trkpt>
   <trkpt lat="43.696209" lon="5.039445"><ele>104.5</ele></trkpt>
   <trkpt lat="43.696171" lon="5.039453"><ele>104.25</ele></trkpt>
   <trkpt lat="43.696156" lon="5.039469"><ele>104.25</ele></trkpt>
   <trkpt lat="43.696141" lon="5.039516"><ele>104</ele></trkpt>
   <trkpt lat="43.696073" lon="5.039635"><ele>103.5</ele></trkpt>
   <trkpt lat="43.696014" lon="5.03974"><ele>103.25</ele></trkpt>
   <trkpt lat="43.69572" lon="5.040221"><ele>103.5</ele></trkpt>
   <trkpt lat="43.695428" lon="5.040651"><ele>103.25</ele></trkpt>
   <trkpt lat="43.695305" lon="5.040809"><ele>103</ele></trkpt>
   <trkpt lat="43.695208" lon="5.040952"><ele>103.25</ele></trkpt>
   <trkpt lat="43.694653" lon="5.041336"><ele>103</ele></trkpt>
   <trkpt lat="43.69455" lon="5.041425"><ele>102.75</ele></trkpt>
   <trkpt lat="43.694444" lon="5.041548"><ele>102.5</ele></trkpt>
   <trkpt lat="43.693892" lon="5.042518"><ele>105</ele></trkpt>
   <trkpt lat="43.693787" lon="5.04266"><ele>105.75</ele></trkpt>
   <trkpt lat="43.693675" lon="5.042769"><ele>106</ele></trkpt>
   <trkpt lat="43.693518" lon="5.042904"><ele>107.25</ele></trkpt>
   <trkpt lat="43.693256" lon="5.04316"><ele>107.75</ele></trkpt>
   <trkpt lat="43.692926" lon="5.043578"><ele>109.25</ele></trkpt>
   <trkpt lat="43.692586" lon="5.044149"><ele>109.75</ele></trkpt>
   <trkpt lat="43.692233" lon="5.044747"><ele>110.25</ele></trkpt>
   <trkpt lat="43.692103" lon="5.044968"><ele>110.75</ele></trkpt>
   <trkpt lat="43.691826" lon="5.045397"><ele>110.75</ele></trkpt>
   <trkpt lat="43.691547" lon="5.04576"><ele>110</ele></trkpt>
   <trkpt lat="43.69" lon="5.047602"><ele>108.25</ele></trkpt>
   <trkpt lat="43.689637" lon="5.048004"><ele>107.5</ele></trkpt>
   <trkpt lat="43.6891" lon="5.048528"><ele>107.5</ele></trkpt>
   <trkpt lat="43.688741" lon="5.048829"><ele>108</ele></trkpt>
   <trkpt lat="43.688641" lon="5.048889"><ele>108</ele></trkpt>
   <trkpt lat="43.688551" lon="5.048923"><ele>108</ele></trkpt>
   <trkpt lat="43.688494" lon="5.048898"><ele>108</ele></trkpt>
   <trkpt lat="43.688442" lon="5.048903"><ele>108</ele></trkpt>
   <trkpt lat="43.688393" lon="5.048931"><ele>108</ele></trkpt>
   <trkpt lat="43.688354" lon="5.04898"><ele>108.25</ele></trkpt>
   <trkpt lat="43.688332" lon="5.049033"><ele>108.5</ele></trkpt>
   <trkpt lat="43.688322" lon="5.049092"><ele>108.5</ele></trkpt>
   <trkpt lat="43.688324" lon="5.049153"><ele>108.75</ele></trkpt>
   <trkpt lat="43.68824" lon="5.049294"><ele>108.75</ele></trkpt>
   <trkpt lat="43.68806" lon="5.049521"><ele>109.25</ele></trkpt>
   <trkpt lat="43.687625" lon="5.049955"><ele>109.5</ele></trkpt>
   <trkpt lat="43.687321" lon="5.050332"><ele>110.25</ele></trkpt>
   <trkpt lat="43.687045" lon="5.050753"><ele>111.25</ele></trkpt>
   <trkpt lat="43.686788" lon="5.051176"><ele>111.5</ele></trkpt>
   <trkpt lat="43.686522" lon="5.051748"><ele>112</ele></trkpt>
   <trkpt lat="43.686338" lon="5.052223"><ele>111.75</ele></trkpt>
   <trkpt lat="43.686257" lon="5.052475"><ele>112</ele></trkpt>
   <trkpt lat="43.686193" lon="5.05269"><ele>112</ele></trkpt>
   <trkpt lat="43.685942" lon="5.053818"><ele>113.25</ele></trkpt>
   <trkpt lat="43.685544" lon="5.055606"><ele>113</ele></trkpt>
   <trkpt lat="43.685301" lon="5.056547"><ele>112.5</ele></trkpt>
   <trkpt lat="43.685197" lon="5.056851"><ele>113</ele></trkpt>
   <trkpt lat="43.685083" lon="5.05713"><ele>111.75</ele></trkpt>
   <trkpt lat="43.684973" lon="5.057359"><ele>111</ele></trkpt>
   <trkpt lat="43.684829" lon="5.057638"><ele>110.5</ele></trkpt>
   <trkpt lat="43.684651" lon="5.057965"><ele>109</ele></trkpt>
   <trkpt lat="43.684622" lon="5.058023"><ele>108.75</ele></trkpt>
   <trkpt lat="43.68442" lon="5.058407"><ele>108.5</ele></trkpt>
   <trkpt lat="43.683965" lon="5.059303"><ele>106.25</ele></trkpt>
   <trkpt lat="43.683568" lon="5.06012"><ele>104.5</ele></trkpt>
   <trkpt lat="43.683148" lon="5.061094"><ele>101.75</ele></trkpt>
   <trkpt lat="43.682527" lon="5.062653"><ele>100</ele></trkpt>
   <trkpt lat="43.682297" lon="5.063206"><ele>99</ele></trkpt>
   <trkpt lat="43.681965" lon="5.063977"><ele>98.25</ele></trkpt>
   <trkpt lat="43.681711" lon="5.064526"><ele>97.75</ele></trkpt>
   <trkpt lat="43.681423" lon="5.065104"><ele>97.75</ele></trkpt>
   <trkpt lat="43.681138" lon="5.065599"><ele>97.75</ele></trkpt>
   <trkpt lat="43.680508" lon="5.066454"><ele>97.5</ele></trkpt>
   <trkpt lat="43.680332" lon="5.066629"><ele>97</ele></trkpt>
   <trkpt lat="43.680022" lon="5.067004"><ele>97</ele></trkpt>
   <trkpt lat="43.679846" lon="5.067206"><ele>96.25</ele></trkpt>
   <trkpt lat="43.679813" lon="5.067246"><ele>96.25</ele></trkpt>
   <trkpt lat="43.679571" lon="5.06753"><ele>96.75</ele></trkpt>
   <trkpt lat="43.678911" lon="5.068271"><ele>96.5</ele></trkpt>
   <trkpt lat="43.678761" lon="5.06847"><ele>96.5</ele></trkpt>
   <trkpt lat="43.678495" lon="5.068684"><ele>96.5</ele></trkpt>
   <trkpt lat="43.678219" lon="5.068887"><ele>96.5</ele></trkpt>
   <trkpt lat="43.67789" lon="5.069084"><ele>95.75</ele></trkpt>
   <trkpt lat="43.677635" lon="5.069238"><ele>96.25</ele></trkpt>
   <trkpt lat="43.676482" lon="5.0699"><ele>95.5</ele></trkpt>
   <trkpt lat="43.675998" lon="5.070251"><ele>94.75</ele></trkpt>
   <trkpt lat="43.675605" lon="5.070636"><ele>95</ele></trkpt>
   <trkpt lat="43.674819" lon="5.071502"><ele>94.25</ele></trkpt>
   <trkpt lat="43.673026" lon="5.073527"><ele>94.5</ele></trkpt>
   <trkpt lat="43.672788" lon="5.073765"><ele>94</ele></trkpt>
   <trkpt lat="43.672691" lon="5.073847"><ele>94</ele></trkpt>
   <trkpt lat="43.672588" lon="5.073927"><ele>94</ele></trkpt>
   <trkpt lat="43.672409" lon="5.074058"><ele>94</ele></trkpt>
   <trkpt lat="43.672174" lon="5.074192"><ele>94.75</ele></trkpt>
   <trkpt lat="43.671573" lon="5.074455"><ele>94</ele></trkpt>
   <trkpt lat="43.670975" lon="5.074756"><ele>94</ele></trkpt>
   <trkpt lat="43.670792" lon="5.074867"><ele>93.75</ele></trkpt>
   <trkpt lat="43.670296" lon="5.075206"><ele>93.5</ele></trkpt>
   <trkpt lat="43.669807" lon="5.075574"><ele>93</ele></trkpt>
   <trkpt lat="43.668836" lon="5.076349"><ele>92.75</ele></trkpt>
   <trkpt lat="43.668427" lon="5.076653"><ele>92.5</ele></trkpt>
   <trkpt lat="43.668167" lon="5.076799"><ele>92.5</ele></trkpt>
   <trkpt lat="43.667806" lon="5.076952"><ele>92.75</ele></trkpt>
   <trkpt lat="43.667446" lon="5.077035"><ele>92</ele></trkpt>
   <trkpt lat="43.666815" lon="5.077029"><ele>92.5</ele></trkpt>
   <trkpt lat="43.666634" lon="5.077005"><ele>93</ele></trkpt>
   <trkpt lat="43.666492" lon="5.076982"><ele>93</ele></trkpt>
   <trkpt lat="43.666168" lon="5.076904"><ele>93.25</ele></trkpt>
   <trkpt lat="43.665761" lon="5.076812"><ele>93.75</ele></trkpt>
   <trkpt lat="43.665606" lon="5.076788"><ele>94.5</ele></trkpt>
   <trkpt lat="43.665425" lon="5.076801"><ele>95</ele></trkpt>
   <trkpt lat="43.66525" lon="5.076818"><ele>95.25</ele></trkpt>
   <trkpt lat="43.665044" lon="5.076909"><ele>97</ele></trkpt>
   <trkpt lat="43.664899" lon="5.077001"><ele>96.25</ele></trkpt>
   <trkpt lat="43.664787" lon="5.077102"><ele>96.5</ele></trkpt>
   <trkpt lat="43.664616" lon="5.077319"><ele>96</ele></trkpt>
   <trkpt lat="43.664272" lon="5.077902"><ele>95.25</ele></trkpt>
   <trkpt lat="43.664171" lon="5.078047"><ele>95</ele></trkpt>
   <trkpt lat="43.664078" lon="5.078154"><ele>95.25</ele></trkpt>
   <trkpt lat="43.66308" lon="5.078838"><ele>92</ele></trkpt>
   <trkpt lat="43.662519" lon="5.079219"><ele>90.75</ele></trkpt>
   <trkpt lat="43.66167" lon="5.079815"><ele>90.25</ele></trkpt>
   <trkpt lat="43.661237" lon="5.080131"><ele>89.5</ele></trkpt>
   <trkpt lat="43.659911" lon="5.081101"><ele>87.75</ele></trkpt>
   <trkpt lat="43.659795" lon="5.081282"><ele>87.5</ele></trkpt>
   <trkpt lat="43.659624" lon="5.081602"><ele>86.25</ele></trkpt>
   <trkpt lat="43.659415" lon="5.082342"><ele>86.75</ele></trkpt>
   <trkpt lat="43.65929" lon="5.082621"><ele>86.5</ele></trkpt>
   <trkpt lat="43.65873" lon="5.083338"><ele>86</ele></trkpt>
   <trkpt lat="43.657574" lon="5.084818"><ele>86.25</ele></trkpt>
   <trkpt lat="43.657294" lon="5.085052"><ele>87</ele></trkpt>
   <trkpt lat="43.657147" lon="5.085127"><ele>87</ele></trkpt>
   <trkpt lat="43.656809" lon="5.085233"><ele>86.75</ele></trkpt>
   <trkpt lat="43.656287" lon="5.085413"><ele>87</ele></trkpt>
   <trkpt lat="43.655812" lon="5.085752"><ele>87</ele></trkpt>
   <trkpt lat="43.655045" lon="5.086636"><ele>88.5</ele></trkpt>
   <trkpt lat="43.654965" lon="5.086728"><ele>88.75</ele></trkpt>
   <trkpt lat="43.65485" lon="5.086855"><ele>88.75</ele></trkpt>
   <trkpt lat="43.654681" lon="5.087026"><ele>89</ele></trkpt>
   <trkpt lat="43.654548" lon="5.087156"><ele>89</ele></trkpt>
   <trkpt lat="43.654469" lon="5.087238"><ele>89</ele></trkpt>
   <trkpt lat="43.654141" lon="5.087552"><ele>89</ele></trkpt>
   <trkpt lat="43.653588" lon="5.088089"><ele>89.75</ele></trkpt>
   <trkpt lat="43.653472" lon="5.088207"><ele>90</ele></trkpt>
   <trkpt lat="43.653238" lon="5.088454"><ele>90</ele></trkpt>
   <trkpt lat="43.653147" lon="5.088568"><ele>90.5</ele></trkpt>
   <trkpt lat="43.652893" lon="5.088894"><ele>90.5</ele></trkpt>
   <trkpt lat="43.652625" lon="5.089168"><ele>91</ele></trkpt>
   <trkpt lat="43.652406" lon="5.089397"><ele>90.25</ele></trkpt>
   <trkpt lat="43.652367" lon="5.089441"><ele>90</ele></trkpt>
   <trkpt lat="43.652324" lon="5.089512"><ele>90</ele></trkpt>
   <trkpt lat="43.652167" lon="5.089706"><ele>90.25</ele></trkpt>
   <trkpt lat="43.651401" lon="5.090434"><ele>90</ele></trkpt>
   <trkpt lat="43.651183" lon="5.090595"><ele>89.25</ele></trkpt>
   <trkpt lat="43.651068" lon="5.09068"><ele>89.25</ele></trkpt>
   <trkpt lat="43.651037" lon="5.090705"><ele>89.5</ele></trkpt>
   <trkpt lat="43.650943" lon="5.090781"><ele>89.25</ele></trkpt>
   <trkpt lat="43.650704" lon="5.090953"><ele>89</ele></trkpt>
   <trkpt lat="43.650523" lon="5.09106"><ele>89</ele></trkpt>
   <trkpt lat="43.650354" lon="5.091159"><ele>89</ele></trkpt>
   <trkpt lat="43.650329" lon="5.091177"><ele>89</ele></trkpt>
   <trkpt lat="43.650286" lon="5.091208"><ele>89</ele></trkpt>
   <trkpt lat="43.650152" lon="5.091308"><ele>88.5</ele></trkpt>
   <trkpt lat="43.650091" lon="5.091349"><ele>88.25</ele></trkpt>
   <trkpt lat="43.650011" lon="5.091397"><ele>88</ele></trkpt>
   <trkpt lat="43.649737" lon="5.091566"><ele>88</ele></trkpt>
   <trkpt lat="43.649564" lon="5.091659"><ele>87.25</ele></trkpt>
   <trkpt lat="43.648339" lon="5.092317"><ele>86.25</ele></trkpt>
   <trkpt lat="43.648043" lon="5.092477"><ele>86</ele></trkpt>
   <trkpt lat="43.647859" lon="5.092577"><ele>86</ele></trkpt>
   <trkpt lat="43.647786" lon="5.092621"><ele>86</ele></trkpt>
   <trkpt lat="43.647712" lon="5.092665"><ele>86</ele></trkpt>
   <trkpt lat="43.647585" lon="5.092763"><ele>86</ele></trkpt>
   <trkpt lat="43.647534" lon="5.092804"><ele>86</ele></trkpt>
   <trkpt lat="43.647356" lon="5.09295"><ele>86.5</ele></trkpt>
   <trkpt lat="43.647292" lon="5.093025"><ele>86.75</ele></trkpt>
   <trkpt lat="43.647169" lon="5.09307"><ele>86.75</ele></trkpt>
   <trkpt lat="43.647105" lon="5.093131"><ele>86.5</ele></trkpt>
   <trkpt lat="43.646907" lon="5.09332"><ele>85.75</ele></trkpt>
   <trkpt lat="43.646856" lon="5.093366"><ele>85.5</ele></trkpt>
   <trkpt lat="43.646769" lon="5.093444"><ele>85.25</ele></trkpt>
   <trkpt lat="43.646655" lon="5.09353"><ele>84.75</ele></trkpt>
   <trkpt lat="43.646574" lon="5.093564"><ele>84.75</ele></trkpt>
   <trkpt lat="43.646463" lon="5.093608"><ele>84.75</ele></trkpt>
   <trkpt lat="43.646311" lon="5.093668"><ele>84.5</ele></trkpt>
   <trkpt lat="43.64626" lon="5.093683"><ele>84.5</ele></trkpt>
   <trkpt lat="43.646228" lon="5.093693"><ele>84.25</ele></trkpt>
   <trkpt lat="43.645556" lon="5.093848"><ele>83</ele></trkpt>
   <trkpt lat="43.645345" lon="5.093897"><ele>82.25</ele></trkpt>
   <trkpt lat="43.645266" lon="5.093916"><ele>82</ele></trkpt>
   <trkpt lat="43.645144" lon="5.093945"><ele>81.75</ele></trkpt>
   <trkpt lat="43.645066" lon="5.093964"><ele>81.5</ele></trkpt>
   <trkpt lat="43.645001" lon="5.093977"><ele>81.5</ele></trkpt>
   <trkpt lat="43.64456" lon="5.094076"><ele>80.75</ele></trkpt>
   <trkpt lat="43.644494" lon="5.094108"><ele>80.25</ele></trkpt>
   <trkpt lat="43.644417" lon="5.094171"><ele>79.75</ele></trkpt>
   <trkpt lat="43.644367" lon="5.094238"><ele>80.25</ele></trkpt>
   <trkpt lat="43.644309" lon="5.094342"><ele>80.5</ele></trkpt>
   <trkpt lat="43.644124" lon="5.094994"><ele>78.5</ele></trkpt>
   <trkpt lat="43.644095" lon="5.095079"><ele>79</ele></trkpt>
   <trkpt lat="43.644061" lon="5.095134"><ele>79.25</ele></trkpt>
   <trkpt lat="43.644009" lon="5.09518"><ele>79</ele></trkpt>
   <trkpt lat="43.643959" lon="5.095203"><ele>78.5</ele></trkpt>
   <trkpt lat="43.643879" lon="5.095318"><ele>78</ele></trkpt>
   <trkpt lat="43.643855" lon="5.095353"><ele>78</ele></trkpt>
   <trkpt lat="43.643809" lon="5.095395"><ele>78</ele></trkpt>
   <trkpt lat="43.64354" lon="5.09557"><ele>76.75</ele></trkpt>
   <trkpt lat="43.643472" lon="5.095594"><ele>76.5</ele></trkpt>
   <trkpt lat="43.64301" lon="5.095899"><ele>75.75</ele></trkpt>
   <trkpt lat="43.64298" lon="5.09592"><ele>75.5</ele></trkpt>
   <trkpt lat="43.642854" lon="5.096013"><ele>75.25</ele></trkpt>
   <trkpt lat="43.642389" lon="5.096326"><ele>75</ele></trkpt>
   <trkpt lat="43.64228" lon="5.096385"><ele>75</ele></trkpt>
   <trkpt lat="43.642257" lon="5.096433"><ele>75</ele></trkpt>
   <trkpt lat="43.642226" lon="5.096466"><ele>74.75</ele></trkpt>
   <trkpt lat="43.642153" lon="5.096507"><ele>75</ele></trkpt>
   <trkpt lat="43.641619" lon="5.096835"><ele>75</ele></trkpt>
   <trkpt lat="43.641446" lon="5.096963"><ele>75.75</ele></trkpt>
   <trkpt lat="43.641418" lon="5.096903"><ele>75.75</ele></trkpt>
   <trkpt lat="43.641271" lon="5.096684"><ele>75.5</ele></trkpt>
   <trkpt lat="43.64101" lon="5.096295"><ele>75</ele></trkpt>
   <trkpt lat="43.640825" lon="5.096007"><ele>75</ele></trkpt>
   <trkpt lat="43.640671" lon="5.095782"><ele>75</ele></trkpt>
   <trkpt lat="43.640623" lon="5.095671"><ele>75</ele></trkpt>
   <trkpt lat="43.640636" lon="5.09562"><ele>75</ele></trkpt>
   <trkpt lat="43.640627" lon="5.095579"><ele>75</ele></trkpt>
   <trkpt lat="43.640559" lon="5.095271"><ele>75</ele></trkpt>
   <trkpt lat="43.64053" lon="5.095136"><ele>74.75</ele></trkpt>
   <trkpt lat="43.640501" lon="5.095112"><ele>74.75</ele></trkpt>
   <trkpt lat="43.640234" lon="5.095183"><ele>73.75</ele></trkpt>
   <trkpt lat="43.639815" lon="5.095275"><ele>73</ele></trkpt>
   <trkpt lat="43.639759" lon="5.095297"><ele>73</ele></trkpt>
   <trkpt lat="43.639649" lon="5.09534"><ele>73</ele></trkpt>
   <trkpt lat="43.639611" lon="5.095348"><ele>73</ele></trkpt>
   <trkpt lat="43.639524" lon="5.095372"><ele>73</ele></trkpt>
   <trkpt lat="43.639352" lon="5.095378"><ele>72.5</ele></trkpt>
   <trkpt lat="43.638616" lon="5.095328"><ele>72</ele></trkpt>
   <trkpt lat="43.638576" lon="5.095322"><ele>72</ele></trkpt>
   <trkpt lat="43.638486" lon="5.095311"><ele>72</ele></trkpt>
   <trkpt lat="43.638209" lon="5.095275"><ele>72</ele></trkpt>
   <trkpt lat="43.638068" lon="5.095259"><ele>72</ele></trkpt>
   <trkpt lat="43.637883" lon="5.095219"><ele>72</ele></trkpt>
   <trkpt lat="43.637826" lon="5.09522"><ele>72</ele></trkpt>
   <trkpt lat="43.637796" lon="5.095257"><ele>72</ele></trkpt>
   <trkpt lat="43.637733" lon="5.095275"><ele>72</ele></trkpt>
   <trkpt lat="43.637278" lon="5.095373"><ele>72</ele></trkpt>
   <trkpt lat="43.637097" lon="5.095414"><ele>72</ele></trkpt>
   <trkpt lat="43.6366" lon="5.095528"><ele>72</ele></trkpt>
   <trkpt lat="43.636548" lon="5.095539"><ele>72</ele></trkpt>
   <trkpt lat="43.636399" lon="5.095574"><ele>72</ele></trkpt>
   <trkpt lat="43.636098" lon="5.095642"><ele>72</ele></trkpt>
   <trkpt lat="43.635805" lon="5.095709"><ele>71.75</ele></trkpt>
   <trkpt lat="43.63577" lon="5.095716"><ele>71.75</ele></trkpt>
   <trkpt lat="43.635685" lon="5.095737"><ele>71.25</ele></trkpt>
   <trkpt lat="43.63482" lon="5.095931"><ele>70.25</ele></trkpt>
   <trkpt lat="43.63469" lon="5.095944"><ele>70.25</ele></trkpt>
   <trkpt lat="43.634591" lon="5.095971"><ele>70.25</ele></trkpt>
   <trkpt lat="43.634509" lon="5.095994"><ele>70</ele></trkpt>
   <trkpt lat="43.634283" lon="5.096054"><ele>70</ele></trkpt>
   <trkpt lat="43.634224" lon="5.096058"><ele>70</ele></trkpt>
   <trkpt lat="43.634131" lon="5.096015"><ele>70</ele></trkpt>
   <trkpt lat="43.634124" lon="5.095965"><ele>70</ele></trkpt>
   <trkpt lat="43.634107" lon="5.095919"><ele>70</ele></trkpt>
   <trkpt lat="43.634083" lon="5.095881"><ele>70</ele></trkpt>
   <trkpt lat="43.634054" lon="5.095855"><ele>70</ele></trkpt>
   <trkpt lat="43.634022" lon="5.095839"><ele>70</ele></trkpt>
   <trkpt lat="43.633989" lon="5.095834"><ele>70</ele></trkpt>
   <trkpt lat="43.633945" lon="5.095844"><ele>70</ele></trkpt>
   <trkpt lat="43.633907" lon="5.095873"><ele>70</ele></trkpt>
   <trkpt lat="43.633876" lon="5.095917"><ele>70</ele></trkpt>
   <trkpt lat="43.633861" lon="5.095954"><ele>70</ele></trkpt>
   <trkpt lat="43.633851" lon="5.096005"><ele>70</ele></trkpt>
   <trkpt lat="43.633852" lon="5.096058"><ele>70</ele></trkpt>
   <trkpt lat="43.633863" lon="5.096108"><ele>70</ele></trkpt>
   <trkpt lat="43.633883" lon="5.096152"><ele>70</ele></trkpt>
   <trkpt lat="43.633874" lon="5.096231"><ele>70.25</ele></trkpt>
   <trkpt lat="43.633842" lon="5.096311"><ele>70.5</ele></trkpt>
   <trkpt lat="43.633762" lon="5.096438"><ele>71</ele></trkpt>
   <trkpt lat="43.633606" lon="5.096722"><ele>71</ele></trkpt>
   <trkpt lat="43.633412" lon="5.097084"><ele>71.5</ele></trkpt>
   <trkpt lat="43.633293" lon="5.097292"><ele>71.75</ele></trkpt>
   <trkpt lat="43.633135" lon="5.097565"><ele>72</ele></trkpt>
   <trkpt lat="43.632889" lon="5.09797"><ele>72.25</ele></trkpt>
   <trkpt lat="43.632854" lon="5.098044"><ele>72.25</ele></trkpt>
   <trkpt lat="43.6328" lon="5.098155"><ele>72</ele></trkpt>
   <trkpt lat="43.632709" lon="5.098345"><ele>72</ele></trkpt>
   <trkpt lat="43.632605" lon="5.098504"><ele>72.25</ele></trkpt>
   <trkpt lat="43.632465" lon="5.098743"><ele>73</ele></trkpt>
   <trkpt lat="43.632442" lon="5.098784"><ele>73</ele></trkpt>
   <trkpt lat="43.632397" lon="5.098845"><ele>73.25</ele></trkpt>
   <trkpt lat="43.632189" lon="5.099237"><ele>74</ele></trkpt>
   <trkpt lat="43.632151" lon="5.099314"><ele>74.25</ele></trkpt>
   <trkpt lat="43.63212" lon="5.099392"><ele>74.25</ele></trkpt>
   <trkpt lat="43.631936" lon="5.099848"><ele>74.75</ele></trkpt>
   <trkpt lat="43.63188" lon="5.100045"><ele>74.5</ele></trkpt>
   <trkpt lat="43.63183" lon="5.100224"><ele>74</ele></trkpt>
   <trkpt lat="43.631783" lon="5.100461"><ele>74.25</ele></trkpt>
   <trkpt lat="43.631753" lon="5.100555"><ele>74.25</ele></trkpt>
   <trkpt lat="43.631699" lon="5.10061"><ele>74.25</ele></trkpt>
   <trkpt lat="43.631598" lon="5.100713"><ele>75</ele></trkpt>
   <trkpt lat="43.631454" lon="5.100835"><ele>75.75</ele></trkpt>
   <trkpt lat="43.631407" lon="5.100831"><ele>75.75</ele></trkpt>
   <trkpt lat="43.631257" lon="5.100895"><ele>74.25</ele></trkpt>
   <trkpt lat="43.631211" lon="5.100949"><ele>74</ele></trkpt>
   <trkpt lat="43.631168" lon="5.101031"><ele>74</ele></trkpt>
   <trkpt lat="43.631141" lon="5.101117"><ele>74.25</ele></trkpt>
   <trkpt lat="43.631136" lon="5.101203"><ele>74</ele></trkpt>
   <trkpt lat="43.631149" lon="5.101284"><ele>73.75</ele></trkpt>
   <trkpt lat="43.631049" lon="5.101403"><ele>73.25</ele></trkpt>
   <trkpt lat="43.630707" lon="5.101706"><ele>72.5</ele></trkpt>
   <trkpt lat="43.630307" lon="5.101958"><ele>72</ele></trkpt>
   <trkpt lat="43.630141" lon="5.102058"><ele>71.5</ele></trkpt>
   <trkpt lat="43.630087" lon="5.102083"><ele>71.25</ele></trkpt>
   <trkpt lat="43.629933" lon="5.10216"><ele>70.75</ele></trkpt>
   <trkpt lat="43.629632" lon="5.10231"><ele>69.5</ele></trkpt>
   <trkpt lat="43.62948" lon="5.102412"><ele>69</ele></trkpt>
   <trkpt lat="43.629244" lon="5.102588"><ele>68.25</ele></trkpt>
   <trkpt lat="43.629059" lon="5.102731"><ele>68</ele></trkpt>
   <trkpt lat="43.62891" lon="5.102903"><ele>67.5</ele></trkpt>
   <trkpt lat="43.628669" lon="5.103226"><ele>66.5</ele></trkpt>
   <trkpt lat="43.628393" lon="5.103755"><ele>66</ele></trkpt>
   <trkpt lat="43.628275" lon="5.10407"><ele>65.25</ele></trkpt>
   <trkpt lat="43.628128" lon="5.104518"><ele>65</ele></trkpt>
   <trkpt lat="43.62808" lon="5.104636"><ele>65</ele></trkpt>
   <trkpt lat="43.628051" lon="5.104687"><ele>65</ele></trkpt>
   <trkpt lat="43.627983" lon="5.104782"><ele>65</ele></trkpt>
   <trkpt lat="43.627945" lon="5.104799"><ele>65</ele></trkpt>
   <trkpt lat="43.62791" lon="5.104826"><ele>65</ele></trkpt>
   <trkpt lat="43.627869" lon="5.104879"><ele>65</ele></trkpt>
   <trkpt lat="43.62784" lon="5.104946"><ele>65</ele></trkpt>
   <trkpt lat="43.627826" lon="5.105021"><ele>65</ele></trkpt>
   <trkpt lat="43.627827" lon="5.105084"><ele>65</ele></trkpt>
   <trkpt lat="43.627837" lon="5.105145"><ele>65</ele></trkpt>
   <trkpt lat="43.627857" lon="5.105202"><ele>65.25</ele></trkpt>
   <trkpt lat="43.627896" lon="5.105262"><ele>65.25</ele></trkpt>
   <trkpt lat="43.627945" lon="5.105305"><ele>65.5</ele></trkpt>
   <trkpt lat="43.627969" lon="5.105466"><ele>65.25</ele></trkpt>
   <trkpt lat="43.627985" lon="5.105638"><ele>65.5</ele></trkpt>
   <trkpt lat="43.627991" lon="5.106229"><ele>67.25</ele></trkpt>
   <trkpt lat="43.627967" lon="5.106424"><ele>67.25</ele></trkpt>
   <trkpt lat="43.627932" lon="5.106613"><ele>66.75</ele></trkpt>
   <trkpt lat="43.627865" lon="5.106762"><ele>65.5</ele></trkpt>
   <trkpt lat="43.62784" lon="5.106773"><ele>65</ele></trkpt>
   <trkpt lat="43.627459" lon="5.106917"><ele>65</ele></trkpt>
   <trkpt lat="43.62731" lon="5.106975"><ele>66</ele></trkpt>
   <trkpt lat="43.626524" lon="5.107274"><ele>63</ele></trkpt>
   <trkpt lat="43.62648" lon="5.107291"><ele>62.75</ele></trkpt>
   <trkpt lat="43.626447" lon="5.107307"><ele>62.75</ele></trkpt>
   <trkpt lat="43.626426" lon="5.107319"><ele>62.5</ele></trkpt>
   <trkpt lat="43.626344" lon="5.1074"><ele>62.25</ele></trkpt>
   <trkpt lat="43.62627" lon="5.107497"><ele>62</ele></trkpt>
   <trkpt lat="43.626233" lon="5.107587"><ele>62</ele></trkpt>
   <trkpt lat="43.626016" lon="5.108055"><ele>62</ele></trkpt>
   <trkpt lat="43.62601" lon="5.108072"><ele>62</ele></trkpt>
   <trkpt lat="43.625912" lon="5.108303"><ele>62</ele></trkpt>
   <trkpt lat="43.625556" lon="5.109147"><ele>61.75</ele></trkpt>
   <trkpt lat="43.625528" lon="5.109227"><ele>62</ele></trkpt>
   <trkpt lat="43.625357" lon="5.109681"><ele>62</ele></trkpt>
   <trkpt lat="43.625192" lon="5.110227"><ele>62.75</ele></trkpt>
   <trkpt lat="43.625163" lon="5.110331"><ele>62.75</ele></trkpt>
   <trkpt lat="43.625143" lon="5.11042"><ele>62.75</ele></trkpt>
   <trkpt lat="43.62501" lon="5.111104"><ele>63</ele></trkpt>
   <trkpt lat="43.624994" lon="5.1112"><ele>62.75</ele></trkpt>
   <trkpt lat="43.62489" lon="5.111531"><ele>63.25</ele></trkpt>
   <trkpt lat="43.624862" lon="5.111594"><ele>63.25</ele></trkpt>
   <trkpt lat="43.624858" lon="5.11164"><ele>63.25</ele></trkpt>
   <trkpt lat="43.624867" lon="5.111687"><ele>63.25</ele></trkpt>
   <trkpt lat="43.624886" lon="5.111726"><ele>63.25</ele></trkpt>
   <trkpt lat="43.624906" lon="5.111745"><ele>63.25</ele></trkpt>
   <trkpt lat="43.62493" lon="5.111761"><ele>63.25</ele></trkpt>
   <trkpt lat="43.62492" lon="5.111908"><ele>63</ele></trkpt>
   <trkpt lat="43.624905" lon="5.112012"><ele>63</ele></trkpt>
   <trkpt lat="43.624872" lon="5.11217"><ele>63</ele></trkpt>
   <trkpt lat="43.624831" lon="5.112476"><ele>63.25</ele></trkpt>
   <trkpt lat="43.624603" lon="5.114149"><ele>64</ele></trkpt>
   <trkpt lat="43.624516" lon="5.114789"><ele>64.75</ele></trkpt>
   <trkpt lat="43.624437" lon="5.115346"><ele>64.75</ele></trkpt>
   <trkpt lat="43.624251" lon="5.116516"><ele>65</ele></trkpt>
   <trkpt lat="43.624189" lon="5.116821"><ele>65</ele></trkpt>
   <trkpt lat="43.624179" lon="5.116882"><ele>65</ele></trkpt>
   <trkpt lat="43.624132" lon="5.11709"><ele>65.25</ele></trkpt>
   <trkpt lat="43.623987" lon="5.117744"><ele>65.5</ele></trkpt>
   <trkpt lat="43.623648" lon="5.118897"><ele>66</ele></trkpt>
   <trkpt lat="43.623619" lon="5.118993"><ele>66</ele></trkpt>
   <trkpt lat="43.623524" lon="5.11919"><ele>66</ele></trkpt>
   <trkpt lat="43.623496" lon="5.11921"><ele>66</ele></trkpt>
   <trkpt lat="43.623467" lon="5.119257"><ele>66</ele></trkpt>
   <trkpt lat="43.623459" lon="5.11929"><ele>66</ele></trkpt>
   <trkpt lat="43.623467" lon="5.119373"><ele>66</ele></trkpt>
   <trkpt lat="43.623426" lon="5.119641"><ele>65.5</ele></trkpt>
   <trkpt lat="43.623261" lon="5.120122"><ele>66</ele></trkpt>
   <trkpt lat="43.623083" lon="5.120911"><ele>66</ele></trkpt>
   <trkpt lat="43.623051" lon="5.121177"><ele>66</ele></trkpt>
   <trkpt lat="43.623066" lon="5.121315"><ele>66.5</ele></trkpt>
   <trkpt lat="43.623117" lon="5.121474"><ele>67.25</ele></trkpt>
   <trkpt lat="43.623146" lon="5.121666"><ele>68.25</ele></trkpt>
   <trkpt lat="43.623143" lon="5.121864"><ele>68.5</ele></trkpt>
   <trkpt lat="43.623102" lon="5.122034"><ele>68.5</ele></trkpt>
   <trkpt lat="43.62296" lon="5.122277"><ele>68.5</ele></trkpt>
   <trkpt lat="43.622575" lon="5.122719"><ele>68</ele></trkpt>
   <trkpt lat="43.62245" lon="5.122874"><ele>67.75</ele></trkpt>
   <trkpt lat="43.622319" lon="5.122996"><ele>67.75</ele></trkpt>
   <trkpt lat="43.620789" lon="5.124127"><ele>67.75</ele></trkpt>
   <trkpt lat="43.620389" lon="5.124543"><ele>68.5</ele></trkpt>
   <trkpt lat="43.619942" lon="5.124892"><ele>69.75</ele></trkpt>
   <trkpt lat="43.619103" lon="5.125538"><ele>70.75</ele></trkpt>
   <trkpt lat="43.618724" lon="5.125807"><ele>71</ele></trkpt>
   <trkpt lat="43.618456" lon="5.126079"><ele>70.75</ele></trkpt>
   <trkpt lat="43.618039" lon="5.126484"><ele>69.75</ele></trkpt>
   <trkpt lat="43.617736" lon="5.126738"><ele>69.25</ele></trkpt>
   <trkpt lat="43.617576" lon="5.126897"><ele>69.75</ele></trkpt>
   <trkpt lat="43.617353" lon="5.127184"><ele>69.75</ele></trkpt>
   <trkpt lat="43.617201" lon="5.127392"><ele>69.5</ele></trkpt>
   <trkpt lat="43.617142" lon="5.127492"><ele>69.5</ele></trkpt>
   <trkpt lat="43.617101" lon="5.127611"><ele>69.5</ele></trkpt>
   <trkpt lat="43.617071" lon="5.127721"><ele>69.75</ele></trkpt>
   <trkpt lat="43.617042" lon="5.127863"><ele>70</ele></trkpt>
   <trkpt lat="43.616958" lon="5.128438"><ele>69</ele></trkpt>
   <trkpt lat="43.616926" lon="5.128552"><ele>69</ele></trkpt>
   <trkpt lat="43.616869" lon="5.128719"><ele>69</ele></trkpt>
   <trkpt lat="43.616763" lon="5.128969"><ele>68.5</ele></trkpt>
   <trkpt lat="43.616668" lon="5.129173"><ele>68</ele></trkpt>
   <trkpt lat="43.616277" lon="5.130285"><ele>67.25</ele></trkpt>
   <trkpt lat="43.61613" lon="5.130715"><ele>67.5</ele></trkpt>
   <trkpt lat="43.615588" lon="5.132201"><ele>68</ele></trkpt>
   <trkpt lat="43.615527" lon="5.132362"><ele>68.75</ele></trkpt>
   <trkpt lat="43.615481" lon="5.132465"><ele>69.5</ele></trkpt>
   <trkpt lat="43.615413" lon="5.132566"><ele>69.75</ele></trkpt>
   <trkpt lat="43.615031" lon="5.132926"><ele>70.5</ele></trkpt>
   <trkpt lat="43.61495" lon="5.133052"><ele>70.25</ele></trkpt>
   <trkpt lat="43.614907" lon="5.133143"><ele>70.75</ele></trkpt>
   <trkpt lat="43.614869" lon="5.133254"><ele>71.5</ele></trkpt>
   <trkpt lat="43.614853" lon="5.133383"><ele>72</ele></trkpt>
   <trkpt lat="43.614858" lon="5.133538"><ele>72.25</ele></trkpt>
   <trkpt lat="43.614887" lon="5.133944"><ele>72.25</ele></trkpt>
   <trkpt lat="43.614885" lon="5.134114"><ele>72.25</ele></trkpt>
   <trkpt lat="43.614869" lon="5.134241"><ele>72</ele></trkpt>
   <trkpt lat="43.614835" lon="5.134386"><ele>71.75</ele></trkpt>
   <trkpt lat="43.614748" lon="5.134641"><ele>71.25</ele></trkpt>
   <trkpt lat="43.614496" lon="5.135316"><ele>71</ele></trkpt>
   <trkpt lat="43.614195" lon="5.136117"><ele>74</ele></trkpt>
   <trkpt lat="43.613718" lon="5.137454"><ele>73</ele></trkpt>
   <trkpt lat="43.6137" lon="5.137536"><ele>73</ele></trkpt>
   <trkpt lat="43.613688" lon="5.137609"><ele>72.75</ele></trkpt>
   <trkpt lat="43.613634" lon="5.138284"><ele>73.25</ele></trkpt>
   <trkpt lat="43.613603" lon="5.138412"><ele>73.5</ele></trkpt>
   <trkpt lat="43.613533" lon="5.1387"><ele>72.5</ele></trkpt>
   <trkpt lat="43.613344" lon="5.138655"><ele>72.5</ele></trkpt>
   <trkpt lat="43.612406" lon="5.138503"><ele>71.75</ele></trkpt>
   <trkpt lat="43.612176" lon="5.138437"><ele>71.5</ele></trkpt>
   <trkpt lat="43.610751" lon="5.137941"><ele>70.75</ele></trkpt>
   <trkpt lat="43.610447" lon="5.137847"><ele>70.75</ele></trkpt>
   <trkpt lat="43.609944" lon="5.137706"><ele>71</ele></trkpt>
   <trkpt lat="43.608642" lon="5.137394"><ele>73</ele></trkpt>
   <trkpt lat="43.608358" lon="5.137309"><ele>73.75</ele></trkpt>
   <trkpt lat="43.608165" lon="5.137252"><ele>74</ele></trkpt>
   <trkpt lat="43.607715" lon="5.137111"><ele>74</ele></trkpt>
   <trkpt lat="43.607297" lon="5.136936"><ele>74.75</ele></trkpt>
   <trkpt lat="43.607148" lon="5.136876"><ele>74.25</ele></trkpt>
   <trkpt lat="43.60685" lon="5.136711"><ele>74.25</ele></trkpt>
   <trkpt lat="43.606692" lon="5.136612"><ele>74</ele></trkpt>
   <trkpt lat="43.60653" lon="5.136497"><ele>73.75</ele></trkpt>
   <trkpt lat="43.606263" lon="5.136308"><ele>74</ele></trkpt>
   <trkpt lat="43.605947" lon="5.136038"><ele>74.5</ele></trkpt>
   <trkpt lat="43.605939" lon="5.136193"><ele>74.5</ele></trkpt>
   <trkpt lat="43.605976" lon="5.136565"><ele>74.75</ele></trkpt>
   <trkpt lat="43.606037" lon="5.137584"><ele>76.5</ele></trkpt>
   <trkpt lat="43.606045" lon="5.137838"><ele>76.25</ele></trkpt>
   <trkpt lat="43.606045" lon="5.138783"><ele>77</ele></trkpt>
   <trkpt lat="43.606052" lon="5.139075"><ele>77.75</ele></trkpt>
   <trkpt lat="43.606113" lon="5.139722"><ele>77.75</ele></trkpt>
   <trkpt lat="43.606159" lon="5.140021"><ele>78.75</ele></trkpt>
   <trkpt lat="43.606236" lon="5.140397"><ele>78.75</ele></trkpt>
   <trkpt lat="43.606247" lon="5.140477"><ele>78.75</ele></trkpt>
   <trkpt lat="43.606243" lon="5.140536"><ele>79</ele></trkpt>
   <trkpt lat="43.606228" lon="5.140582"><ele>79</ele></trkpt>
   <trkpt lat="43.606194" lon="5.140618"><ele>79.25</ele></trkpt>
   <trkpt lat="43.606056" lon="5.140724"><ele>80</ele></trkpt>
   <trkpt lat="43.605869" lon="5.140955"><ele>80.75</ele></trkpt>
   <trkpt lat="43.605835" lon="5.141016"><ele>80.75</ele></trkpt>
   <trkpt lat="43.605808" lon="5.14109"><ele>81</ele></trkpt>
   <trkpt lat="43.605728" lon="5.141383"><ele>81</ele></trkpt>
   <trkpt lat="43.605618" lon="5.141655"><ele>80.75</ele></trkpt>
   <trkpt lat="43.605591" lon="5.141757"><ele>80.75</ele></trkpt>
   <trkpt lat="43.605556" lon="5.141992"><ele>81</ele></trkpt>
   <trkpt lat="43.605526" lon="5.142483"><ele>82</ele></trkpt>
   <trkpt lat="43.605526" lon="5.142592"><ele>82.25</ele></trkpt>
   <trkpt lat="43.605515" lon="5.142697"><ele>82.75</ele></trkpt>
   <trkpt lat="43.60548" lon="5.142892"><ele>82.5</ele></trkpt>
   <trkpt lat="43.60545" lon="5.142992"><ele>82.5</ele></trkpt>
   <trkpt lat="43.605312" lon="5.14329"><ele>82.75</ele></trkpt>
   <trkpt lat="43.60516" lon="5.143676"><ele>82.75</ele></trkpt>
   <trkpt lat="43.605022" lon="5.144029"><ele>83.25</ele></trkpt>
   <trkpt lat="43.604812" lon="5.144637"><ele>83</ele></trkpt>
   <trkpt lat="43.604633" lon="5.145215"><ele>82.5</ele></trkpt>
   <trkpt lat="43.604523" lon="5.1455"><ele>82.5</ele></trkpt>
   <trkpt lat="43.604416" lon="5.14588"><ele>82</ele></trkpt>
   <trkpt lat="43.604259" lon="5.146352"><ele>82</ele></trkpt>
   <trkpt lat="43.604206" lon="5.146556"><ele>82</ele></trkpt>
   <trkpt lat="43.604172" lon="5.146748"><ele>81.75</ele></trkpt>
   <trkpt lat="43.604156" lon="5.146906"><ele>82</ele></trkpt>
   <trkpt lat="43.604145" lon="5.147173"><ele>82</ele></trkpt>
   <trkpt lat="43.604069" lon="5.147572"><ele>82</ele></trkpt>
   <trkpt lat="43.604031" lon="5.147865"><ele>82.25</ele></trkpt>
   <trkpt lat="43.603851" lon="5.148619"><ele>83.25</ele></trkpt>
   <trkpt lat="43.60376" lon="5.149075"><ele>83.5</ele></trkpt>
   <trkpt lat="43.603691" lon="5.149367"><ele>83</ele></trkpt>
   <trkpt lat="43.603676" lon="5.149549"><ele>82.5</ele></trkpt>
   <trkpt lat="43.603668" lon="5.149984"><ele>81.75</ele></trkpt>
   <trkpt lat="43.603592" lon="5.150405"><ele>82</ele></trkpt>
   <trkpt lat="43.603569" lon="5.150517"><ele>82</ele></trkpt>
   <trkpt lat="43.603512" lon="5.150726"><ele>81.5</ele></trkpt>
   <trkpt lat="43.603394" lon="5.151089"><ele>81.5</ele></trkpt>
   <trkpt lat="43.603275" lon="5.151543"><ele>80.75</ele></trkpt>
   <trkpt lat="43.603195" lon="5.15177"><ele>80.5</ele></trkpt>
   <trkpt lat="43.603165" lon="5.15184"><ele>80.5</ele></trkpt>
   <trkpt lat="43.603123" lon="5.151903"><ele>80.5</ele></trkpt>
   <trkpt lat="43.603073" lon="5.151958"><ele>80.75</ele></trkpt>
   <trkpt lat="43.602955" lon="5.152066"><ele>81</ele></trkpt>
   <trkpt lat="43.602699" lon="5.152277"><ele>81.5</ele></trkpt>
   <trkpt lat="43.602371" lon="5.152619"><ele>82.25</ele></trkpt>
   <trkpt lat="43.602268" lon="5.152786"><ele>81.75</ele></trkpt>
   <trkpt lat="43.602112" lon="5.153094"><ele>81</ele></trkpt>
   <trkpt lat="43.602066" lon="5.153165"><ele>80.75</ele></trkpt>
   <trkpt lat="43.602009" lon="5.153233"><ele>80.75</ele></trkpt>
   <trkpt lat="43.60181" lon="5.153427"><ele>80.25</ele></trkpt>
   <trkpt lat="43.601688" lon="5.153581"><ele>79.75</ele></trkpt>
   <trkpt lat="43.601494" lon="5.15378"><ele>80.5</ele></trkpt>
   <trkpt lat="43.601402" lon="5.153896"><ele>80.75</ele></trkpt>
   <trkpt lat="43.601372" lon="5.153962"><ele>80.5</ele></trkpt>
   <trkpt lat="43.601292" lon="5.154288"><ele>79.5</ele></trkpt>
   <trkpt lat="43.601245" lon="5.154388"><ele>79.5</ele></trkpt>
   <trkpt lat="43.601135" lon="5.154546"><ele>79.75</ele></trkpt>
   <trkpt lat="43.601002" lon="5.154714"><ele>79.5</ele></trkpt>
   <trkpt lat="43.600873" lon="5.154844"><ele>79</ele></trkpt>
   <trkpt lat="43.600616" lon="5.155158"><ele>79</ele></trkpt>
   <trkpt lat="43.599723" lon="5.156524"><ele>79</ele></trkpt>
   <trkpt lat="43.599493" lon="5.156896"><ele>79</ele></trkpt>
   <trkpt lat="43.599346" lon="5.157133"><ele>80</ele></trkpt>
   <trkpt lat="43.599182" lon="5.157444"><ele>80</ele></trkpt>
   <trkpt lat="43.598726" lon="5.158239"><ele>80.25</ele></trkpt>
   <trkpt lat="43.59845" lon="5.158757"><ele>80.25</ele></trkpt>
   <trkpt lat="43.598331" lon="5.158995"><ele>80</ele></trkpt>
   <trkpt lat="43.598202" lon="5.159308"><ele>81.25</ele></trkpt>
   <trkpt lat="43.598164" lon="5.159379"><ele>81.75</ele></trkpt>
   <trkpt lat="43.598125" lon="5.159427"><ele>82.5</ele></trkpt>
   <trkpt lat="43.598091" lon="5.159451"><ele>82.75</ele></trkpt>
   <trkpt lat="43.598042" lon="5.159472"><ele>82.75</ele></trkpt>
   <trkpt lat="43.598019" lon="5.159472"><ele>82.75</ele></trkpt>
   <trkpt lat="43.597416" lon="5.15935"><ele>84</ele></trkpt>
   <trkpt lat="43.597304" lon="5.159342"><ele>83.5</ele></trkpt>
   <trkpt lat="43.597229" lon="5.159279"><ele>83.5</ele></trkpt>
   <trkpt lat="43.596712" lon="5.159402"><ele>81.75</ele></trkpt>
   <trkpt lat="43.596712" lon="5.159507"><ele>81.75</ele></trkpt>
   <trkpt lat="43.596718" lon="5.159534"><ele>81.75</ele></trkpt>
   <trkpt lat="43.596741" lon="5.159569"><ele>81.75</ele></trkpt>
   <trkpt lat="43.596775" lon="5.159589"><ele>81.75</ele></trkpt>
   <trkpt lat="43.596825" lon="5.15959"><ele>81.5</ele></trkpt>
   <trkpt lat="43.596996" lon="5.159545"><ele>81.75</ele></trkpt>
   <trkpt lat="43.597054" lon="5.159543"><ele>81.75</ele></trkpt>
   <trkpt lat="43.597111" lon="5.159553"><ele>81.75</ele></trkpt>
   <trkpt lat="43.597164" lon="5.159577"><ele>81.75</ele></trkpt>
   <trkpt lat="43.59721" lon="5.159624"><ele>81.5</ele></trkpt>
   <trkpt lat="43.59724" lon="5.159694"><ele>81.25</ele></trkpt>
   <trkpt lat="43.597256" lon="5.159792"><ele>81</ele></trkpt>
   <trkpt lat="43.597267" lon="5.160041"><ele>80.75</ele></trkpt>
   <trkpt lat="43.597305" lon="5.16032"><ele>80.5</ele></trkpt>
   <trkpt lat="43.597374" lon="5.16062"><ele>81</ele></trkpt>
   <trkpt lat="43.597412" lon="5.160787"><ele>81</ele></trkpt>
   <trkpt lat="43.597424" lon="5.160892"><ele>81</ele></trkpt>
   <trkpt lat="43.597424" lon="5.161"><ele>81.25</ele></trkpt>
   <trkpt lat="43.597401" lon="5.161107"><ele>81.5</ele></trkpt>
   <trkpt lat="43.597252" lon="5.161484"><ele>81.5</ele></trkpt>
   <trkpt lat="43.596863" lon="5.162557"><ele>85.5</ele></trkpt>
   <trkpt lat="43.596596" lon="5.163247"><ele>86.5</ele></trkpt>
   <trkpt lat="43.596359" lon="5.163949"><ele>88</ele></trkpt>
   <trkpt lat="43.596115" lon="5.164618"><ele>90.75</ele></trkpt>
   <trkpt lat="43.595669" lon="5.165928"><ele>92.75</ele></trkpt>
   <trkpt lat="43.595325" lon="5.166897"><ele>94.25</ele></trkpt>
   <trkpt lat="43.594917" lon="5.167962"><ele>97.25</ele></trkpt>
   <trkpt lat="43.593967" lon="5.170843"><ele>92.25</ele></trkpt>
   <trkpt lat="43.59391" lon="5.170978"><ele>91.5</ele></trkpt>
   <trkpt lat="43.593782" lon="5.171195"><ele>91.25</ele></trkpt>
   <trkpt lat="43.593693" lon="5.171297"><ele>90.75</ele></trkpt>
   <trkpt lat="43.593526" lon="5.171434"><ele>89.25</ele></trkpt>
   <trkpt lat="43.593397" lon="5.171531"><ele>88.5</ele></trkpt>
   <trkpt lat="43.593213" lon="5.171709"><ele>89</ele></trkpt>
   <trkpt lat="43.593118" lon="5.171858"><ele>89.25</ele></trkpt>
   <trkpt lat="43.593048" lon="5.172005"><ele>89</ele></trkpt>
   <trkpt lat="43.592991" lon="5.172143"><ele>89.25</ele></trkpt>
   <trkpt lat="43.592574" lon="5.173593"><ele>89.75</ele></trkpt>
   <trkpt lat="43.592546" lon="5.17376"><ele>89.75</ele></trkpt>
   <trkpt lat="43.592535" lon="5.173919"><ele>90</ele></trkpt>
   <trkpt lat="43.592538" lon="5.174217"><ele>90</ele></trkpt>
   <trkpt lat="43.592555" lon="5.174412"><ele>90</ele></trkpt>
   <trkpt lat="43.592708" lon="5.175659"><ele>91</ele></trkpt>
   <trkpt lat="43.592723" lon="5.175841"><ele>91.5</ele></trkpt>
   <trkpt lat="43.592727" lon="5.176016"><ele>92</ele></trkpt>
   <trkpt lat="43.592715" lon="5.176164"><ele>92.5</ele></trkpt>
   <trkpt lat="43.592686" lon="5.176321"><ele>92.75</ele></trkpt>
   <trkpt lat="43.592651" lon="5.176474"><ele>92.75</ele></trkpt>
   <trkpt lat="43.591759" lon="5.179591"><ele>93.75</ele></trkpt>
   <trkpt lat="43.590579" lon="5.183913"><ele>98</ele></trkpt>
   <trkpt lat="43.590212" lon="5.185236"><ele>98</ele></trkpt>
   <trkpt lat="43.590182" lon="5.185335"><ele>98</ele></trkpt>
   <trkpt lat="43.590136" lon="5.18545"><ele>98</ele></trkpt>
   <trkpt lat="43.590073" lon="5.185572"><ele>98.25</ele></trkpt>
   <trkpt lat="43.590013" lon="5.185664"><ele>98</ele></trkpt>
   <trkpt lat="43.589913" lon="5.185773"><ele>97.75</ele></trkpt>
   <trkpt lat="43.58969" lon="5.185944"><ele>97.5</ele></trkpt>
   <trkpt lat="43.589336" lon="5.186193"><ele>98.25</ele></trkpt>
   <trkpt lat="43.589283" lon="5.18621"><ele>98.5</ele></trkpt>
   <trkpt lat="43.589247" lon="5.186208"><ele>98.5</ele></trkpt>
   <trkpt lat="43.589203" lon="5.186196"><ele>98.5</ele></trkpt>
   <trkpt lat="43.589119" lon="5.186146"><ele>98.25</ele></trkpt>
   <trkpt lat="43.588736" lon="5.185884"><ele>96.75</ele></trkpt>
   <trkpt lat="43.588497" lon="5.186555"><ele>98</ele></trkpt>
   <trkpt lat="43.588387" lon="5.186821"><ele>98.25</ele></trkpt>
   <trkpt lat="43.588268" lon="5.187068"><ele>99.5</ele></trkpt>
   <trkpt lat="43.588135" lon="5.1873"><ele>99.75</ele></trkpt>
   <trkpt lat="43.587988" lon="5.187517"><ele>100</ele></trkpt>
   <trkpt lat="43.58787" lon="5.187652"><ele>100</ele></trkpt>
   <trkpt lat="43.587804" lon="5.187726"><ele>100</ele></trkpt>
   <trkpt lat="43.587741" lon="5.18779"><ele>99.75</ele></trkpt>
   <trkpt lat="43.587433" lon="5.188104"><ele>100.25</ele></trkpt>
   <trkpt lat="43.587341" lon="5.188216"><ele>100.25</ele></trkpt>
   <trkpt lat="43.587257" lon="5.18834"><ele>100.75</ele></trkpt>
   <trkpt lat="43.587177" lon="5.188481"><ele>100.5</ele></trkpt>
   <trkpt lat="43.587105" lon="5.188644"><ele>100.25</ele></trkpt>
   <trkpt lat="43.587044" lon="5.188824"><ele>100.5</ele></trkpt>
   <trkpt lat="43.586994" lon="5.189048"><ele>101.25</ele></trkpt>
   <trkpt lat="43.586964" lon="5.189251"><ele>101.75</ele></trkpt>
   <trkpt lat="43.586872" lon="5.190011"><ele>103</ele></trkpt>
   <trkpt lat="43.586834" lon="5.190222"><ele>103</ele></trkpt>
   <trkpt lat="43.586735" lon="5.190658"><ele>103.5</ele></trkpt>
   <trkpt lat="43.586479" lon="5.191615"><ele>105.25</ele></trkpt>
   <trkpt lat="43.586361" lon="5.192098"><ele>106</ele></trkpt>
   <trkpt lat="43.586315" lon="5.19234"><ele>106</ele></trkpt>
   <trkpt lat="43.586288" lon="5.192585"><ele>106.5</ele></trkpt>
   <trkpt lat="43.586288" lon="5.192826"><ele>107</ele></trkpt>
   <trkpt lat="43.586319" lon="5.193064"><ele>107</ele></trkpt>
   <trkpt lat="43.586372" lon="5.193292"><ele>107</ele></trkpt>
   <trkpt lat="43.586449" lon="5.193508"><ele>107</ele></trkpt>
   <trkpt lat="43.586548" lon="5.193714"><ele>107</ele></trkpt>
   <trkpt lat="43.587021" lon="5.194496"><ele>107</ele></trkpt>
   <trkpt lat="43.587242" lon="5.194916"><ele>107</ele></trkpt>
   <trkpt lat="43.587359" lon="5.195167"><ele>107.25</ele></trkpt>
   <trkpt lat="43.587677" lon="5.195907"><ele>108.25</ele></trkpt>
   <trkpt lat="43.587742" lon="5.196091"><ele>108</ele></trkpt>
   <trkpt lat="43.587793" lon="5.196262"><ele>107.75</ele></trkpt>
   <trkpt lat="43.587818" lon="5.196426"><ele>107.75</ele></trkpt>
   <trkpt lat="43.587824" lon="5.196549"><ele>108</ele></trkpt>
   <trkpt lat="43.587818" lon="5.196701"><ele>108.25</ele></trkpt>
   <trkpt lat="43.587797" lon="5.196913"><ele>109</ele></trkpt>
   <trkpt lat="43.587759" lon="5.197208"><ele>109</ele></trkpt>
   <trkpt lat="43.587712" lon="5.197422"><ele>109.75</ele></trkpt>
   <trkpt lat="43.58767" lon="5.19755"><ele>110.5</ele></trkpt>
   <trkpt lat="43.587381" lon="5.198353"><ele>111</ele></trkpt>
   <trkpt lat="43.587174" lon="5.198902"><ele>112</ele></trkpt>
   <trkpt lat="43.58688" lon="5.19967"><ele>113.75</ele></trkpt>
   <trkpt lat="43.586803" lon="5.199832"><ele>114.5</ele></trkpt>
   <trkpt lat="43.586578" lon="5.200193"><ele>116.25</ele></trkpt>
   <trkpt lat="43.586424" lon="5.200453"><ele>119.5</ele></trkpt>
   <trkpt lat="43.586387" lon="5.200528"><ele>121.25</ele></trkpt>
   <trkpt lat="43.586364" lon="5.200607"><ele>121.25</ele></trkpt>
   <trkpt lat="43.586366" lon="5.200698"><ele>121.25</ele></trkpt>
   <trkpt lat="43.586385" lon="5.200787"><ele>121.75</ele></trkpt>
   <trkpt lat="43.586432" lon="5.200859"><ele>120.75</ele></trkpt>
   <trkpt lat="43.586847" lon="5.201233"><ele>119</ele></trkpt>
   <trkpt lat="43.586894" lon="5.201279"><ele>120</ele></trkpt>
   <trkpt lat="43.586925" lon="5.201333"><ele>121.5</ele></trkpt>
   <trkpt lat="43.586937" lon="5.201388"><ele>122.75</ele></trkpt>
   <trkpt lat="43.586939" lon="5.201495"><ele>122.5</ele></trkpt>
   <trkpt lat="43.586811" lon="5.20293"><ele>117.5</ele></trkpt>
   <trkpt lat="43.586726" lon="5.203687"><ele>118.25</ele></trkpt>
   <trkpt lat="43.586703" lon="5.203862"><ele>118.75</ele></trkpt>
   <trkpt lat="43.586646" lon="5.205029"><ele>121</ele></trkpt>
   <trkpt lat="43.586602" lon="5.205943"><ele>122.5</ele></trkpt>
   <trkpt lat="43.5866" lon="5.205997"><ele>122.5</ele></trkpt>
   <trkpt lat="43.586599" lon="5.206028"><ele>122.75</ele></trkpt>
   <trkpt lat="43.586508" lon="5.20684"><ele>125.25</ele></trkpt>
   <trkpt lat="43.586507" lon="5.207593"><ele>127.75</ele></trkpt>
   <trkpt lat="43.586486" lon="5.207894"><ele>129.5</ele></trkpt>
   <trkpt lat="43.586459" lon="5.208079"><ele>130.25</ele></trkpt>
   <trkpt lat="43.586388" lon="5.208457"><ele>131.25</ele></trkpt>
   <trkpt lat="43.586299" lon="5.208849"><ele>132.5</ele></trkpt>
   <trkpt lat="43.58627" lon="5.20901"><ele>133.25</ele></trkpt>
   <trkpt lat="43.586264" lon="5.209058"><ele>133.25</ele></trkpt>
   <trkpt lat="43.586247" lon="5.209298"><ele>134.25</ele></trkpt>
   <trkpt lat="43.586249" lon="5.209441"><ele>134.75</ele></trkpt>
   <trkpt lat="43.586282" lon="5.210074"><ele>136.5</ele></trkpt>
   <trkpt lat="43.586255" lon="5.210399"><ele>138.25</ele></trkpt>
   <trkpt lat="43.586249" lon="5.210416"><ele>138.25</ele></trkpt>
   <trkpt lat="43.58625" lon="5.210454"><ele>138.75</ele></trkpt>
   <trkpt lat="43.585744" lon="5.210602"><ele>137.75</ele></trkpt>
   <trkpt lat="43.585154" lon="5.210766"><ele>137</ele></trkpt>
   <trkpt lat="43.585073" lon="5.210805"><ele>137</ele></trkpt>
   <trkpt lat="43.585025" lon="5.210844"><ele>137</ele></trkpt>
   <trkpt lat="43.584836" lon="5.210904"><ele>137.25</ele></trkpt>
   <trkpt lat="43.584793" lon="5.21089"><ele>137</ele></trkpt>
   <trkpt lat="43.584644" lon="5.210932"><ele>137.25</ele></trkpt>
   <trkpt lat="43.584466" lon="5.210995"><ele>137.5</ele></trkpt>
   <trkpt lat="43.58437" lon="5.211025"><ele>137.75</ele></trkpt>
   <trkpt lat="43.584121" lon="5.21107"><ele>138.75</ele></trkpt>
   <trkpt lat="43.584004" lon="5.211105"><ele>138.75</ele></trkpt>
   <trkpt lat="43.583746" lon="5.211207"><ele>139.5</ele></trkpt>
   <trkpt lat="43.582861" lon="5.211585"><ele>141.25</ele></trkpt>
   <trkpt lat="43.58279" lon="5.211588"><ele>141.25</ele></trkpt>
   <trkpt lat="43.582728" lon="5.211578"><ele>141.5</ele></trkpt>
   <trkpt lat="43.582355" lon="5.211473"><ele>141.75</ele></trkpt>
   <trkpt lat="43.582047" lon="5.211403"><ele>141.75</ele></trkpt>
   <trkpt lat="43.581449" lon="5.211341"><ele>140.5</ele></trkpt>
   <trkpt lat="43.581366" lon="5.211319"><ele>140.5</ele></trkpt>
   <trkpt lat="43.581215" lon="5.211257"><ele>140.25</ele></trkpt>
   <trkpt lat="43.581071" lon="5.211172"><ele>140</ele></trkpt>
   <trkpt lat="43.580996" lon="5.211111"><ele>139.75</ele></trkpt>
   <trkpt lat="43.580895" lon="5.211006"><ele>139.75</ele></trkpt>
   <trkpt lat="43.580823" lon="5.210931"><ele>140</ele></trkpt>
   <trkpt lat="43.580714" lon="5.210847"><ele>140</ele></trkpt>
   <trkpt lat="43.580613" lon="5.210786"><ele>139.75</ele></trkpt>
   <trkpt lat="43.580498" lon="5.210729"><ele>139.5</ele></trkpt>
   <trkpt lat="43.580388" lon="5.210692"><ele>139.25</ele></trkpt>
   <trkpt lat="43.580292" lon="5.210674"><ele>139.25</ele></trkpt>
   <trkpt lat="43.580122" lon="5.210668"><ele>139.25</ele></trkpt>
   <trkpt lat="43.579746" lon="5.210714"><ele>139.5</ele></trkpt>
   <trkpt lat="43.579591" lon="5.210743"><ele>140.5</ele></trkpt>
   <trkpt lat="43.579182" lon="5.210844"><ele>141</ele></trkpt>
   <trkpt lat="43.578855" lon="5.210963"><ele>142</ele></trkpt>
   <trkpt lat="43.578606" lon="5.211045"><ele>142.5</ele></trkpt>
   <trkpt lat="43.578536" lon="5.21106"><ele>142.75</ele></trkpt>
   <trkpt lat="43.578484" lon="5.211071"><ele>142.75</ele></trkpt>
   <trkpt lat="43.578346" lon="5.211071"><ele>143.25</ele></trkpt>
   <trkpt lat="43.578218" lon="5.211056"><ele>143.25</ele></trkpt>
   <trkpt lat="43.578013" lon="5.210994"><ele>143</ele></trkpt>
   <trkpt lat="43.577819" lon="5.210951"><ele>143.25</ele></trkpt>
   <trkpt lat="43.577689" lon="5.210976"><ele>143.5</ele></trkpt>
   <trkpt lat="43.577644" lon="5.211"><ele>143.5</ele></trkpt>
   <trkpt lat="43.577448" lon="5.21114"><ele>144</ele></trkpt>
   <trkpt lat="43.576058" lon="5.212211"><ele>144.25</ele></trkpt>
   <trkpt lat="43.574721" lon="5.213148"><ele>147.25</ele></trkpt>
   <trkpt lat="43.574539" lon="5.213289"><ele>147.5</ele></trkpt>
   <trkpt lat="43.574258" lon="5.21357"><ele>147.75</ele></trkpt>
   <trkpt lat="43.574208" lon="5.213582"><ele>147.5</ele></trkpt>
   <trkpt lat="43.574179" lon="5.21357"><ele>147.25</ele></trkpt>
   <trkpt lat="43.574139" lon="5.213534"><ele>148</ele></trkpt>
   <trkpt lat="43.574079" lon="5.213415"><ele>149.5</ele></trkpt>
   <trkpt lat="43.573932" lon="5.213035"><ele>149</ele></trkpt>
   <trkpt lat="43.57384" lon="5.212781"><ele>146</ele></trkpt>
   <trkpt lat="43.572971" lon="5.213395"><ele>147.25</ele></trkpt>
   <trkpt lat="43.571689" lon="5.214444"><ele>149</ele></trkpt>
   <trkpt lat="43.571363" lon="5.214797"><ele>150.25</ele></trkpt>
   <trkpt lat="43.570876" lon="5.215572"><ele>150.25</ele></trkpt>
   <trkpt lat="43.569952" lon="5.216937"><ele>148</ele></trkpt>
   <trkpt lat="43.56985" lon="5.217085"><ele>148</ele></trkpt>
   <trkpt lat="43.569409" lon="5.21784"><ele>145.5</ele></trkpt>
   <trkpt lat="43.569053" lon="5.218615"><ele>142</ele></trkpt>
   <trkpt lat="43.568444" lon="5.220074"><ele>138.25</ele></trkpt>
   <trkpt lat="43.568101" lon="5.220872"><ele>135.75</ele></trkpt>
   <trkpt lat="43.567157" lon="5.223004"><ele>128</ele></trkpt>
   <trkpt lat="43.566581" lon="5.223961"><ele>125.5</ele></trkpt>
   <trkpt lat="43.566252" lon="5.224394"><ele>125</ele></trkpt>
   <trkpt lat="43.565692" lon="5.224974"><ele>125.5</ele></trkpt>
   <trkpt lat="43.565433" lon="5.225207"><ele>125.5</ele></trkpt>
   <trkpt lat="43.565219" lon="5.225361"><ele>129.25</ele></trkpt>
   <trkpt lat="43.564248" lon="5.226021"><ele>130.5</ele></trkpt>
   <trkpt lat="43.563618" lon="5.226358"><ele>125.75</ele></trkpt>
   <trkpt lat="43.562316" lon="5.226941"><ele>115</ele></trkpt>
   <trkpt lat="43.56042" lon="5.227868"><ele>107.25</ele></trkpt>
   <trkpt lat="43.558867" lon="5.228601"><ele>103.75</ele></trkpt>
   <trkpt lat="43.557324" lon="5.229324"><ele>96.5</ele></trkpt>
   <trkpt lat="43.555343" lon="5.23023"><ele>83</ele></trkpt>
   <trkpt lat="43.555112" lon="5.230285"><ele>81.75</ele></trkpt>
   <trkpt lat="43.55487" lon="5.230314"><ele>79.75</ele></trkpt>
   <trkpt lat="43.554691" lon="5.230288"><ele>78.5</ele></trkpt>
   <trkpt lat="43.554562" lon="5.230254"><ele>77</ele></trkpt>
   <trkpt lat="43.554441" lon="5.230187"><ele>75.5</ele></trkpt>
   <trkpt lat="43.554296" lon="5.23005"><ele>74.25</ele></trkpt>
   <trkpt lat="43.554213" lon="5.229932"><ele>74</ele></trkpt>
   <trkpt lat="43.554151" lon="5.22982"><ele>73.75</ele></trkpt>
   <trkpt lat="43.553892" lon="5.229122"><ele>73</ele></trkpt>
   <trkpt lat="43.553832" lon="5.228923"><ele>72.5</ele></trkpt>
   <trkpt lat="43.553771" lon="5.228811"><ele>72.25</ele></trkpt>
   <trkpt lat="43.553603" lon="5.228611"><ele>70.75</ele></trkpt>
   <trkpt lat="43.553493" lon="5.228523"><ele>71</ele></trkpt>
   <trkpt lat="43.553365" lon="5.228456"><ele>71</ele></trkpt>
   <trkpt lat="43.553214" lon="5.22842"><ele>70.5</ele></trkpt>
   <trkpt lat="43.553072" lon="5.228408"><ele>69.75</ele></trkpt>
   <trkpt lat="43.552895" lon="5.228381"><ele>68</ele></trkpt>
   <trkpt lat="43.552832" lon="5.228346"><ele>67.5</ele></trkpt>
   <trkpt lat="43.552796" lon="5.228276"><ele>67.75</ele></trkpt>
   <trkpt lat="43.552745" lon="5.228225"><ele>68</ele></trkpt>
   <trkpt lat="43.552685" lon="5.2282"><ele>67.75</ele></trkpt>
   <trkpt lat="43.552653" lon="5.228201"><ele>67.75</ele></trkpt>
   <trkpt lat="43.552622" lon="5.228202"><ele>67.5</ele></trkpt>
   <trkpt lat="43.552564" lon="5.228232"><ele>67</ele></trkpt>
   <trkpt lat="43.552515" lon="5.228286"><ele>66.25</ele></trkpt>
   <trkpt lat="43.552481" lon="5.228359"><ele>65.75</ele></trkpt>
   <trkpt lat="43.552405" lon="5.228405"><ele>65.5</ele></trkpt>
   <trkpt lat="43.552194" lon="5.228447"><ele>64.5</ele></trkpt>
   <trkpt lat="43.551244" lon="5.228414"><ele>59.75</ele></trkpt>
   <trkpt lat="43.55101" lon="5.228428"><ele>59</ele></trkpt>
   <trkpt lat="43.55096" lon="5.228439"><ele>59</ele></trkpt>
   <trkpt lat="43.550683" lon="5.228497"><ele>59</ele></trkpt>
   <trkpt lat="43.550621" lon="5.22848"><ele>58.75</ele></trkpt>
   <trkpt lat="43.550496" lon="5.228386"><ele>58</ele></trkpt>
   <trkpt lat="43.550458" lon="5.228332"><ele>57.75</ele></trkpt>
   <trkpt lat="43.550409" lon="5.228296"><ele>57.75</ele></trkpt>
   <trkpt lat="43.55036" lon="5.228283"><ele>57.75</ele></trkpt>
   <trkpt lat="43.55031" lon="5.228288"><ele>57.75</ele></trkpt>
   <trkpt lat="43.550263" lon="5.228313"><ele>57.75</ele></trkpt>
   <trkpt lat="43.550223" lon="5.228355"><ele>57.25</ele></trkpt>
   <trkpt lat="43.550193" lon="5.22841"><ele>57.25</ele></trkpt>
   <trkpt lat="43.550176" lon="5.228469"><ele>57.25</ele></trkpt>
   <trkpt lat="43.55017" lon="5.228531"><ele>57.5</ele></trkpt>
   <trkpt lat="43.550176" lon="5.228593"><ele>57.75</ele></trkpt>
   <trkpt lat="43.550202" lon="5.22867"><ele>58</ele></trkpt>
   <trkpt lat="43.550244" lon="5.228731"><ele>58.5</ele></trkpt>
   <trkpt lat="43.550279" lon="5.22882"><ele>59</ele></trkpt>
   <trkpt lat="43.550294" lon="5.228891"><ele>59</ele></trkpt>
   <trkpt lat="43.550324" lon="5.229184"><ele>60.75</ele></trkpt>
   <trkpt lat="43.550347" lon="5.229413"><ele>60.5</ele></trkpt>
   <trkpt lat="43.550336" lon="5.230335"><ele>61.5</ele></trkpt>
   <trkpt lat="43.55031" lon="5.232478"><ele>61.75</ele></trkpt>
   <trkpt lat="43.550291" lon="5.233958"><ele>57.25</ele></trkpt>
   <trkpt lat="43.550263" lon="5.234856"><ele>53.75</ele></trkpt>
   <trkpt lat="43.550263" lon="5.235311"><ele>52.75</ele></trkpt>
   <trkpt lat="43.55025" lon="5.2362"><ele>52.75</ele></trkpt>
   <trkpt lat="43.550229" lon="5.237137"><ele>52.75</ele></trkpt>
   <trkpt lat="43.550199" lon="5.237644"><ele>52.5</ele></trkpt>
   <trkpt lat="43.55016" lon="5.238089"><ele>53</ele></trkpt>
   <trkpt lat="43.550092" lon="5.238808"><ele>53</ele></trkpt>
   <trkpt lat="43.550014" lon="5.239362"><ele>53.5</ele></trkpt>
   <trkpt lat="43.549966" lon="5.239655"><ele>53.75</ele></trkpt>
   <trkpt lat="43.549802" lon="5.240473"><ele>53.5</ele></trkpt>
   <trkpt lat="43.549679" lon="5.24102"><ele>53.75</ele></trkpt>
   <trkpt lat="43.54948" lon="5.241682"><ele>54</ele></trkpt>
   <trkpt lat="43.549343" lon="5.242183"><ele>54</ele></trkpt>
   <trkpt lat="43.54926" lon="5.242502"><ele>54.25</ele></trkpt>
   <trkpt lat="43.549196" lon="5.242748"><ele>54.75</ele></trkpt>
   <trkpt lat="43.549019" lon="5.243434"><ele>55</ele></trkpt>
   <trkpt lat="43.548675" lon="5.244783"><ele>54.25</ele></trkpt>
   <trkpt lat="43.548405" lon="5.245801"><ele>55.25</ele></trkpt>
   <trkpt lat="43.548275" lon="5.246401"><ele>55.75</ele></trkpt>
   <trkpt lat="43.547288" lon="5.250127"><ele>57.25</ele></trkpt>
   <trkpt lat="43.546521" lon="5.253034"><ele>57.25</ele></trkpt>
   <trkpt lat="43.545911" lon="5.255285"><ele>60</ele></trkpt>
   <trkpt lat="43.545822" lon="5.255573"><ele>60.75</ele></trkpt>
   <trkpt lat="43.54564" lon="5.256027"><ele>59.5</ele></trkpt>
   <trkpt lat="43.545523" lon="5.256266"><ele>60.25</ele></trkpt>
   <trkpt lat="43.545285" lon="5.256655"><ele>60.75</ele></trkpt>
   <trkpt lat="43.545187" lon="5.256791"><ele>60.75</ele></trkpt>
   <trkpt lat="43.545151" lon="5.256837"><ele>60.75</ele></trkpt>
   <trkpt lat="43.545047" lon="5.256971"><ele>61</ele></trkpt>
   <trkpt lat="43.544671" lon="5.257392"><ele>60.75</ele></trkpt>
   <trkpt lat="43.54397" lon="5.25813"><ele>60.75</ele></trkpt>
   <trkpt lat="43.543479" lon="5.258556"><ele>61.25</ele></trkpt>
   <trkpt lat="43.543102" lon="5.258835"><ele>61.5</ele></trkpt>
   <trkpt lat="43.543059" lon="5.258866"><ele>61.75</ele></trkpt>
   <trkpt lat="43.542726" lon="5.259186"><ele>62</ele></trkpt>
   <trkpt lat="43.542665" lon="5.25923"><ele>62</ele></trkpt>
   <trkpt lat="43.542579" lon="5.259271"><ele>62.25</ele></trkpt>
   <trkpt lat="43.542524" lon="5.259245"><ele>62.25</ele></trkpt>
   <trkpt lat="43.542466" lon="5.25924"><ele>62</ele></trkpt>
   <trkpt lat="43.54241" lon="5.259257"><ele>62</ele></trkpt>
   <trkpt lat="43.542359" lon="5.259294"><ele>61.75</ele></trkpt>
   <trkpt lat="43.542307" lon="5.259366"><ele>62</ele></trkpt>
   <trkpt lat="43.542276" lon="5.259459"><ele>62</ele></trkpt>
   <trkpt lat="43.54227" lon="5.25956"><ele>61.75</ele></trkpt>
   <trkpt lat="43.542284" lon="5.259644"><ele>61.5</ele></trkpt>
   <trkpt lat="43.542315" lon="5.259719"><ele>61.5</ele></trkpt>
   <trkpt lat="43.542314" lon="5.259866"><ele>62</ele></trkpt>
   <trkpt lat="43.542297" lon="5.259966"><ele>62</ele></trkpt>
   <trkpt lat="43.542259" lon="5.260049"><ele>62.25</ele></trkpt>
   <trkpt lat="43.542129" lon="5.26028"><ele>62.5</ele></trkpt>
   <trkpt lat="43.541842" lon="5.260733"><ele>62.75</ele></trkpt>
   <trkpt lat="43.541774" lon="5.260864"><ele>63</ele></trkpt>
   <trkpt lat="43.541681" lon="5.26107"><ele>63</ele></trkpt>
   <trkpt lat="43.541619" lon="5.261291"><ele>62.75</ele></trkpt>
   <trkpt lat="43.541614" lon="5.261308"><ele>62.75</ele></trkpt>
   <trkpt lat="43.541469" lon="5.261793"><ele>63.25</ele></trkpt>
   <trkpt lat="43.541332" lon="5.262289"><ele>63</ele></trkpt>
   <trkpt lat="43.541029" lon="5.263483"><ele>63.5</ele></trkpt>
   <trkpt lat="43.540742" lon="5.264472"><ele>64</ele></trkpt>
   <trkpt lat="43.540541" lon="5.265255"><ele>64.75</ele></trkpt>
   <trkpt lat="43.540425" lon="5.265763"><ele>65</ele></trkpt>
   <trkpt lat="43.540383" lon="5.265934"><ele>65.25</ele></trkpt>
   <trkpt lat="43.540224" lon="5.266467"><ele>66</ele></trkpt>
   <trkpt lat="43.54013" lon="5.266706"><ele>66</ele></trkpt>
   <trkpt lat="43.540119" lon="5.266738"><ele>66</ele></trkpt>
   <trkpt lat="43.540065" lon="5.266938"><ele>66</ele></trkpt>
   <trkpt lat="43.540022" lon="5.266995"><ele>66</ele></trkpt>
   <trkpt lat="43.539997" lon="5.267052"><ele>66.25</ele></trkpt>
   <trkpt lat="43.5399" lon="5.267144"><ele>66.25</ele></trkpt>
   <trkpt lat="43.539881" lon="5.267163"><ele>66.25</ele></trkpt>
   <trkpt lat="43.539826" lon="5.267214"><ele>66.25</ele></trkpt>
   <trkpt lat="43.539792" lon="5.267268"><ele>66.25</ele></trkpt>
   <trkpt lat="43.539755" lon="5.267336"><ele>66</ele></trkpt>
   <trkpt lat="43.539732" lon="5.267414"><ele>66</ele></trkpt>
   <trkpt lat="43.539724" lon="5.267501"><ele>66</ele></trkpt>
   <trkpt lat="43.53973" lon="5.267591"><ele>66</ele></trkpt>
   <trkpt lat="43.539785" lon="5.267835"><ele>66.25</ele></trkpt>
   <trkpt lat="43.539797" lon="5.267937"><ele>66.25</ele></trkpt>
   <trkpt lat="43.539798" lon="5.26803"><ele>66.5</ele></trkpt>
   <trkpt lat="43.53979" lon="5.268115"><ele>66.25</ele></trkpt>
   <trkpt lat="43.539772" lon="5.268216"><ele>66.25</ele></trkpt>
   <trkpt lat="43.539717" lon="5.26841"><ele>66.25</ele></trkpt>
   <trkpt lat="43.539539" lon="5.268913"><ele>66.25</ele></trkpt>
   <trkpt lat="43.53936" lon="5.269331"><ele>66.5</ele></trkpt>
   <trkpt lat="43.538862" lon="5.27043"><ele>66</ele></trkpt>
   <trkpt lat="43.538772" lon="5.270677"><ele>66</ele></trkpt>
   <trkpt lat="43.538711" lon="5.270881"><ele>66</ele></trkpt>
   <trkpt lat="43.538681" lon="5.271015"><ele>66</ele></trkpt>
   <trkpt lat="43.538639" lon="5.271299"><ele>66.75</ele></trkpt>
   <trkpt lat="43.538539" lon="5.272031"><ele>66.5</ele></trkpt>
   <trkpt lat="43.538352" lon="5.273525"><ele>67.25</ele></trkpt>
   <trkpt lat="43.538315" lon="5.273771"><ele>67.5</ele></trkpt>
   <trkpt lat="43.538257" lon="5.273995"><ele>67.5</ele></trkpt>
   <trkpt lat="43.53819" lon="5.274184"><ele>67.25</ele></trkpt>
   <trkpt lat="43.537927" lon="5.274792"><ele>65.5</ele></trkpt>
   <trkpt lat="43.537761" lon="5.275205"><ele>66.5</ele></trkpt>
   <trkpt lat="43.537682" lon="5.275401"><ele>66.5</ele></trkpt>
   <trkpt lat="43.537626" lon="5.275509"><ele>66.25</ele></trkpt>
   <trkpt lat="43.53756" lon="5.275637"><ele>66.5</ele></trkpt>
   <trkpt lat="43.537262" lon="5.276144"><ele>67.25</ele></trkpt>
   <trkpt lat="43.537089" lon="5.276417"><ele>67.5</ele></trkpt>
   <trkpt lat="43.536964" lon="5.276578"><ele>67.5</ele></trkpt>
   <trkpt lat="43.536846" lon="5.276709"><ele>67.75</ele></trkpt>
   <trkpt lat="43.536653" lon="5.276898"><ele>67.75</ele></trkpt>
   <trkpt lat="43.536261" lon="5.277259"><ele>67.25</ele></trkpt>
   <trkpt lat="43.536041" lon="5.277471"><ele>67.25</ele></trkpt>
   <trkpt lat="43.535736" lon="5.277786"><ele>67.25</ele></trkpt>
   <trkpt lat="43.535574" lon="5.27797"><ele>67.25</ele></trkpt>
   <trkpt lat="43.535435" lon="5.278128"><ele>67.25</ele></trkpt>
   <trkpt lat="43.534492" lon="5.279256"><ele>67.25</ele></trkpt>
   <trkpt lat="43.533259" lon="5.280734"><ele>68.75</ele></trkpt>
   <trkpt lat="43.533154" lon="5.280834"><ele>69</ele></trkpt>
   <trkpt lat="43.532918" lon="5.281032"><ele>69.5</ele></trkpt>
   <trkpt lat="43.53276" lon="5.28119"><ele>69.75</ele></trkpt>
   <trkpt lat="43.532577" lon="5.281404"><ele>70</ele></trkpt>
   <trkpt lat="43.532298" lon="5.28177"><ele>69.5</ele></trkpt>
   <trkpt lat="43.532155" lon="5.281969"><ele>69.25</ele></trkpt>
   <trkpt lat="43.531826" lon="5.282522"><ele>70.5</ele></trkpt>
   <trkpt lat="43.531708" lon="5.282693"><ele>70.5</ele></trkpt>
   <trkpt lat="43.531578" lon="5.282835"><ele>71</ele></trkpt>
   <trkpt lat="43.531348" lon="5.283055"><ele>71.75</ele></trkpt>
   <trkpt lat="43.53059" lon="5.283756"><ele>73</ele></trkpt>
   <trkpt lat="43.53031" lon="5.284018"><ele>72.75</ele></trkpt>
   <trkpt lat="43.530134" lon="5.284193"><ele>73.5</ele></trkpt>
   <trkpt lat="43.530006" lon="5.284329"><ele>73.5</ele></trkpt>
   <trkpt lat="43.529872" lon="5.284473"><ele>73.5</ele></trkpt>
   <trkpt lat="43.529779" lon="5.284572"><ele>74</ele></trkpt>
   <trkpt lat="43.529661" lon="5.284699"><ele>74.5</ele></trkpt>
   <trkpt lat="43.529516" lon="5.284838"><ele>74.5</ele></trkpt>
   <trkpt lat="43.529372" lon="5.284945"><ele>74.75</ele></trkpt>
   <trkpt lat="43.529191" lon="5.285076"><ele>75.5</ele></trkpt>
   <trkpt lat="43.52902" lon="5.285199"><ele>76</ele></trkpt>
   <trkpt lat="43.528866" lon="5.285318"><ele>76</ele></trkpt>
   <trkpt lat="43.528671" lon="5.285486"><ele>76.5</ele></trkpt>
   <trkpt lat="43.528575" lon="5.285577"><ele>76.75</ele></trkpt>
   <trkpt lat="43.528292" lon="5.28588"><ele>77</ele></trkpt>
   <trkpt lat="43.528164" lon="5.286034"><ele>77</ele></trkpt>
   <trkpt lat="43.527923" lon="5.286349"><ele>77.25</ele></trkpt>
   <trkpt lat="43.527565" lon="5.286853"><ele>77.5</ele></trkpt>
   <trkpt lat="43.527468" lon="5.287046"><ele>78</ele></trkpt>
   <trkpt lat="43.527299" lon="5.287452"><ele>78</ele></trkpt>
   <trkpt lat="43.527064" lon="5.288028"><ele>79.25</ele></trkpt>
   <trkpt lat="43.527005" lon="5.288204"><ele>79.5</ele></trkpt>
   <trkpt lat="43.526955" lon="5.288424"><ele>79.5</ele></trkpt>
   <trkpt lat="43.526912" lon="5.288649"><ele>78.75</ele></trkpt>
   <trkpt lat="43.526822" lon="5.289415"><ele>75.75</ele></trkpt>
   <trkpt lat="43.526773" lon="5.289831"><ele>76.5</ele></trkpt>
   <trkpt lat="43.526691" lon="5.290395"><ele>77.25</ele></trkpt>
   <trkpt lat="43.52663" lon="5.290714"><ele>77.5</ele></trkpt>
   <trkpt lat="43.526536" lon="5.291056"><ele>78.25</ele></trkpt>
   <trkpt lat="43.526437" lon="5.291277"><ele>77.5</ele></trkpt>
   <trkpt lat="43.526334" lon="5.291488"><ele>77.5</ele></trkpt>
   <trkpt lat="43.526213" lon="5.291686"><ele>77.25</ele></trkpt>
   <trkpt lat="43.526095" lon="5.291852"><ele>76</ele></trkpt>
   <trkpt lat="43.525758" lon="5.292294"><ele>77</ele></trkpt>
   <trkpt lat="43.525339" lon="5.292805"><ele>76.75</ele></trkpt>
   <trkpt lat="43.525256" lon="5.292895"><ele>77</ele></trkpt>
   <trkpt lat="43.525177" lon="5.292966"><ele>77.25</ele></trkpt>
   <trkpt lat="43.525063" lon="5.293048"><ele>77.25</ele></trkpt>
   <trkpt lat="43.524422" lon="5.293506"><ele>79</ele></trkpt>
   <trkpt lat="43.523975" lon="5.293807"><ele>80</ele></trkpt>
   <trkpt lat="43.52356" lon="5.294108"><ele>79</ele></trkpt>
   <trkpt lat="43.52327" lon="5.294302"><ele>80</ele></trkpt>
   <trkpt lat="43.523117" lon="5.294389"><ele>80.25</ele></trkpt>
   <trkpt lat="43.522957" lon="5.294457"><ele>80.5</ele></trkpt>
   <trkpt lat="43.522403" lon="5.294636"><ele>81.5</ele></trkpt>
   <trkpt lat="43.522225" lon="5.294718"><ele>81.75</ele></trkpt>
   <trkpt lat="43.522064" lon="5.294818"><ele>82.75</ele></trkpt>
   <trkpt lat="43.521917" lon="5.294929"><ele>83</ele></trkpt>
   <trkpt lat="43.521298" lon="5.295423"><ele>82.5</ele></trkpt>
   <trkpt lat="43.520793" lon="5.295772"><ele>83</ele></trkpt>
   <trkpt lat="43.520738" lon="5.295817"><ele>83.5</ele></trkpt>
   <trkpt lat="43.520526" lon="5.295901"><ele>83.25</ele></trkpt>
   <trkpt lat="43.520284" lon="5.29596"><ele>82.75</ele></trkpt>
   <trkpt lat="43.519989" lon="5.296003"><ele>83</ele></trkpt>
   <trkpt lat="43.519842" lon="5.296002"><ele>82.5</ele></trkpt>
   <trkpt lat="43.519764" lon="5.29599"><ele>82.25</ele></trkpt>
   <trkpt lat="43.519481" lon="5.295935"><ele>81.25</ele></trkpt>
   <trkpt lat="43.519352" lon="5.295945"><ele>80.75</ele></trkpt>
   <trkpt lat="43.51923" lon="5.295994"><ele>80.25</ele></trkpt>
   <trkpt lat="43.519116" lon="5.296084"><ele>80.25</ele></trkpt>
   <trkpt lat="43.519016" lon="5.29621"><ele>80.25</ele></trkpt>
   <trkpt lat="43.518929" lon="5.296365"><ele>80</ele></trkpt>
   <trkpt lat="43.518859" lon="5.296544"><ele>80.25</ele></trkpt>
   <trkpt lat="43.518811" lon="5.296741"><ele>80.5</ele></trkpt>
   <trkpt lat="43.518648" lon="5.297961"><ele>80.5</ele></trkpt>
   <trkpt lat="43.518637" lon="5.298189"><ele>80.25</ele></trkpt>
   <trkpt lat="43.518646" lon="5.298453"><ele>80.25</ele></trkpt>
   <trkpt lat="43.518664" lon="5.298648"><ele>80.5</ele></trkpt>
   <trkpt lat="43.518698" lon="5.298872"><ele>80.25</ele></trkpt>
   <trkpt lat="43.518775" lon="5.299318"><ele>80</ele></trkpt>
   <trkpt lat="43.518972" lon="5.300364"><ele>83.5</ele></trkpt>
   <trkpt lat="43.519008" lon="5.3006"><ele>83</ele></trkpt>
   <trkpt lat="43.519026" lon="5.300774"><ele>83.5</ele></trkpt>
   <trkpt lat="43.519034" lon="5.300974"><ele>84.25</ele></trkpt>
   <trkpt lat="43.519029" lon="5.301172"><ele>85.25</ele></trkpt>
   <trkpt lat="43.519001" lon="5.301541"><ele>86.75</ele></trkpt>
   <trkpt lat="43.518968" lon="5.30174"><ele>85.75</ele></trkpt>
   <trkpt lat="43.518913" lon="5.30198"><ele>85.5</ele></trkpt>
   <trkpt lat="43.518822" lon="5.302249"><ele>85.5</ele></trkpt>
   <trkpt lat="43.518753" lon="5.302405"><ele>85.75</ele></trkpt>
   <trkpt lat="43.518673" lon="5.302556"><ele>85.5</ele></trkpt>
   <trkpt lat="43.51833" lon="5.303152"><ele>86.5</ele></trkpt>
   <trkpt lat="43.518234" lon="5.303281"><ele>87.75</ele></trkpt>
   <trkpt lat="43.51812" lon="5.303385"><ele>87.75</ele></trkpt>
   <trkpt lat="43.51799" lon="5.30347"><ele>87.25</ele></trkpt>
   <trkpt lat="43.517853" lon="5.303545"><ele>87.25</ele></trkpt>
   <trkpt lat="43.516848" lon="5.304025"><ele>90.75</ele></trkpt>
   <trkpt lat="43.516578" lon="5.304158"><ele>92.25</ele></trkpt>
   <trkpt lat="43.516495" lon="5.304214"><ele>90.75</ele></trkpt>
   <trkpt lat="43.51636" lon="5.304325"><ele>90</ele></trkpt>
   <trkpt lat="43.516125" lon="5.304553"><ele>92</ele></trkpt>
   <trkpt lat="43.516031" lon="5.304671"><ele>92.25</ele></trkpt>
   <trkpt lat="43.51594" lon="5.304825"><ele>92.25</ele></trkpt>
   <trkpt lat="43.515707" lon="5.305309"><ele>91</ele></trkpt>
   <trkpt lat="43.515625" lon="5.305544"><ele>91.25</ele></trkpt>
   <trkpt lat="43.515534" lon="5.305983"><ele>90.5</ele></trkpt>
   <trkpt lat="43.515513" lon="5.306116"><ele>90</ele></trkpt>
   <trkpt lat="43.515476" lon="5.306345"><ele>90</ele></trkpt>
   <trkpt lat="43.51544" lon="5.306674"><ele>89.75</ele></trkpt>
   <trkpt lat="43.515449" lon="5.307008"><ele>89.5</ele></trkpt>
   <trkpt lat="43.515482" lon="5.307301"><ele>88.5</ele></trkpt>
   <trkpt lat="43.515516" lon="5.307465"><ele>88.5</ele></trkpt>
   <trkpt lat="43.515547" lon="5.307581"><ele>88.75</ele></trkpt>
   <trkpt lat="43.515672" lon="5.308003"><ele>90</ele></trkpt>
   <trkpt lat="43.515744" lon="5.308282"><ele>91.5</ele></trkpt>
   <trkpt lat="43.51578" lon="5.308446"><ele>91.75</ele></trkpt>
   <trkpt lat="43.515841" lon="5.308835"><ele>90.5</ele></trkpt>
   <trkpt lat="43.515855" lon="5.309008"><ele>90.75</ele></trkpt>
   <trkpt lat="43.515876" lon="5.309564"><ele>90</ele></trkpt>
   <trkpt lat="43.515916" lon="5.309916"><ele>91</ele></trkpt>
   <trkpt lat="43.515959" lon="5.310195"><ele>91.75</ele></trkpt>
   <trkpt lat="43.516" lon="5.310409"><ele>92</ele></trkpt>
   <trkpt lat="43.516044" lon="5.310598"><ele>91.5</ele></trkpt>
   <trkpt lat="43.516492" lon="5.312235"><ele>90.5</ele></trkpt>
   <trkpt lat="43.51652" lon="5.312357"><ele>91.25</ele></trkpt>
   <trkpt lat="43.516549" lon="5.312532"><ele>91.75</ele></trkpt>
   <trkpt lat="43.51655" lon="5.312607"><ele>91.75</ele></trkpt>
   <trkpt lat="43.516488" lon="5.313068"><ele>89.25</ele></trkpt>
   <trkpt lat="43.516473" lon="5.313173"><ele>87</ele></trkpt>
   <trkpt lat="43.516456" lon="5.313286"><ele>85</ele></trkpt>
   <trkpt lat="43.516363" lon="5.31387"><ele>88.5</ele></trkpt>
   <trkpt lat="43.516325" lon="5.314137"><ele>89</ele></trkpt>
   <trkpt lat="43.516307" lon="5.314295"><ele>89.75</ele></trkpt>
   <trkpt lat="43.5163" lon="5.314372"><ele>90.25</ele></trkpt>
   <trkpt lat="43.51631" lon="5.314561"><ele>91</ele></trkpt>
   <trkpt lat="43.516322" lon="5.314627"><ele>91.25</ele></trkpt>
   <trkpt lat="43.516341" lon="5.314685"><ele>91.25</ele></trkpt>
   <trkpt lat="43.51639" lon="5.314783"><ele>91.5</ele></trkpt>
   <trkpt lat="43.516523" lon="5.31501"><ele>92</ele></trkpt>
   <trkpt lat="43.516566" lon="5.315092"><ele>91.25</ele></trkpt>
   <trkpt lat="43.516581" lon="5.31514"><ele>91</ele></trkpt>
   <trkpt lat="43.516587" lon="5.315179"><ele>91</ele></trkpt>
   <trkpt lat="43.516587" lon="5.315266"><ele>91</ele></trkpt>
   <trkpt lat="43.516554" lon="5.315474"><ele>91.25</ele></trkpt>
   <trkpt lat="43.516503" lon="5.315669"><ele>90.75</ele></trkpt>
   <trkpt lat="43.516478" lon="5.315738"><ele>90.5</ele></trkpt>
   <trkpt lat="43.516404" lon="5.315886"><ele>90</ele></trkpt>
   <trkpt lat="43.51632" lon="5.316035"><ele>90</ele></trkpt>
   <trkpt lat="43.515967" lon="5.316603"><ele>90.5</ele></trkpt>
   <trkpt lat="43.515629" lon="5.317172"><ele>89.75</ele></trkpt>
   <trkpt lat="43.514558" lon="5.318554"><ele>90.75</ele></trkpt>
   <trkpt lat="43.514429" lon="5.318826"><ele>89.75</ele></trkpt>
   <trkpt lat="43.514321" lon="5.319118"><ele>90.5</ele></trkpt>
   <trkpt lat="43.514273" lon="5.319285"><ele>90.5</ele></trkpt>
   <trkpt lat="43.514205" lon="5.319604"><ele>90.5</ele></trkpt>
   <trkpt lat="43.514118" lon="5.319861"><ele>90.75</ele></trkpt>
   <trkpt lat="43.514014" lon="5.320108"><ele>90.5</ele></trkpt>
   <trkpt lat="43.513777" lon="5.320654"><ele>90.75</ele></trkpt>
   <trkpt lat="43.513699" lon="5.320874"><ele>90.75</ele></trkpt>
   <trkpt lat="43.513424" lon="5.321834"><ele>91.25</ele></trkpt>
   <trkpt lat="43.513376" lon="5.321991"><ele>91.5</ele></trkpt>
   <trkpt lat="43.513326" lon="5.322127"><ele>92</ele></trkpt>
   <trkpt lat="43.513238" lon="5.322275"><ele>92.75</ele></trkpt>
   <trkpt lat="43.512731" lon="5.32296"><ele>93.5</ele></trkpt>
   <trkpt lat="43.51246" lon="5.323396"><ele>93.25</ele></trkpt>
   <trkpt lat="43.512033" lon="5.324153"><ele>93.75</ele></trkpt>
   <trkpt lat="43.511113" lon="5.325799"><ele>91.5</ele></trkpt>
   <trkpt lat="43.51106" lon="5.325894"><ele>92.5</ele></trkpt>
   <trkpt lat="43.510603" lon="5.326731"><ele>95.5</ele></trkpt>
   <trkpt lat="43.510067" lon="5.327692"><ele>96</ele></trkpt>
   <trkpt lat="43.508689" lon="5.33016"><ele>99.75</ele></trkpt>
   <trkpt lat="43.507933" lon="5.331552"><ele>100.5</ele></trkpt>
   <trkpt lat="43.50718" lon="5.332869"><ele>101.75</ele></trkpt>
   <trkpt lat="43.505837" lon="5.335289"><ele>102.75</ele></trkpt>
   <trkpt lat="43.50538" lon="5.336118"><ele>101.75</ele></trkpt>
   <trkpt lat="43.505144" lon="5.336532"><ele>101</ele></trkpt>
   <trkpt lat="43.504822" lon="5.337191"><ele>101.5</ele></trkpt>
   <trkpt lat="43.504666" lon="5.337549"><ele>100.5</ele></trkpt>
   <trkpt lat="43.504428" lon="5.338147"><ele>100.5</ele></trkpt>
   <trkpt lat="43.504312" lon="5.338466"><ele>100</ele></trkpt>
   <trkpt lat="43.504189" lon="5.338915"><ele>100.5</ele></trkpt>
   <trkpt lat="43.503842" lon="5.340321"><ele>100.5</ele></trkpt>
   <trkpt lat="43.503768" lon="5.340697"><ele>100.25</ele></trkpt>
   <trkpt lat="43.503671" lon="5.341288"><ele>99.5</ele></trkpt>
   <trkpt lat="43.503531" lon="5.342324"><ele>99.75</ele></trkpt>
   <trkpt lat="43.503346" lon="5.343256"><ele>99</ele></trkpt>
   <trkpt lat="43.503211" lon="5.343928"><ele>99.75</ele></trkpt>
   <trkpt lat="43.503107" lon="5.34442"><ele>99.75</ele></trkpt>
   <trkpt lat="43.502905" lon="5.345095"><ele>100.25</ele></trkpt>
   <trkpt lat="43.502536" lon="5.346151"><ele>100.75</ele></trkpt>
   <trkpt lat="43.502004" lon="5.347392"><ele>101.25</ele></trkpt>
   <trkpt lat="43.50194" lon="5.347918"><ele>101</ele></trkpt>
   <trkpt lat="43.502002" lon="5.348242"><ele>101</ele></trkpt>
   <trkpt lat="43.502043" lon="5.34841"><ele>101</ele></trkpt>
   <trkpt lat="43.50205" lon="5.348646"><ele>101</ele></trkpt>
   <trkpt lat="43.502007" lon="5.348719"><ele>100.75</ele></trkpt>
   <trkpt lat="43.501985" lon="5.348807"><ele>101</ele></trkpt>
   <trkpt lat="43.501986" lon="5.3489"><ele>101</ele></trkpt>
   <trkpt lat="43.501883" lon="5.349031"><ele>101</ele></trkpt>
   <trkpt lat="43.500988" lon="5.349483"><ele>102.25</ele></trkpt>
   <trkpt lat="43.500818" lon="5.34959"><ele>102.5</ele></trkpt>
   <trkpt lat="43.500648" lon="5.349774"><ele>102.5</ele></trkpt>
   <trkpt lat="43.500487" lon="5.35004"><ele>102.75</ele></trkpt>
   <trkpt lat="43.500174" lon="5.350674"><ele>104</ele></trkpt>
   <trkpt lat="43.500135" lon="5.350714"><ele>104</ele></trkpt>
   <trkpt lat="43.500113" lon="5.350721"><ele>104</ele></trkpt>
   <trkpt lat="43.500077" lon="5.350721"><ele>104</ele></trkpt>
   <trkpt lat="43.500027" lon="5.350684"><ele>104</ele></trkpt>
   <trkpt lat="43.49989" lon="5.350552"><ele>104.25</ele></trkpt>
   <trkpt lat="43.499657" lon="5.350314"><ele>105</ele></trkpt>
   <trkpt lat="43.499535" lon="5.350198"><ele>105.5</ele></trkpt>
   <trkpt lat="43.499481" lon="5.350144"><ele>105.75</ele></trkpt>
   <trkpt lat="43.499126" lon="5.349829"><ele>107.25</ele></trkpt>
   <trkpt lat="43.498407" lon="5.349332"><ele>110.75</ele></trkpt>
   <trkpt lat="43.498271" lon="5.349285"><ele>111</ele></trkpt>
   <trkpt lat="43.498144" lon="5.34927"><ele>111.25</ele></trkpt>
   <trkpt lat="43.498074" lon="5.349267"><ele>111.5</ele></trkpt>
   <trkpt lat="43.496852" lon="5.349693"><ele>115.5</ele></trkpt>
   <trkpt lat="43.496443" lon="5.34978"><ele>117</ele></trkpt>
   <trkpt lat="43.496263" lon="5.349818"><ele>118</ele></trkpt>
   <trkpt lat="43.495938" lon="5.349879"><ele>119.5</ele></trkpt>
   <trkpt lat="43.495762" lon="5.349885"><ele>120.25</ele></trkpt>
   <trkpt lat="43.495638" lon="5.349866"><ele>121</ele></trkpt>
   <trkpt lat="43.495605" lon="5.349831"><ele>121.25</ele></trkpt>
   <trkpt lat="43.495553" lon="5.349791"><ele>121.75</ele></trkpt>
   <trkpt lat="43.495457" lon="5.349753"><ele>121.75</ele></trkpt>
   <trkpt lat="43.495358" lon="5.349753"><ele>121.75</ele></trkpt>
   <trkpt lat="43.495263" lon="5.349792"><ele>121.75</ele></trkpt>
   <trkpt lat="43.495179" lon="5.349865"><ele>121.5</ele></trkpt>
   <trkpt lat="43.495114" lon="5.349969"><ele>121</ele></trkpt>
   <trkpt lat="43.495072" lon="5.350093"><ele>121</ele></trkpt>
   <trkpt lat="43.494856" lon="5.350241"><ele>120.5</ele></trkpt>
   <trkpt lat="43.49465" lon="5.350384"><ele>120.75</ele></trkpt>
   <trkpt lat="43.494382" lon="5.350506"><ele>121.25</ele></trkpt>
   <trkpt lat="43.494158" lon="5.350578"><ele>122</ele></trkpt>
   <trkpt lat="43.493778" lon="5.350674"><ele>122.25</ele></trkpt>
   <trkpt lat="43.493542" lon="5.350672"><ele>122.25</ele></trkpt>
   <trkpt lat="43.492976" lon="5.350584"><ele>120.75</ele></trkpt>
   <trkpt lat="43.492817" lon="5.350578"><ele>119.75</ele></trkpt>
   <trkpt lat="43.492392" lon="5.350561"><ele>119.75</ele></trkpt>
   <trkpt lat="43.492206" lon="5.350598"><ele>119</ele></trkpt>
   <trkpt lat="43.49198" lon="5.350642"><ele>118</ele></trkpt>
   <trkpt lat="43.491908" lon="5.350656"><ele>117.75</ele></trkpt>
   <trkpt lat="43.488488" lon="5.351908"><ele>123</ele></trkpt>
   <trkpt lat="43.48765" lon="5.35222"><ele>123</ele></trkpt>
   <trkpt lat="43.487621" lon="5.352167"><ele>123.5</ele></trkpt>
   <trkpt lat="43.487581" lon="5.352128"><ele>123.75</ele></trkpt>
   <trkpt lat="43.487535" lon="5.352108"><ele>124</ele></trkpt>
   <trkpt lat="43.487486" lon="5.352109"><ele>124</ele></trkpt>
   <trkpt lat="43.48744" lon="5.352131"><ele>123.75</ele></trkpt>
   <trkpt lat="43.487401" lon="5.352172"><ele>123.25</ele></trkpt>
   <trkpt lat="43.487373" lon="5.352227"><ele>122.75</ele></trkpt>
   <trkpt lat="43.487359" lon="5.352292"><ele>122.75</ele></trkpt>
   <trkpt lat="43.48736" lon="5.352359"><ele>122.75</ele></trkpt>
   <trkpt lat="43.486817" lon="5.352556"><ele>122</ele></trkpt>
   <trkpt lat="43.48519" lon="5.35337"><ele>119</ele></trkpt>
   <trkpt lat="43.484866" lon="5.353512"><ele>117.75</ele></trkpt>
   <trkpt lat="43.484445" lon="5.353627"><ele>118.75</ele></trkpt>
   <trkpt lat="43.484064" lon="5.353672"><ele>117.5</ele></trkpt>
   <trkpt lat="43.483754" lon="5.353686"><ele>117.25</ele></trkpt>
   <trkpt lat="43.482284" lon="5.353594"><ele>120</ele></trkpt>
   <trkpt lat="43.482098" lon="5.353579"><ele>120.75</ele></trkpt>
   <trkpt lat="43.481846" lon="5.353594"><ele>121.5</ele></trkpt>
   <trkpt lat="43.481431" lon="5.353661"><ele>122.75</ele></trkpt>
   <trkpt lat="43.481082" lon="5.353794"><ele>124</ele></trkpt>
   <trkpt lat="43.480644" lon="5.354023"><ele>124.5</ele></trkpt>
   <trkpt lat="43.480192" lon="5.35428"><ele>124.25</ele></trkpt>
   <trkpt lat="43.479793" lon="5.35449"><ele>122.75</ele></trkpt>
   <trkpt lat="43.479503" lon="5.354695"><ele>122</ele></trkpt>
   <trkpt lat="43.479469" lon="5.354719"><ele>122</ele></trkpt>
   <trkpt lat="43.47943" lon="5.354721"><ele>121.75</ele></trkpt>
   <trkpt lat="43.479313" lon="5.354633"><ele>121.75</ele></trkpt>
   <trkpt lat="43.47924" lon="5.354603"><ele>121.5</ele></trkpt>
   <trkpt lat="43.479146" lon="5.354571"><ele>121.5</ele></trkpt>
   <trkpt lat="43.479046" lon="5.354558"><ele>121.5</ele></trkpt>
   <trkpt lat="43.478933" lon="5.354588"><ele>121.25</ele></trkpt>
   <trkpt lat="43.478831" lon="5.35463"><ele>121.25</ele></trkpt>
   <trkpt lat="43.478759" lon="5.354678"><ele>121.5</ele></trkpt>
   <trkpt lat="43.478693" lon="5.354736"><ele>121.75</ele></trkpt>
   <trkpt lat="43.478627" lon="5.354802"><ele>122.25</ele></trkpt>
   <trkpt lat="43.478428" lon="5.355033"><ele>123.25</ele></trkpt>
   <trkpt lat="43.478373" lon="5.355143"><ele>122.75</ele></trkpt>
   <trkpt lat="43.478324" lon="5.355276"><ele>122</ele></trkpt>
   <trkpt lat="43.478299" lon="5.355485"><ele>122.5</ele></trkpt>
   <trkpt lat="43.478304" lon="5.355611"><ele>122.75</ele></trkpt>
   <trkpt lat="43.478333" lon="5.355775"><ele>122.75</ele></trkpt>
   <trkpt lat="43.478306" lon="5.355891"><ele>122.75</ele></trkpt>
   <trkpt lat="43.478258" lon="5.355992"><ele>122.75</ele></trkpt>
   <trkpt lat="43.478146" lon="5.356094"><ele>122.75</ele></trkpt>
   <trkpt lat="43.478076" lon="5.356107"><ele>122.75</ele></trkpt>
   <trkpt lat="43.477468" lon="5.355826"><ele>121.75</ele></trkpt>
   <trkpt lat="43.477064" lon="5.355704"><ele>121</ele></trkpt>
   <trkpt lat="43.47561" lon="5.355458"><ele>122</ele></trkpt>
   <trkpt lat="43.472059" lon="5.354862"><ele>129.25</ele></trkpt>
   <trkpt lat="43.470419" lon="5.354587"><ele>133.25</ele></trkpt>
   <trkpt lat="43.470305" lon="5.354566"><ele>133.5</ele></trkpt>
   <trkpt lat="43.46957" lon="5.354431"><ele>135.5</ele></trkpt>
   <trkpt lat="43.469525" lon="5.354423"><ele>135.5</ele></trkpt>
   <trkpt lat="43.469304" lon="5.354331"><ele>136</ele></trkpt>
   <trkpt lat="43.468681" lon="5.354217"><ele>137.5</ele></trkpt>
   <trkpt lat="43.468577" lon="5.354202"><ele>137.5</ele></trkpt>
   <trkpt lat="43.468446" lon="5.35419"><ele>137.25</ele></trkpt>
   <trkpt lat="43.4684" lon="5.354185"><ele>137</ele></trkpt>
   <trkpt lat="43.468282" lon="5.354175"><ele>136.75</ele></trkpt>
   <trkpt lat="43.467987" lon="5.354142"><ele>137</ele></trkpt>
   <trkpt lat="43.467648" lon="5.35409"><ele>138</ele></trkpt>
   <trkpt lat="43.4673" lon="5.35405"><ele>138.75</ele></trkpt>
   <trkpt lat="43.467245" lon="5.354037"><ele>138.75</ele></trkpt>
   <trkpt lat="43.466957" lon="5.354"><ele>138.5</ele></trkpt>
   <trkpt lat="43.466668" lon="5.353925"><ele>137.75</ele></trkpt>
   <trkpt lat="43.466243" lon="5.353788"><ele>137.75</ele></trkpt>
   <trkpt lat="43.466185" lon="5.353782"><ele>137.5</ele></trkpt>
   <trkpt lat="43.465999" lon="5.353793"><ele>137</ele></trkpt>
   <trkpt lat="43.465855" lon="5.353779"><ele>137</ele></trkpt>
   <trkpt lat="43.465729" lon="5.353759"><ele>137</ele></trkpt>
   <trkpt lat="43.4656" lon="5.35374"><ele>137</ele></trkpt>
   <trkpt lat="43.465528" lon="5.353712"><ele>137</ele></trkpt>
   <trkpt lat="43.465415" lon="5.353651"><ele>137</ele></trkpt>
   <trkpt lat="43.465376" lon="5.353627"><ele>137</ele></trkpt>
   <trkpt lat="43.465353" lon="5.353565"><ele>137</ele></trkpt>
   <trkpt lat="43.465321" lon="5.35353"><ele>137</ele></trkpt>
   <trkpt lat="43.465283" lon="5.353513"><ele>137</ele></trkpt>
   <trkpt lat="43.465242" lon="5.353516"><ele>137</ele></trkpt>
   <trkpt lat="43.465206" lon="5.353539"><ele>137</ele></trkpt>
   <trkpt lat="43.465179" lon="5.353574"><ele>137</ele></trkpt>
   <trkpt lat="43.465105" lon="5.353594"><ele>137</ele></trkpt>
   <trkpt lat="43.465027" lon="5.353594"><ele>137</ele></trkpt>
   <trkpt lat="43.463954" lon="5.35343"><ele>136.5</ele></trkpt>
   <trkpt lat="43.463162" lon="5.353379"><ele>136.75</ele></trkpt>
   <trkpt lat="43.46246" lon="5.353286"><ele>138</ele></trkpt>
   <trkpt lat="43.462344" lon="5.353263"><ele>138</ele></trkpt>
   <trkpt lat="43.461454" lon="5.35309"><ele>141.5</ele></trkpt>
   <trkpt lat="43.4613" lon="5.353065"><ele>142.25</ele></trkpt>
   <trkpt lat="43.461138" lon="5.353037"><ele>142.75</ele></trkpt>
   <trkpt lat="43.460993" lon="5.353063"><ele>143.25</ele></trkpt>
   <trkpt lat="43.460888" lon="5.353083"><ele>143.5</ele></trkpt>
   <trkpt lat="43.460744" lon="5.353108"><ele>144</ele></trkpt>
   <trkpt lat="43.460626" lon="5.353131"><ele>144.25</ele></trkpt>
   <trkpt lat="43.460575" lon="5.353143"><ele>144.5</ele></trkpt>
   <trkpt lat="43.460547" lon="5.353149"><ele>144.5</ele></trkpt>
   <trkpt lat="43.460218" lon="5.353228"><ele>144.75</ele></trkpt>
   <trkpt lat="43.460131" lon="5.353248"><ele>145</ele></trkpt>
   <trkpt lat="43.459926" lon="5.353297"><ele>145.25</ele></trkpt>
   <trkpt lat="43.459911" lon="5.353301"><ele>145.5</ele></trkpt>
   <trkpt lat="43.459779" lon="5.353323"><ele>145.75</ele></trkpt>
   <trkpt lat="43.459765" lon="5.353324"><ele>145.75</ele></trkpt>
   <trkpt lat="43.459724" lon="5.353328"><ele>146</ele></trkpt>
   <trkpt lat="43.459706" lon="5.353329"><ele>146</ele></trkpt>
   <trkpt lat="43.459532" lon="5.353346"><ele>145.75</ele></trkpt>
   <trkpt lat="43.459421" lon="5.353356"><ele>146</ele></trkpt>
   <trkpt lat="43.458958" lon="5.353398"><ele>146.75</ele></trkpt>
   <trkpt lat="43.458917" lon="5.353409"><ele>146.5</ele></trkpt>
   <trkpt lat="43.45866" lon="5.35348"><ele>147</ele></trkpt>
   <trkpt lat="43.458204" lon="5.353708"><ele>147.5</ele></trkpt>
   <trkpt lat="43.457586" lon="5.354015"><ele>148.75</ele></trkpt>
   <trkpt lat="43.4567" lon="5.35439"><ele>150</ele></trkpt>
   <trkpt lat="43.456369" lon="5.35463"><ele>150.25</ele></trkpt>
   <trkpt lat="43.45597" lon="5.355078"><ele>151.5</ele></trkpt>
   <trkpt lat="43.455215" lon="5.356031"><ele>152.5</ele></trkpt>
   <trkpt lat="43.45485" lon="5.356347"><ele>153.5</ele></trkpt>
   <trkpt lat="43.454238" lon="5.356778"><ele>154.75</ele></trkpt>
   <trkpt lat="43.452374" lon="5.358799"><ele>159.5</ele></trkpt>
   <trkpt lat="43.452262" lon="5.358921"><ele>159.75</ele></trkpt>
   <trkpt lat="43.452199" lon="5.358981"><ele>160</ele></trkpt>
   <trkpt lat="43.451901" lon="5.359208"><ele>161</ele></trkpt>
   <trkpt lat="43.451544" lon="5.359424"><ele>162.5</ele></trkpt>
   <trkpt lat="43.451455" lon="5.359476"><ele>162.5</ele></trkpt>
   <trkpt lat="43.451267" lon="5.35958"><ele>162.75</ele></trkpt>
   <trkpt lat="43.449923" lon="5.360358"><ele>170.25</ele></trkpt>
   <trkpt lat="43.448085" lon="5.360955"><ele>182.75</ele></trkpt>
   <trkpt lat="43.447621" lon="5.361099"><ele>186</ele></trkpt>
   <trkpt lat="43.447411" lon="5.36115"><ele>187.5</ele></trkpt>
   <trkpt lat="43.447252" lon="5.361169"><ele>188.75</ele></trkpt>
   <trkpt lat="43.447099" lon="5.361164"><ele>189.75</ele></trkpt>
   <trkpt lat="43.446902" lon="5.361141"><ele>191</ele></trkpt>
   <trkpt lat="43.446703" lon="5.36108"><ele>191.75</ele></trkpt>
   <trkpt lat="43.446648" lon="5.361054"><ele>192</ele></trkpt>
   <trkpt lat="43.446391" lon="5.360915"><ele>192.25</ele></trkpt>
   <trkpt lat="43.44626" lon="5.360821"><ele>192.25</ele></trkpt>
   <trkpt lat="43.446196" lon="5.360773"><ele>192.5</ele></trkpt>
   <trkpt lat="43.44614" lon="5.360682"><ele>192.75</ele></trkpt>
   <trkpt lat="43.446103" lon="5.360684"><ele>192.75</ele></trkpt>
   <trkpt lat="43.446095" lon="5.360637"><ele>192.75</ele></trkpt>
   <trkpt lat="43.446081" lon="5.360589"><ele>192.75</ele></trkpt>
   <trkpt lat="43.446058" lon="5.360549"><ele>193</ele></trkpt>
   <trkpt lat="43.446028" lon="5.360522"><ele>193</ele></trkpt>
   <trkpt lat="43.445994" lon="5.360509"><ele>193</ele></trkpt>
   <trkpt lat="43.445958" lon="5.36051"><ele>193</ele></trkpt>
   <trkpt lat="43.445924" lon="5.360526"><ele>193</ele></trkpt>
   <trkpt lat="43.445896" lon="5.360555"><ele>193</ele></trkpt>
   <trkpt lat="43.445874" lon="5.360596"><ele>192.75</ele></trkpt>
   <trkpt lat="43.445848" lon="5.360603"><ele>192.75</ele></trkpt>
   <trkpt lat="43.445749" lon="5.360599"><ele>192.25</ele></trkpt>
   <trkpt lat="43.445638" lon="5.360594"><ele>192</ele></trkpt>
   <trkpt lat="43.445304" lon="5.360545"><ele>191</ele></trkpt>
   <trkpt lat="43.444999" lon="5.360513"><ele>190.75</ele></trkpt>
   <trkpt lat="43.444904" lon="5.360514"><ele>190.5</ele></trkpt>
   <trkpt lat="43.44465" lon="5.360549"><ele>190</ele></trkpt>
   <trkpt lat="43.444517" lon="5.360591"><ele>189.5</ele></trkpt>
   <trkpt lat="43.444223" lon="5.360639"><ele>189.5</ele></trkpt>
   <trkpt lat="43.443775" lon="5.360792"><ele>189</ele></trkpt>
   <trkpt lat="43.443087" lon="5.361044"><ele>188.25</ele></trkpt>
   <trkpt lat="43.442618" lon="5.361152"><ele>188.25</ele></trkpt>
   <trkpt lat="43.442321" lon="5.361186"><ele>187.75</ele></trkpt>
   <trkpt lat="43.442165" lon="5.361195"><ele>187.75</ele></trkpt>
   <trkpt lat="43.442075" lon="5.361201"><ele>187.75</ele></trkpt>
   <trkpt lat="43.441987" lon="5.361208"><ele>187.75</ele></trkpt>
   <trkpt lat="43.441062" lon="5.36135"><ele>188</ele></trkpt>
   <trkpt lat="43.440889" lon="5.361373"><ele>188.75</ele></trkpt>
   <trkpt lat="43.44071" lon="5.361384"><ele>188.75</ele></trkpt>
   <trkpt lat="43.440587" lon="5.36141"><ele>188.75</ele></trkpt>
   <trkpt lat="43.440448" lon="5.361456"><ele>189</ele></trkpt>
   <trkpt lat="43.440317" lon="5.36152"><ele>189.25</ele></trkpt>
   <trkpt lat="43.440066" lon="5.361651"><ele>189.75</ele></trkpt>
   <trkpt lat="43.439933" lon="5.361697"><ele>190</ele></trkpt>
   <trkpt lat="43.439799" lon="5.361752"><ele>190</ele></trkpt>
   <trkpt lat="43.439383" lon="5.361919"><ele>191</ele></trkpt>
   <trkpt lat="43.439068" lon="5.362082"><ele>192</ele></trkpt>
   <trkpt lat="43.438713" lon="5.362285"><ele>193</ele></trkpt>
   <trkpt lat="43.438538" lon="5.36237"><ele>193.75</ele></trkpt>
   <trkpt lat="43.43794" lon="5.36261"><ele>196.5</ele></trkpt>
   <trkpt lat="43.43641" lon="5.36291"><ele>201.75</ele></trkpt>
   <trkpt lat="43.43555" lon="5.36329"><ele>203.5</ele></trkpt>
   <trkpt lat="43.435214" lon="5.363478"><ele>204.75</ele></trkpt>
   <trkpt lat="43.43504" lon="5.36363"><ele>204.75</ele></trkpt>
   <trkpt lat="43.4335" lon="5.36532"><ele>210.5</ele></trkpt>
   <trkpt lat="43.43295" lon="5.36584"><ele>212.5</ele></trkpt>
   <trkpt lat="43.430971" lon="5.367199"><ele>219.25</ele></trkpt>
   <trkpt lat="43.430829" lon="5.367271"><ele>220.5</ele></trkpt>
   <trkpt lat="43.430687" lon="5.367315"><ele>222</ele></trkpt>
   <trkpt lat="43.429677" lon="5.367313"><ele>227</ele></trkpt>
   <trkpt lat="43.429558" lon="5.367335"><ele>227.75</ele></trkpt>
   <trkpt lat="43.42946" lon="5.367353"><ele>228.25</ele></trkpt>
   <trkpt lat="43.429007" lon="5.367541"><ele>229.5</ele></trkpt>
   <trkpt lat="43.428817" lon="5.367637"><ele>230.5</ele></trkpt>
   <trkpt lat="43.428661" lon="5.367752"><ele>231.5</ele></trkpt>
   <trkpt lat="43.428595" lon="5.367824"><ele>232</ele></trkpt>
   <trkpt lat="43.428548" lon="5.367918"><ele>232.25</ele></trkpt>
   <trkpt lat="43.428506" lon="5.368072"><ele>232.5</ele></trkpt>
   <trkpt lat="43.428485" lon="5.368224"><ele>232.75</ele></trkpt>
   <trkpt lat="43.428406" lon="5.369184"><ele>235.75</ele></trkpt>
   <trkpt lat="43.428358" lon="5.369773"><ele>237.25</ele></trkpt>
   <trkpt lat="43.428315" lon="5.370111"><ele>238.75</ele></trkpt>
   <trkpt lat="43.428294" lon="5.370198"><ele>239.25</ele></trkpt>
   <trkpt lat="43.428261" lon="5.370269"><ele>239.75</ele></trkpt>
   <trkpt lat="43.428185" lon="5.370386"><ele>240.25</ele></trkpt>
   <trkpt lat="43.428074" lon="5.370481"><ele>240.5</ele></trkpt>
   <trkpt lat="43.427868" lon="5.370583"><ele>241</ele></trkpt>
   <trkpt lat="43.427791" lon="5.37061"><ele>241.25</ele></trkpt>
   <trkpt lat="43.427725" lon="5.370617"><ele>241.75</ele></trkpt>
   <trkpt lat="43.427633" lon="5.370602"><ele>242.25</ele></trkpt>
   <trkpt lat="43.4272" lon="5.370317"><ele>243.25</ele></trkpt>
   <trkpt lat="43.427117" lon="5.37027"><ele>243</ele></trkpt>
   <trkpt lat="43.426968" lon="5.370211"><ele>243</ele></trkpt>
   <trkpt lat="43.426653" lon="5.370084"><ele>241.5</ele></trkpt>
   <trkpt lat="43.426621" lon="5.37007"><ele>241.5</ele></trkpt>
   <trkpt lat="43.426589" lon="5.370055"><ele>241.5</ele></trkpt>
   <trkpt lat="43.426564" lon="5.369989"><ele>241.5</ele></trkpt>
   <trkpt lat="43.426528" lon="5.369928"><ele>241.75</ele></trkpt>
   <trkpt lat="43.42647" lon="5.369881"><ele>241.75</ele></trkpt>
   <trkpt lat="43.426407" lon="5.369865"><ele>241.5</ele></trkpt>
   <trkpt lat="43.426385" lon="5.369869"><ele>241.25</ele></trkpt>
   <trkpt lat="43.426349" lon="5.369876"><ele>241</ele></trkpt>
   <trkpt lat="43.426296" lon="5.369912"><ele>240.75</ele></trkpt>
   <trkpt lat="43.426255" lon="5.369968"><ele>240.5</ele></trkpt>
   <trkpt lat="43.426228" lon="5.370038"><ele>240.25</ele></trkpt>
   <trkpt lat="43.426225" lon="5.370061"><ele>240.25</ele></trkpt>
   <trkpt lat="43.426111" lon="5.37012"><ele>239.5</ele></trkpt>
   <trkpt lat="43.426042" lon="5.370143"><ele>239</ele></trkpt>
   <trkpt lat="43.425885" lon="5.370174"><ele>238.25</ele></trkpt>
   <trkpt lat="43.425678" lon="5.370156"><ele>236.75</ele></trkpt>
   <trkpt lat="43.425586" lon="5.37014"><ele>236</ele></trkpt>
   <trkpt lat="43.425513" lon="5.370119"><ele>235.75</ele></trkpt>
   <trkpt lat="43.42542" lon="5.370073"><ele>235.25</ele></trkpt>
   <trkpt lat="43.425277" lon="5.369979"><ele>234</ele></trkpt>
   <trkpt lat="43.424992" lon="5.369713"><ele>233.75</ele></trkpt>
   <trkpt lat="43.424799" lon="5.369533"><ele>232.5</ele></trkpt>
   <trkpt lat="43.423886" lon="5.368501"><ele>229.75</ele></trkpt>
   <trkpt lat="43.422795" lon="5.367625"><ele>226.25</ele></trkpt>
   <trkpt lat="43.422683" lon="5.367546"><ele>225.75</ele></trkpt>
   <trkpt lat="43.422627" lon="5.367519"><ele>225.25</ele></trkpt>
   <trkpt lat="43.422578" lon="5.367508"><ele>225.25</ele></trkpt>
   <trkpt lat="43.42252" lon="5.367509"><ele>225</ele></trkpt>
   <trkpt lat="43.42239" lon="5.367526"><ele>224.5</ele></trkpt>
   <trkpt lat="43.422284" lon="5.367542"><ele>224</ele></trkpt>
   <trkpt lat="43.422038" lon="5.367553"><ele>224</ele></trkpt>
   <trkpt lat="43.421984" lon="5.367545"><ele>223.75</ele></trkpt>
   <trkpt lat="43.42193" lon="5.367537"><ele>223.75</ele></trkpt>
   <trkpt lat="43.421909" lon="5.367495"><ele>223.75</ele></trkpt>
   <trkpt lat="43.421883" lon="5.367461"><ele>223.75</ele></trkpt>
   <trkpt lat="43.421837" lon="5.36743"><ele>223.5</ele></trkpt>
   <trkpt lat="43.421786" lon="5.367421"><ele>223.25</ele></trkpt>
   <trkpt lat="43.421736" lon="5.367435"><ele>223</ele></trkpt>
   <trkpt lat="43.421684" lon="5.367482"><ele>223</ele></trkpt>
   <trkpt lat="43.421586" lon="5.367483"><ele>223</ele></trkpt>
   <trkpt lat="43.421458" lon="5.367438"><ele>223</ele></trkpt>
   <trkpt lat="43.421168" lon="5.367287"><ele>223</ele></trkpt>
   <trkpt lat="43.421011" lon="5.3672"><ele>222.75</ele></trkpt>
   <trkpt lat="43.420526" lon="5.366917"><ele>222.75</ele></trkpt>
   <trkpt lat="43.420439" lon="5.366851"><ele>222.5</ele></trkpt>
   <trkpt lat="43.420364" lon="5.366775"><ele>222.25</ele></trkpt>
   <trkpt lat="43.420301" lon="5.366659"><ele>221.75</ele></trkpt>
   <trkpt lat="43.420282" lon="5.366625"><ele>221.75</ele></trkpt>
   <trkpt lat="43.420241" lon="5.366582"><ele>222</ele></trkpt>
   <trkpt lat="43.420175" lon="5.366555"><ele>222</ele></trkpt>
   <trkpt lat="43.420106" lon="5.366568"><ele>222.25</ele></trkpt>
   <trkpt lat="43.420047" lon="5.366618"><ele>222.5</ele></trkpt>
   <trkpt lat="43.42001" lon="5.366693"><ele>222.75</ele></trkpt>
   <trkpt lat="43.419938" lon="5.366763"><ele>223</ele></trkpt>
   <trkpt lat="43.419887" lon="5.366788"><ele>223</ele></trkpt>
   <trkpt lat="43.419823" lon="5.36679"><ele>223.25</ele></trkpt>
   <trkpt lat="43.419787" lon="5.366781"><ele>223.25</ele></trkpt>
   <trkpt lat="43.419714" lon="5.366769"><ele>223.25</ele></trkpt>
   <trkpt lat="43.419623" lon="5.366769"><ele>224.25</ele></trkpt>
   <trkpt lat="43.419487" lon="5.36671"><ele>224.5</ele></trkpt>
   <trkpt lat="43.4193" lon="5.366697"><ele>225</ele></trkpt>
   <trkpt lat="43.418691" lon="5.366852"><ele>226.5</ele></trkpt>
   <trkpt lat="43.418084" lon="5.366874"><ele>225.25</ele></trkpt>
   <trkpt lat="43.417904" lon="5.366871"><ele>225.25</ele></trkpt>
   <trkpt lat="43.417819" lon="5.366854"><ele>225.25</ele></trkpt>
   <trkpt lat="43.417749" lon="5.366833"><ele>225.5</ele></trkpt>
   <trkpt lat="43.417711" lon="5.366777"><ele>225.75</ele></trkpt>
   <trkpt lat="43.417662" lon="5.366738"><ele>226</ele></trkpt>
   <trkpt lat="43.417635" lon="5.366726"><ele>226.25</ele></trkpt>
   <trkpt lat="43.417578" lon="5.366719"><ele>226.5</ele></trkpt>
   <trkpt lat="43.417523" lon="5.366736"><ele>226.5</ele></trkpt>
   <trkpt lat="43.417473" lon="5.366775"><ele>226.5</ele></trkpt>
   <trkpt lat="43.417441" lon="5.366818"><ele>226.5</ele></trkpt>
   <trkpt lat="43.417417" lon="5.36687"><ele>226.25</ele></trkpt>
   <trkpt lat="43.417403" lon="5.366928"><ele>226.25</ele></trkpt>
   <trkpt lat="43.417399" lon="5.366989"><ele>226</ele></trkpt>
   <trkpt lat="43.417405" lon="5.36705"><ele>225.75</ele></trkpt>
   <trkpt lat="43.417389" lon="5.367114"><ele>225.5</ele></trkpt>
   <trkpt lat="43.417366" lon="5.367163"><ele>225.25</ele></trkpt>
   <trkpt lat="43.417333" lon="5.367219"><ele>225</ele></trkpt>
   <trkpt lat="43.417258" lon="5.367278"><ele>225</ele></trkpt>
   <trkpt lat="43.41714" lon="5.36732"><ele>225</ele></trkpt>
   <trkpt lat="43.417063" lon="5.367365"><ele>225</ele></trkpt>
   <trkpt lat="43.416941" lon="5.367387"><ele>225</ele></trkpt>
   <trkpt lat="43.416569" lon="5.367451"><ele>224.25</ele></trkpt>
   <trkpt lat="43.416499" lon="5.36746"><ele>223.5</ele></trkpt>
   <trkpt lat="43.416444" lon="5.367468"><ele>223.25</ele></trkpt>
   <trkpt lat="43.416272" lon="5.367492"><ele>222.75</ele></trkpt>
   <trkpt lat="43.415868" lon="5.36754"><ele>223</ele></trkpt>
   <trkpt lat="43.415703" lon="5.367535"><ele>223</ele></trkpt>
   <trkpt lat="43.415564" lon="5.367521"><ele>223</ele></trkpt>
   <trkpt lat="43.415402" lon="5.367486"><ele>223</ele></trkpt>
   <trkpt lat="43.415255" lon="5.36743"><ele>223</ele></trkpt>
   <trkpt lat="43.414991" lon="5.3673"><ele>222.5</ele></trkpt>
   <trkpt lat="43.414879" lon="5.367245"><ele>222.5</ele></trkpt>
   <trkpt lat="43.414816" lon="5.367214"><ele>222.5</ele></trkpt>
   <trkpt lat="43.414761" lon="5.367187"><ele>222.75</ele></trkpt>
   <trkpt lat="43.414629" lon="5.367122"><ele>223</ele></trkpt>
   <trkpt lat="43.414442" lon="5.36703"><ele>223.5</ele></trkpt>
   <trkpt lat="43.414247" lon="5.366934"><ele>223.5</ele></trkpt>
   <trkpt lat="43.413975" lon="5.366791"><ele>223.25</ele></trkpt>
   <trkpt lat="43.413817" lon="5.36672"><ele>223</ele></trkpt>
   <trkpt lat="43.413601" lon="5.366621"><ele>222.75</ele></trkpt>
   <trkpt lat="43.413546" lon="5.366596"><ele>222.75</ele></trkpt>
   <trkpt lat="43.413493" lon="5.366572"><ele>223</ele></trkpt>
   <trkpt lat="43.412936" lon="5.366329"><ele>223.75</ele></trkpt>
   <trkpt lat="43.412743" lon="5.366263"><ele>224</ele></trkpt>
   <trkpt lat="43.412573" lon="5.366232"><ele>224.25</ele></trkpt>
   <trkpt lat="43.411168" lon="5.366034"><ele>226.5</ele></trkpt>
   <trkpt lat="43.410996" lon="5.365975"><ele>224.25</ele></trkpt>
   <trkpt lat="43.410799" lon="5.365841"><ele>225.5</ele></trkpt>
   <trkpt lat="43.410729" lon="5.365809"><ele>226.75</ele></trkpt>
   <trkpt lat="43.410665" lon="5.365794"><ele>227.75</ele></trkpt>
   <trkpt lat="43.410586" lon="5.365793"><ele>229</ele></trkpt>
   <trkpt lat="43.410361" lon="5.365833"><ele>230</ele></trkpt>
   <trkpt lat="43.409994" lon="5.365784"><ele>231.25</ele></trkpt>
   <trkpt lat="43.409845" lon="5.365772"><ele>230.75</ele></trkpt>
   <trkpt lat="43.409545" lon="5.365757"><ele>230</ele></trkpt>
   <trkpt lat="43.409501" lon="5.365755"><ele>229.75</ele></trkpt>
   <trkpt lat="43.409283" lon="5.365777"><ele>229</ele></trkpt>
   <trkpt lat="43.409212" lon="5.365786"><ele>228.5</ele></trkpt>
   <trkpt lat="43.408795" lon="5.365831"><ele>228</ele></trkpt>
   <trkpt lat="43.408532" lon="5.365869"><ele>227.25</ele></trkpt>
   <trkpt lat="43.408398" lon="5.365864"><ele>227</ele></trkpt>
   <trkpt lat="43.408284" lon="5.365842"><ele>226.75</ele></trkpt>
   <trkpt lat="43.408211" lon="5.365815"><ele>226.5</ele></trkpt>
   <trkpt lat="43.408142" lon="5.365773"><ele>226.5</ele></trkpt>
   <trkpt lat="43.408039" lon="5.365669"><ele>226</ele></trkpt>
   <trkpt lat="43.407925" lon="5.365529"><ele>227.25</ele></trkpt>
   <trkpt lat="43.407514" lon="5.36482"><ele>224.75</ele></trkpt>
   <trkpt lat="43.407341" lon="5.364428"><ele>222.75</ele></trkpt>
   <trkpt lat="43.40724" lon="5.364164"><ele>222</ele></trkpt>
   <trkpt lat="43.407223" lon="5.364123"><ele>222</ele></trkpt>
   <trkpt lat="43.407199" lon="5.363997"><ele>222.5</ele></trkpt>
   <trkpt lat="43.407189" lon="5.363917"><ele>222.75</ele></trkpt>
   <trkpt lat="43.407154" lon="5.363852"><ele>222.75</ele></trkpt>
   <trkpt lat="43.407117" lon="5.363822"><ele>222.75</ele></trkpt>
   <trkpt lat="43.407075" lon="5.363811"><ele>222.5</ele></trkpt>
   <trkpt lat="43.407032" lon="5.363819"><ele>222.25</ele></trkpt>
   <trkpt lat="43.407027" lon="5.363708"><ele>222.5</ele></trkpt>
   <trkpt lat="43.407003" lon="5.363459"><ele>223</ele></trkpt>
   <trkpt lat="43.406901" lon="5.363027"><ele>222.75</ele></trkpt>
   <trkpt lat="43.406839" lon="5.36275"><ele>223</ele></trkpt>
   <trkpt lat="43.406781" lon="5.362548"><ele>223.5</ele></trkpt>
   <trkpt lat="43.40671" lon="5.362396"><ele>223.5</ele></trkpt>
   <trkpt lat="43.40669" lon="5.362353"><ele>223.25</ele></trkpt>
   <trkpt lat="43.406539" lon="5.362124"><ele>223.25</ele></trkpt>
   <trkpt lat="43.406257" lon="5.361825"><ele>223</ele></trkpt>
   <trkpt lat="43.405993" lon="5.361524"><ele>223</ele></trkpt>
   <trkpt lat="43.405512" lon="5.36093"><ele>221.75</ele></trkpt>
   <trkpt lat="43.404743" lon="5.360084"><ele>219.75</ele></trkpt>
   <trkpt lat="43.404642" lon="5.360005"><ele>219.5</ele></trkpt>
   <trkpt lat="43.404617" lon="5.359986"><ele>219.5</ele></trkpt>
   <trkpt lat="43.404584" lon="5.359954"><ele>219.75</ele></trkpt>
   <trkpt lat="43.404363" lon="5.359724"><ele>220.25</ele></trkpt>
   <trkpt lat="43.404186" lon="5.35948"><ele>220.75</ele></trkpt>
   <trkpt lat="43.403953" lon="5.359222"><ele>221.75</ele></trkpt>
   <trkpt lat="43.403927" lon="5.359183"><ele>221.75</ele></trkpt>
   <trkpt lat="43.403694" lon="5.358856"><ele>225</ele></trkpt>
   <trkpt lat="43.403483" lon="5.358531"><ele>226</ele></trkpt>
   <trkpt lat="43.403274" lon="5.358164"><ele>226.75</ele></trkpt>
   <trkpt lat="43.403004" lon="5.357742"><ele>226</ele></trkpt>
   <trkpt lat="43.40297" lon="5.357716"><ele>226</ele></trkpt>
   <trkpt lat="43.402921" lon="5.357707"><ele>226</ele></trkpt>
   <trkpt lat="43.402823" lon="5.357666"><ele>226</ele></trkpt>
   <trkpt lat="43.402787" lon="5.35758"><ele>225.5</ele></trkpt>
   <trkpt lat="43.402773" lon="5.357526"><ele>225</ele></trkpt>
   <trkpt lat="43.402768" lon="5.35744"><ele>224.75</ele></trkpt>
   <trkpt lat="43.402712" lon="5.357356"><ele>224.75</ele></trkpt>
   <trkpt lat="43.40269" lon="5.357332"><ele>224.75</ele></trkpt>
   <trkpt lat="43.402488" lon="5.357217"><ele>223.75</ele></trkpt>
   <trkpt lat="43.402423" lon="5.35718"><ele>223.75</ele></trkpt>
   <trkpt lat="43.402177" lon="5.357135"><ele>223.5</ele></trkpt>
   <trkpt lat="43.40168" lon="5.357165"><ele>221.75</ele></trkpt>
   <trkpt lat="43.401436" lon="5.357126"><ele>221.25</ele></trkpt>
   <trkpt lat="43.40123" lon="5.357052"><ele>220.75</ele></trkpt>
   <trkpt lat="43.401202" lon="5.357034"><ele>220.5</ele></trkpt>
   <trkpt lat="43.401069" lon="5.35695"><ele>220</ele></trkpt>
   <trkpt lat="43.400787" lon="5.356702"><ele>219.25</ele></trkpt>
   <trkpt lat="43.400207" lon="5.356175"><ele>218.25</ele></trkpt>
   <trkpt lat="43.399769" lon="5.355791"><ele>217.75</ele></trkpt>
   <trkpt lat="43.399483" lon="5.355521"><ele>217.5</ele></trkpt>
   <trkpt lat="43.39946" lon="5.355493"><ele>217.5</ele></trkpt>
   <trkpt lat="43.399393" lon="5.355407"><ele>217.5</ele></trkpt>
   <trkpt lat="43.399331" lon="5.355315"><ele>217</ele></trkpt>
   <trkpt lat="43.399308" lon="5.355272"><ele>216.75</ele></trkpt>
   <trkpt lat="43.399258" lon="5.355173"><ele>217</ele></trkpt>
   <trkpt lat="43.399124" lon="5.354856"><ele>218</ele></trkpt>
   <trkpt lat="43.39891" lon="5.354378"><ele>218.5</ele></trkpt>
   <trkpt lat="43.398735" lon="5.354129"><ele>218</ele></trkpt>
   <trkpt lat="43.398467" lon="5.353896"><ele>215.5</ele></trkpt>
   <trkpt lat="43.398235" lon="5.353749"><ele>213.75</ele></trkpt>
   <trkpt lat="43.398197" lon="5.353725"><ele>213.5</ele></trkpt>
   <trkpt lat="43.398152" lon="5.353697"><ele>213.25</ele></trkpt>
   <trkpt lat="43.396994" lon="5.352967"><ele>207</ele></trkpt>
   <trkpt lat="43.396875" lon="5.352891"><ele>206.75</ele></trkpt>
   <trkpt lat="43.395687" lon="5.352151"><ele>209.25</ele></trkpt>
   <trkpt lat="43.395304" lon="5.351913"><ele>207</ele></trkpt>
   <trkpt lat="43.39499" lon="5.351778"><ele>206</ele></trkpt>
   <trkpt lat="43.394519" lon="5.351716"><ele>203</ele></trkpt>
   <trkpt lat="43.393646" lon="5.351757"><ele>197.25</ele></trkpt>
   <trkpt lat="43.393602" lon="5.351759"><ele>196.75</ele></trkpt>
   <trkpt lat="43.393545" lon="5.351762"><ele>196.75</ele></trkpt>
   <trkpt lat="43.393505" lon="5.351764"><ele>196.5</ele></trkpt>
   <trkpt lat="43.392363" lon="5.351813"><ele>193</ele></trkpt>
   <trkpt lat="43.390934" lon="5.35208"><ele>190.5</ele></trkpt>
   <trkpt lat="43.390039" lon="5.352217"><ele>189</ele></trkpt>
   <trkpt lat="43.389117" lon="5.352325"><ele>187</ele></trkpt>
   <trkpt lat="43.389026" lon="5.352298"><ele>188</ele></trkpt>
   <trkpt lat="43.389024" lon="5.352205"><ele>189</ele></trkpt>
   <trkpt lat="43.388963" lon="5.352194"><ele>189.25</ele></trkpt>
   <trkpt lat="43.388913" lon="5.352182"><ele>189.25</ele></trkpt>
   <trkpt lat="43.388859" lon="5.352121"><ele>189.5</ele></trkpt>
   <trkpt lat="43.388803" lon="5.352102"><ele>189.25</ele></trkpt>
   <trkpt lat="43.388747" lon="5.352114"><ele>189</ele></trkpt>
   <trkpt lat="43.388711" lon="5.352135"><ele>188.75</ele></trkpt>
   <trkpt lat="43.388681" lon="5.352181"><ele>188.25</ele></trkpt>
   <trkpt lat="43.388575" lon="5.35218"><ele>187.75</ele></trkpt>
   <trkpt lat="43.388436" lon="5.352144"><ele>186.75</ele></trkpt>
   <trkpt lat="43.38803" lon="5.352025"><ele>182.75</ele></trkpt>
   <trkpt lat="43.387897" lon="5.351997"><ele>181.25</ele></trkpt>
   <trkpt lat="43.387687" lon="5.351985"><ele>179.25</ele></trkpt>
   <trkpt lat="43.387496" lon="5.352036"><ele>178.25</ele></trkpt>
   <trkpt lat="43.387227" lon="5.352087"><ele>175</ele></trkpt>
   <trkpt lat="43.387148" lon="5.352093"><ele>174</ele></trkpt>
   <trkpt lat="43.386924" lon="5.352129"><ele>172</ele></trkpt>
   <trkpt lat="43.386891" lon="5.352128"><ele>171.75</ele></trkpt>
   <trkpt lat="43.38678" lon="5.352143"><ele>171</ele></trkpt>
   <trkpt lat="43.38672" lon="5.352151"><ele>170.75</ele></trkpt>
   <trkpt lat="43.386676" lon="5.352154"><ele>170.5</ele></trkpt>
   <trkpt lat="43.386531" lon="5.352173"><ele>170</ele></trkpt>
   <trkpt lat="43.385969" lon="5.352221"><ele>167.25</ele></trkpt>
   <trkpt lat="43.385803" lon="5.352231"><ele>166.75</ele></trkpt>
   <trkpt lat="43.385682" lon="5.352208"><ele>166.5</ele></trkpt>
   <trkpt lat="43.385471" lon="5.352153"><ele>165.75</ele></trkpt>
   <trkpt lat="43.385228" lon="5.352037"><ele>165.25</ele></trkpt>
   <trkpt lat="43.384959" lon="5.351845"><ele>164.25</ele></trkpt>
   <trkpt lat="43.384207" lon="5.351245"><ele>160.5</ele></trkpt>
   <trkpt lat="43.383749" lon="5.350894"><ele>159.5</ele></trkpt>
   <trkpt lat="43.383567" lon="5.350761"><ele>159.25</ele></trkpt>
   <trkpt lat="43.383387" lon="5.350669"><ele>158.5</ele></trkpt>
   <trkpt lat="43.382902" lon="5.350431"><ele>156.25</ele></trkpt>
   <trkpt lat="43.38272" lon="5.350374"><ele>155.75</ele></trkpt>
   <trkpt lat="43.382638" lon="5.35037"><ele>155.25</ele></trkpt>
   <trkpt lat="43.382509" lon="5.350383"><ele>155</ele></trkpt>
   <trkpt lat="43.382357" lon="5.350404"><ele>155</ele></trkpt>
   <trkpt lat="43.38213" lon="5.350487"><ele>154.5</ele></trkpt>
   <trkpt lat="43.382047" lon="5.350535"><ele>154</ele></trkpt>
   <trkpt lat="43.381922" lon="5.350566"><ele>154</ele></trkpt>
   <trkpt lat="43.381784" lon="5.35055"><ele>154</ele></trkpt>
   <trkpt lat="43.381748" lon="5.350514"><ele>154.25</ele></trkpt>
   <trkpt lat="43.381703" lon="5.350501"><ele>154.25</ele></trkpt>
   <trkpt lat="43.381659" lon="5.350514"><ele>154.25</ele></trkpt>
   <trkpt lat="43.381619" lon="5.350554"><ele>153.75</ele></trkpt>
   <trkpt lat="43.381595" lon="5.350613"><ele>153.5</ele></trkpt>
   <trkpt lat="43.381593" lon="5.350696"><ele>153.5</ele></trkpt>
   <trkpt lat="43.381555" lon="5.350843"><ele>153.5</ele></trkpt>
   <trkpt lat="43.381545" lon="5.350847"><ele>153.5</ele></trkpt>
   <trkpt lat="43.381506" lon="5.35086"><ele>153.25</ele></trkpt>
   <trkpt lat="43.38148" lon="5.350913"><ele>153.25</ele></trkpt>
   <trkpt lat="43.381431" lon="5.351013"><ele>153</ele></trkpt>
   <trkpt lat="43.381409" lon="5.351117"><ele>153</ele></trkpt>
   <trkpt lat="43.381367" lon="5.35122"><ele>153.25</ele></trkpt>
   <trkpt lat="43.381264" lon="5.351416"><ele>153.25</ele></trkpt>
   <trkpt lat="43.38122" lon="5.351479"><ele>153.25</ele></trkpt>
   <trkpt lat="43.381172" lon="5.351532"><ele>153.25</ele></trkpt>
   <trkpt lat="43.381114" lon="5.351582"><ele>153.25</ele></trkpt>
   <trkpt lat="43.380902" lon="5.351732"><ele>153.75</ele></trkpt>
   <trkpt lat="43.379987" lon="5.352308"><ele>151.5</ele></trkpt>
   <trkpt lat="43.379647" lon="5.352537"><ele>151</ele></trkpt>
   <trkpt lat="43.379265" lon="5.352794"><ele>152</ele></trkpt>
   <trkpt lat="43.379288" lon="5.35281"><ele>152.5</ele></trkpt>
   <trkpt lat="43.379411" lon="5.353188"><ele>159</ele></trkpt>
   <trkpt lat="43.37941" lon="5.353209"><ele>159.25</ele></trkpt>
   <trkpt lat="43.379344" lon="5.35325"><ele>159.5</ele></trkpt>
   <trkpt lat="43.379198" lon="5.353318"><ele>159.75</ele></trkpt>
   <trkpt lat="43.378698" lon="5.353637"><ele>158.75</ele></trkpt>
   <trkpt lat="43.378439" lon="5.353802"><ele>158</ele></trkpt>
   <trkpt lat="43.378157" lon="5.35405"><ele>157.5</ele></trkpt>
   <trkpt lat="43.377975" lon="5.354292"><ele>158.75</ele></trkpt>
   <trkpt lat="43.377691" lon="5.354579"><ele>158</ele></trkpt>
   <trkpt lat="43.377545" lon="5.354626"><ele>156.5</ele></trkpt>
   <trkpt lat="43.377342" lon="5.35463"><ele>154</ele></trkpt>
   <trkpt lat="43.37717" lon="5.354548"><ele>151.75</ele></trkpt>
   <trkpt lat="43.377097" lon="5.354547"><ele>151</ele></trkpt>
   <trkpt lat="43.376925" lon="5.355209"><ele>151.75</ele></trkpt>
   <trkpt lat="43.376669" lon="5.356257"><ele>150</ele></trkpt>
   <trkpt lat="43.376383" lon="5.356168"><ele>148.75</ele></trkpt>
   <trkpt lat="43.375814" lon="5.355988"><ele>146.75</ele></trkpt>
   <trkpt lat="43.375707" lon="5.355957"><ele>146</ele></trkpt>
   <trkpt lat="43.375401" lon="5.355876"><ele>145.5</ele></trkpt>
   <trkpt lat="43.37512" lon="5.355791"><ele>145.25</ele></trkpt>
   <trkpt lat="43.374892" lon="5.355735"><ele>144.5</ele></trkpt>
   <trkpt lat="43.3747" lon="5.355677"><ele>144.25</ele></trkpt>
   <trkpt lat="43.374627" lon="5.355672"><ele>144</ele></trkpt>
   <trkpt lat="43.374212" lon="5.355708"><ele>144.5</ele></trkpt>
   <trkpt lat="43.373951" lon="5.355744"><ele>145.25</ele></trkpt>
   <trkpt lat="43.37393" lon="5.355747"><ele>145.5</ele></trkpt>
   <trkpt lat="43.373804" lon="5.355771"><ele>145.25</ele></trkpt>
   <trkpt lat="43.373725" lon="5.35579"><ele>145.25</ele></trkpt>
   <trkpt lat="43.373662" lon="5.355805"><ele>145</ele></trkpt>
   <trkpt lat="43.373651" lon="5.355808"><ele>145</ele></trkpt>
   <trkpt lat="43.373185" lon="5.35587"><ele>146</ele></trkpt>
   <trkpt lat="43.373176" lon="5.355872"><ele>146</ele></trkpt>
   <trkpt lat="43.372897" lon="5.355915"><ele>146.5</ele></trkpt>
   <trkpt lat="43.372271" lon="5.355986"><ele>147.75</ele></trkpt>
   <trkpt lat="43.372251" lon="5.355988"><ele>147.75</ele></trkpt>
   <trkpt lat="43.372147" lon="5.356013"><ele>148</ele></trkpt>
   <trkpt lat="43.372099" lon="5.356025"><ele>148</ele></trkpt>
   <trkpt lat="43.371986" lon="5.356043"><ele>148</ele></trkpt>
   <trkpt lat="43.371949" lon="5.356049"><ele>147.75</ele></trkpt>
   <trkpt lat="43.371807" lon="5.356072"><ele>148</ele></trkpt>
   <trkpt lat="43.371489" lon="5.356116"><ele>147.25</ele></trkpt>
   <trkpt lat="43.371303" lon="5.356141"><ele>146.75</ele></trkpt>
   <trkpt lat="43.370936" lon="5.356182"><ele>146.5</ele></trkpt>
   <trkpt lat="43.370374" lon="5.356251"><ele>147</ele></trkpt>
   <trkpt lat="43.370336" lon="5.356258"><ele>147</ele></trkpt>
   <trkpt lat="43.37013" lon="5.356287"><ele>146.5</ele></trkpt>
   <trkpt lat="43.36994" lon="5.356311"><ele>146</ele></trkpt>
   <trkpt lat="43.369897" lon="5.356317"><ele>146</ele></trkpt>
   <trkpt lat="43.369849" lon="5.356322"><ele>146</ele></trkpt>
   <trkpt lat="43.369824" lon="5.356325"><ele>146</ele></trkpt>
   <trkpt lat="43.369773" lon="5.356331"><ele>146</ele></trkpt>
   <trkpt lat="43.369708" lon="5.356339"><ele>145.75</ele></trkpt>
   <trkpt lat="43.369692" lon="5.356341"><ele>145.75</ele></trkpt>
   <trkpt lat="43.369568" lon="5.356358"><ele>145.5</ele></trkpt>
   <trkpt lat="43.36937" lon="5.356383"><ele>145</ele></trkpt>
   <trkpt lat="43.369293" lon="5.356393"><ele>145</ele></trkpt>
   <trkpt lat="43.369125" lon="5.356415"><ele>145</ele></trkpt>
   <trkpt lat="43.36904" lon="5.356425"><ele>145</ele></trkpt>
   <trkpt lat="43.368922" lon="5.356439"><ele>144.75</ele></trkpt>
   <trkpt lat="43.368802" lon="5.356453"><ele>145</ele></trkpt>
   <trkpt lat="43.368362" lon="5.35651"><ele>145</ele></trkpt>
   <trkpt lat="43.368142" lon="5.356546"><ele>144.5</ele></trkpt>
   <trkpt lat="43.368046" lon="5.356559"><ele>144.25</ele></trkpt>
   <trkpt lat="43.367776" lon="5.356595"><ele>144.5</ele></trkpt>
   <trkpt lat="43.36749" lon="5.356633"><ele>144.25</ele></trkpt>
   <trkpt lat="43.367416" lon="5.356643"><ele>144</ele></trkpt>
   <trkpt lat="43.367305" lon="5.356655"><ele>143.25</ele></trkpt>
   <trkpt lat="43.367175" lon="5.356604"><ele>143.75</ele></trkpt>
   <trkpt lat="43.36714" lon="5.356582"><ele>144</ele></trkpt>
   <trkpt lat="43.367053" lon="5.356533"><ele>144</ele></trkpt>
   <trkpt lat="43.367033" lon="5.356485"><ele>144.25</ele></trkpt>
   <trkpt lat="43.367002" lon="5.35645"><ele>144.25</ele></trkpt>
   <trkpt lat="43.366964" lon="5.356433"><ele>144</ele></trkpt>
   <trkpt lat="43.366924" lon="5.356436"><ele>144</ele></trkpt>
   <trkpt lat="43.366888" lon="5.356459"><ele>144.25</ele></trkpt>
   <trkpt lat="43.36686" lon="5.356498"><ele>144</ele></trkpt>
   <trkpt lat="43.366844" lon="5.356548"><ele>143.75</ele></trkpt>
   <trkpt lat="43.366774" lon="5.356636"><ele>142.75</ele></trkpt>
   <trkpt lat="43.36672" lon="5.356676"><ele>142</ele></trkpt>
   <trkpt lat="43.366623" lon="5.356717"><ele>141.5</ele></trkpt>
   <trkpt lat="43.366494" lon="5.356752"><ele>141</ele></trkpt>
   <trkpt lat="43.366309" lon="5.356778"><ele>140.25</ele></trkpt>
   <trkpt lat="43.366251" lon="5.356786"><ele>140</ele></trkpt>
   <trkpt lat="43.366117" lon="5.356805"><ele>139.5</ele></trkpt>
   <trkpt lat="43.365941" lon="5.356795"><ele>138.75</ele></trkpt>
   <trkpt lat="43.365918" lon="5.356794"><ele>138.75</ele></trkpt>
   <trkpt lat="43.365802" lon="5.356812"><ele>138.25</ele></trkpt>
   <trkpt lat="43.365576" lon="5.356845"><ele>137.75</ele></trkpt>
   <trkpt lat="43.365551" lon="5.356849"><ele>137.5</ele></trkpt>
   <trkpt lat="43.364938" lon="5.356945"><ele>134.75</ele></trkpt>
   <trkpt lat="43.364157" lon="5.357041"><ele>132.75</ele></trkpt>
   <trkpt lat="43.363877" lon="5.357078"><ele>132</ele></trkpt>
   <trkpt lat="43.363715" lon="5.357115"><ele>131.75</ele></trkpt>
   <trkpt lat="43.362857" lon="5.357223"><ele>131.75</ele></trkpt>
   <trkpt lat="43.362651" lon="5.357238"><ele>132.25</ele></trkpt>
   <trkpt lat="43.362566" lon="5.357247"><ele>132.5</ele></trkpt>
   <trkpt lat="43.362167" lon="5.357298"><ele>133</ele></trkpt>
   <trkpt lat="43.362102" lon="5.357307"><ele>133</ele></trkpt>
   <trkpt lat="43.361323" lon="5.357414"><ele>134.25</ele></trkpt>
   <trkpt lat="43.361271" lon="5.357421"><ele>134.5</ele></trkpt>
   <trkpt lat="43.360543" lon="5.357511"><ele>136.75</ele></trkpt>
   <trkpt lat="43.360336" lon="5.357542"><ele>136.75</ele></trkpt>
   <trkpt lat="43.360109" lon="5.357566"><ele>137.5</ele></trkpt>
   <trkpt lat="43.360024" lon="5.357575"><ele>137.75</ele></trkpt>
   <trkpt lat="43.359721" lon="5.35762"><ele>137.75</ele></trkpt>
   <trkpt lat="43.359511" lon="5.357656"><ele>137</ele></trkpt>
   <trkpt lat="43.359395" lon="5.357668"><ele>136.75</ele></trkpt>
   <trkpt lat="43.359364" lon="5.357672"><ele>136.75</ele></trkpt>
   <trkpt lat="43.359336" lon="5.357675"><ele>136.75</ele></trkpt>
   <trkpt lat="43.359252" lon="5.357683"><ele>136.75</ele></trkpt>
   <trkpt lat="43.35917" lon="5.35768"><ele>136.5</ele></trkpt>
   <trkpt lat="43.358901" lon="5.357669"><ele>136</ele></trkpt>
   <trkpt lat="43.35882" lon="5.357666"><ele>135.5</ele></trkpt>
   <trkpt lat="43.358646" lon="5.357653"><ele>134.25</ele></trkpt>
   <trkpt lat="43.358513" lon="5.357635"><ele>133.25</ele></trkpt>
   <trkpt lat="43.358417" lon="5.357619"><ele>132.5</ele></trkpt>
   <trkpt lat="43.358352" lon="5.357615"><ele>132</ele></trkpt>
   <trkpt lat="43.358285" lon="5.357612"><ele>131.5</ele></trkpt>
   <trkpt lat="43.357953" lon="5.35758"><ele>129</ele></trkpt>
   <trkpt lat="43.357757" lon="5.35756"><ele>127.75</ele></trkpt>
   <trkpt lat="43.357558" lon="5.35754"><ele>126.25</ele></trkpt>
   <trkpt lat="43.357522" lon="5.357537"><ele>126</ele></trkpt>
   <trkpt lat="43.35751" lon="5.357536"><ele>126</ele></trkpt>
   <trkpt lat="43.357419" lon="5.357526"><ele>125.25</ele></trkpt>
   <trkpt lat="43.357335" lon="5.357517"><ele>124.75</ele></trkpt>
   <trkpt lat="43.357322" lon="5.357516"><ele>124.5</ele></trkpt>
   <trkpt lat="43.35724" lon="5.357507"><ele>124</ele></trkpt>
   <trkpt lat="43.357092" lon="5.357491"><ele>122.5</ele></trkpt>
   <trkpt lat="43.35694" lon="5.357475"><ele>121</ele></trkpt>
   <trkpt lat="43.356847" lon="5.357466"><ele>120.5</ele></trkpt>
   <trkpt lat="43.356378" lon="5.357423"><ele>116.75</ele></trkpt>
   <trkpt lat="43.356355" lon="5.357421"><ele>116.75</ele></trkpt>
   <trkpt lat="43.356299" lon="5.357414"><ele>116.25</ele></trkpt>
   <trkpt lat="43.355951" lon="5.357367"><ele>114.5</ele></trkpt>
   <trkpt lat="43.35577" lon="5.357359"><ele>113.25</ele></trkpt>
   <trkpt lat="43.355545" lon="5.357335"><ele>110.75</ele></trkpt>
   <trkpt lat="43.355528" lon="5.357334"><ele>110.75</ele></trkpt>
   <trkpt lat="43.355414" lon="5.357325"><ele>109.75</ele></trkpt>
   <trkpt lat="43.355339" lon="5.357319"><ele>109</ele></trkpt>
   <trkpt lat="43.355323" lon="5.357317"><ele>109</ele></trkpt>
   <trkpt lat="43.355118" lon="5.357299"><ele>106.75</ele></trkpt>
   <trkpt lat="43.35425" lon="5.357212"><ele>100.5</ele></trkpt>
   <trkpt lat="43.354227" lon="5.357211"><ele>100.25</ele></trkpt>
   <trkpt lat="43.3541" lon="5.357188"><ele>99.25</ele></trkpt>
   <trkpt lat="43.354" lon="5.35718"><ele>98.25</ele></trkpt>
   <trkpt lat="43.35392" lon="5.357188"><ele>97.75</ele></trkpt>
   <trkpt lat="43.353729" lon="5.357227"><ele>97.25</ele></trkpt>
   <trkpt lat="43.353495" lon="5.357305"><ele>92.75</ele></trkpt>
   <trkpt lat="43.353218" lon="5.35743"><ele>92</ele></trkpt>
   <trkpt lat="43.352949" lon="5.357583"><ele>90.5</ele></trkpt>
   <trkpt lat="43.352754" lon="5.357672"><ele>89.25</ele></trkpt>
   <trkpt lat="43.352615" lon="5.357745"><ele>89.5</ele></trkpt>
   <trkpt lat="43.352554" lon="5.357774"><ele>90</ele></trkpt>
   <trkpt lat="43.352241" lon="5.357927"><ele>89</ele></trkpt>
   <trkpt lat="43.351832" lon="5.358135"><ele>86</ele></trkpt>
   <trkpt lat="43.351376" lon="5.358367"><ele>84.5</ele></trkpt>
   <trkpt lat="43.350732" lon="5.358668"><ele>81.75</ele></trkpt>
   <trkpt lat="43.350561" lon="5.358708"><ele>82.75</ele></trkpt>
   <trkpt lat="43.350492" lon="5.358715"><ele>82.25</ele></trkpt>
   <trkpt lat="43.350195" lon="5.35875"><ele>78.5</ele></trkpt>
   <trkpt lat="43.350065" lon="5.358767"><ele>76.25</ele></trkpt>
   <trkpt lat="43.350027" lon="5.358772"><ele>75.5</ele></trkpt>
   <trkpt lat="43.349723" lon="5.358812"><ele>74.5</ele></trkpt>
   <trkpt lat="43.349448" lon="5.358853"><ele>73</ele></trkpt>
   <trkpt lat="43.349426" lon="5.358856"><ele>72.5</ele></trkpt>
   <trkpt lat="43.349299" lon="5.35887"><ele>68.75</ele></trkpt>
   <trkpt lat="43.349256" lon="5.358874"><ele>67.5</ele></trkpt>
   <trkpt lat="43.349107" lon="5.358887"><ele>65.75</ele></trkpt>
   <trkpt lat="43.349085" lon="5.358891"><ele>66</ele></trkpt>
   <trkpt lat="43.349063" lon="5.358894"><ele>66.25</ele></trkpt>
   <trkpt lat="43.348883" lon="5.358911"><ele>68.75</ele></trkpt>
   <trkpt lat="43.348798" lon="5.358921"><ele>68.25</ele></trkpt>
   <trkpt lat="43.348506" lon="5.358958"><ele>66.5</ele></trkpt>
   <trkpt lat="43.347856" lon="5.359032"><ele>64.25</ele></trkpt>
   <trkpt lat="43.347834" lon="5.359035"><ele>64.25</ele></trkpt>
   <trkpt lat="43.347711" lon="5.359053"><ele>64.25</ele></trkpt>
   <trkpt lat="43.347623" lon="5.359068"><ele>64.25</ele></trkpt>
   <trkpt lat="43.347601" lon="5.359071"><ele>64</ele></trkpt>
   <trkpt lat="43.347015" lon="5.35915"><ele>63.25</ele></trkpt>
   <trkpt lat="43.346439" lon="5.359212"><ele>62.25</ele></trkpt>
   <trkpt lat="43.346344" lon="5.359223"><ele>62.25</ele></trkpt>
   <trkpt lat="43.345993" lon="5.359263"><ele>61.5</ele></trkpt>
   <trkpt lat="43.34595" lon="5.359268"><ele>61.5</ele></trkpt>
   <trkpt lat="43.34592" lon="5.359272"><ele>61.25</ele></trkpt>
   <trkpt lat="43.345778" lon="5.359288"><ele>61.25</ele></trkpt>
   <trkpt lat="43.345669" lon="5.359301"><ele>61.75</ele></trkpt>
   <trkpt lat="43.344445" lon="5.359457"><ele>57.75</ele></trkpt>
   <trkpt lat="43.344174" lon="5.359486"><ele>57</ele></trkpt>
   <trkpt lat="43.344058" lon="5.359498"><ele>56.25</ele></trkpt>
   <trkpt lat="43.343879" lon="5.359519"><ele>55</ele></trkpt>
   <trkpt lat="43.343741" lon="5.359531"><ele>54.75</ele></trkpt>
   <trkpt lat="43.343546" lon="5.359547"><ele>54.5</ele></trkpt>
   <trkpt lat="43.343148" lon="5.359596"><ele>53.25</ele></trkpt>
   <trkpt lat="43.342853" lon="5.35963"><ele>50.75</ele></trkpt>
   <trkpt lat="43.34271" lon="5.359648"><ele>49.75</ele></trkpt>
   <trkpt lat="43.342691" lon="5.359651"><ele>49.5</ele></trkpt>
   <trkpt lat="43.342555" lon="5.359676"><ele>49</ele></trkpt>
   <trkpt lat="43.342528" lon="5.359539"><ele>49</ele></trkpt>
   <trkpt lat="43.342521" lon="5.359512"><ele>49</ele></trkpt>
   <trkpt lat="43.342492" lon="5.35939"><ele>48.75</ele></trkpt>
   <trkpt lat="43.341927" lon="5.357116"><ele>47.5</ele></trkpt>
   <trkpt lat="43.341721" lon="5.356256"><ele>47</ele></trkpt>
   <trkpt lat="43.341702" lon="5.356191"><ele>45.75</ele></trkpt>
   <trkpt lat="43.341674" lon="5.356143"><ele>44.5</ele></trkpt>
   <trkpt lat="43.341637" lon="5.356106"><ele>44</ele></trkpt>
   <trkpt lat="43.341591" lon="5.356093"><ele>44.25</ele></trkpt>
   <trkpt lat="43.341524" lon="5.356114"><ele>43.5</ele></trkpt>
   <trkpt lat="43.340763" lon="5.356447"><ele>42.5</ele></trkpt>
   <trkpt lat="43.340318" lon="5.356643"><ele>42</ele></trkpt>
   <trkpt lat="43.339569" lon="5.356956"><ele>40</ele></trkpt>
   <trkpt lat="43.339385" lon="5.357039"><ele>39.5</ele></trkpt>
   <trkpt lat="43.339339" lon="5.35706"><ele>39.25</ele></trkpt>
   <trkpt lat="43.339147" lon="5.357123"><ele>37.5</ele></trkpt>
   <trkpt lat="43.339047" lon="5.35717"><ele>37.75</ele></trkpt>
   <trkpt lat="43.338747" lon="5.357295"><ele>37.5</ele></trkpt>
   <trkpt lat="43.338656" lon="5.357326"><ele>37</ele></trkpt>
   <trkpt lat="43.338584" lon="5.357357"><ele>36.75</ele></trkpt>
   <trkpt lat="43.338439" lon="5.357422"><ele>36</ele></trkpt>
   <trkpt lat="43.337656" lon="5.357765"><ele>34.5</ele></trkpt>
   <trkpt lat="43.337595" lon="5.357774"><ele>34.25</ele></trkpt>
   <trkpt lat="43.337409" lon="5.357715"><ele>34</ele></trkpt>
   <trkpt lat="43.33719" lon="5.357619"><ele>33.25</ele></trkpt>
   <trkpt lat="43.336986" lon="5.357512"><ele>33</ele></trkpt>
   <trkpt lat="43.33691" lon="5.35748"><ele>32.5</ele></trkpt>
   <trkpt lat="43.336874" lon="5.35747"><ele>32.25</ele></trkpt>
   <trkpt lat="43.336771" lon="5.357441"><ele>31.5</ele></trkpt>
   <trkpt lat="43.336594" lon="5.35741"><ele>30.75</ele></trkpt>
   <trkpt lat="43.336393" lon="5.35742"><ele>30.25</ele></trkpt>
   <trkpt lat="43.33596" lon="5.35758"><ele>28.5</ele></trkpt>
   <trkpt lat="43.33556" lon="5.357742"><ele>27.75</ele></trkpt>
   <trkpt lat="43.335339" lon="5.357823"><ele>27</ele></trkpt>
   <trkpt lat="43.335273" lon="5.357847"><ele>26.75</ele></trkpt>
   <trkpt lat="43.335135" lon="5.357898"><ele>26.5</ele></trkpt>
   <trkpt lat="43.334972" lon="5.357945"><ele>26.5</ele></trkpt>
   <trkpt lat="43.334892" lon="5.357968"><ele>26.25</ele></trkpt>
   <trkpt lat="43.334445" lon="5.358104"><ele>26</ele></trkpt>
   <trkpt lat="43.334353" lon="5.358126"><ele>26</ele></trkpt>
   <trkpt lat="43.333991" lon="5.358209"><ele>26</ele></trkpt>
   <trkpt lat="43.333573" lon="5.358386"><ele>25.75</ele></trkpt>
   <trkpt lat="43.333315" lon="5.358497"><ele>26.25</ele></trkpt>
   <trkpt lat="43.333059" lon="5.358629"><ele>25.75</ele></trkpt>
   <trkpt lat="43.333003" lon="5.358656"><ele>26.25</ele></trkpt>
   <trkpt lat="43.332985" lon="5.358665"><ele>26.25</ele></trkpt>
   <trkpt lat="43.332961" lon="5.358677"><ele>26.5</ele></trkpt>
   <trkpt lat="43.332726" lon="5.3588"><ele>26.75</ele></trkpt>
   <trkpt lat="43.332468" lon="5.35886"><ele>27</ele></trkpt>
   <trkpt lat="43.332075" lon="5.358942"><ele>28.25</ele></trkpt>
   <trkpt lat="43.332038" lon="5.358948"><ele>28.25</ele></trkpt>
   <trkpt lat="43.33165" lon="5.359006"><ele>30</ele></trkpt>
   <trkpt lat="43.331434" lon="5.359047"><ele>30.25</ele></trkpt>
   <trkpt lat="43.331215" lon="5.359091"><ele>31</ele></trkpt>
   <trkpt lat="43.331077" lon="5.359127"><ele>31.5</ele></trkpt>
   <trkpt lat="43.331032" lon="5.359138"><ele>31.5</ele></trkpt>
   <trkpt lat="43.330818" lon="5.359174"><ele>32</ele></trkpt>
   <trkpt lat="43.330787" lon="5.359177"><ele>32</ele></trkpt>
   <trkpt lat="43.330659" lon="5.359158"><ele>32.5</ele></trkpt>
   <trkpt lat="43.330546" lon="5.359128"><ele>33.25</ele></trkpt>
   <trkpt lat="43.330529" lon="5.359124"><ele>33.25</ele></trkpt>
   <trkpt lat="43.330471" lon="5.359089"><ele>33.25</ele></trkpt>
   <trkpt lat="43.330404" lon="5.35905"><ele>33</ele></trkpt>
   <trkpt lat="43.330252" lon="5.358995"><ele>32.25</ele></trkpt>
   <trkpt lat="43.330217" lon="5.358983"><ele>32</ele></trkpt>
   <trkpt lat="43.330202" lon="5.358983"><ele>31.75</ele></trkpt>
   <trkpt lat="43.330182" lon="5.358985"><ele>31.75</ele></trkpt>
   <trkpt lat="43.329717" lon="5.359016"><ele>30.5</ele></trkpt>
   <trkpt lat="43.329633" lon="5.359023"><ele>30</ele></trkpt>
   <trkpt lat="43.329035" lon="5.359068"><ele>28</ele></trkpt>
   <trkpt lat="43.328826" lon="5.359124"><ele>27.5</ele></trkpt>
   <trkpt lat="43.328753" lon="5.359154"><ele>27.5</ele></trkpt>
   <trkpt lat="43.328661" lon="5.359205"><ele>27</ele></trkpt>
   <trkpt lat="43.328603" lon="5.359244"><ele>27</ele></trkpt>
   <trkpt lat="43.328417" lon="5.359394"><ele>27.25</ele></trkpt>
   <trkpt lat="43.328356" lon="5.359443"><ele>27</ele></trkpt>
   <trkpt lat="43.328308" lon="5.359484"><ele>27</ele></trkpt>
   <trkpt lat="43.328157" lon="5.359617"><ele>27</ele></trkpt>
   <trkpt lat="43.327856" lon="5.359885"><ele>26</ele></trkpt>
   <trkpt lat="43.327786" lon="5.359947"><ele>26</ele></trkpt>
   <trkpt lat="43.327646" lon="5.360068"><ele>24.75</ele></trkpt>
   <trkpt lat="43.327515" lon="5.360181"><ele>23.25</ele></trkpt>
   <trkpt lat="43.327482" lon="5.36021"><ele>23.25</ele></trkpt>
   <trkpt lat="43.327297" lon="5.360369"><ele>24</ele></trkpt>
   <trkpt lat="43.327251" lon="5.360401"><ele>24.5</ele></trkpt>
   <trkpt lat="43.327205" lon="5.360434"><ele>25</ele></trkpt>
   <trkpt lat="43.327075" lon="5.360526"><ele>24.5</ele></trkpt>
   <trkpt lat="43.327055" lon="5.36054"><ele>24.25</ele></trkpt>
   <trkpt lat="43.327038" lon="5.36055"><ele>24.25</ele></trkpt>
   <trkpt lat="43.32667" lon="5.360789"><ele>23</ele></trkpt>
   <trkpt lat="43.326572" lon="5.360846"><ele>22.75</ele></trkpt>
   <trkpt lat="43.326507" lon="5.360891"><ele>22.75</ele></trkpt>
   <trkpt lat="43.326249" lon="5.361055"><ele>21.25</ele></trkpt>
   <trkpt lat="43.326074" lon="5.361178"><ele>20</ele></trkpt>
   <trkpt lat="43.325927" lon="5.361261"><ele>18.25</ele></trkpt>
   <trkpt lat="43.325533" lon="5.361514"><ele>18</ele></trkpt>
   <trkpt lat="43.325202" lon="5.361725"><ele>15.75</ele></trkpt>
   <trkpt lat="43.325067" lon="5.361827"><ele>14.25</ele></trkpt>
   <trkpt lat="43.324937" lon="5.361941"><ele>14.25</ele></trkpt>
   <trkpt lat="43.324709" lon="5.362166"><ele>13.5</ele></trkpt>
   <trkpt lat="43.324695" lon="5.362181"><ele>13.5</ele></trkpt>
   <trkpt lat="43.324592" lon="5.362255"><ele>11.5</ele></trkpt>
   <trkpt lat="43.324152" lon="5.362723"><ele>12</ele></trkpt>
   <trkpt lat="43.324022" lon="5.362851"><ele>10.5</ele></trkpt>
   <trkpt lat="43.323163" lon="5.363749"><ele>9</ele></trkpt>
   <trkpt lat="43.323018" lon="5.36389"><ele>10</ele></trkpt>
   <trkpt lat="43.322822" lon="5.36405"><ele>9</ele></trkpt>
   <trkpt lat="43.322633" lon="5.364162"><ele>9.75</ele></trkpt>
   <trkpt lat="43.32229" lon="5.364321"><ele>7.5</ele></trkpt>
   <trkpt lat="43.322163" lon="5.36439"><ele>7.25</ele></trkpt>
   <trkpt lat="43.322068" lon="5.364465"><ele>7</ele></trkpt>
   <trkpt lat="43.321992" lon="5.364557"><ele>7</ele></trkpt>
   <trkpt lat="43.321747" lon="5.36483"><ele>6.75</ele></trkpt>
   <trkpt lat="43.32167" lon="5.364893"><ele>6.75</ele></trkpt>
   <trkpt lat="43.321609" lon="5.364928"><ele>7</ele></trkpt>
   <trkpt lat="43.32149" lon="5.364958"><ele>7.25</ele></trkpt>
   <trkpt lat="43.321367" lon="5.364942"><ele>7</ele></trkpt>
   <trkpt lat="43.321156" lon="5.36484"><ele>6.5</ele></trkpt>
   <trkpt lat="43.321049" lon="5.364826"><ele>6.5</ele></trkpt>
   <trkpt lat="43.320925" lon="5.364837"><ele>6</ele></trkpt>
   <trkpt lat="43.320778" lon="5.36492"><ele>6.25</ele></trkpt>
   <trkpt lat="43.320718" lon="5.364955"><ele>6.5</ele></trkpt>
   <trkpt lat="43.320349" lon="5.365209"><ele>6.25</ele></trkpt>
   <trkpt lat="43.320187" lon="5.365327"><ele>6</ele></trkpt>
   <trkpt lat="43.320059" lon="5.365459"><ele>5.5</ele></trkpt>
   <trkpt lat="43.31989" lon="5.365613"><ele>5.25</ele></trkpt>
   <trkpt lat="43.319601" lon="5.365877"><ele>5.25</ele></trkpt>
   <trkpt lat="43.319306" lon="5.366119"><ele>5</ele></trkpt>
   <trkpt lat="43.318872" lon="5.366476"><ele>4.75</ele></trkpt>
   <trkpt lat="43.318854" lon="5.366492"><ele>4.75</ele></trkpt>
   <trkpt lat="43.318827" lon="5.366515"><ele>4.75</ele></trkpt>
   <trkpt lat="43.318683" lon="5.366629"><ele>4.25</ele></trkpt>
   <trkpt lat="43.318299" lon="5.366923"><ele>4</ele></trkpt>
   <trkpt lat="43.317081" lon="5.36792"><ele>3</ele></trkpt>
   <trkpt lat="43.317021" lon="5.367995"><ele>3</ele></trkpt>
   <trkpt lat="43.316613" lon="5.368338"><ele>3</ele></trkpt>
   <trkpt lat="43.316575" lon="5.36836"><ele>3.25</ele></trkpt>
   <trkpt lat="43.31649" lon="5.368378"><ele>3.5</ele></trkpt>
   <trkpt lat="43.315998" lon="5.366786"><ele>3.25</ele></trkpt>
   <trkpt lat="43.31595" lon="5.366812"><ele>3.5</ele></trkpt>
   <trkpt lat="43.315908" lon="5.366837"><ele>3.5</ele></trkpt>
   <trkpt lat="43.315759" lon="5.366923"><ele>4</ele></trkpt>
   <trkpt lat="43.315094" lon="5.367288"><ele>4</ele></trkpt>
   <trkpt lat="43.314969" lon="5.367361"><ele>4</ele></trkpt>
   <trkpt lat="43.314322" lon="5.367723"><ele>4</ele></trkpt>
   <trkpt lat="43.313915" lon="5.367954"><ele>4</ele></trkpt>
   <trkpt lat="43.313885" lon="5.367973"><ele>4</ele></trkpt>
   <trkpt lat="43.313769" lon="5.368038"><ele>4</ele></trkpt>
   <trkpt lat="43.31363" lon="5.368114"><ele>4</ele></trkpt>
   <trkpt lat="43.313146" lon="5.368388"><ele>4</ele></trkpt>
   <trkpt lat="43.312807" lon="5.368584"><ele>4</ele></trkpt>
   <trkpt lat="43.312557" lon="5.36872"><ele>4</ele></trkpt>
   <trkpt lat="43.312524" lon="5.368739"><ele>4</ele></trkpt>
   <trkpt lat="43.312409" lon="5.368798"><ele>4.25</ele></trkpt>
   <trkpt lat="43.312373" lon="5.368682"><ele>4.25</ele></trkpt>
   <trkpt lat="43.312363" lon="5.368648"><ele>4.25</ele></trkpt>
   <trkpt lat="43.312349" lon="5.368603"><ele>4.5</ele></trkpt>
   <trkpt lat="43.312342" lon="5.368582"><ele>4.5</ele></trkpt>
   <trkpt lat="43.312278" lon="5.368363"><ele>4.75</ele></trkpt>
   <trkpt lat="43.312231" lon="5.368204"><ele>4.25</ele></trkpt>
   <trkpt lat="43.312221" lon="5.368173"><ele>4.25</ele></trkpt>
   <trkpt lat="43.31216" lon="5.36798"><ele>3.75</ele></trkpt>
   <trkpt lat="43.312071" lon="5.367699"><ele>3.25</ele></trkpt>
   <trkpt lat="43.311988" lon="5.36742"><ele>2.75</ele></trkpt>
   <trkpt lat="43.311974" lon="5.367371"><ele>2.5</ele></trkpt>
   <trkpt lat="43.311935" lon="5.36724"><ele>2</ele></trkpt>
   <trkpt lat="43.311905" lon="5.367119"><ele>2.25</ele></trkpt>
   <trkpt lat="43.311681" lon="5.367174"><ele>2.75</ele></trkpt>
   <trkpt lat="43.31166" lon="5.367038"><ele>2.75</ele></trkpt>
   <trkpt lat="43.311654" lon="5.367001"><ele>2.75</ele></trkpt>
   <trkpt lat="43.311451" lon="5.367049"><ele>2</ele></trkpt>
   <trkpt lat="43.311104" lon="5.367057"><ele>2</ele></trkpt>
   <trkpt lat="43.310851" lon="5.366961"><ele>2</ele></trkpt>
   <trkpt lat="43.31037" lon="5.366807"><ele>2.25</ele></trkpt>
   <trkpt lat="43.309936" lon="5.366673"><ele>2</ele></trkpt>
   <trkpt lat="43.3099" lon="5.366644"><ele>2</ele></trkpt>
   <trkpt lat="43.309884" lon="5.366602"><ele>2</ele></trkpt>
   <trkpt lat="43.309867" lon="5.36648"><ele>2</ele></trkpt>
   <trkpt lat="43.309727" lon="5.366445"><ele>2</ele></trkpt>
   <trkpt lat="43.309498" lon="5.366401"><ele>2</ele></trkpt>
   <trkpt lat="43.309317" lon="5.366346"><ele>2</ele></trkpt>
   <trkpt lat="43.307276" lon="5.365748"><ele>2.75</ele></trkpt>
   <trkpt lat="43.306408" lon="5.365533"><ele>3</ele></trkpt>
   <trkpt lat="43.306131" lon="5.365452"><ele>3</ele></trkpt>
   <trkpt lat="43.306112" lon="5.365557"><ele>2.75</ele></trkpt>
   <trkpt lat="43.30609" lon="5.365704"><ele>2.5</ele></trkpt>
   <trkpt lat="43.306083" lon="5.365752"><ele>2.25</ele></trkpt>
   <trkpt lat="43.305379" lon="5.36555"><ele>2</ele></trkpt>
   <trkpt lat="43.305337" lon="5.365541"><ele>2</ele></trkpt>
   <trkpt lat="43.305281" lon="5.365595"><ele>2</ele></trkpt>
   <trkpt lat="43.305244" lon="5.365584"><ele>2</ele></trkpt>
   <trkpt lat="43.305212" lon="5.365573"><ele>2.25</ele></trkpt>
   <trkpt lat="43.305132" lon="5.365567"><ele>2.5</ele></trkpt>
   <trkpt lat="43.304879" lon="5.365483"><ele>2.25</ele></trkpt>
   <trkpt lat="43.304824" lon="5.365459"><ele>2</ele></trkpt>
   <trkpt lat="43.304804" lon="5.365457"><ele>2</ele></trkpt>
   <trkpt lat="43.304763" lon="5.365452"><ele>2</ele></trkpt>
   <trkpt lat="43.304746" lon="5.365399"><ele>2</ele></trkpt>
   <trkpt lat="43.304701" lon="5.365372"><ele>2</ele></trkpt>
   <trkpt lat="43.30467" lon="5.36536"><ele>2</ele></trkpt>
   <trkpt lat="43.303593" lon="5.365041"><ele>2</ele></trkpt>
   <trkpt lat="43.30353" lon="5.365021"><ele>2</ele></trkpt>
   <trkpt lat="43.303474" lon="5.365004"><ele>2</ele></trkpt>
   <trkpt lat="43.303427" lon="5.36499"><ele>2</ele></trkpt>
   <trkpt lat="43.303344" lon="5.364965"><ele>2</ele></trkpt>
   <trkpt lat="43.302369" lon="5.364678"><ele>1.75</ele></trkpt>
   <trkpt lat="43.30234" lon="5.36467"><ele>1.75</ele></trkpt>
   <trkpt lat="43.302285" lon="5.364653"><ele>1.75</ele></trkpt>
   <trkpt lat="43.302114" lon="5.364594"><ele>2</ele></trkpt>
   <trkpt lat="43.302131" lon="5.364496"><ele>2</ele></trkpt>
   <trkpt lat="43.302155" lon="5.364365"><ele>2</ele></trkpt>
   <trkpt lat="43.301595" lon="5.364206"><ele>2</ele></trkpt>
   <trkpt lat="43.301094" lon="5.36406"><ele>2</ele></trkpt>
   <trkpt lat="43.300984" lon="5.364027"><ele>2</ele></trkpt>
   <trkpt lat="43.30096" lon="5.364019"><ele>2</ele></trkpt>
   <trkpt lat="43.300795" lon="5.363967"><ele>2</ele></trkpt>
   <trkpt lat="43.300641" lon="5.363924"><ele>2</ele></trkpt>
   <trkpt lat="43.300045" lon="5.363744"><ele>2</ele></trkpt>
   <trkpt lat="43.300042" lon="5.363743"><ele>2</ele></trkpt>
   <trkpt lat="43.299893" lon="5.363697"><ele>2</ele></trkpt>
   <trkpt lat="43.29977" lon="5.363656"><ele>2</ele></trkpt>
   <trkpt lat="43.299219" lon="5.363432"><ele>2</ele></trkpt>
   <trkpt lat="43.298928" lon="5.363322"><ele>2</ele></trkpt>
   <trkpt lat="43.298808" lon="5.363278"><ele>2</ele></trkpt>
   <trkpt lat="43.29874" lon="5.363252"><ele>2</ele></trkpt>
   <trkpt lat="43.298549" lon="5.363198"><ele>2</ele></trkpt>
   <trkpt lat="43.298332" lon="5.363131"><ele>3</ele></trkpt>
   <trkpt lat="43.298173" lon="5.363082"><ele>3.25</ele></trkpt>
   <trkpt lat="43.298178" lon="5.363047"><ele>3.5</ele></trkpt>
   <trkpt lat="43.298168" lon="5.363044"><ele>3.5</ele></trkpt>
  </trkseg>
 </trk>
</gpx>