<?xml version="1.0" encoding="UTF-8"?>
<!-- track-length = 77837 filtered ascend = 1464 plain-ascend = -3 cost=293147 energy=0.5kwh time=5h 46m 4s -->
<gpx 
 xmlns="http://www.topografix.com/GPX/1/1" 
 xmlns:xsi="http://www.w3.org/2001/XMLSchema-instance" 
 xsi:schemaLocation="http://www.topografix.com/GPX/1/1 http://www.topografix.com/GPX/1/1/gpx.xsd" 
 version="1.1" 
 creator="OsmAndRouter">
 <wpt lat="45.779" lon="3.1005"><name>from</name><type>from</type></wpt>
 <wpt lat="45.751" lon="3.083"><name>via1</name><type>via</type></wpt>
 <wpt lat="45.7316" lon="3.0637"><name>via2</name><type>via</type></wpt>
 <wpt lat="45.72613" lon="3.04643"><name>via3</name><type>via</type></wpt>
 <wpt lat="45.7202" lon="3.019"><name>via4</name><type>via</type></wpt>
 <wpt lat="45.703107" lon="3.002923"><name>via5</name><type>via</type></wpt>
 <wpt lat="45.67152" lon="3.00459"><name>via6</name><type>via</type></wpt>
 <wpt lat="45.66669" lon="2.98225"><name>via7</name><type>via</type></wpt>
 <wpt lat="45.6609" lon="2.97571"><name>via8</name><type>via</type></wpt>
 <wpt lat="45.64239" lon="3.00259"><name>via9</name><type>via</type></wpt>
 <wpt lat="45.62124" lon="3.0468"><name>via10</name><type>via</type></wpt>
 <wpt lat="45.65998" lon="3.09225"><name>via11</name><type>via</type></wpt>
 <wpt lat="45.67445" lon="3.08207"><name>via12</name><type>via</type></wpt>
 <wpt lat="45.69052" lon="3.03368"><name>via13</name><type>via</type></wpt>
 <wpt lat="45.70638" lon="3.05521"><name>via14</name><type>via</type></wpt>
 <wpt lat="45.6943" lon="3.09455"><name>via15</name><type>via</type></wpt>
 <wpt lat="45.729" lon="3.1"><name>via16</name><type>via</type></wpt>
 <wpt lat="45.751" lon="3.112"><name>via17</name><type>via</type></wpt>
 <wpt lat="45.779" lon="3.1005"><name>to</name><type>to</type></wpt>
 <rte>
  <rtept lat="45.778984" lon="3.100467">
   <desc>start</desc>
   <extensions>
    <time>3</time>
    <offset>0</offset>
   </extensions>
  </rtept>
  <rtept lat="45.779128" lon="3.100321">
   <desc>straight</desc>
   <extensions>
    <time>2</time>
    <turn>C</turn>
    <turn-angle>0</turn-angle>
    <offset>3</offset>
   </extensions>
  </rtept>
  <rtept lat="45.779222" lon="3.100228">
   <desc>left</desc>
   <extensions>
    <time>76</time>
    <turn>TL</turn>
    <turn-angle>-93</turn-angle>
    <offset>5</offset>
   </extensions>
  </rtept>
  <rtept lat="45.777393" lon="3.096211">
   <desc>straight</desc>
   <extensions>
    <time>2</time>
    <turn>C</turn>
    <turn-angle>-1</turn-angle>
    <offset>23</offset>
   </extensions>
  </rtept>
  <rtept lat="45.777394" lon="3.096096">
   <desc>left</desc>
   <extensions>
    <time>3</time>
    <turn>TL</turn>
    <turn-angle>-86</turn-angle>
    <offset>24</offset>
   </extensions>
  </rtept>
  <rtept lat="45.777307" lon="3.096087">
   <desc>straight</desc>
   <extensions>
    <time>61</time>
    <turn>C</turn>
    <turn-angle>-1</turn-angle>
    <offset>25</offset>
   </extensions>
  </rtept>
  <rtept lat="45.775196" lon="3.095646">
   <desc>slight right</desc>
   <extensions>
    <time>49</time>
    <turn>TSLR</turn>
    <turn-angle>23</turn-angle>
    <offset>43</offset>
   </extensions>
  </rtept>
  <rtept lat="45.773202" lon="3.09507">
   <desc>slight left</desc>
   <extensions>
    <time>42</time>
    <turn>TSLL</turn>
    <turn-angle>-40</turn-angle>
    <offset>54</offset>
   </extensions>
  </rtept>
  <rtept lat="45.771938" lon="3.093785">
   <desc>straight</desc>
   <extensions>
    <time>68</time>
    <turn>C</turn>
    <turn-angle>4</turn-angle>
    <offset>61</offset>
   </extensions>
  </rtept>
  <rtept lat="45.769529" lon="3.091001">
   <desc>slight left</desc>
   <extensions>
    <time>26</time>
    <turn>TSLL</turn>
    <turn-angle>-9</turn-angle>
    <offset>71</offset>
   </extensions>
  </rtept>
  <rtept lat="45.768693" lon="3.08993">
   <desc>straight</desc>
   <extensions>
    <time>64</time>
    <turn>C</turn>
    <turn-angle>1</turn-angle>
    <offset>77</offset>
   </extensions>
  </rtept>
  <rtept lat="45.768025" lon="3.086578">
   <desc>straight</desc>
   <extensions>
    <time>42</time>
    <turn>C</turn>
    <turn-angle>-15</turn-angle>
    <offset>95</offset>
   </extensions>
  </rtept>
  <rtept lat="45.767945" lon="3.084111">
   <desc>left</desc>
   <extensions>
    <time>1</time>
    <turn>TL</turn>
    <turn-angle>-82</turn-angle>
    <offset>102</offset>
   </extensions>
  </rtept>
  <rtept lat="45.767889" lon="3.084108">
   <desc>straight</desc>
   <extensions>
    <time>306</time>
    <turn>C</turn>
    <turn-angle>0</turn-angle>
    <offset>104</offset>
   </extensions>
  </rtept>
  <rtept lat="45.759508" lon="3.08644">
   <desc>keep left</desc>
   <extensions>
    <time>35</time>
    <turn>KL</turn>
    <turn-angle>3</turn-angle>
    <offset>146</offset>
   </extensions>
  </rtept>
  <rtept lat="45.759138" lon="3.086703">
   <desc>right</desc>
   <extensions>
    <time>65</time>
    <turn>TR</turn>
    <turn-angle>98</turn-angle>
    <offset>151</offset>
   </extensions>
  </rtept>
  <rtept lat="45.758348" lon="3.086617">
   <desc>keep left</desc>
   <extensions>
    <time>262</time>
    <turn>KL</turn>
    <turn-angle>10</turn-angle>
    <offset>159</offset>
   </extensions>
  </rtept>
  <rtept lat="45.753236" lon="3.087936">
   <desc>slight right</desc>
   <extensions>
    <time>11</time>
    <turn>TSLR</turn>
    <turn-angle>54</turn-angle>
    <offset>196</offset>
   </extensions>
  </rtept>
  <rtept lat="45.752922" lon="3.087657">
   <desc>slight right</desc>
   <extensions>
    <time>25</time>
    <turn>TSLR</turn>
    <turn-angle>21</turn-angle>
    <offset>199</offset>
   </extensions>
  </rtept>
  <rtept lat="45.751926" lon="3.086989">
   <desc>right</desc>
   <extensions>
    <time>89</time>
    <turn>TR</turn>
    <turn-angle>67</turn-angle>
    <offset>204</offset>
   </extensions>
  </rtept>
  <rtept lat="45.751439" lon="3.082875">
   <desc>left</desc>
   <extensions>
    <time>29</time>
    <turn>TL</turn>
    <turn-angle>-68</turn-angle>
    <offset>216</offset>
   </extensions>
  </rtept>
  <rtept lat="45.750336" lon="3.082844">
   <desc>right</desc>
   <extensions>
    <time>104</time>
    <turn>TR</turn>
    <turn-angle>88</turn-angle>
    <offset>221</offset>
   </extensions>
  </rtept>
  <rtept lat="45.749861" lon="3.079213">
   <desc>left</desc>
   <extensions>
    <time>452</time>
    <turn>TL</turn>
    <turn-angle>-67</turn-angle>
    <offset>232</offset>
   </extensions>
  </rtept>
  <rtept lat="45.745578" lon="3.069854">
   <desc>slight right</desc>
   <extensions>
    <time>61</time>
    <turn>TSLR</turn>
    <turn-angle>9</turn-angle>
    <offset>276</offset>
   </extensions>
  </rtept>
  <rtept lat="45.744442" lon="3.069926">
   <desc>left</desc>
   <extensions>
    <time>1</time>
    <turn>TL</turn>
    <turn-angle>-90</turn-angle>
    <offset>281</offset>
   </extensions>
  </rtept>
  <rtept lat="45.744447" lon="3.070007">
   <desc>right</desc>
   <extensions>
    <time>216</time>
    <turn>TR</turn>
    <turn-angle>81</turn-angle>
    <offset>282</offset>
   </extensions>
  </rtept>
  <rtept lat="45.739744" lon="3.069579">
   <desc>right</desc>
   <extensions>
    <time>410</time>
    <turn>TR</turn>
    <turn-angle>88</turn-angle>
    <offset>294</offset>
   </extensions>
  </rtept>
  <rtept lat="45.733598" lon="3.063999">
   <desc>slight left</desc>
   <extensions>
    <time>32</time>
    <turn>TSLL</turn>
    <turn-angle>-49</turn-angle>
    <offset>324</offset>
   </extensions>
  </rtept>
  <rtept lat="45.73261" lon="3.064655">
   <desc>sharp right</desc>
   <extensions>
    <time>9</time>
    <turn>TSHR</turn>
    <turn-angle>116</turn-angle>
    <offset>338</offset>
   </extensions>
  </rtept>
  <rtept lat="45.732564" lon="3.06418">
   <desc>left</desc>
   <extensions>
    <time>28</time>
    <turn>TL</turn>
    <turn-angle>-66</turn-angle>
    <offset>341</offset>
   </extensions>
  </rtept>
  <rtept lat="45.731942" lon="3.064028">
   <desc>slight left</desc>
   <extensions>
    <time>7</time>
    <turn>TSLL</turn>
    <turn-angle>-36</turn-angle>
    <offset>350</offset>
   </extensions>
  </rtept>
  <rtept lat="45.731796" lon="3.064163">
   <desc>right</desc>
   <extensions>
    <time>22</time>
    <turn>TR</turn>
    <turn-angle>92</turn-angle>
    <offset>351</offset>
   </extensions>
  </rtept>
  <rtept lat="45.731588" lon="3.063663">
   <desc>left</desc>
   <extensions>
    <time>2</time>
    <turn>TL</turn>
    <turn-angle>-70</turn-angle>
    <offset>355</offset>
   </extensions>
  </rtept>
  <rtept lat="45.73149" lon="3.063691">
   <desc>right</desc>
   <extensions>
    <time>10</time>
    <turn>TR</turn>
    <turn-angle>71</turn-angle>
    <offset>356</offset>
   </extensions>
  </rtept>
  <rtept lat="45.731344" lon="3.063285">
   <desc>slight right</desc>
   <extensions>
    <time>164</time>
    <turn>TSLR</turn>
    <turn-angle>21</turn-angle>
    <offset>359</offset>
   </extensions>
  </rtept>
  <rtept lat="45.731187" lon="3.061286">
   <desc>left</desc>
   <extensions>
    <time>43</time>
    <turn>TL</turn>
    <turn-angle>-83</turn-angle>
    <offset>363</offset>
   </extensions>
  </rtept>
  <rtept lat="45.730748" lon="3.061173">
   <desc>right</desc>
   <extensions>
    <time>2292</time>
    <turn>TR</turn>
    <turn-angle>92</turn-angle>
    <offset>364</offset>
   </extensions>
  </rtept>
  <rtept lat="45.724884" lon="3.04799">
   <desc>right</desc>
   <extensions>
    <time>6</time>
    <turn>TR</turn>
    <turn-angle>77</turn-angle>
    <offset>480</offset>
   </extensions>
  </rtept>
  <rtept lat="45.72494" lon="3.047887">
   <desc>slight left</desc>
   <extensions>
    <time>76</time>
    <turn>TSLL</turn>
    <turn-angle>-26</turn-angle>
    <offset>481</offset>
   </extensions>
  </rtept>
  <rtept lat="45.725231" lon="3.046951">
   <desc>sharp right</desc>
   <extensions>
    <time>82</time>
    <turn>TSHR</turn>
    <turn-angle>120</turn-angle>
    <offset>492</offset>
   </extensions>
  </rtept>
  <rtept lat="45.725231" lon="3.046951">
   <desc>right</desc>
   <extensions>
    <time>20</time>
    <turn>TR</turn>
    <turn-angle>71</turn-angle>
    <offset>498</offset>
   </extensions>
  </rtept>
  <rtept lat="45.725158" lon="3.046036">
   <desc>left</desc>
   <extensions>
    <time>12</time>
    <turn>TL</turn>
    <turn-angle>-77</turn-angle>
    <offset>502</offset>
   </extensions>
  </rtept>
  <rtept lat="45.724804" lon="3.045588">
   <desc>slight left</desc>
   <extensions>
    <time>3</time>
    <turn>TSLL</turn>
    <turn-angle>-35</turn-angle>
    <offset>509</offset>
   </extensions>
  </rtept>
  <rtept lat="45.724679" lon="3.045462">
   <desc>slight right</desc>
   <extensions>
    <time>611</time>
    <turn>TSLR</turn>
    <turn-angle>57</turn-angle>
    <offset>511</offset>
   </extensions>
  </rtept>
  <rtept lat="45.721741" lon="3.018334">
   <desc>left</desc>
   <extensions>
    <time>82</time>
    <turn>TL</turn>
    <turn-angle>-91</turn-angle>
    <offset>605</offset>
   </extensions>
  </rtept>
  <rtept lat="45.718797" lon="3.018986">
   <desc>right</desc>
   <extensions>
    <time>36</time>
    <turn>TR</turn>
    <turn-angle>90</turn-angle>
    <offset>624</offset>
   </extensions>
  </rtept>
  <rtept lat="45.719421" lon="3.017968">
   <desc>right</desc>
   <extensions>
    <time>35</time>
    <turn>TR</turn>
    <turn-angle>79</turn-angle>
    <offset>629</offset>
   </extensions>
  </rtept>
  <rtept lat="45.720209" lon="3.018836">
   <desc>sharp right</desc>
   <extensions>
    <time>1</time>
    <turn>TSHR</turn>
    <turn-angle>124</turn-angle>
    <offset>639</offset>
   </extensions>
  </rtept>
  <rtept lat="45.720156" lon="3.01888">
   <desc>slight left</desc>
   <extensions>
    <time>2</time>
    <turn>TSLL</turn>
    <turn-angle>-26</turn-angle>
    <offset>640</offset>
   </extensions>
  </rtept>
  <rtept lat="45.720102" lon="3.018997">
   <desc>left</desc>
   <extensions>
    <time>3</time>
    <turn>TL</turn>
    <turn-angle>-99</turn-angle>
    <offset>641</offset>
   </extensions>
  </rtept>
  <rtept lat="45.720102" lon="3.018997">
   <desc>right</desc>
   <extensions>
    <time>2</time>
    <turn>TR</turn>
    <turn-angle>99</turn-angle>
    <offset>643</offset>
   </extensions>
  </rtept>
  <rtept lat="45.720156" lon="3.01888">
   <desc>slight right</desc>
   <extensions>
    <time>1</time>
    <turn>TSLR</turn>
    <turn-angle>26</turn-angle>
    <offset>644</offset>
   </extensions>
  </rtept>
  <rtept lat="45.720209" lon="3.018836">
   <desc>sharp left</desc>
   <extensions>
    <time>28</time>
    <turn>TSHL</turn>
    <turn-angle>-124</turn-angle>
    <offset>645</offset>
   </extensions>
  </rtept>
  <rtept lat="45.719421" lon="3.017968">
   <desc>right</desc>
   <extensions>
    <time>14</time>
    <turn>TR</turn>
    <turn-angle>80</turn-angle>
    <offset>655</offset>
   </extensions>
  </rtept>
  <rtept lat="45.719454" lon="3.017394">
   <desc>slight left</desc>
   <extensions>
    <time>285</time>
    <turn>TSLL</turn>
    <turn-angle>-23</turn-angle>
    <offset>660</offset>
   </extensions>
  </rtept>
  <rtept lat="45.718742" lon="3.004702">
   <desc>left</desc>
   <extensions>
    <time>9</time>
    <turn>TL</turn>
    <turn-angle>-63</turn-angle>
    <offset>690</offset>
   </extensions>
  </rtept>
  <rtept lat="45.718417" lon="3.00406">
   <desc>slight left</desc>
   <extensions>
    <time>77</time>
    <turn>TSLL</turn>
    <turn-angle>-27</turn-angle>
    <offset>693</offset>
   </extensions>
  </rtept>
  <rtept lat="45.715977" lon="2.994287">
   <desc>left</desc>
   <extensions>
    <time>192</time>
    <turn>TL</turn>
    <turn-angle>-89</turn-angle>
    <offset>718</offset>
   </extensions>
  </rtept>
  <rtept lat="45.704198" lon="3.005339">
   <desc>right</desc>
   <extensions>
    <time>48</time>
    <turn>TR</turn>
    <turn-angle>90</turn-angle>
    <offset>747</offset>
   </extensions>
  </rtept>
  <rtept lat="45.703164" lon="3.002788">
   <desc>left</desc>
   <extensions>
    <time>6</time>
    <turn>TL</turn>
    <turn-angle>-87</turn-angle>
    <offset>755</offset>
   </extensions>
  </rtept>
  <rtept lat="45.703164" lon="3.002788">
   <desc>sharp left</desc>
   <extensions>
    <time>14</time>
    <turn>TSHL</turn>
    <turn-angle>-136</turn-angle>
    <offset>758</offset>
   </extensions>
  </rtept>
  <rtept lat="45.702547" lon="3.002854">
   <desc>slight left</desc>
   <extensions>
    <time>26</time>
    <turn>TSLL</turn>
    <turn-angle>-41</turn-angle>
    <offset>762</offset>
   </extensions>
  </rtept>
  <rtept lat="45.702205" lon="3.004774">
   <desc>slight right</desc>
   <extensions>
    <time>21</time>
    <turn>TSLR</turn>
    <turn-angle>11</turn-angle>
    <offset>770</offset>
   </extensions>
  </rtept>
  <rtept lat="45.701996" lon="3.005661">
   <desc>slight right</desc>
   <extensions>
    <time>52</time>
    <turn>TSLR</turn>
    <turn-angle>55</turn-angle>
    <offset>776</offset>
   </extensions>
  </rtept>
  <rtept lat="45.700806" lon="3.005301">
   <desc>right</desc>
   <extensions>
    <time>492</time>
    <turn>TR</turn>
    <turn-angle>84</turn-angle>
    <offset>782</offset>
   </extensions>
  </rtept>
  <rtept lat="45.695505" lon="2.998279">
   <desc>slight right</desc>
   <extensions>
    <time>116</time>
    <turn>TSLR</turn>
    <turn-angle>7</turn-angle>
    <offset>796</offset>
   </extensions>
  </rtept>
  <rtept lat="45.69399" lon="2.996928">
   <desc>Take exit 1</desc>
   <extensions>
    <time>201</time>
    <turn>RNDB1</turn>
    <turn-angle>-139</turn-angle>
    <offset>814</offset>
   </extensions>
  </rtept>
  <rtept lat="45.682085" lon="2.99864">
   <desc>left</desc>
   <extensions>
    <time>5</time>
    <turn>TL</turn>
    <turn-angle>-70</turn-angle>
    <offset>864</offset>
   </extensions>
  </rtept>
  <rtept lat="45.681715" lon="2.998772">
   <desc>keep right</desc>
   <extensions>
    <time>87</time>
    <turn>KR</turn>
    <turn-angle>-3</turn-angle>
    <offset>866</offset>
   </extensions>
  </rtept>
  <rtept lat="45.677887" lon="2.998029">
   <desc>slight right</desc>
   <extensions>
    <time>47</time>
    <turn>TSLR</turn>
    <turn-angle>24</turn-angle>
    <offset>882</offset>
   </extensions>
  </rtept>
  <rtept lat="45.675061" lon="2.999887">
   <desc>keep right</desc>
   <extensions>
    <time>41</time>
    <turn>KR</turn>
    <turn-angle>-7</turn-angle>
    <offset>893</offset>
   </extensions>
  </rtept>
  <rtept lat="45.673193" lon="3.00474">
   <desc>slight right</desc>
   <extensions>
    <time>4</time>
    <turn>TSLR</turn>
    <turn-angle>22</turn-angle>
    <offset>916</offset>
   </extensions>
  </rtept>
  <rtept lat="45.672767" lon="3.005027">
   <desc>right</desc>
   <extensions>
    <time>3</time>
    <turn>TR</turn>
    <turn-angle>87</turn-angle>
    <offset>921</offset>
   </extensions>
  </rtept>
  <rtept lat="45.672481" lon="3.004721">
   <desc>slight right</desc>
   <extensions>
    <time>1</time>
    <turn>TSLR</turn>
    <turn-angle>33</turn-angle>
    <offset>923</offset>
   </extensions>
  </rtept>
  <rtept lat="45.672458" lon="3.004583">
   <desc>left</desc>
   <extensions>
    <time>14</time>
    <turn>TL</turn>
    <turn-angle>-78</turn-angle>
    <offset>924</offset>
   </extensions>
  </rtept>
  <rtept lat="45.672458" lon="3.004583">
   <desc>right</desc>
   <extensions>
    <time>2</time>
    <turn>TR</turn>
    <turn-angle>78</turn-angle>
    <offset>931</offset>
   </extensions>
  </rtept>
  <rtept lat="45.672481" lon="3.004721">
   <desc>right</desc>
   <extensions>
    <time>17</time>
    <turn>TR</turn>
    <turn-angle>73</turn-angle>
    <offset>932</offset>
   </extensions>
  </rtept>
  <rtept lat="45.671691" lon="3.005605">
   <desc>slight right</desc>
   <extensions>
    <time>31</time>
    <turn>TSLR</turn>
    <turn-angle>59</turn-angle>
    <offset>937</offset>
   </extensions>
  </rtept>
  <rtept lat="45.670101" lon="3.004877">
   <desc>Take exit 2</desc>
   <extensions>
    <time>108</time>
    <turn>RNDB2</turn>
    <turn-angle>-177</turn-angle>
    <offset>944</offset>
   </extensions>
  </rtept>
  <rtept lat="45.667974" lon="3.00052">
   <desc>slight right</desc>
   <extensions>
    <time>40</time>
    <turn>TSLR</turn>
    <turn-angle>43</turn-angle>
    <offset>970</offset>
   </extensions>
  </rtept>
  <rtept lat="45.667932" lon="2.999541">
   <desc>right</desc>
   <extensions>
    <time>45</time>
    <turn>TR</turn>
    <turn-angle>90</turn-angle>
    <offset>975</offset>
   </extensions>
  </rtept>
  <rtept lat="45.669105" lon="2.999121">
   <desc>left</desc>
   <extensions>
    <time>156</time>
    <turn>TL</turn>
    <turn-angle>-94</turn-angle>
    <offset>979</offset>
   </extensions>
  </rtept>
  <rtept lat="45.666823" lon="2.994053">
   <desc>slight right</desc>
   <extensions>
    <time>96</time>
    <turn>TSLR</turn>
    <turn-angle>32</turn-angle>
    <offset>996</offset>
   </extensions>
  </rtept>
  <rtept lat="45.669341" lon="2.989257">
   <desc>slight right</desc>
   <extensions>
    <time>7</time>
    <turn>TSLR</turn>
    <turn-angle>27</turn-angle>
    <offset>1012</offset>
   </extensions>
  </rtept>
  <rtept lat="45.669655" lon="2.98947">
   <desc>left</desc>
   <extensions>
    <time>181</time>
    <turn>TL</turn>
    <turn-angle>-86</turn-angle>
    <offset>1015</offset>
   </extensions>
  </rtept>
  <rtept lat="45.666856" lon="2.982109">
   <desc>slight left</desc>
   <extensions>
    <time>11</time>
    <turn>TSLL</turn>
    <turn-angle>-30</turn-angle>
    <offset>1046</offset>
   </extensions>
  </rtept>
  <rtept lat="45.666856" lon="2.982109">
   <desc>sharp left</desc>
   <extensions>
    <time>131</time>
    <turn>TSHL</turn>
    <turn-angle>-142</turn-angle>
    <offset>1048</offset>
   </extensions>
  </rtept>
  <rtept lat="45.661066" lon="2.974991">
   <desc>left</desc>
   <extensions>
    <time>8</time>
    <turn>TL</turn>
    <turn-angle>-83</turn-angle>
    <offset>1092</offset>
   </extensions>
  </rtept>
  <rtept lat="45.660614" lon="2.975236">
   <desc>u-turn</desc>
   <extensions>
    <time>20</time>
    <turn>TU</turn>
    <turn-angle>-201</turn-angle>
    <offset>1098</offset>
   </extensions>
  </rtept>
  <rtept lat="45.660614" lon="2.975236">
   <desc>left</desc>
   <extensions>
    <time>0</time>
    <turn>TL</turn>
    <turn-angle>-66</turn-angle>
    <offset>1104</offset>
   </extensions>
  </rtept>
  <rtept lat="45.660583" lon="2.975235">
   <desc>slight left</desc>
   <extensions>
    <time>15</time>
    <turn>TSLL</turn>
    <turn-angle>-23</turn-angle>
    <offset>1105</offset>
   </extensions>
  </rtept>
  <rtept lat="45.659998" lon="2.975537">
   <desc>right</desc>
   <extensions>
    <time>23</time>
    <turn>TR</turn>
    <turn-angle>96</turn-angle>
    <offset>1107</offset>
   </extensions>
  </rtept>
  <rtept lat="45.660066" lon="2.974568">
   <desc>left</desc>
   <extensions>
    <time>7</time>
    <turn>TL</turn>
    <turn-angle>-98</turn-angle>
    <offset>1115</offset>
   </extensions>
  </rtept>
  <rtept lat="45.659813" lon="2.974429">
   <desc>sharp left</desc>
   <extensions>
    <time>312</time>
    <turn>TSHL</turn>
    <turn-angle>-120</turn-angle>
    <offset>1118</offset>
   </extensions>
  </rtept>
  <rtept lat="45.659875" lon="2.982685">
   <desc>right</desc>
   <extensions>
    <time>551</time>
    <turn>TR</turn>
    <turn-angle>79</turn-angle>
    <offset>1138</offset>
   </extensions>
  </rtept>
  <rtept lat="45.654552" lon="2.982588">
   <desc>slight right</desc>
   <extensions>
    <time>88</time>
    <turn>TSLR</turn>
    <turn-angle>16</turn-angle>
    <offset>1165</offset>
   </extensions>
  </rtept>
  <rtept lat="45.652506" lon="2.983843">
   <desc>slight left</desc>
   <extensions>
    <time>430</time>
    <turn>TSLL</turn>
    <turn-angle>-41</turn-angle>
    <offset>1172</offset>
   </extensions>
  </rtept>
  <rtept lat="45.641307" lon="3.008284">
   <desc>slight right</desc>
   <extensions>
    <time>1262</time>
    <turn>TSLR</turn>
    <turn-angle>54</turn-angle>
    <offset>1220</offset>
   </extensions>
  </rtept>
  <rtept lat="45.622106" lon="3.041213">
   <desc>slight left</desc>
   <extensions>
    <time>87</time>
    <turn>TSLL</turn>
    <turn-angle>-24</turn-angle>
    <offset>1431</offset>
   </extensions>
  </rtept>
  <rtept lat="45.622009" lon="3.04675">
   <desc>right</desc>
   <extensions>
    <time>16</time>
    <turn>TR</turn>
    <turn-angle>85</turn-angle>
    <offset>1441</offset>
   </extensions>
  </rtept>
  <rtept lat="45.620543" lon="3.04789">
   <desc>straight</desc>
   <extensions>
    <time>0</time>
    <turn>C</turn>
    <turn-angle>14</turn-angle>
    <offset>1451</offset>
   </extensions>
  </rtept>
  <rtept lat="45.62049" lon="3.047882">
   <desc>slight left</desc>
   <extensions>
    <time>19</time>
    <turn>TSLL</turn>
    <turn-angle>-44</turn-angle>
    <offset>1452</offset>
   </extensions>
  </rtept>
  <rtept lat="45.619955" lon="3.050598">
   <desc>slight right</desc>
   <extensions>
    <time>12</time>
    <turn>TSLR</turn>
    <turn-angle>44</turn-angle>
    <offset>1464</offset>
   </extensions>
  </rtept>
  <rtept lat="45.619434" lon="3.052339">
   <desc>left</desc>
   <extensions>
    <time>15</time>
    <turn>TL</turn>
    <turn-angle>-97</turn-angle>
    <offset>1472</offset>
   </extensions>
  </rtept>
  <rtept lat="45.62005" lon="3.054429">
   <desc>slight right</desc>
   <extensions>
    <time>6</time>
    <turn>TSLR</turn>
    <turn-angle>36</turn-angle>
    <offset>1480</offset>
   </extensions>
  </rtept>
  <rtept lat="45.620116" lon="3.055351">
   <desc>slight right</desc>
   <extensions>
    <time>432</time>
    <turn>TSLR</turn>
    <turn-angle>39</turn-angle>
    <offset>1484</offset>
   </extensions>
  </rtept>
  <rtept lat="45.648591" lon="3.085064">
   <desc>left</desc>
   <extensions>
    <time>109</time>
    <turn>TL</turn>
    <turn-angle>-81</turn-angle>
    <offset>1661</offset>
   </extensions>
  </rtept>
  <rtept lat="45.654314" lon="3.08465">
   <desc>right</desc>
   <extensions>
    <time>42</time>
    <turn>TR</turn>
    <turn-angle>84</turn-angle>
    <offset>1678</offset>
   </extensions>
  </rtept>
  <rtept lat="45.654563" lon="3.086887">
   <desc>slight left</desc>
   <extensions>
    <time>33</time>
    <turn>TSLL</turn>
    <turn-angle>-32</turn-angle>
    <offset>1684</offset>
   </extensions>
  </rtept>
  <rtept lat="45.655333" lon="3.088371">
   <desc>slight left</desc>
   <extensions>
    <time>40</time>
    <turn>TSLL</turn>
    <turn-angle>-33</turn-angle>
    <offset>1687</offset>
   </extensions>
  </rtept>
  <rtept lat="45.656802" lon="3.088409">
   <desc>right</desc>
   <extensions>
    <time>55</time>
    <turn>TR</turn>
    <turn-angle>86</turn-angle>
    <offset>1695</offset>
   </extensions>
  </rtept>
  <rtept lat="45.659914" lon="3.092367">
   <desc>left</desc>
   <extensions>
    <time>4</time>
    <turn>TL</turn>
    <turn-angle>-90</turn-angle>
    <offset>1711</offset>
   </extensions>
  </rtept>
  <rtept lat="45.659914" lon="3.092367">
   <desc>left</desc>
   <extensions>
    <time>28</time>
    <turn>TL</turn>
    <turn-angle>-86</turn-angle>
    <offset>1715</offset>
   </extensions>
  </rtept>
  <rtept lat="45.660751" lon="3.093087">
   <desc>left</desc>
   <extensions>
    <time>22</time>
    <turn>TL</turn>
    <turn-angle>-69</turn-angle>
    <offset>1720</offset>
   </extensions>
  </rtept>
  <rtept lat="45.662121" lon="3.092629">
   <desc>slight right</desc>
   <extensions>
    <time>19</time>
    <turn>TSLR</turn>
    <turn-angle>25</turn-angle>
    <offset>1728</offset>
   </extensions>
  </rtept>
  <rtept lat="45.662663" lon="3.094377">
   <desc>left</desc>
   <extensions>
    <time>34</time>
    <turn>TL</turn>
    <turn-angle>-101</turn-angle>
    <offset>1732</offset>
   </extensions>
  </rtept>
  <rtept lat="45.664001" lon="3.097104">
   <desc>sharp left</desc>
   <extensions>
    <time>103</time>
    <turn>TSHL</turn>
    <turn-angle>-110</turn-angle>
    <offset>1741</offset>
   </extensions>
  </rtept>
  <rtept lat="45.668905" lon="3.094546">
   <desc>straight</desc>
   <extensions>
    <time>1120</time>
    <turn>C</turn>
    <turn-angle>11</turn-angle>
    <offset>1762</offset>
   </extensions>
  </rtept>
  <rtept lat="45.67457" lon="3.082115">
   <desc>left</desc>
   <extensions>
    <time>13</time>
    <turn>TL</turn>
    <turn-angle>-66</turn-angle>
    <offset>1812</offset>
   </extensions>
  </rtept>
  <rtept lat="45.67457" lon="3.082115">
   <desc>left</desc>
   <extensions>
    <time>2931</time>
    <turn>TL</turn>
    <turn-angle>-86</turn-angle>
    <offset>1816</offset>
   </extensions>
  </rtept>
  <rtept lat="45.692083" lon="3.033992">
   <desc>sharp left</desc>
   <extensions>
    <time>75</time>
    <turn>TSHL</turn>
    <turn-angle>-132</turn-angle>
    <offset>1977</offset>
   </extensions>
  </rtept>
  <rtept lat="45.690465" lon="3.034241">
   <desc>sharp right</desc>
   <extensions>
    <time>29</time>
    <turn>TSHR</turn>
    <turn-angle>106</turn-angle>
    <offset>1982</offset>
   </extensions>
  </rtept>
  <rtept lat="45.690465" lon="3.034241">
   <desc>left</desc>
   <extensions>
    <time>189</time>
    <turn>TL</turn>
    <turn-angle>-106</turn-angle>
    <offset>1988</offset>
   </extensions>
  </rtept>
  <rtept lat="45.703571" lon="3.022433">
   <desc>slight right</desc>
   <extensions>
    <time>11</time>
    <turn>TSLR</turn>
    <turn-angle>24</turn-angle>
    <offset>2032</offset>
   </extensions>
  </rtept>
  <rtept lat="45.70471" lon="3.02179">
   <desc>slight left</desc>
   <extensions>
    <time>10</time>
    <turn>TSLL</turn>
    <turn-angle>-33</turn-angle>
    <offset>2043</offset>
   </extensions>
  </rtept>
  <rtept lat="45.70512" lon="3.020883">
   <desc>slight right</desc>
   <extensions>
    <time>2</time>
    <turn>TSLR</turn>
    <turn-angle>45</turn-angle>
    <offset>2051</offset>
   </extensions>
  </rtept>
  <rtept lat="45.705237" lon="3.020841">
   <desc>slight left</desc>
   <extensions>
    <time>6</time>
    <turn>TSLL</turn>
    <turn-angle>-49</turn-angle>
    <offset>2053</offset>
   </extensions>
  </rtept>
  <rtept lat="45.705576" lon="3.020524">
   <desc>right</desc>
   <extensions>
    <time>40</time>
    <turn>TR</turn>
    <turn-angle>94</turn-angle>
    <offset>2056</offset>
   </extensions>
  </rtept>
  <rtept lat="45.706246" lon="3.024526">
   <desc>left</desc>
   <extensions>
    <time>49</time>
    <turn>TL</turn>
    <turn-angle>-77</turn-angle>
    <offset>2067</offset>
   </extensions>
  </rtept>
  <rtept lat="45.706739" lon="3.026122">
   <desc>slight right</desc>
   <extensions>
    <time>242</time>
    <turn>TSLR</turn>
    <turn-angle>25</turn-angle>
    <offset>2071</offset>
   </extensions>
  </rtept>
  <rtept lat="45.706593" lon="3.041198">
   <desc>left</desc>
   <extensions>
    <time>23</time>
    <turn>TL</turn>
    <turn-angle>-90</turn-angle>
    <offset>2111</offset>
   </extensions>
  </rtept>
  <rtept lat="45.708274" lon="3.042317">
   <desc>right</desc>
   <extensions>
    <time>36</time>
    <turn>TR</turn>
    <turn-angle>109</turn-angle>
    <offset>2118</offset>
   </extensions>
  </rtept>
  <rtept lat="45.705932" lon="3.046112">
   <desc>right</desc>
   <extensions>
    <time>19</time>
    <turn>TR</turn>
    <turn-angle>98</turn-angle>
    <offset>2137</offset>
   </extensions>
  </rtept>
  <rtept lat="45.704607" lon="3.046864">
   <desc>sharp left</desc>
   <extensions>
    <time>69</time>
    <turn>TSHL</turn>
    <turn-angle>-110</turn-angle>
    <offset>2149</offset>
   </extensions>
  </rtept>
  <rtept lat="45.707181" lon="3.054275">
   <desc>sharp right</desc>
   <extensions>
    <time>9</time>
    <turn>TSHR</turn>
    <turn-angle>123</turn-angle>
    <offset>2180</offset>
   </extensions>
  </rtept>
  <rtept lat="45.706281" lon="3.054783">
   <desc>sharp left</desc>
   <extensions>
    <time>3</time>
    <turn>TSHL</turn>
    <turn-angle>-137</turn-angle>
    <offset>2189</offset>
   </extensions>
  </rtept>
  <rtept lat="45.706281" lon="3.054783">
   <desc>slight left</desc>
   <extensions>
    <time>17</time>
    <turn>TSLL</turn>
    <turn-angle>-28</turn-angle>
    <offset>2191</offset>
   </extensions>
  </rtept>
  <rtept lat="45.705176" lon="3.055211">
   <desc>slight right</desc>
   <extensions>
    <time>3</time>
    <turn>TSLR</turn>
    <turn-angle>21</turn-angle>
    <offset>2198</offset>
   </extensions>
  </rtept>
  <rtept lat="45.704944" lon="3.055254">
   <desc>left</desc>
   <extensions>
    <time>88</time>
    <turn>TL</turn>
    <turn-angle>-75</turn-angle>
    <offset>2200</offset>
   </extensions>
  </rtept>
  <rtept lat="45.699786" lon="3.051859">
   <desc>slight left</desc>
   <extensions>
    <time>9</time>
    <turn>TSLL</turn>
    <turn-angle>-42</turn-angle>
    <offset>2238</offset>
   </extensions>
  </rtept>
  <rtept lat="45.698819" lon="3.051393">
   <desc>slight left</desc>
   <extensions>
    <time>60</time>
    <turn>TSLL</turn>
    <turn-angle>-57</turn-angle>
    <offset>2240</offset>
   </extensions>
  </rtept>
  <rtept lat="45.693898" lon="3.055924">
   <desc>left</desc>
   <extensions>
    <time>118</time>
    <turn>TL</turn>
    <turn-angle>-74</turn-angle>
    <offset>2255</offset>
   </extensions>
  </rtept>
  <rtept lat="45.694215" lon="3.069713">
   <desc>right</desc>
   <extensions>
    <time>234</time>
    <turn>TR</turn>
    <turn-angle>61</turn-angle>
    <offset>2289</offset>
   </extensions>
  </rtept>
  <rtept lat="45.695238" lon="3.095192">
   <desc>right</desc>
   <extensions>
    <time>8</time>
    <turn>TR</turn>
    <turn-angle>81</turn-angle>
    <offset>2358</offset>
   </extensions>
  </rtept>
  <rtept lat="45.694554" lon="3.095322">
   <desc>right</desc>
   <extensions>
    <time>15</time>
    <turn>TR</turn>
    <turn-angle>96</turn-angle>
    <offset>2359</offset>
   </extensions>
  </rtept>
  <rtept lat="45.694122" lon="3.094156">
   <desc>right</desc>
   <extensions>
    <time>26</time>
    <turn>TR</turn>
    <turn-angle>87</turn-angle>
    <offset>2363</offset>
   </extensions>
  </rtept>
  <rtept lat="45.695249" lon="3.094246">
   <desc>straight</desc>
   <extensions>
    <time>1347</time>
    <turn>C</turn>
    <turn-angle>4</turn-angle>
    <offset>2368</offset>
   </extensions>
  </rtept>
  <rtept lat="45.710937" lon="3.090882">
   <desc>Take exit 2</desc>
   <extensions>
    <time>224</time>
    <turn>RNDB2</turn>
    <turn-angle>-121</turn-angle>
    <offset>2433</offset>
   </extensions>
  </rtept>
  <rtept lat="45.727054" lon="3.100841">
   <desc>slight right</desc>
   <extensions>
    <time>12</time>
    <turn>TSLR</turn>
    <turn-angle>26</turn-angle>
    <offset>2560</offset>
   </extensions>
  </rtept>
  <rtept lat="45.728334" lon="3.100835">
   <desc>left</desc>
   <extensions>
    <time>2</time>
    <turn>TL</turn>
    <turn-angle>-96</turn-angle>
    <offset>2569</offset>
   </extensions>
  </rtept>
  <rtept lat="45.728328" lon="3.100486">
   <desc>slight right</desc>
   <extensions>
    <time>2</time>
    <turn>TSLR</turn>
    <turn-angle>37</turn-angle>
    <offset>2571</offset>
   </extensions>
  </rtept>
  <rtept lat="45.728559" lon="3.100431">
   <desc>left</desc>
   <extensions>
    <time>2</time>
    <turn>TL</turn>
    <turn-angle>-93</turn-angle>
    <offset>2572</offset>
   </extensions>
  </rtept>
  <rtept lat="45.7285" lon="3.100187">
   <desc>right</desc>
   <extensions>
    <time>7</time>
    <turn>TR</turn>
    <turn-angle>101</turn-angle>
    <offset>2574</offset>
   </extensions>
  </rtept>
  <rtept lat="45.729141" lon="3.099824">
   <desc>right</desc>
   <extensions>
    <time>5</time>
    <turn>TR</turn>
    <turn-angle>64</turn-angle>
    <offset>2579</offset>
   </extensions>
  </rtept>
  <rtept lat="45.729414" lon="3.100213">
   <desc>left</desc>
   <extensions>
    <time>19</time>
    <turn>TL</turn>
    <turn-angle>-75</turn-angle>
    <offset>2583</offset>
   </extensions>
  </rtept>
  <rtept lat="45.731179" lon="3.09992">
   <desc>Take exit 1</desc>
   <extensions>
    <time>37</time>
    <turn>RNDB1</turn>
    <turn-angle>-83</turn-angle>
    <offset>2594</offset>
   </extensions>
  </rtept>
  <rtept lat="45.734603" lon="3.102297">
   <desc>Take exit 3</desc>
   <extensions>
    <time>5</time>
    <turn>RNDB3</turn>
    <turn-angle>-193</turn-angle>
    <offset>2616</offset>
   </extensions>
  </rtept>
  <rtept lat="45.734937" lon="3.10216">
   <desc>slight right</desc>
   <extensions>
    <time>13</time>
    <turn>TSLR</turn>
    <turn-angle>23</turn-angle>
    <offset>2628</offset>
   </extensions>
  </rtept>
  <rtept lat="45.736342" lon="3.102096">
   <desc>Take exit 1</desc>
   <extensions>
    <time>27</time>
    <turn>RNDB1</turn>
    <turn-angle>-65</turn-angle>
    <offset>2638</offset>
   </extensions>
  </rtept>
  <rtept lat="45.738199" lon="3.105164">
   <desc>slight right</desc>
   <extensions>
    <time>92</time>
    <turn>TSLR</turn>
    <turn-angle>46</turn-angle>
    <offset>2659</offset>
   </extensions>
  </rtept>
  <rtept lat="45.746344" lon="3.109368">
   <desc>slight right</desc>
   <extensions>
    <time>4</time>
    <turn>TSLR</turn>
    <turn-angle>36</turn-angle>
    <offset>2712</offset>
   </extensions>
  </rtept>
  <rtept lat="45.746702" lon="3.109247">
   <desc>straight</desc>
   <extensions>
    <time>28</time>
    <turn>C</turn>
    <turn-angle>-2</turn-angle>
    <offset>2715</offset>
   </extensions>
  </rtept>
  <rtept lat="45.748816" lon="3.107502">
   <desc>sharp right</desc>
   <extensions>
    <time>18</time>
    <turn>TSHR</turn>
    <turn-angle>110</turn-angle>
    <offset>2728</offset>
   </extensions>
  </rtept>
  <rtept lat="45.749318" lon="3.109451">
   <desc>slight left</desc>
   <extensions>
    <time>2</time>
    <turn>TSLL</turn>
    <turn-angle>-53</turn-angle>
    <offset>2737</offset>
   </extensions>
  </rtept>
  <rtept lat="45.749493" lon="3.109506">
   <desc>right</desc>
   <extensions>
    <time>9</time>
    <turn>TR</turn>
    <turn-angle>72</turn-angle>
    <offset>2739</offset>
   </extensions>
  </rtept>
  <rtept lat="45.74958" lon="3.110446">
   <desc>left</desc>
   <extensions>
    <time>9</time>
    <turn>TL</turn>
    <turn-angle>-73</turn-angle>
    <offset>2741</offset>
   </extensions>
  </rtept>
  <rtept lat="45.75023" lon="3.110309">
   <desc>slight right</desc>
   <extensions>
    <time>8</time>
    <turn>TSLR</turn>
    <turn-angle>31</turn-angle>
    <offset>2747</offset>
   </extensions>
  </rtept>
  <rtept lat="45.750724" lon="3.110313">
   <desc>right</desc>
   <extensions>
    <time>10</time>
    <turn>TR</turn>
    <turn-angle>88</turn-angle>
    <offset>2751</offset>
   </extensions>
  </rtept>
  <rtept lat="45.75065" lon="3.111227">
   <desc>left</desc>
   <extensions>
    <time>5</time>
    <turn>TL</turn>
    <turn-angle>-97</turn-angle>
    <offset>2755</offset>
   </extensions>
  </rtept>
  <rtept lat="45.75095" lon="3.111226">
   <desc>slight right</desc>
   <extensions>
    <time>6</time>
    <turn>TSLR</turn>
    <turn-angle>58</turn-angle>
    <offset>2756</offset>
   </extensions>
  </rtept>
  <rtept lat="45.751071" lon="3.111707">
   <desc>slight left</desc>
   <extensions>
    <time>3</time>
    <turn>TSLL</turn>
    <turn-angle>-23</turn-angle>
    <offset>2760</offset>
   </extensions>
  </rtept>
  <rtept lat="45.751173" lon="3.111884">
   <desc>slight right</desc>
   <extensions>
    <time>1</time>
    <turn>TSLR</turn>
    <turn-angle>28</turn-angle>
    <offset>2763</offset>
   </extensions>
  </rtept>
  <rtept lat="45.751201" lon="3.11195">
   <desc>sharp right</desc>
   <extensions>
    <time>7</time>
    <turn>TSHR</turn>
    <turn-angle>119</turn-angle>
    <offset>2764</offset>
   </extensions>
  </rtept>
  <rtept lat="45.751201" lon="3.11195">
   <desc>left</desc>
   <extensions>
    <time>1</time>
    <turn>TL</turn>
    <turn-angle>-92</turn-angle>
    <offset>2770</offset>
   </extensions>
  </rtept>
  <rtept lat="45.751173" lon="3.111884">
   <desc>right</desc>
   <extensions>
    <time>19</time>
    <turn>TR</turn>
    <turn-angle>108</turn-angle>
    <offset>2771</offset>
   </extensions>
  </rtept>
  <rtept lat="45.752291" lon="3.111561">
   <desc>right</desc>
   <extensions>
    <time>20</time>
    <turn>TR</turn>
    <turn-angle>82</turn-angle>
    <offset>2776</offset>
   </extensions>
  </rtept>
  <rtept lat="45.752738" lon="3.113479">
   <desc>sharp left</desc>
   <extensions>
    <time>15</time>
    <turn>TSHL</turn>
    <turn-angle>-115</turn-angle>
    <offset>2787</offset>
   </extensions>
  </rtept>
  <rtept lat="45.753539" lon="3.11309">
   <desc>right</desc>
   <extensions>
    <time>139</time>
    <turn>TR</turn>
    <turn-angle>66</turn-angle>
    <offset>2788</offset>
   </extensions>
  </rtept>
  <rtept lat="45.75958" lon="3.122184">
   <desc>slight right</desc>
   <extensions>
    <time>6</time>
    <turn>TSLR</turn>
    <turn-angle>27</turn-angle>
    <offset>2836</offset>
   </extensions>
  </rtept>
  <rtept lat="45.759816" lon="3.12255">
   <desc>straight</desc>
   <extensions>
    <time>1</time>
    <turn>C</turn>
    <turn-angle>-17</turn-angle>
    <offset>2839</offset>
   </extensions>
  </rtept>
  <rtept lat="45.759888" lon="3.122619">
   <desc>slight left</desc>
   <extensions>
    <time>2</time>
    <turn>TSLL</turn>
    <turn-angle>-38</turn-angle>
    <offset>2840</offset>
   </extensions>
  </rtept>
  <rtept lat="45.760025" lon="3.122638">
   <desc>slight left</desc>
   <extensions>
    <time>5</time>
    <turn>TSLL</turn>
    <turn-angle>-51</turn-angle>
    <offset>2842</offset>
   </extensions>
  </rtept>
  <rtept lat="45.760127" lon="3.122349">
   <desc>left</desc>
   <extensions>
    <time>2</time>
    <turn>TL</turn>
    <turn-angle>-60</turn-angle>
    <offset>2846</offset>
   </extensions>
  </rtept>
  <rtept lat="45.760062" lon="3.122275">
   <desc>right</desc>
   <extensions>
    <time>199</time>
    <turn>TR</turn>
    <turn-angle>86</turn-angle>
    <offset>2847</offset>
   </extensions>
  </rtept>
  <rtept lat="45.763556" lon="3.118093">
   <desc>slight right</desc>
   <extensions>
    <time>15</time>
    <turn>TSLR</turn>
    <turn-angle>40</turn-angle>
    <offset>2866</offset>
   </extensions>
  </rtept>
  <rtept lat="45.76383" lon="3.118128">
   <desc>left</desc>
   <extensions>
    <time>76</time>
    <turn>TL</turn>
    <turn-angle>-85</turn-angle>
    <offset>2870</offset>
   </extensions>
  </rtept>
  <rtept lat="45.76529" lon="3.116604">
   <desc>right</desc>
   <extensions>
    <time>29</time>
    <turn>TR</turn>
    <turn-angle>75</turn-angle>
    <offset>2879</offset>
   </extensions>
  </rtept>
  <rtept lat="45.767138" lon="3.115785">
   <desc>slight left</desc>
   <extensions>
    <time>28</time>
    <turn>TSLL</turn>
    <turn-angle>-61</turn-angle>
    <offset>2887</offset>
   </extensions>
  </rtept>
  <rtept lat="45.767187" lon="3.112684">
   <desc>right</desc>
   <extensions>
    <time>22</time>
    <turn>TR</turn>
    <turn-angle>75</turn-angle>
    <offset>2897</offset>
   </extensions>
  </rtept>
  <rtept lat="45.769396" lon="3.11285">
   <desc>left</desc>
   <extensions>
    <time>238</time>
    <turn>TL</turn>
    <turn-angle>-94</turn-angle>
    <offset>2913</offset>
   </extensions>
  </rtept>
  <rtept lat="45.774878" lon="3.095919">
   <desc>slight left</desc>
   <extensions>
    <time>3</time>
    <turn>TSLL</turn>
    <turn-angle>-36</turn-angle>
    <offset>3002</offset>
   </extensions>
  </rtept>
  <rtept lat="45.774888" lon="3.095675">
   <desc>right</desc>
   <extensions>
    <time>5</time>
    <turn>TR</turn>
    <turn-angle>92</turn-angle>
    <offset>3006</offset>
   </extensions>
  </rtept>
  <rtept lat="45.775196" lon="3.095646">
   <desc>right</desc>
   <extensions>
    <time>17</time>
    <turn>TR</turn>
    <turn-angle>71</turn-angle>
    <offset>3009</offset>
   </extensions>
  </rtept>
  <rtept lat="45.776227" lon="3.095914">
   <desc>slight right</desc>
   <extensions>
    <time>3</time>
    <turn>TSLR</turn>
    <turn-angle>42</turn-angle>
    <offset>3020</offset>
   </extensions>
  </rtept>
  <rtept lat="45.776343" lon="3.095995">
   <desc>slight left</desc>
   <extensions>
    <time>16</time>
    <turn>TSLL</turn>
    <turn-angle>-39</turn-angle>
    <offset>3022</offset>
   </extensions>
  </rtept>
  <rtept lat="45.777307" lon="3.096087">
   <desc>straight</desc>
   <extensions>
    <time>2</time>
    <turn>C</turn>
    <turn-angle>1</turn-angle>
    <offset>3027</offset>
   </extensions>
  </rtept>
  <rtept lat="45.777394" lon="3.096096">
   <desc>right</desc>
   <extensions>
    <time>2</time>
    <turn>TR</turn>
    <turn-angle>86</turn-angle>
    <offset>3028</offset>
   </extensions>
  </rtept>
  <rtept lat="45.777393" lon="3.096211">
   <desc>straight</desc>
   <extensions>
    <time>52</time>
    <turn>C</turn>
    <turn-angle>1</turn-angle>
    <offset>3029</offset>
   </extensions>
  </rtept>
  <rtept lat="45.779222" lon="3.100228">
   <desc>right</desc>
   <extensions>
    <time>2</time>
    <turn>TR</turn>
    <turn-angle>93</turn-angle>
    <offset>3047</offset>
   </extensions>
  </rtept>
  <rtept lat="45.779128" lon="3.100321">
   <desc>straight</desc>
   <extensions>
    <time>3</time>
    <turn>C</turn>
    <turn-angle>0</turn-angle>
    <offset>3049</offset>
   </extensions>
  </rtept>
  <rtept lat="45.778984" lon="3.100467">
   <desc>destination</desc>
   <extensions>
    <time>0</time>
    <offset>3052</offset>
   </extensions>
  </rtept>
 </rte>
 <trk>
  <name>lac_d_aydat (77.8km)</name>
  <trkseg>
   <trkpt lat="45.778984" lon="3.100467"><ele>358</ele></trkpt>
   <trkpt lat="45.779016" lon="3.100436"><ele>358</ele></trkpt>
   <trkpt lat="45.779048" lon="3.100404"><ele>358</ele></trkpt>
   <trkpt lat="45.779128" lon="3.100321"><ele>358</ele></trkpt>
   <trkpt lat="45.779195" lon="3.100254"><ele>358</ele></trkpt>
   <trkpt lat="45.779222" lon="3.100228"><ele>358</ele></trkpt>
   <trkpt lat="45.779131" lon="3.100059"><ele>358</ele></trkpt>
   <trkpt lat="45.779061" lon="3.099985"><ele>358</ele></trkpt>
   <trkpt lat="45.778982" lon="3.099831"><ele>358</ele></trkpt>
   <trkpt lat="45.778966" lon="3.099789"><ele>358</ele></trkpt>
   <trkpt lat="45.778955" lon="3.099709"><ele>358</ele></trkpt>
   <trkpt lat="45.778942" lon="3.09968"><ele>358</ele></trkpt>
   <trkpt lat="45.778742" lon="3.099255"><ele>358.75</ele></trkpt>
   <trkpt lat="45.778716" lon="3.0992"><ele>358.75</ele></trkpt>
   <trkpt lat="45.778672" lon="3.099115"><ele>359</ele></trkpt>
   <trkpt lat="45.778586" lon="3.098951"><ele>358.75</ele></trkpt>
   <trkpt lat="45.778235" lon="3.098273"><ele>360.25</ele></trkpt>
   <trkpt lat="45.777761" lon="3.097349"><ele>362.5</ele></trkpt>
   <trkpt lat="45.777682" lon="3.09719"><ele>363</ele></trkpt>
   <trkpt lat="45.777508" lon="3.096827"><ele>363.25</ele></trkpt>
   <trkpt lat="45.777454" lon="3.096696"><ele>363.75</ele></trkpt>
   <trkpt lat="45.777414" lon="3.096578"><ele>364</ele></trkpt>
   <trkpt lat="45.777388" lon="3.096438"><ele>364.25</ele></trkpt>
   <trkpt lat="45.777393" lon="3.096211"><ele>364.75</ele></trkpt>
   <trkpt lat="45.777394" lon="3.096096"><ele>365</ele></trkpt>
   <trkpt lat="45.777307" lon="3.096087"><ele>365</ele></trkpt>
   <trkpt lat="45.777217" lon="3.09608"><ele>364.75</ele></trkpt>
   <trkpt lat="45.777179" lon="3.096088"><ele>364.75</ele></trkpt>
   <trkpt lat="45.777073" lon="3.096109"><ele>364.25</ele></trkpt>
   <trkpt lat="45.777033" lon="3.096108"><ele>364.25</ele></trkpt>
   <trkpt lat="45.776343" lon="3.095995"><ele>365.25</ele></trkpt>
   <trkpt lat="45.776289" lon="3.095916"><ele>365.25</ele></trkpt>
   <trkpt lat="45.776227" lon="3.095914"><ele>365</ele></trkpt>
   <trkpt lat="45.776123" lon="3.095907"><ele>364.75</ele></trkpt>
   <trkpt lat="45.776052" lon="3.095943"><ele>364.5</ele></trkpt>
   <trkpt lat="45.776002" lon="3.095947"><ele>364.75</ele></trkpt>
   <trkpt lat="45.775696" lon="3.095918"><ele>365</ele></trkpt>
   <trkpt lat="45.775588" lon="3.095899"><ele>365</ele></trkpt>
   <trkpt lat="45.775582" lon="3.095898"><ele>365</ele></trkpt>
   <trkpt lat="45.775492" lon="3.09588"><ele>365</ele></trkpt>
   <trkpt lat="45.77538" lon="3.095807"><ele>365</ele></trkpt>
   <trkpt lat="45.775281" lon="3.095711"><ele>365.25</ele></trkpt>
   <trkpt lat="45.775216" lon="3.095624"><ele>365.75</ele></trkpt>
   <trkpt lat="45.775196" lon="3.095646"><ele>365.75</ele></trkpt>
   <trkpt lat="45.775144" lon="3.095686"><ele>365.75</ele></trkpt>
   <trkpt lat="45.775029" lon="3.095727"><ele>365.75</ele></trkpt>
   <trkpt lat="45.774888" lon="3.095675"><ele>366.25</ele></trkpt>
   <trkpt lat="45.774876" lon="3.095671"><ele>366.25</ele></trkpt>
   <trkpt lat="45.774029" lon="3.095399"><ele>368.75</ele></trkpt>
   <trkpt lat="45.773878" lon="3.095351"><ele>368.75</ele></trkpt>
   <trkpt lat="45.773807" lon="3.095329"><ele>368.75</ele></trkpt>
   <trkpt lat="45.773575" lon="3.09525"><ele>369</ele></trkpt>
   <trkpt lat="45.773273" lon="3.095146"><ele>369.5</ele></trkpt>
   <trkpt lat="45.773244" lon="3.095114"><ele>369.25</ele></trkpt>
   <trkpt lat="45.773202" lon="3.09507"><ele>369.5</ele></trkpt>
   <trkpt lat="45.773147" lon="3.095041"><ele>369.5</ele></trkpt>
   <trkpt lat="45.773094" lon="3.095046"><ele>369.25</ele></trkpt>
   <trkpt lat="45.773062" lon="3.095039"><ele>369.25</ele></trkpt>
   <trkpt lat="45.773002" lon="3.09499"><ele>369.5</ele></trkpt>
   <trkpt lat="45.772172" lon="3.094039"><ele>371.5</ele></trkpt>
   <trkpt lat="45.772017" lon="3.093861"><ele>371.75</ele></trkpt>
   <trkpt lat="45.771938" lon="3.093785"><ele>372</ele></trkpt>
   <trkpt lat="45.7713" lon="3.093071"><ele>372.25</ele></trkpt>
   <trkpt lat="45.771264" lon="3.092993"><ele>372.25</ele></trkpt>
   <trkpt lat="45.771176" lon="3.092892"><ele>372.25</ele></trkpt>
   <trkpt lat="45.770866" lon="3.092535"><ele>372.5</ele></trkpt>
   <trkpt lat="45.770791" lon="3.092448"><ele>372.5</ele></trkpt>
   <trkpt lat="45.770784" lon="3.092438"><ele>372.5</ele></trkpt>
   <trkpt lat="45.770748" lon="3.092427"><ele>372.5</ele></trkpt>
   <trkpt lat="45.77073" lon="3.092405"><ele>372.5</ele></trkpt>
   <trkpt lat="45.76959" lon="3.091096"><ele>373.25</ele></trkpt>
   <trkpt lat="45.769529" lon="3.091001"><ele>373.5</ele></trkpt>
   <trkpt lat="45.769432" lon="3.090893"><ele>374</ele></trkpt>
   <trkpt lat="45.768986" lon="3.090384"><ele>374</ele></trkpt>
   <trkpt lat="45.768955" lon="3.090312"><ele>373.75</ele></trkpt>
   <trkpt lat="45.768831" lon="3.090135"><ele>374.5</ele></trkpt>
   <trkpt lat="45.768764" lon="3.090053"><ele>374.75</ele></trkpt>
   <trkpt lat="45.768693" lon="3.08993"><ele>375</ele></trkpt>
   <trkpt lat="45.768635" lon="3.089824"><ele>375</ele></trkpt>
   <trkpt lat="45.768601" lon="3.089788"><ele>375</ele></trkpt>
   <trkpt lat="45.768529" lon="3.089635"><ele>375</ele></trkpt>
   <trkpt lat="45.768457" lon="3.089459"><ele>375.5</ele></trkpt>
   <trkpt lat="45.768412" lon="3.089301"><ele>375.5</ele></trkpt>
   <trkpt lat="45.768365" lon="3.089154"><ele>375.75</ele></trkpt>
   <trkpt lat="45.768334" lon="3.089104"><ele>375.75</ele></trkpt>
   <trkpt lat="45.768296" lon="3.088979"><ele>375.25</ele></trkpt>
   <trkpt lat="45.768219" lon="3.088703"><ele>375.25</ele></trkpt>
   <trkpt lat="45.768123" lon="3.088288"><ele>375.75</ele></trkpt>
   <trkpt lat="45.768089" lon="3.088088"><ele>376.75</ele></trkpt>
   <trkpt lat="45.768059" lon="3.087815"><ele>377</ele></trkpt>
   <trkpt lat="45.76804" lon="3.087468"><ele>377</ele></trkpt>
   <trkpt lat="45.768034" lon="3.087266"><ele>377.75</ele></trkpt>
   <trkpt lat="45.768043" lon="3.087204"><ele>377.75</ele></trkpt>
   <trkpt lat="45.76804" lon="3.08709"><ele>377.75</ele></trkpt>
   <trkpt lat="45.768038" lon="3.086984"><ele>377.75</ele></trkpt>
   <trkpt lat="45.768025" lon="3.086578"><ele>378.25</ele></trkpt>
   <trkpt lat="45.768021" lon="3.086465"><ele>378.5</ele></trkpt>
   <trkpt lat="45.768006" lon="3.086401"><ele>378.75</ele></trkpt>
   <trkpt lat="45.768002" lon="3.086347"><ele>378.75</ele></trkpt>
   <trkpt lat="45.767959" lon="3.08494"><ele>379</ele></trkpt>
   <trkpt lat="45.767935" lon="3.084304"><ele>379</ele></trkpt>
   <trkpt lat="45.767949" lon="3.084181"><ele>379</ele></trkpt>
   <trkpt lat="45.767945" lon="3.084111"><ele>379</ele></trkpt>
   <trkpt lat="45.767918" lon="3.08411"><ele>379</ele></trkpt>
   <trkpt lat="45.767889" lon="3.084108"><ele>379</ele></trkpt>
   <trkpt lat="45.767845" lon="3.084104"><ele>379</ele></trkpt>
   <trkpt lat="45.767789" lon="3.084099"><ele>379</ele></trkpt>
   <trkpt lat="45.767613" lon="3.084088"><ele>379</ele></trkpt>
   <trkpt lat="45.767558" lon="3.084102"><ele>379</ele></trkpt>
   <trkpt lat="45.767421" lon="3.084099"><ele>379</ele></trkpt>
   <trkpt lat="45.767295" lon="3.084095"><ele>379</ele></trkpt>
   <trkpt lat="45.767186" lon="3.084088"><ele>379</ele></trkpt>
   <trkpt lat="45.766212" lon="3.084019"><ele>380.5</ele></trkpt>
   <trkpt lat="45.765856" lon="3.084003"><ele>381.25</ele></trkpt>
   <trkpt lat="45.764738" lon="3.083935"><ele>384.75</ele></trkpt>
   <trkpt lat="45.764695" lon="3.083936"><ele>385</ele></trkpt>
   <trkpt lat="45.764649" lon="3.083938"><ele>385</ele></trkpt>
   <trkpt lat="45.764611" lon="3.083939"><ele>385</ele></trkpt>
   <trkpt lat="45.76453" lon="3.083942"><ele>385</ele></trkpt>
   <trkpt lat="45.764268" lon="3.083927"><ele>385.5</ele></trkpt>
   <trkpt lat="45.764205" lon="3.08394"><ele>385.75</ele></trkpt>
   <trkpt lat="45.764124" lon="3.083989"><ele>386</ele></trkpt>
   <trkpt lat="45.763898" lon="3.08415"><ele>386.75</ele></trkpt>
   <trkpt lat="45.763814" lon="3.084171"><ele>387</ele></trkpt>
   <trkpt lat="45.763519" lon="3.084382"><ele>387.25</ele></trkpt>
   <trkpt lat="45.763103" lon="3.084686"><ele>388</ele></trkpt>
   <trkpt lat="45.762883" lon="3.084842"><ele>388.5</ele></trkpt>
   <trkpt lat="45.762293" lon="3.08525"><ele>390</ele></trkpt>
   <trkpt lat="45.762242" lon="3.085286"><ele>390</ele></trkpt>
   <trkpt lat="45.762208" lon="3.085305"><ele>390</ele></trkpt>
   <trkpt lat="45.762145" lon="3.085341"><ele>390.25</ele></trkpt>
   <trkpt lat="45.762047" lon="3.085374"><ele>390.5</ele></trkpt>
   <trkpt lat="45.761913" lon="3.085444"><ele>391</ele></trkpt>
   <trkpt lat="45.760925" lon="3.085957"><ele>394.5</ele></trkpt>
   <trkpt lat="45.760393" lon="3.086247"><ele>397.75</ele></trkpt>
   <trkpt lat="45.76034" lon="3.086268"><ele>398</ele></trkpt>
   <trkpt lat="45.760299" lon="3.086276"><ele>398</ele></trkpt>
   <trkpt lat="45.760254" lon="3.086273"><ele>398.25</ele></trkpt>
   <trkpt lat="45.760233" lon="3.086284"><ele>398.5</ele></trkpt>
   <trkpt lat="45.760081" lon="3.08642"><ele>400.5</ele></trkpt>
   <trkpt lat="45.760041" lon="3.086473"><ele>401.25</ele></trkpt>
   <trkpt lat="45.760011" lon="3.086508"><ele>401.75</ele></trkpt>
   <trkpt lat="45.759979" lon="3.086523"><ele>402</ele></trkpt>
   <trkpt lat="45.759739" lon="3.086519"><ele>404.25</ele></trkpt>
   <trkpt lat="45.759644" lon="3.086507"><ele>404.5</ele></trkpt>
   <trkpt lat="45.759559" lon="3.086473"><ele>405</ele></trkpt>
   <trkpt lat="45.759508" lon="3.08644"><ele>405.75</ele></trkpt>
   <trkpt lat="45.759369" lon="3.086337"><ele>406</ele></trkpt>
   <trkpt lat="45.759299" lon="3.086348"><ele>405.5</ele></trkpt>
   <trkpt lat="45.759262" lon="3.08638"><ele>405.5</ele></trkpt>
   <trkpt lat="45.75915" lon="3.086618"><ele>409</ele></trkpt>
   <trkpt lat="45.759138" lon="3.086703"><ele>410.25</ele></trkpt>
   <trkpt lat="45.759038" lon="3.08665"><ele>410.25</ele></trkpt>
   <trkpt lat="45.758963" lon="3.08663"><ele>410.25</ele></trkpt>
   <trkpt lat="45.758861" lon="3.086634"><ele>411</ele></trkpt>
   <trkpt lat="45.758705" lon="3.086662"><ele>412.75</ele></trkpt>
   <trkpt lat="45.75863" lon="3.086671"><ele>413.75</ele></trkpt>
   <trkpt lat="45.758578" lon="3.086668"><ele>414.5</ele></trkpt>
   <trkpt lat="45.758539" lon="3.086664"><ele>415.5</ele></trkpt>
   <trkpt lat="45.758348" lon="3.086617"><ele>419</ele></trkpt>
   <trkpt lat="45.758253" lon="3.086568"><ele>419</ele></trkpt>
   <trkpt lat="45.758096" lon="3.086559"><ele>420</ele></trkpt>
   <trkpt lat="45.75794" lon="3.08659"><ele>420.75</ele></trkpt>
   <trkpt lat="45.757871" lon="3.086609"><ele>421</ele></trkpt>
   <trkpt lat="45.757777" lon="3.086645"><ele>421</ele></trkpt>
   <trkpt lat="45.757717" lon="3.086667"><ele>421.25</ele></trkpt>
   <trkpt lat="45.757604" lon="3.086708"><ele>422.25</ele></trkpt>
   <trkpt lat="45.757493" lon="3.086748"><ele>423</ele></trkpt>
   <trkpt lat="45.757384" lon="3.086787"><ele>423</ele></trkpt>
   <trkpt lat="45.757285" lon="3.086821"><ele>423.25</ele></trkpt>
   <trkpt lat="45.757123" lon="3.086881"><ele>423.5</ele></trkpt>
   <trkpt lat="45.756958" lon="3.086938"><ele>423.75</ele></trkpt>
   <trkpt lat="45.756724" lon="3.087018"><ele>423.75</ele></trkpt>
   <trkpt lat="45.756507" lon="3.087093"><ele>424.5</ele></trkpt>
   <trkpt lat="45.755892" lon="3.087271"><ele>425.75</ele></trkpt>
   <trkpt lat="45.755835" lon="3.087287"><ele>425.75</ele></trkpt>
   <trkpt lat="45.75573" lon="3.087318"><ele>426.5</ele></trkpt>
   <trkpt lat="45.755607" lon="3.087355"><ele>427</ele></trkpt>
   <trkpt lat="45.755471" lon="3.087396"><ele>427.5</ele></trkpt>
   <trkpt lat="45.75522" lon="3.087487"><ele>428.5</ele></trkpt>
   <trkpt lat="45.755143" lon="3.08752"><ele>429.25</ele></trkpt>
   <trkpt lat="45.755052" lon="3.087553"><ele>430.25</ele></trkpt>
   <trkpt lat="45.754844" lon="3.087618"><ele>431.5</ele></trkpt>
   <trkpt lat="45.75448" lon="3.087685"><ele>432.75</ele></trkpt>
   <trkpt lat="45.754321" lon="3.087744"><ele>433.25</ele></trkpt>
   <trkpt lat="45.754253" lon="3.087765"><ele>433.5</ele></trkpt>
   <trkpt lat="45.754017" lon="3.087836"><ele>434.25</ele></trkpt>
   <trkpt lat="45.753936" lon="3.087846"><ele>434.25</ele></trkpt>
   <trkpt lat="45.753878" lon="3.087859"><ele>434.25</ele></trkpt>
   <trkpt lat="45.753826" lon="3.087881"><ele>434.25</ele></trkpt>
   <trkpt lat="45.753679" lon="3.087922"><ele>434.5</ele></trkpt>
   <trkpt lat="45.753601" lon="3.087933"><ele>434.75</ele></trkpt>
   <trkpt lat="45.753495" lon="3.087935"><ele>434.5</ele></trkpt>
   <trkpt lat="45.753458" lon="3.087936"><ele>434.5</ele></trkpt>
   <trkpt lat="45.753427" lon="3.087936"><ele>434.5</ele></trkpt>
   <trkpt lat="45.753325" lon="3.087937"><ele>434.25</ele></trkpt>
   <trkpt lat="45.753236" lon="3.087936"><ele>434.25</ele></trkpt>
   <trkpt lat="45.753156" lon="3.087773"><ele>435</ele></trkpt>
   <trkpt lat="45.752981" lon="3.087664"><ele>434.75</ele></trkpt>
   <trkpt lat="45.752922" lon="3.087657"><ele>434.5</ele></trkpt>
   <trkpt lat="45.752645" lon="3.08746"><ele>435</ele></trkpt>
   <trkpt lat="45.752433" lon="3.087318"><ele>435</ele></trkpt>
   <trkpt lat="45.752369" lon="3.087259"><ele>435</ele></trkpt>
   <trkpt lat="45.751996" lon="3.087014"><ele>434.75</ele></trkpt>
   <trkpt lat="45.751926" lon="3.086989"><ele>434.75</ele></trkpt>
   <trkpt lat="45.751927" lon="3.086948"><ele>434.75</ele></trkpt>
   <trkpt lat="45.751858" lon="3.086266"><ele>436</ele></trkpt>
   <trkpt lat="45.751826" lon="3.085946"><ele>436.5</ele></trkpt>
   <trkpt lat="45.75182" lon="3.08588"><ele>436.75</ele></trkpt>
   <trkpt lat="45.75179" lon="3.085624"><ele>437</ele></trkpt>
   <trkpt lat="45.751723" lon="3.08511"><ele>437.75</ele></trkpt>
   <trkpt lat="45.751671" lon="3.084722"><ele>439</ele></trkpt>
   <trkpt lat="45.751601" lon="3.084065"><ele>439.25</ele></trkpt>
   <trkpt lat="45.751558" lon="3.083712"><ele>440.5</ele></trkpt>
   <trkpt lat="45.751547" lon="3.083658"><ele>440.75</ele></trkpt>
   <trkpt lat="45.751541" lon="3.083616"><ele>440.75</ele></trkpt>
   <trkpt lat="45.751439" lon="3.082875"><ele>442</ele></trkpt>
   <trkpt lat="45.75103" lon="3.082764"><ele>442.5</ele></trkpt>
   <trkpt lat="45.750956" lon="3.082744"><ele>442.5</ele></trkpt>
   <trkpt lat="45.750905" lon="3.082742"><ele>442.5</ele></trkpt>
   <trkpt lat="45.750843" lon="3.08274"><ele>442.75</ele></trkpt>
   <trkpt lat="45.750336" lon="3.082844"><ele>443.75</ele></trkpt>
   <trkpt lat="45.750288" lon="3.082444"><ele>444.75</ele></trkpt>
   <trkpt lat="45.75026" lon="3.082191"><ele>445.25</ele></trkpt>
   <trkpt lat="45.750254" lon="3.081981"><ele>446</ele></trkpt>
   <trkpt lat="45.750257" lon="3.081864"><ele>446.25</ele></trkpt>
   <trkpt lat="45.750235" lon="3.081694"><ele>446.5</ele></trkpt>
   <trkpt lat="45.750196" lon="3.081333"><ele>448</ele></trkpt>
   <trkpt lat="45.750136" lon="3.080964"><ele>449.25</ele></trkpt>
   <trkpt lat="45.750107" lon="3.080784"><ele>449.75</ele></trkpt>
   <trkpt lat="45.749884" lon="3.079474"><ele>456</ele></trkpt>
   <trkpt lat="45.749865" lon="3.079335"><ele>457</ele></trkpt>
   <trkpt lat="45.749861" lon="3.079213"><ele>457.75</ele></trkpt>
   <trkpt lat="45.749811" lon="3.079191"><ele>458</ele></trkpt>
   <trkpt lat="45.749628" lon="3.079095"><ele>458.5</ele></trkpt>
   <trkpt lat="45.749524" lon="3.079037"><ele>459</ele></trkpt>
   <trkpt lat="45.749503" lon="3.079025"><ele>459</ele></trkpt>
   <trkpt lat="45.749473" lon="3.079009"><ele>459.25</ele></trkpt>
   <trkpt lat="45.749216" lon="3.078872"><ele>461.5</ele></trkpt>
   <trkpt lat="45.748793" lon="3.078639"><ele>464</ele></trkpt>
   <trkpt lat="45.748742" lon="3.0786"><ele>464.5</ele></trkpt>
   <trkpt lat="45.748632" lon="3.078488"><ele>465.5</ele></trkpt>
   <trkpt lat="45.74852" lon="3.078341"><ele>465</ele></trkpt>
   <trkpt lat="45.748479" lon="3.078268"><ele>465.5</ele></trkpt>
   <trkpt lat="45.748438" lon="3.078177"><ele>466.25</ele></trkpt>
   <trkpt lat="45.7484" lon="3.078004"><ele>467</ele></trkpt>
   <trkpt lat="45.748204" lon="3.07686"><ele>471</ele></trkpt>
   <trkpt lat="45.748192" lon="3.076785"><ele>471.25</ele></trkpt>
   <trkpt lat="45.748035" lon="3.075829"><ele>472.5</ele></trkpt>
   <trkpt lat="45.747993" lon="3.07562"><ele>472.75</ele></trkpt>
   <trkpt lat="45.747892" lon="3.075029"><ele>475.75</ele></trkpt>
   <trkpt lat="45.747638" lon="3.073527"><ele>481.5</ele></trkpt>
   <trkpt lat="45.747451" lon="3.07243"><ele>484.25</ele></trkpt>
   <trkpt lat="45.747425" lon="3.072209"><ele>485.5</ele></trkpt>
   <trkpt lat="45.747407" lon="3.071959"><ele>485.25</ele></trkpt>
   <trkpt lat="45.747395" lon="3.071456"><ele>487</ele></trkpt>
   <trkpt lat="45.747397" lon="3.071381"><ele>487.25</ele></trkpt>
   <trkpt lat="45.7474" lon="3.071207"><ele>487</ele></trkpt>
   <trkpt lat="45.747395" lon="3.071061"><ele>487</ele></trkpt>
   <trkpt lat="45.74736" lon="3.070821"><ele>487.5</ele></trkpt>
   <trkpt lat="45.747326" lon="3.070726"><ele>488.25</ele></trkpt>
   <trkpt lat="45.747289" lon="3.070637"><ele>489</ele></trkpt>
   <trkpt lat="45.747246" lon="3.070557"><ele>490</ele></trkpt>
   <trkpt lat="45.747226" lon="3.070522"><ele>489.75</ele></trkpt>
   <trkpt lat="45.747201" lon="3.070484"><ele>489.5</ele></trkpt>
   <trkpt lat="45.747176" lon="3.070444"><ele>489.25</ele></trkpt>
   <trkpt lat="45.747091" lon="3.07035"><ele>489.25</ele></trkpt>
   <trkpt lat="45.747004" lon="3.070278"><ele>490.5</ele></trkpt>
   <trkpt lat="45.746912" lon="3.070226"><ele>490.25</ele></trkpt>
   <trkpt lat="45.746718" lon="3.07013"><ele>490.25</ele></trkpt>
   <trkpt lat="45.746593" lon="3.070072"><ele>491.75</ele></trkpt>
   <trkpt lat="45.746474" lon="3.070019"><ele>493.25</ele></trkpt>
   <trkpt lat="45.746318" lon="3.069962"><ele>494.25</ele></trkpt>
   <trkpt lat="45.746269" lon="3.069946"><ele>494.5</ele></trkpt>
   <trkpt lat="45.746059" lon="3.069901"><ele>495.5</ele></trkpt>
   <trkpt lat="45.745853" lon="3.069873"><ele>496.25</ele></trkpt>
   <trkpt lat="45.745578" lon="3.069854"><ele>498.25</ele></trkpt>
   <trkpt lat="45.745421" lon="3.069804"><ele>500.25</ele></trkpt>
   <trkpt lat="45.745224" lon="3.069818"><ele>501</ele></trkpt>
   <trkpt lat="45.744703" lon="3.06988"><ele>501.25</ele></trkpt>
   <trkpt lat="45.744466" lon="3.069923"><ele>502.25</ele></trkpt>
   <trkpt lat="45.744442" lon="3.069926"><ele>502.25</ele></trkpt>
   <trkpt lat="45.744447" lon="3.070007"><ele>500.75</ele></trkpt>
   <trkpt lat="45.744062" lon="3.070138"><ele>502.5</ele></trkpt>
   <trkpt lat="45.743995" lon="3.070157"><ele>502.75</ele></trkpt>
   <trkpt lat="45.743445" lon="3.070247"><ele>505.25</ele></trkpt>
   <trkpt lat="45.74309" lon="3.070302"><ele>506.25</ele></trkpt>
   <trkpt lat="45.742942" lon="3.070317"><ele>506.75</ele></trkpt>
   <trkpt lat="45.742611" lon="3.070324"><ele>508</ele></trkpt>
   <trkpt lat="45.7423" lon="3.070305"><ele>510</ele></trkpt>
   <trkpt lat="45.74187" lon="3.07022"><ele>511.5</ele></trkpt>
   <trkpt lat="45.741394" lon="3.070057"><ele>512.75</ele></trkpt>
   <trkpt lat="45.74045" lon="3.069661"><ele>518.25</ele></trkpt>
   <trkpt lat="45.740141" lon="3.069597"><ele>519</ele></trkpt>
   <trkpt lat="45.739744" lon="3.069579"><ele>520</ele></trkpt>
   <trkpt lat="45.739745" lon="3.069408"><ele>522</ele></trkpt>
   <trkpt lat="45.739731" lon="3.069317"><ele>522.25</ele></trkpt>
   <trkpt lat="45.739705" lon="3.069262"><ele>522.5</ele></trkpt>
   <trkpt lat="45.73966" lon="3.069213"><ele>523</ele></trkpt>
   <trkpt lat="45.739292" lon="3.069072"><ele>525.5</ele></trkpt>
   <trkpt lat="45.739153" lon="3.069001"><ele>526</ele></trkpt>
   <trkpt lat="45.738834" lon="3.068815"><ele>528</ele></trkpt>
   <trkpt lat="45.738438" lon="3.068547"><ele>529.75</ele></trkpt>
   <trkpt lat="45.738039" lon="3.068204"><ele>531.75</ele></trkpt>
   <trkpt lat="45.73744" lon="3.06769"><ele>536</ele></trkpt>
   <trkpt lat="45.737226" lon="3.067506"><ele>536</ele></trkpt>
   <trkpt lat="45.73699" lon="3.067184"><ele>539.25</ele></trkpt>
   <trkpt lat="45.736759" lon="3.066807"><ele>540.75</ele></trkpt>
   <trkpt lat="45.736635" lon="3.066527"><ele>540.5</ele></trkpt>
   <trkpt lat="45.736563" lon="3.066344"><ele>541.75</ele></trkpt>
   <trkpt lat="45.736282" lon="3.065404"><ele>544.75</ele></trkpt>
   <trkpt lat="45.736228" lon="3.065256"><ele>546.25</ele></trkpt>
   <trkpt lat="45.736086" lon="3.064969"><ele>546</ele></trkpt>
   <trkpt lat="45.735928" lon="3.06475"><ele>547.25</ele></trkpt>
   <trkpt lat="45.735784" lon="3.064602"><ele>547.5</ele></trkpt>
   <trkpt lat="45.735585" lon="3.064462"><ele>548.75</ele></trkpt>
   <trkpt lat="45.735433" lon="3.06438"><ele>549.5</ele></trkpt>
   <trkpt lat="45.735126" lon="3.064301"><ele>550.75</ele></trkpt>
   <trkpt lat="45.734551" lon="3.064176"><ele>553.25</ele></trkpt>
   <trkpt lat="45.734184" lon="3.064085"><ele>555.75</ele></trkpt>
   <trkpt lat="45.734038" lon="3.064058"><ele>556.5</ele></trkpt>
   <trkpt lat="45.733984" lon="3.064046"><ele>557</ele></trkpt>
   <trkpt lat="45.733929" lon="3.064033"><ele>557.25</ele></trkpt>
   <trkpt lat="45.733788" lon="3.064031"><ele>557.25</ele></trkpt>
   <trkpt lat="45.733598" lon="3.063999"><ele>557.5</ele></trkpt>
   <trkpt lat="45.733584" lon="3.064076"><ele>557.25</ele></trkpt>
   <trkpt lat="45.733561" lon="3.064107"><ele>557.25</ele></trkpt>
   <trkpt lat="45.733534" lon="3.064138"><ele>557</ele></trkpt>
   <trkpt lat="45.733449" lon="3.064184"><ele>556.75</ele></trkpt>
   <trkpt lat="45.733415" lon="3.064196"><ele>556.75</ele></trkpt>
   <trkpt lat="45.73339" lon="3.064204"><ele>556.75</ele></trkpt>
   <trkpt lat="45.733351" lon="3.064216"><ele>556.5</ele></trkpt>
   <trkpt lat="45.733211" lon="3.064264"><ele>557</ele></trkpt>
   <trkpt lat="45.733119" lon="3.064307"><ele>557.5</ele></trkpt>
   <trkpt lat="45.733" lon="3.06438"><ele>557.25</ele></trkpt>
   <trkpt lat="45.732719" lon="3.064574"><ele>556</ele></trkpt>
   <trkpt lat="45.732687" lon="3.064596"><ele>555.75</ele></trkpt>
   <trkpt lat="45.732657" lon="3.064616"><ele>555.75</ele></trkpt>
   <trkpt lat="45.73261" lon="3.064655"><ele>555.5</ele></trkpt>
   <trkpt lat="45.732596" lon="3.064604"><ele>555.75</ele></trkpt>
   <trkpt lat="45.732581" lon="3.064297"><ele>557.75</ele></trkpt>
   <trkpt lat="45.732564" lon="3.06418"><ele>558.5</ele></trkpt>
   <trkpt lat="45.732541" lon="3.064181"><ele>558.5</ele></trkpt>
   <trkpt lat="45.732472" lon="3.064161"><ele>559</ele></trkpt>
   <trkpt lat="45.732411" lon="3.064103"><ele>559.75</ele></trkpt>
   <trkpt lat="45.73235" lon="3.064063"><ele>560.25</ele></trkpt>
   <trkpt lat="45.732307" lon="3.063988"><ele>560.75</ele></trkpt>
   <trkpt lat="45.732292" lon="3.063978"><ele>561</ele></trkpt>
   <trkpt lat="45.732057" lon="3.064013"><ele>561.75</ele></trkpt>
   <trkpt lat="45.731988" lon="3.064032"><ele>562</ele></trkpt>
   <trkpt lat="45.731942" lon="3.064028"><ele>562.5</ele></trkpt>
   <trkpt lat="45.731796" lon="3.064163"><ele>562.5</ele></trkpt>
   <trkpt lat="45.731706" lon="3.06394"><ele>564.25</ele></trkpt>
   <trkpt lat="45.731622" lon="3.063744"><ele>566</ele></trkpt>
   <trkpt lat="45.731602" lon="3.063696"><ele>566.75</ele></trkpt>
   <trkpt lat="45.731588" lon="3.063663"><ele>566.75</ele></trkpt>
   <trkpt lat="45.73149" lon="3.063691"><ele>567</ele></trkpt>
   <trkpt lat="45.73148" lon="3.063645"><ele>567.25</ele></trkpt>
   <trkpt lat="45.731473" lon="3.063613"><ele>567.5</ele></trkpt>
   <trkpt lat="45.731344" lon="3.063285"><ele>571.75</ele></trkpt>
   <trkpt lat="45.731292" lon="3.062734"><ele>577.75</ele></trkpt>
   <trkpt lat="45.731252" lon="3.062243"><ele>583.5</ele></trkpt>
   <trkpt lat="45.731182" lon="3.06141"><ele>596.5</ele></trkpt>
   <trkpt lat="45.731187" lon="3.061286"><ele>597.5</ele></trkpt>
   <trkpt lat="45.730748" lon="3.061173"><ele>598</ele></trkpt>
   <trkpt lat="45.730787" lon="3.060932"><ele>600.25</ele></trkpt>
   <trkpt lat="45.730748" lon="3.060759"><ele>602</ele></trkpt>
   <trkpt lat="45.730702" lon="3.060663"><ele>603</ele></trkpt>
   <trkpt lat="45.73061" lon="3.060637"><ele>603.25</ele></trkpt>
   <trkpt lat="45.730557" lon="3.060625"><ele>603.25</ele></trkpt>
   <trkpt lat="45.730409" lon="3.060673"><ele>605.75</ele></trkpt>
   <trkpt lat="45.730188" lon="3.060847"><ele>606.25</ele></trkpt>
   <trkpt lat="45.730008" lon="3.060931"><ele>607.25</ele></trkpt>
   <trkpt lat="45.72975" lon="3.06108"><ele>608.75</ele></trkpt>
   <trkpt lat="45.729506" lon="3.061142"><ele>610</ele></trkpt>
   <trkpt lat="45.72924" lon="3.061198"><ele>614.25</ele></trkpt>
   <trkpt lat="45.728835" lon="3.061222"><ele>620.5</ele></trkpt>
   <trkpt lat="45.728696" lon="3.061289"><ele>621.25</ele></trkpt>
   <trkpt lat="45.7284" lon="3.061556"><ele>623</ele></trkpt>
   <trkpt lat="45.728221" lon="3.061701"><ele>623.25</ele></trkpt>
   <trkpt lat="45.728088" lon="3.06175"><ele>624.75</ele></trkpt>
   <trkpt lat="45.727427" lon="3.061761"><ele>632.5</ele></trkpt>
   <trkpt lat="45.727141" lon="3.061797"><ele>633.5</ele></trkpt>
   <trkpt lat="45.72696" lon="3.061851"><ele>634.5</ele></trkpt>
   <trkpt lat="45.726835" lon="3.061832"><ele>635.75</ele></trkpt>
   <trkpt lat="45.726779" lon="3.061786"><ele>637.75</ele></trkpt>
   <trkpt lat="45.726768" lon="3.06171"><ele>640.5</ele></trkpt>
   <trkpt lat="45.726788" lon="3.061653"><ele>642.75</ele></trkpt>
   <trkpt lat="45.726843" lon="3.061605"><ele>644.75</ele></trkpt>
   <trkpt lat="45.72693" lon="3.061586"><ele>645.25</ele></trkpt>
   <trkpt lat="45.727094" lon="3.061594"><ele>643.25</ele></trkpt>
   <trkpt lat="45.727452" lon="3.061537"><ele>643.75</ele></trkpt>
   <trkpt lat="45.727739" lon="3.061396"><ele>648</ele></trkpt>
   <trkpt lat="45.727991" lon="3.061214"><ele>650</ele></trkpt>
   <trkpt lat="45.728158" lon="3.061041"><ele>651</ele></trkpt>
   <trkpt lat="45.728298" lon="3.060825"><ele>654.5</ele></trkpt>
   <trkpt lat="45.72842" lon="3.060683"><ele>656.25</ele></trkpt>
   <trkpt lat="45.728561" lon="3.060534"><ele>659</ele></trkpt>
   <trkpt lat="45.729046" lon="3.060276"><ele>661.25</ele></trkpt>
   <trkpt lat="45.729482" lon="3.05987"><ele>666.25</ele></trkpt>
   <trkpt lat="45.730063" lon="3.059127"><ele>672.5</ele></trkpt>
   <trkpt lat="45.730112" lon="3.059007"><ele>673.75</ele></trkpt>
   <trkpt lat="45.730139" lon="3.05889"><ele>675.75</ele></trkpt>
   <trkpt lat="45.730137" lon="3.058742"><ele>676</ele></trkpt>
   <trkpt lat="45.730045" lon="3.057829"><ele>684.5</ele></trkpt>
   <trkpt lat="45.730097" lon="3.057634"><ele>686</ele></trkpt>
   <trkpt lat="45.730222" lon="3.057468"><ele>687.5</ele></trkpt>
   <trkpt lat="45.730393" lon="3.057379"><ele>690.75</ele></trkpt>
   <trkpt lat="45.730858" lon="3.057348"><ele>694.25</ele></trkpt>
   <trkpt lat="45.731003" lon="3.057266"><ele>695.5</ele></trkpt>
   <trkpt lat="45.731177" lon="3.057102"><ele>698</ele></trkpt>
   <trkpt lat="45.731292" lon="3.056939"><ele>701.25</ele></trkpt>
   <trkpt lat="45.731408" lon="3.056823"><ele>702</ele></trkpt>
   <trkpt lat="45.731529" lon="3.056797"><ele>704.5</ele></trkpt>
   <trkpt lat="45.731657" lon="3.056865"><ele>703.5</ele></trkpt>
   <trkpt lat="45.731769" lon="3.056942"><ele>702.75</ele></trkpt>
   <trkpt lat="45.731944" lon="3.057023"><ele>703.5</ele></trkpt>
   <trkpt lat="45.732074" lon="3.057051"><ele>705.5</ele></trkpt>
   <trkpt lat="45.732206" lon="3.057051"><ele>708.25</ele></trkpt>
   <trkpt lat="45.732374" lon="3.057025"><ele>709.5</ele></trkpt>
   <trkpt lat="45.732575" lon="3.057025"><ele>709.75</ele></trkpt>
   <trkpt lat="45.732731" lon="3.056976"><ele>712.5</ele></trkpt>
   <trkpt lat="45.73296" lon="3.056822"><ele>715.25</ele></trkpt>
   <trkpt lat="45.733155" lon="3.056715"><ele>717</ele></trkpt>
   <trkpt lat="45.733359" lon="3.056664"><ele>719</ele></trkpt>
   <trkpt lat="45.734113" lon="3.056597"><ele>725.25</ele></trkpt>
   <trkpt lat="45.734362" lon="3.056495"><ele>727.5</ele></trkpt>
   <trkpt lat="45.73449" lon="3.056393"><ele>729.5</ele></trkpt>
   <trkpt lat="45.734606" lon="3.056203"><ele>731.75</ele></trkpt>
   <trkpt lat="45.734732" lon="3.055587"><ele>737</ele></trkpt>
   <trkpt lat="45.734815" lon="3.055227"><ele>738.5</ele></trkpt>
   <trkpt lat="45.734832" lon="3.055039"><ele>740.25</ele></trkpt>
   <trkpt lat="45.734823" lon="3.054853"><ele>741.5</ele></trkpt>
   <trkpt lat="45.734775" lon="3.054588"><ele>743.5</ele></trkpt>
   <trkpt lat="45.734728" lon="3.0544"><ele>745.25</ele></trkpt>
   <trkpt lat="45.73464" lon="3.054116"><ele>748</ele></trkpt>
   <trkpt lat="45.734566" lon="3.053939"><ele>749</ele></trkpt>
   <trkpt lat="45.734418" lon="3.053695"><ele>751.5</ele></trkpt>
   <trkpt lat="45.734224" lon="3.053444"><ele>753</ele></trkpt>
   <trkpt lat="45.734079" lon="3.053277"><ele>755.75</ele></trkpt>
   <trkpt lat="45.734049" lon="3.053242"><ele>756</ele></trkpt>
   <trkpt lat="45.733878" lon="3.053092"><ele>758</ele></trkpt>
   <trkpt lat="45.733511" lon="3.052925"><ele>762</ele></trkpt>
   <trkpt lat="45.732484" lon="3.052352"><ele>771.5</ele></trkpt>
   <trkpt lat="45.732133" lon="3.05211"><ele>775.75</ele></trkpt>
   <trkpt lat="45.731781" lon="3.051807"><ele>779</ele></trkpt>
   <trkpt lat="45.731614" lon="3.051715"><ele>781.75</ele></trkpt>
   <trkpt lat="45.731224" lon="3.051535"><ele>787</ele></trkpt>
   <trkpt lat="45.731024" lon="3.051387"><ele>789.25</ele></trkpt>
   <trkpt lat="45.730916" lon="3.051252"><ele>791.25</ele></trkpt>
   <trkpt lat="45.73067" lon="3.050945"><ele>794</ele></trkpt>
   <trkpt lat="45.730166" lon="3.050452"><ele>800.5</ele></trkpt>
   <trkpt lat="45.729922" lon="3.050066"><ele>804.75</ele></trkpt>
   <trkpt lat="45.729754" lon="3.049804"><ele>806.5</ele></trkpt>
   <trkpt lat="45.729542" lon="3.0496"><ele>809.25</ele></trkpt>
   <trkpt lat="45.729364" lon="3.049481"><ele>810.75</ele></trkpt>
   <trkpt lat="45.729131" lon="3.049395"><ele>811.75</ele></trkpt>
   <trkpt lat="45.728873" lon="3.049349"><ele>812.5</ele></trkpt>
   <trkpt lat="45.728631" lon="3.049305"><ele>812.75</ele></trkpt>
   <trkpt lat="45.728402" lon="3.049281"><ele>812</ele></trkpt>
   <trkpt lat="45.728151" lon="3.049254"><ele>811.25</ele></trkpt>
   <trkpt lat="45.728002" lon="3.049239"><ele>811</ele></trkpt>
   <trkpt lat="45.727907" lon="3.049229"><ele>811</ele></trkpt>
   <trkpt lat="45.727706" lon="3.049258"><ele>811</ele></trkpt>
   <trkpt lat="45.727581" lon="3.049287"><ele>811.5</ele></trkpt>
   <trkpt lat="45.72739" lon="3.04933"><ele>811.5</ele></trkpt>
   <trkpt lat="45.727322" lon="3.049326"><ele>811.5</ele></trkpt>
   <trkpt lat="45.727227" lon="3.049321"><ele>811.75</ele></trkpt>
   <trkpt lat="45.726913" lon="3.049194"><ele>813.25</ele></trkpt>
   <trkpt lat="45.726765" lon="3.049135"><ele>813</ele></trkpt>
   <trkpt lat="45.726531" lon="3.049011"><ele>814</ele></trkpt>
   <trkpt lat="45.726463" lon="3.048975"><ele>814</ele></trkpt>
   <trkpt lat="45.726235" lon="3.048877"><ele>814.5</ele></trkpt>
   <trkpt lat="45.726051" lon="3.048852"><ele>814.75</ele></trkpt>
   <trkpt lat="45.7257" lon="3.048829"><ele>815.5</ele></trkpt>
   <trkpt lat="45.725564" lon="3.048786"><ele>816.75</ele></trkpt>
   <trkpt lat="45.725373" lon="3.048641"><ele>818</ele></trkpt>
   <trkpt lat="45.725191" lon="3.048475"><ele>819.75</ele></trkpt>
   <trkpt lat="45.725091" lon="3.048331"><ele>821.5</ele></trkpt>
   <trkpt lat="45.725035" lon="3.048247"><ele>821.75</ele></trkpt>
   <trkpt lat="45.724884" lon="3.04799"><ele>822.75</ele></trkpt>
   <trkpt lat="45.72494" lon="3.047887"><ele>824.25</ele></trkpt>
   <trkpt lat="45.724966" lon="3.047799"><ele>825.5</ele></trkpt>
   <trkpt lat="45.724974" lon="3.047743"><ele>826</ele></trkpt>
   <trkpt lat="45.724993" lon="3.047694"><ele>826.75</ele></trkpt>
   <trkpt lat="45.725014" lon="3.047665"><ele>827.25</ele></trkpt>
   <trkpt lat="45.725051" lon="3.04764"><ele>828</ele></trkpt>
   <trkpt lat="45.725152" lon="3.04759"><ele>829.5</ele></trkpt>
   <trkpt lat="45.725185" lon="3.047546"><ele>830.5</ele></trkpt>
   <trkpt lat="45.725214" lon="3.047473"><ele>831.5</ele></trkpt>
   <trkpt lat="45.725228" lon="3.047393"><ele>832</ele></trkpt>
   <trkpt lat="45.725238" lon="3.047272"><ele>833</ele></trkpt>
   <trkpt lat="45.725231" lon="3.046951"><ele>836.25</ele></trkpt>
   <trkpt lat="45.725303" lon="3.046967"><ele>837</ele></trkpt>
   <trkpt lat="45.725355" lon="3.047008"><ele>837</ele></trkpt>
   <trkpt lat="45.726067" lon="3.047135"><ele>838</ele></trkpt>
   <trkpt lat="45.725355" lon="3.047008"><ele>837</ele></trkpt>
   <trkpt lat="45.725303" lon="3.046967"><ele>837</ele></trkpt>
   <trkpt lat="45.725231" lon="3.046951"><ele>836.25</ele></trkpt>
   <trkpt lat="45.725173" lon="3.046456"><ele>839.25</ele></trkpt>
   <trkpt lat="45.725158" lon="3.046333"><ele>839.75</ele></trkpt>
   <trkpt lat="45.72515" lon="3.046147"><ele>840.75</ele></trkpt>
   <trkpt lat="45.725158" lon="3.046036"><ele>841.5</ele></trkpt>
   <trkpt lat="45.72514" lon="3.045991"><ele>841.5</ele></trkpt>
   <trkpt lat="45.725108" lon="3.045949"><ele>841.5</ele></trkpt>
   <trkpt lat="45.725034" lon="3.045914"><ele>841.5</ele></trkpt>
   <trkpt lat="45.72496" lon="3.04586"><ele>841.25</ele></trkpt>
   <trkpt lat="45.724907" lon="3.045805"><ele>841</ele></trkpt>
   <trkpt lat="45.724873" lon="3.045754"><ele>841</ele></trkpt>
   <trkpt lat="45.724804" lon="3.045588"><ele>842</ele></trkpt>
   <trkpt lat="45.724715" lon="3.045531"><ele>842</ele></trkpt>
   <trkpt lat="45.724679" lon="3.045462"><ele>842</ele></trkpt>
   <trkpt lat="45.724722" lon="3.045392"><ele>842.5</ele></trkpt>
   <trkpt lat="45.724746" lon="3.045302"><ele>842.75</ele></trkpt>
   <trkpt lat="45.724752" lon="3.045244"><ele>843.25</ele></trkpt>
   <trkpt lat="45.724751" lon="3.04518"><ele>843.75</ele></trkpt>
   <trkpt lat="45.724734" lon="3.045077"><ele>844.25</ele></trkpt>
   <trkpt lat="45.724624" lon="3.044898"><ele>845.25</ele></trkpt>
   <trkpt lat="45.724526" lon="3.044792"><ele>845.25</ele></trkpt>
   <trkpt lat="45.724463" lon="3.044688"><ele>845</ele></trkpt>
   <trkpt lat="45.724408" lon="3.044529"><ele>845.25</ele></trkpt>
   <trkpt lat="45.724363" lon="3.044297"><ele>845.25</ele></trkpt>
   <trkpt lat="45.724342" lon="3.044125"><ele>845.25</ele></trkpt>
   <trkpt lat="45.724315" lon="3.043915"><ele>845.75</ele></trkpt>
   <trkpt lat="45.724224" lon="3.043219"><ele>846</ele></trkpt>
   <trkpt lat="45.724191" lon="3.043041"><ele>846</ele></trkpt>
   <trkpt lat="45.724117" lon="3.042774"><ele>846.75</ele></trkpt>
   <trkpt lat="45.724044" lon="3.042587"><ele>846.25</ele></trkpt>
   <trkpt lat="45.723712" lon="3.041625"><ele>847.5</ele></trkpt>
   <trkpt lat="45.723673" lon="3.0415"><ele>847.75</ele></trkpt>
   <trkpt lat="45.723608" lon="3.041248"><ele>847.75</ele></trkpt>
   <trkpt lat="45.72354" lon="3.04093"><ele>847.5</ele></trkpt>
   <trkpt lat="45.723525" lon="3.040814"><ele>847.75</ele></trkpt>
   <trkpt lat="45.723505" lon="3.04066"><ele>848</ele></trkpt>
   <trkpt lat="45.72348" lon="3.040449"><ele>848.5</ele></trkpt>
   <trkpt lat="45.723471" lon="3.040239"><ele>849</ele></trkpt>
   <trkpt lat="45.723475" lon="3.040161"><ele>849.25</ele></trkpt>
   <trkpt lat="45.723499" lon="3.039714"><ele>850.5</ele></trkpt>
   <trkpt lat="45.7235" lon="3.039534"><ele>850.5</ele></trkpt>
   <trkpt lat="45.723493" lon="3.039396"><ele>850.5</ele></trkpt>
   <trkpt lat="45.723447" lon="3.039035"><ele>850.5</ele></trkpt>
   <trkpt lat="45.723433" lon="3.038943"><ele>850.5</ele></trkpt>
   <trkpt lat="45.723396" lon="3.038755"><ele>851.25</ele></trkpt>
   <trkpt lat="45.723346" lon="3.038574"><ele>852</ele></trkpt>
   <trkpt lat="45.723206" lon="3.038172"><ele>853.5</ele></trkpt>
   <trkpt lat="45.723103" lon="3.037861"><ele>855.25</ele></trkpt>
   <trkpt lat="45.72298" lon="3.037479"><ele>858.25</ele></trkpt>
   <trkpt lat="45.722944" lon="3.037373"><ele>859</ele></trkpt>
   <trkpt lat="45.722896" lon="3.03727"><ele>859.75</ele></trkpt>
   <trkpt lat="45.722781" lon="3.037075"><ele>860.5</ele></trkpt>
   <trkpt lat="45.722619" lon="3.036898"><ele>861.75</ele></trkpt>
   <trkpt lat="45.722343" lon="3.036614"><ele>862.5</ele></trkpt>
   <trkpt lat="45.722258" lon="3.036489"><ele>862.75</ele></trkpt>
   <trkpt lat="45.722179" lon="3.036348"><ele>862.75</ele></trkpt>
   <trkpt lat="45.722111" lon="3.036206"><ele>862.75</ele></trkpt>
   <trkpt lat="45.722008" lon="3.035928"><ele>863</ele></trkpt>
   <trkpt lat="45.721868" lon="3.035474"><ele>863.25</ele></trkpt>
   <trkpt lat="45.721628" lon="3.034611"><ele>865</ele></trkpt>
   <trkpt lat="45.721561" lon="3.034344"><ele>866</ele></trkpt>
   <trkpt lat="45.721513" lon="3.034067"><ele>867</ele></trkpt>
   <trkpt lat="45.721511" lon="3.033576"><ele>867.25</ele></trkpt>
   <trkpt lat="45.72152" lon="3.033121"><ele>868</ele></trkpt>
   <trkpt lat="45.721545" lon="3.032885"><ele>868.75</ele></trkpt>
   <trkpt lat="45.721633" lon="3.032309"><ele>869.25</ele></trkpt>
   <trkpt lat="45.721657" lon="3.032039"><ele>869.75</ele></trkpt>
   <trkpt lat="45.72166" lon="3.031839"><ele>869.75</ele></trkpt>
   <trkpt lat="45.721648" lon="3.031602"><ele>869.75</ele></trkpt>
   <trkpt lat="45.721615" lon="3.031142"><ele>870.75</ele></trkpt>
   <trkpt lat="45.721573" lon="3.030855"><ele>870.75</ele></trkpt>
   <trkpt lat="45.721427" lon="3.030146"><ele>871.75</ele></trkpt>
   <trkpt lat="45.721351" lon="3.029848"><ele>872.25</ele></trkpt>
   <trkpt lat="45.721109" lon="3.029126"><ele>873</ele></trkpt>
   <trkpt lat="45.721059" lon="3.028947"><ele>873</ele></trkpt>
   <trkpt lat="45.721047" lon="3.028809"><ele>873.25</ele></trkpt>
   <trkpt lat="45.721054" lon="3.028642"><ele>873.25</ele></trkpt>
   <trkpt lat="45.721236" lon="3.027516"><ele>875.75</ele></trkpt>
   <trkpt lat="45.721292" lon="3.027283"><ele>875.75</ele></trkpt>
   <trkpt lat="45.721479" lon="3.026677"><ele>876.25</ele></trkpt>
   <trkpt lat="45.721593" lon="3.026247"><ele>876.75</ele></trkpt>
   <trkpt lat="45.721719" lon="3.025739"><ele>877.75</ele></trkpt>
   <trkpt lat="45.721758" lon="3.0255"><ele>878.5</ele></trkpt>
   <trkpt lat="45.721761" lon="3.025337"><ele>878.25</ele></trkpt>
   <trkpt lat="45.721753" lon="3.025184"><ele>878</ele></trkpt>
   <trkpt lat="45.721721" lon="3.024992"><ele>877.5</ele></trkpt>
   <trkpt lat="45.721641" lon="3.024645"><ele>876.75</ele></trkpt>
   <trkpt lat="45.721447" lon="3.023751"><ele>876.5</ele></trkpt>
   <trkpt lat="45.721322" lon="3.023221"><ele>878</ele></trkpt>
   <trkpt lat="45.721267" lon="3.022953"><ele>878.75</ele></trkpt>
   <trkpt lat="45.721278" lon="3.022711"><ele>878.75</ele></trkpt>
   <trkpt lat="45.721308" lon="3.022614"><ele>878.5</ele></trkpt>
   <trkpt lat="45.721431" lon="3.022297"><ele>877.75</ele></trkpt>
   <trkpt lat="45.721464" lon="3.022129"><ele>877</ele></trkpt>
   <trkpt lat="45.721473" lon="3.021935"><ele>876</ele></trkpt>
   <trkpt lat="45.721473" lon="3.021458"><ele>875.5</ele></trkpt>
   <trkpt lat="45.721488" lon="3.021281"><ele>874.75</ele></trkpt>
   <trkpt lat="45.721522" lon="3.02112"><ele>874.25</ele></trkpt>
   <trkpt lat="45.721658" lon="3.020726"><ele>874</ele></trkpt>
   <trkpt lat="45.721697" lon="3.020579"><ele>873.25</ele></trkpt>
   <trkpt lat="45.721713" lon="3.020447"><ele>873</ele></trkpt>
   <trkpt lat="45.721699" lon="3.020292"><ele>872.5</ele></trkpt>
   <trkpt lat="45.721586" lon="3.019686"><ele>870.5</ele></trkpt>
   <trkpt lat="45.72158" lon="3.019521"><ele>870.25</ele></trkpt>
   <trkpt lat="45.721614" lon="3.019208"><ele>871</ele></trkpt>
   <trkpt lat="45.721676" lon="3.018783"><ele>870.5</ele></trkpt>
   <trkpt lat="45.721735" lon="3.018389"><ele>869.25</ele></trkpt>
   <trkpt lat="45.721741" lon="3.018334"><ele>869.25</ele></trkpt>
   <trkpt lat="45.721317" lon="3.018257"><ele>867.25</ele></trkpt>
   <trkpt lat="45.721043" lon="3.018248"><ele>868.5</ele></trkpt>
   <trkpt lat="45.72099" lon="3.018274"><ele>870</ele></trkpt>
   <trkpt lat="45.720937" lon="3.018323"><ele>871.25</ele></trkpt>
   <trkpt lat="45.720896" lon="3.0184"><ele>871.75</ele></trkpt>
   <trkpt lat="45.720692" lon="3.019355"><ele>874</ele></trkpt>
   <trkpt lat="45.720659" lon="3.019453"><ele>874.5</ele></trkpt>
   <trkpt lat="45.720612" lon="3.019512"><ele>876</ele></trkpt>
   <trkpt lat="45.720548" lon="3.019596"><ele>878</ele></trkpt>
   <trkpt lat="45.720447" lon="3.019674"><ele>878</ele></trkpt>
   <trkpt lat="45.72019" lon="3.019733"><ele>877.25</ele></trkpt>
   <trkpt lat="45.720152" lon="3.019742"><ele>877</ele></trkpt>
   <trkpt lat="45.719924" lon="3.019711"><ele>875.75</ele></trkpt>
   <trkpt lat="45.71985" lon="3.019692"><ele>875.5</ele></trkpt>
   <trkpt lat="45.719692" lon="3.019629"><ele>875.25</ele></trkpt>
   <trkpt lat="45.719247" lon="3.019342"><ele>875</ele></trkpt>
   <trkpt lat="45.718918" lon="3.019124"><ele>875.25</ele></trkpt>
   <trkpt lat="45.718854" lon="3.019058"><ele>875.5</ele></trkpt>
   <trkpt lat="45.718797" lon="3.018986"><ele>876</ele></trkpt>
   <trkpt lat="45.718835" lon="3.018903"><ele>876.75</ele></trkpt>
   <trkpt lat="45.71892" lon="3.018766"><ele>877.75</ele></trkpt>
   <trkpt lat="45.719221" lon="3.018312"><ele>881.25</ele></trkpt>
   <trkpt lat="45.719329" lon="3.018139"><ele>882.75</ele></trkpt>
   <trkpt lat="45.719421" lon="3.017968"><ele>884.5</ele></trkpt>
   <trkpt lat="45.719474" lon="3.018002"><ele>884.5</ele></trkpt>
   <trkpt lat="45.719849" lon="3.018271"><ele>884.5</ele></trkpt>
   <trkpt lat="45.719867" lon="3.018327"><ele>884</ele></trkpt>
   <trkpt lat="45.719869" lon="3.018397"><ele>883.25</ele></trkpt>
   <trkpt lat="45.71985" lon="3.018552"><ele>881.75</ele></trkpt>
   <trkpt lat="45.719866" lon="3.018618"><ele>881.25</ele></trkpt>
   <trkpt lat="45.719898" lon="3.018654"><ele>881.25</ele></trkpt>
   <trkpt lat="45.719979" lon="3.018688"><ele>881.25</ele></trkpt>
   <trkpt lat="45.720068" lon="3.018739"><ele>881</ele></trkpt>
   <trkpt lat="45.720209" lon="3.018836"><ele>880.25</ele></trkpt>
   <trkpt lat="45.720156" lon="3.01888"><ele>880</ele></trkpt>
   <trkpt lat="45.720102" lon="3.018997"><ele>879.5</ele></trkpt>
   <trkpt lat="45.720184" lon="3.019049"><ele>879.25</ele></trkpt>
   <trkpt lat="45.720102" lon="3.018997"><ele>879.5</ele></trkpt>
   <trkpt lat="45.720156" lon="3.01888"><ele>880</ele></trkpt>
   <trkpt lat="45.720209" lon="3.018836"><ele>880.25</ele></trkpt>
   <trkpt lat="45.720068" lon="3.018739"><ele>881</ele></trkpt>
   <trkpt lat="45.719979" lon="3.018688"><ele>881.25</ele></trkpt>
   <trkpt lat="45.719898" lon="3.018654"><ele>881.25</ele></trkpt>
   <trkpt lat="45.719866" lon="3.018618"><ele>881.25</ele></trkpt>
   <trkpt lat="45.71985" lon="3.018552"><ele>881.75</ele></trkpt>
   <trkpt lat="45.719869" lon="3.018397"><ele>883.25</ele></trkpt>
   <trkpt lat="45.719867" lon="3.018327"><ele>884</ele></trkpt>
   <trkpt lat="45.719849" lon="3.018271"><ele>884.5</ele></trkpt>
   <trkpt lat="45.719474" lon="3.018002"><ele>884.5</ele></trkpt>
   <trkpt lat="45.719421" lon="3.017968"><ele>884.5</ele></trkpt>
   <trkpt lat="45.719449" lon="3.017818"><ele>885.75</ele></trkpt>
   <trkpt lat="45.719454" lon="3.017718"><ele>886.25</ele></trkpt>
   <trkpt lat="45.71945" lon="3.017569"><ele>886.75</ele></trkpt>
   <trkpt lat="45.719451" lon="3.017509"><ele>886.75</ele></trkpt>
   <trkpt lat="45.719454" lon="3.017394"><ele>886.5</ele></trkpt>
   <trkpt lat="45.719427" lon="3.017311"><ele>886.25</ele></trkpt>
   <trkpt lat="45.719375" lon="3.017123"><ele>886</ele></trkpt>
   <trkpt lat="45.719316" lon="3.016845"><ele>885.75</ele></trkpt>
   <trkpt lat="45.719278" lon="3.016571"><ele>886</ele></trkpt>
   <trkpt lat="45.719263" lon="3.016382"><ele>886.25</ele></trkpt>
   <trkpt lat="45.719255" lon="3.016112"><ele>885.5</ele></trkpt>
   <trkpt lat="45.719262" lon="3.015913"><ele>885.5</ele></trkpt>
   <trkpt lat="45.719314" lon="3.015411"><ele>885.25</ele></trkpt>
   <trkpt lat="45.719314" lon="3.01499"><ele>886</ele></trkpt>
   <trkpt lat="45.71928" lon="3.014585"><ele>887.25</ele></trkpt>
   <trkpt lat="45.71926" lon="3.014343"><ele>888.25</ele></trkpt>
   <trkpt lat="45.719198" lon="3.013516"><ele>891</ele></trkpt>
   <trkpt lat="45.719205" lon="3.013286"><ele>891.75</ele></trkpt>
   <trkpt lat="45.719327" lon="3.012496"><ele>893.25</ele></trkpt>
   <trkpt lat="45.719337" lon="3.012194"><ele>894.25</ele></trkpt>
   <trkpt lat="45.719312" lon="3.011913"><ele>895.5</ele></trkpt>
   <trkpt lat="45.71885" lon="3.010302"><ele>899</ele></trkpt>
   <trkpt lat="45.718548" lon="3.009573"><ele>900</ele></trkpt>
   <trkpt lat="45.718358" lon="3.009014"><ele>899.75</ele></trkpt>
   <trkpt lat="45.71825" lon="3.008509"><ele>900.25</ele></trkpt>
   <trkpt lat="45.718142" lon="3.007481"><ele>900.5</ele></trkpt>
   <trkpt lat="45.718138" lon="3.006908"><ele>900.5</ele></trkpt>
   <trkpt lat="45.718171" lon="3.006324"><ele>901</ele></trkpt>
   <trkpt lat="45.718213" lon="3.006018"><ele>901.5</ele></trkpt>
   <trkpt lat="45.718309" lon="3.005665"><ele>901</ele></trkpt>
   <trkpt lat="45.718435" lon="3.005416"><ele>900.75</ele></trkpt>
   <trkpt lat="45.718607" lon="3.00507"><ele>900</ele></trkpt>
   <trkpt lat="45.718675" lon="3.004902"><ele>900</ele></trkpt>
   <trkpt lat="45.718711" lon="3.00479"><ele>900</ele></trkpt>
   <trkpt lat="45.718742" lon="3.004702"><ele>899.75</ele></trkpt>
   <trkpt lat="45.71871" lon="3.004623"><ele>899.75</ele></trkpt>
   <trkpt lat="45.71845" lon="3.004121"><ele>898.5</ele></trkpt>
   <trkpt lat="45.718417" lon="3.00406"><ele>898</ele></trkpt>
   <trkpt lat="45.718355" lon="3.004019"><ele>897.5</ele></trkpt>
   <trkpt lat="45.718321" lon="3.003996"><ele>897.25</ele></trkpt>
   <trkpt lat="45.718013" lon="3.003616"><ele>895</ele></trkpt>
   <trkpt lat="45.717889" lon="3.003443"><ele>894.75</ele></trkpt>
   <trkpt lat="45.71785" lon="3.003361"><ele>893.75</ele></trkpt>
   <trkpt lat="45.71758" lon="3.002779"><ele>891</ele></trkpt>
   <trkpt lat="45.717451" lon="3.002415"><ele>888.75</ele></trkpt>
   <trkpt lat="45.717434" lon="3.002343"><ele>888.5</ele></trkpt>
   <trkpt lat="45.717401" lon="3.002205"><ele>888</ele></trkpt>
   <trkpt lat="45.717322" lon="3.001626"><ele>884.75</ele></trkpt>
   <trkpt lat="45.71732" lon="3.00122"><ele>883.75</ele></trkpt>
   <trkpt lat="45.717282" lon="3.000746"><ele>880.5</ele></trkpt>
   <trkpt lat="45.717223" lon="3.000353"><ele>878.25</ele></trkpt>
   <trkpt lat="45.71714" lon="3.000025"><ele>876.75</ele></trkpt>
   <trkpt lat="45.716984" lon="2.99922"><ele>875.25</ele></trkpt>
   <trkpt lat="45.716957" lon="2.998698"><ele>873.25</ele></trkpt>
   <trkpt lat="45.716941" lon="2.998575"><ele>872.75</ele></trkpt>
   <trkpt lat="45.716844" lon="2.997984"><ele>871.5</ele></trkpt>
   <trkpt lat="45.716412" lon="2.996149"><ele>860</ele></trkpt>
   <trkpt lat="45.716334" lon="2.995671"><ele>859.5</ele></trkpt>
   <trkpt lat="45.716298" lon="2.99532"><ele>858.75</ele></trkpt>
   <trkpt lat="45.716216" lon="2.994879"><ele>858.75</ele></trkpt>
   <trkpt lat="45.716146" lon="2.994649"><ele>859.75</ele></trkpt>
   <trkpt lat="45.71601" lon="2.994359"><ele>860.25</ele></trkpt>
   <trkpt lat="45.715977" lon="2.994287"><ele>860.5</ele></trkpt>
   <trkpt lat="45.715493" lon="2.994737"><ele>858.5</ele></trkpt>
   <trkpt lat="45.715179" lon="2.99497"><ele>857</ele></trkpt>
   <trkpt lat="45.714908" lon="2.995196"><ele>857</ele></trkpt>
   <trkpt lat="45.714506" lon="2.995607"><ele>856</ele></trkpt>
   <trkpt lat="45.713508" lon="2.99669"><ele>854</ele></trkpt>
   <trkpt lat="45.712627" lon="2.997946"><ele>853</ele></trkpt>
   <trkpt lat="45.711709" lon="2.999135"><ele>852</ele></trkpt>
   <trkpt lat="45.711266" lon="2.999753"><ele>851</ele></trkpt>
   <trkpt lat="45.711017" lon="2.999949"><ele>850.5</ele></trkpt>
   <trkpt lat="45.7108" lon="3.000091"><ele>849.5</ele></trkpt>
   <trkpt lat="45.710482" lon="3.000159"><ele>847.25</ele></trkpt>
   <trkpt lat="45.710238" lon="3.00019"><ele>846.25</ele></trkpt>
   <trkpt lat="45.709783" lon="3.000281"><ele>845</ele></trkpt>
   <trkpt lat="45.709494" lon="3.000433"><ele>844</ele></trkpt>
   <trkpt lat="45.708991" lon="3.000831"><ele>842.5</ele></trkpt>
   <trkpt lat="45.708726" lon="3.001066"><ele>842.5</ele></trkpt>
   <trkpt lat="45.707989" lon="3.001894"><ele>842</ele></trkpt>
   <trkpt lat="45.707896" lon="3.002015"><ele>841.75</ele></trkpt>
   <trkpt lat="45.707762" lon="3.002191"><ele>842</ele></trkpt>
   <trkpt lat="45.707262" lon="3.002843"><ele>841.75</ele></trkpt>
   <trkpt lat="45.707153" lon="3.002962"><ele>842</ele></trkpt>
   <trkpt lat="45.706719" lon="3.003434"><ele>837.5</ele></trkpt>
   <trkpt lat="45.706644" lon="3.003524"><ele>837</ele></trkpt>
   <trkpt lat="45.706547" lon="3.003621"><ele>836.5</ele></trkpt>
   <trkpt lat="45.706037" lon="3.004177"><ele>835.25</ele></trkpt>
   <trkpt lat="45.705622" lon="3.004444"><ele>836</ele></trkpt>
   <trkpt lat="45.705095" lon="3.004766"><ele>835.75</ele></trkpt>
   <trkpt lat="45.704569" lon="3.005087"><ele>835.5</ele></trkpt>
   <trkpt lat="45.704198" lon="3.005339"><ele>835</ele></trkpt>
   <trkpt lat="45.704076" lon="3.004972"><ele>836</ele></trkpt>
   <trkpt lat="45.703734" lon="3.003943"><ele>837.75</ele></trkpt>
   <trkpt lat="45.703455" lon="3.003431"><ele>839.25</ele></trkpt>
   <trkpt lat="45.703382" lon="3.00326"><ele>839.75</ele></trkpt>
   <trkpt lat="45.703362" lon="3.003199"><ele>840</ele></trkpt>
   <trkpt lat="45.703239" lon="3.002937"><ele>841.5</ele></trkpt>
   <trkpt lat="45.703173" lon="3.002806"><ele>842.25</ele></trkpt>
   <trkpt lat="45.703164" lon="3.002788"><ele>842.25</ele></trkpt>
   <trkpt lat="45.703072" lon="3.002874"><ele>841.5</ele></trkpt>
   <trkpt lat="45.703072" lon="3.002874"><ele>841.5</ele></trkpt>
   <trkpt lat="45.703164" lon="3.002788"><ele>842.25</ele></trkpt>
   <trkpt lat="45.70297" lon="3.002738"><ele>842</ele></trkpt>
   <trkpt lat="45.702773" lon="3.00277"><ele>842</ele></trkpt>
   <trkpt lat="45.702647" lon="3.002797"><ele>842.25</ele></trkpt>
   <trkpt lat="45.702547" lon="3.002854"><ele>842.5</ele></trkpt>
   <trkpt lat="45.702486" lon="3.00303"><ele>842</ele></trkpt>
   <trkpt lat="45.702121" lon="3.003581"><ele>841</ele></trkpt>
   <trkpt lat="45.702077" lon="3.003669"><ele>840.75</ele></trkpt>
   <trkpt lat="45.702043" lon="3.003762"><ele>840.5</ele></trkpt>
   <trkpt lat="45.702025" lon="3.003884"><ele>840.25</ele></trkpt>
   <trkpt lat="45.70203" lon="3.00402"><ele>840.25</ele></trkpt>
   <trkpt lat="45.702091" lon="3.004432"><ele>840.25</ele></trkpt>
   <trkpt lat="45.702205" lon="3.004774"><ele>841.5</ele></trkpt>
   <trkpt lat="45.702235" lon="3.004952"><ele>842.25</ele></trkpt>
   <trkpt lat="45.70223" lon="3.005136"><ele>843.25</ele></trkpt>
   <trkpt lat="45.7022" lon="3.005303"><ele>844</ele></trkpt>
   <trkpt lat="45.702138" lon="3.005449"><ele>844</ele></trkpt>
   <trkpt lat="45.702027" lon="3.005624"><ele>843.75</ele></trkpt>
   <trkpt lat="45.701996" lon="3.005661"><ele>843.75</ele></trkpt>
   <trkpt lat="45.701912" lon="3.005627"><ele>844.5</ele></trkpt>
   <trkpt lat="45.701425" lon="3.005433"><ele>848.75</ele></trkpt>
   <trkpt lat="45.701109" lon="3.005324"><ele>852</ele></trkpt>
   <trkpt lat="45.700952" lon="3.005277"><ele>852.5</ele></trkpt>
   <trkpt lat="45.700876" lon="3.005285"><ele>852.75</ele></trkpt>
   <trkpt lat="45.700806" lon="3.005301"><ele>852.75</ele></trkpt>
   <trkpt lat="45.70074" lon="3.004943"><ele>853.25</ele></trkpt>
   <trkpt lat="45.700633" lon="3.004474"><ele>854.25</ele></trkpt>
   <trkpt lat="45.700481" lon="3.00402"><ele>857.5</ele></trkpt>
   <trkpt lat="45.700292" lon="3.003584"><ele>859.5</ele></trkpt>
   <trkpt lat="45.700097" lon="3.003204"><ele>860.75</ele></trkpt>
   <trkpt lat="45.699803" lon="3.002725"><ele>862.5</ele></trkpt>
   <trkpt lat="45.699659" lon="3.00252"><ele>865</ele></trkpt>
   <trkpt lat="45.699464" lon="3.002291"><ele>867</ele></trkpt>
   <trkpt lat="45.698636" lon="3.00147"><ele>874.75</ele></trkpt>
   <trkpt lat="45.697291" lon="3.000227"><ele>885.25</ele></trkpt>
   <trkpt lat="45.697048" lon="2.999959"><ele>887</ele></trkpt>
   <trkpt lat="45.696288" lon="2.999203"><ele>894</ele></trkpt>
   <trkpt lat="45.695779" lon="2.99862"><ele>898.25</ele></trkpt>
   <trkpt lat="45.695505" lon="2.998279"><ele>900.5</ele></trkpt>
   <trkpt lat="45.695135" lon="2.997683"><ele>902.5</ele></trkpt>
   <trkpt lat="45.695098" lon="2.997592"><ele>903.25</ele></trkpt>
   <trkpt lat="45.695085" lon="2.997465"><ele>903.5</ele></trkpt>
   <trkpt lat="45.695108" lon="2.997314"><ele>903.5</ele></trkpt>
   <trkpt lat="45.69518" lon="2.996956"><ele>904.25</ele></trkpt>
   <trkpt lat="45.695201" lon="2.996805"><ele>903.75</ele></trkpt>
   <trkpt lat="45.695192" lon="2.996615"><ele>903.5</ele></trkpt>
   <trkpt lat="45.695132" lon="2.996425"><ele>903</ele></trkpt>
   <trkpt lat="45.69502" lon="2.996249"><ele>903.75</ele></trkpt>
   <trkpt lat="45.694939" lon="2.99617"><ele>904</ele></trkpt>
   <trkpt lat="45.694822" lon="2.996133"><ele>904</ele></trkpt>
   <trkpt lat="45.694741" lon="2.996122"><ele>904</ele></trkpt>
   <trkpt lat="45.694644" lon="2.996132"><ele>904.5</ele></trkpt>
   <trkpt lat="45.694556" lon="2.996177"><ele>905</ele></trkpt>
   <trkpt lat="45.694464" lon="2.996258"><ele>904.75</ele></trkpt>
   <trkpt lat="45.694311" lon="2.996469"><ele>908</ele></trkpt>
   <trkpt lat="45.694134" lon="2.996742"><ele>907</ele></trkpt>
   <trkpt lat="45.69399" lon="2.996928"><ele>908</ele></trkpt>
   <trkpt lat="45.693962" lon="2.996906"><ele>908.25</ele></trkpt>
   <trkpt lat="45.693929" lon="2.9969"><ele>908.5</ele></trkpt>
   <trkpt lat="45.693897" lon="2.996909"><ele>908.5</ele></trkpt>
   <trkpt lat="45.693869" lon="2.996934"><ele>908</ele></trkpt>
   <trkpt lat="45.693848" lon="2.996971"><ele>908</ele></trkpt>
   <trkpt lat="45.693838" lon="2.997016"><ele>908.25</ele></trkpt>
   <trkpt lat="45.693839" lon="2.997063"><ele>908.5</ele></trkpt>
   <trkpt lat="45.693742" lon="2.997071"><ele>908.5</ele></trkpt>
   <trkpt lat="45.693567" lon="2.997115"><ele>909</ele></trkpt>
   <trkpt lat="45.693454" lon="2.997131"><ele>909</ele></trkpt>
   <trkpt lat="45.693139" lon="2.99719"><ele>906.75</ele></trkpt>
   <trkpt lat="45.692868" lon="2.997302"><ele>906</ele></trkpt>
   <trkpt lat="45.692617" lon="2.997472"><ele>903.25</ele></trkpt>
   <trkpt lat="45.692426" lon="2.997657"><ele>902.25</ele></trkpt>
   <trkpt lat="45.692212" lon="2.997885"><ele>899.25</ele></trkpt>
   <trkpt lat="45.692102" lon="2.998024"><ele>897.5</ele></trkpt>
   <trkpt lat="45.692057" lon="2.99808"><ele>897.25</ele></trkpt>
   <trkpt lat="45.691915" lon="2.998284"><ele>896</ele></trkpt>
   <trkpt lat="45.69187" lon="2.998348"><ele>895.5</ele></trkpt>
   <trkpt lat="45.6914" lon="2.999108"><ele>893.75</ele></trkpt>
   <trkpt lat="45.69073" lon="3.000196"><ele>891</ele></trkpt>
   <trkpt lat="45.690498" lon="3.000507"><ele>890.5</ele></trkpt>
   <trkpt lat="45.690288" lon="3.000692"><ele>889.5</ele></trkpt>
   <trkpt lat="45.690097" lon="3.000804"><ele>889.25</ele></trkpt>
   <trkpt lat="45.690044" lon="3.000826"><ele>889</ele></trkpt>
   <trkpt lat="45.689423" lon="3.001087"><ele>890.25</ele></trkpt>
   <trkpt lat="45.688252" lon="3.001545"><ele>891.25</ele></trkpt>
   <trkpt lat="45.68758" lon="3.001812"><ele>890.75</ele></trkpt>
   <trkpt lat="45.687358" lon="3.001961"><ele>889.5</ele></trkpt>
   <trkpt lat="45.687096" lon="3.002136"><ele>888.75</ele></trkpt>
   <trkpt lat="45.686962" lon="3.002216"><ele>889</ele></trkpt>
   <trkpt lat="45.686804" lon="3.002249"><ele>888.75</ele></trkpt>
   <trkpt lat="45.686663" lon="3.002216"><ele>887.75</ele></trkpt>
   <trkpt lat="45.686548" lon="3.002124"><ele>887.25</ele></trkpt>
   <trkpt lat="45.686352" lon="3.001887"><ele>886</ele></trkpt>
   <trkpt lat="45.685726" lon="3.001108"><ele>886.5</ele></trkpt>
   <trkpt lat="45.685411" lon="3.000691"><ele>883.75</ele></trkpt>
   <trkpt lat="45.68521" lon="3.000426"><ele>882.75</ele></trkpt>
   <trkpt lat="45.685089" lon="3.000305"><ele>882.25</ele></trkpt>
   <trkpt lat="45.685046" lon="3.000261"><ele>882.25</ele></trkpt>
   <trkpt lat="45.684864" lon="3.000113"><ele>881.75</ele></trkpt>
   <trkpt lat="45.684401" lon="2.999824"><ele>881.25</ele></trkpt>
   <trkpt lat="45.684137" lon="2.999687"><ele>880.25</ele></trkpt>
   <trkpt lat="45.683885" lon="2.999594"><ele>880.25</ele></trkpt>
   <trkpt lat="45.6827" lon="2.999286"><ele>876.25</ele></trkpt>
   <trkpt lat="45.682529" lon="2.999208"><ele>876</ele></trkpt>
   <trkpt lat="45.682404" lon="2.999121"><ele>875.75</ele></trkpt>
   <trkpt lat="45.682285" lon="2.998975"><ele>875.5</ele></trkpt>
   <trkpt lat="45.682168" lon="2.998799"><ele>875.75</ele></trkpt>
   <trkpt lat="45.682085" lon="2.99864"><ele>875.5</ele></trkpt>
   <trkpt lat="45.68193" lon="2.998707"><ele>876.25</ele></trkpt>
   <trkpt lat="45.681715" lon="2.998772"><ele>877.25</ele></trkpt>
   <trkpt lat="45.681556" lon="2.998834"><ele>877.25</ele></trkpt>
   <trkpt lat="45.681218" lon="2.998758"><ele>876.5</ele></trkpt>
   <trkpt lat="45.680883" lon="2.998715"><ele>875.5</ele></trkpt>
   <trkpt lat="45.680634" lon="2.998722"><ele>875.5</ele></trkpt>
   <trkpt lat="45.680334" lon="2.998747"><ele>875.75</ele></trkpt>
   <trkpt lat="45.679842" lon="2.998823"><ele>878.5</ele></trkpt>
   <trkpt lat="45.679696" lon="2.998756"><ele>879.75</ele></trkpt>
   <trkpt lat="45.679556" lon="2.998677"><ele>880.75</ele></trkpt>
   <trkpt lat="45.679417" lon="2.998568"><ele>881</ele></trkpt>
   <trkpt lat="45.67913" lon="2.998253"><ele>882.5</ele></trkpt>
   <trkpt lat="45.678881" lon="2.997962"><ele>882.25</ele></trkpt>
   <trkpt lat="45.678638" lon="2.997771"><ele>881.75</ele></trkpt>
   <trkpt lat="45.678507" lon="2.997721"><ele>881.75</ele></trkpt>
   <trkpt lat="45.67837" lon="2.997723"><ele>882.25</ele></trkpt>
   <trkpt lat="45.678223" lon="2.997792"><ele>882.75</ele></trkpt>
   <trkpt lat="45.677887" lon="2.998029"><ele>884</ele></trkpt>
   <trkpt lat="45.677641" lon="2.998042"><ele>883.25</ele></trkpt>
   <trkpt lat="45.677278" lon="2.998032"><ele>881.75</ele></trkpt>
   <trkpt lat="45.676971" lon="2.998068"><ele>879.25</ele></trkpt>
   <trkpt lat="45.676717" lon="2.998233"><ele>878</ele></trkpt>
   <trkpt lat="45.676486" lon="2.998586"><ele>876.5</ele></trkpt>
   <trkpt lat="45.676281" lon="2.99884"><ele>874.75</ele></trkpt>
   <trkpt lat="45.676077" lon="2.999157"><ele>871.5</ele></trkpt>
   <trkpt lat="45.675816" lon="2.999457"><ele>870.75</ele></trkpt>
   <trkpt lat="45.675427" lon="2.999649"><ele>867.75</ele></trkpt>
   <trkpt lat="45.675341" lon="2.999704"><ele>866.75</ele></trkpt>
   <trkpt lat="45.675061" lon="2.999887"><ele>864.5</ele></trkpt>
   <trkpt lat="45.675031" lon="2.999906"><ele>864</ele></trkpt>
   <trkpt lat="45.674645" lon="3.000253"><ele>860</ele></trkpt>
   <trkpt lat="45.674455" lon="3.000464"><ele>858</ele></trkpt>
   <trkpt lat="45.674365" lon="3.000525"><ele>857.5</ele></trkpt>
   <trkpt lat="45.674206" lon="3.000599"><ele>856.25</ele></trkpt>
   <trkpt lat="45.674074" lon="3.00066"><ele>855.25</ele></trkpt>
   <trkpt lat="45.67392" lon="3.000736"><ele>854</ele></trkpt>
   <trkpt lat="45.673774" lon="3.00081"><ele>852.5</ele></trkpt>
   <trkpt lat="45.67347" lon="3.001071"><ele>850</ele></trkpt>
   <trkpt lat="45.673395" lon="3.001242"><ele>848.75</ele></trkpt>
   <trkpt lat="45.673292" lon="3.00148"><ele>846.5</ele></trkpt>
   <trkpt lat="45.673279" lon="3.002038"><ele>843.5</ele></trkpt>
   <trkpt lat="45.673255" lon="3.002318"><ele>839.75</ele></trkpt>
   <trkpt lat="45.673258" lon="3.002612"><ele>837</ele></trkpt>
   <trkpt lat="45.673387" lon="3.002963"><ele>834.5</ele></trkpt>
   <trkpt lat="45.673437" lon="3.003075"><ele>833.25</ele></trkpt>
   <trkpt lat="45.673493" lon="3.003262"><ele>831.5</ele></trkpt>
   <trkpt lat="45.673511" lon="3.003365"><ele>830.5</ele></trkpt>
   <trkpt lat="45.673532" lon="3.00386"><ele>826.25</ele></trkpt>
   <trkpt lat="45.673522" lon="3.003958"><ele>825.25</ele></trkpt>
   <trkpt lat="45.67345" lon="3.004073"><ele>823.25</ele></trkpt>
   <trkpt lat="45.673312" lon="3.004377"><ele>821.75</ele></trkpt>
   <trkpt lat="45.673193" lon="3.00474"><ele>821.5</ele></trkpt>
   <trkpt lat="45.673183" lon="3.00477"><ele>821.5</ele></trkpt>
   <trkpt lat="45.673127" lon="3.004843"><ele>822</ele></trkpt>
   <trkpt lat="45.672889" lon="3.004923"><ele>820.75</ele></trkpt>
   <trkpt lat="45.672795" lon="3.004988"><ele>820</ele></trkpt>
   <trkpt lat="45.672767" lon="3.005027"><ele>819.75</ele></trkpt>
   <trkpt lat="45.672701" lon="3.005016"><ele>819</ele></trkpt>
   <trkpt lat="45.672481" lon="3.004721"><ele>817.75</ele></trkpt>
   <trkpt lat="45.672458" lon="3.004583"><ele>818.25</ele></trkpt>
   <trkpt lat="45.672131" lon="3.004602"><ele>817.25</ele></trkpt>
   <trkpt lat="45.672013" lon="3.00465"><ele>817.75</ele></trkpt>
   <trkpt lat="45.671983" lon="3.00464"><ele>817.75</ele></trkpt>
   <trkpt lat="45.671983" lon="3.00464"><ele>817.75</ele></trkpt>
   <trkpt lat="45.672013" lon="3.00465"><ele>817.75</ele></trkpt>
   <trkpt lat="45.672131" lon="3.004602"><ele>817.25</ele></trkpt>
   <trkpt lat="45.672458" lon="3.004583"><ele>818.25</ele></trkpt>
   <trkpt lat="45.672481" lon="3.004721"><ele>817.75</ele></trkpt>
   <trkpt lat="45.672336" lon="3.004838"><ele>817</ele></trkpt>
   <trkpt lat="45.672197" lon="3.0051"><ele>816.5</ele></trkpt>
   <trkpt lat="45.671946" lon="3.005321"><ele>816.75</ele></trkpt>
   <trkpt lat="45.671718" lon="3.005545"><ele>817</ele></trkpt>
   <trkpt lat="45.671691" lon="3.005605"><ele>817</ele></trkpt>
   <trkpt lat="45.671533" lon="3.005597"><ele>817</ele></trkpt>
   <trkpt lat="45.671215" lon="3.00556"><ele>817</ele></trkpt>
   <trkpt lat="45.671032" lon="3.005499"><ele>817</ele></trkpt>
   <trkpt lat="45.670793" lon="3.005349"><ele>817.75</ele></trkpt>
   <trkpt lat="45.670321" lon="3.005054"><ele>817</ele></trkpt>
   <trkpt lat="45.670182" lon="3.004945"><ele>816.75</ele></trkpt>
   <trkpt lat="45.670101" lon="3.004877"><ele>816.5</ele></trkpt>
   <trkpt lat="45.670109" lon="3.004817"><ele>816.5</ele></trkpt>
   <trkpt lat="45.670093" lon="3.00476"><ele>816.5</ele></trkpt>
   <trkpt lat="45.670077" lon="3.004739"><ele>816.5</ele></trkpt>
   <trkpt lat="45.670057" lon="3.004725"><ele>816.25</ele></trkpt>
   <trkpt lat="45.670014" lon="3.004725"><ele>816</ele></trkpt>
   <trkpt lat="45.669977" lon="3.004759"><ele>815.75</ele></trkpt>
   <trkpt lat="45.669966" lon="3.004786"><ele>815.75</ele></trkpt>
   <trkpt lat="45.66988" lon="3.004751"><ele>815.75</ele></trkpt>
   <trkpt lat="45.669718" lon="3.004675"><ele>816</ele></trkpt>
   <trkpt lat="45.669354" lon="3.004468"><ele>817.25</ele></trkpt>
   <trkpt lat="45.669179" lon="3.004336"><ele>817.5</ele></trkpt>
   <trkpt lat="45.669109" lon="3.004234"><ele>817.75</ele></trkpt>
   <trkpt lat="45.669071" lon="3.004087"><ele>817.75</ele></trkpt>
   <trkpt lat="45.669065" lon="3.003857"><ele>817.75</ele></trkpt>
   <trkpt lat="45.669122" lon="3.0027"><ele>822.5</ele></trkpt>
   <trkpt lat="45.669107" lon="3.002539"><ele>822.25</ele></trkpt>
   <trkpt lat="45.669082" lon="3.002442"><ele>822</ele></trkpt>
   <trkpt lat="45.669068" lon="3.002384"><ele>822</ele></trkpt>
   <trkpt lat="45.669003" lon="3.002257"><ele>821.5</ele></trkpt>
   <trkpt lat="45.668899" lon="3.002123"><ele>821</ele></trkpt>
   <trkpt lat="45.668732" lon="3.002012"><ele>821.5</ele></trkpt>
   <trkpt lat="45.668584" lon="3.001892"><ele>822</ele></trkpt>
   <trkpt lat="45.668461" lon="3.001748"><ele>822.25</ele></trkpt>
   <trkpt lat="45.66829" lon="3.001437"><ele>822.75</ele></trkpt>
   <trkpt lat="45.668131" lon="3.001048"><ele>823</ele></trkpt>
   <trkpt lat="45.667974" lon="3.00052"><ele>825</ele></trkpt>
   <trkpt lat="45.668037" lon="3.000279"><ele>828</ele></trkpt>
   <trkpt lat="45.668033" lon="3.000162"><ele>829.25</ele></trkpt>
   <trkpt lat="45.667982" lon="2.99991"><ele>832.25</ele></trkpt>
   <trkpt lat="45.667943" lon="2.999651"><ele>833.25</ele></trkpt>
   <trkpt lat="45.667932" lon="2.999541"><ele>832.5</ele></trkpt>
   <trkpt lat="45.668088" lon="2.999512"><ele>832.25</ele></trkpt>
   <trkpt lat="45.668468" lon="2.999394"><ele>831</ele></trkpt>
   <trkpt lat="45.668983" lon="2.999218"><ele>833.75</ele></trkpt>
   <trkpt lat="45.669105" lon="2.999121"><ele>834</ele></trkpt>
   <trkpt lat="45.669046" lon="2.998993"><ele>834.5</ele></trkpt>
   <trkpt lat="45.669022" lon="2.998903"><ele>834.75</ele></trkpt>
   <trkpt lat="45.669008" lon="2.998721"><ele>835.75</ele></trkpt>
   <trkpt lat="45.668979" lon="2.998339"><ele>834.5</ele></trkpt>
   <trkpt lat="45.668937" lon="2.997898"><ele>833.25</ele></trkpt>
   <trkpt lat="45.668907" lon="2.997716"><ele>834</ele></trkpt>
   <trkpt lat="45.668863" lon="2.997575"><ele>834.75</ele></trkpt>
   <trkpt lat="45.668787" lon="2.997417"><ele>835.5</ele></trkpt>
   <trkpt lat="45.66866" lon="2.997204"><ele>836.25</ele></trkpt>
   <trkpt lat="45.668408" lon="2.996834"><ele>840</ele></trkpt>
   <trkpt lat="45.66825" lon="2.99656"><ele>838.75</ele></trkpt>
   <trkpt lat="45.667978" lon="2.995888"><ele>841</ele></trkpt>
   <trkpt lat="45.667892" lon="2.995684"><ele>841.5</ele></trkpt>
   <trkpt lat="45.667772" lon="2.995513"><ele>842</ele></trkpt>
   <trkpt lat="45.667442" lon="2.995035"><ele>843.75</ele></trkpt>
   <trkpt lat="45.667018" lon="2.994354"><ele>844.75</ele></trkpt>
   <trkpt lat="45.666823" lon="2.994053"><ele>843.75</ele></trkpt>
   <trkpt lat="45.666763" lon="2.993576"><ele>845.25</ele></trkpt>
   <trkpt lat="45.666763" lon="2.993054"><ele>845.25</ele></trkpt>
   <trkpt lat="45.666798" lon="2.992917"><ele>845</ele></trkpt>
   <trkpt lat="45.667171" lon="2.992466"><ele>845.5</ele></trkpt>
   <trkpt lat="45.66735" lon="2.992192"><ele>847.25</ele></trkpt>
   <trkpt lat="45.667458" lon="2.991876"><ele>844.25</ele></trkpt>
   <trkpt lat="45.667539" lon="2.99157"><ele>842.5</ele></trkpt>
   <trkpt lat="45.667717" lon="2.991256"><ele>841.25</ele></trkpt>
   <trkpt lat="45.667944" lon="2.991026"><ele>842</ele></trkpt>
   <trkpt lat="45.66815" lon="2.990822"><ele>842.75</ele></trkpt>
   <trkpt lat="45.668499" lon="2.990304"><ele>843.5</ele></trkpt>
   <trkpt lat="45.668818" lon="2.989886"><ele>841.5</ele></trkpt>
   <trkpt lat="45.668927" lon="2.98964"><ele>841</ele></trkpt>
   <trkpt lat="45.669044" lon="2.989414"><ele>841.25</ele></trkpt>
   <trkpt lat="45.669185" lon="2.989295"><ele>841.25</ele></trkpt>
   <trkpt lat="45.669341" lon="2.989257"><ele>841.5</ele></trkpt>
   <trkpt lat="45.669476" lon="2.989319"><ele>841.75</ele></trkpt>
   <trkpt lat="45.669606" lon="2.989458"><ele>842</ele></trkpt>
   <trkpt lat="45.669655" lon="2.98947"><ele>842</ele></trkpt>
   <trkpt lat="45.669685" lon="2.989293"><ele>841.5</ele></trkpt>
   <trkpt lat="45.669779" lon="2.989116"><ele>840</ele></trkpt>
   <trkpt lat="45.669926" lon="2.988897"><ele>838.5</ele></trkpt>
   <trkpt lat="45.669991" lon="2.988781"><ele>838.5</ele></trkpt>
   <trkpt lat="45.670041" lon="2.988647"><ele>839.25</ele></trkpt>
   <trkpt lat="45.670071" lon="2.988484"><ele>840.25</ele></trkpt>
   <trkpt lat="45.670071" lon="2.988329"><ele>840.25</ele></trkpt>
   <trkpt lat="45.67006" lon="2.98807"><ele>841</ele></trkpt>
   <trkpt lat="45.670047" lon="2.987911"><ele>840.25</ele></trkpt>
   <trkpt lat="45.670024" lon="2.987842"><ele>839.5</ele></trkpt>
   <trkpt lat="45.669972" lon="2.987684"><ele>839.25</ele></trkpt>
   <trkpt lat="45.669877" lon="2.987488"><ele>839.75</ele></trkpt>
   <trkpt lat="45.669687" lon="2.987165"><ele>840.75</ele></trkpt>
   <trkpt lat="45.669219" lon="2.986341"><ele>842.75</ele></trkpt>
   <trkpt lat="45.668946" lon="2.985903"><ele>843.25</ele></trkpt>
   <trkpt lat="45.668755" lon="2.985644"><ele>843.75</ele></trkpt>
   <trkpt lat="45.667955" lon="2.984555"><ele>849.25</ele></trkpt>
   <trkpt lat="45.667851" lon="2.984388"><ele>850.25</ele></trkpt>
   <trkpt lat="45.667743" lon="2.984163"><ele>849.25</ele></trkpt>
   <trkpt lat="45.667499" lon="2.983346"><ele>852.75</ele></trkpt>
   <trkpt lat="45.66746" lon="2.983168"><ele>852</ele></trkpt>
   <trkpt lat="45.667442" lon="2.982973"><ele>852.5</ele></trkpt>
   <trkpt lat="45.667433" lon="2.982642"><ele>854.25</ele></trkpt>
   <trkpt lat="45.667416" lon="2.982368"><ele>854</ele></trkpt>
   <trkpt lat="45.667396" lon="2.982276"><ele>853.75</ele></trkpt>
   <trkpt lat="45.667356" lon="2.982167"><ele>853.5</ele></trkpt>
   <trkpt lat="45.667313" lon="2.982097"><ele>853.5</ele></trkpt>
   <trkpt lat="45.667238" lon="2.982038"><ele>853.25</ele></trkpt>
   <trkpt lat="45.667159" lon="2.982013"><ele>853.5</ele></trkpt>
   <trkpt lat="45.667061" lon="2.982017"><ele>853.75</ele></trkpt>
   <trkpt lat="45.666856" lon="2.982109"><ele>853.5</ele></trkpt>
   <trkpt lat="45.666731" lon="2.982304"><ele>851.5</ele></trkpt>
   <trkpt lat="45.666856" lon="2.982109"><ele>853.5</ele></trkpt>
   <trkpt lat="45.666624" lon="2.982169"><ele>853.25</ele></trkpt>
   <trkpt lat="45.666566" lon="2.982163"><ele>853.25</ele></trkpt>
   <trkpt lat="45.666291" lon="2.982111"><ele>852.75</ele></trkpt>
   <trkpt lat="45.666197" lon="2.982112"><ele>852.25</ele></trkpt>
   <trkpt lat="45.665979" lon="2.982228"><ele>850</ele></trkpt>
   <trkpt lat="45.665892" lon="2.982249"><ele>849.25</ele></trkpt>
   <trkpt lat="45.665858" lon="2.982257"><ele>849</ele></trkpt>
   <trkpt lat="45.665827" lon="2.982265"><ele>848.75</ele></trkpt>
   <trkpt lat="45.665722" lon="2.982218"><ele>847.75</ele></trkpt>
   <trkpt lat="45.665707" lon="2.982201"><ele>847.75</ele></trkpt>
   <trkpt lat="45.66555" lon="2.982022"><ele>846.5</ele></trkpt>
   <trkpt lat="45.665489" lon="2.981924"><ele>845</ele></trkpt>
   <trkpt lat="45.665205" lon="2.98141"><ele>842.25</ele></trkpt>
   <trkpt lat="45.665105" lon="2.981263"><ele>842.75</ele></trkpt>
   <trkpt lat="45.664947" lon="2.98107"><ele>842</ele></trkpt>
   <trkpt lat="45.664348" lon="2.980377"><ele>840.75</ele></trkpt>
   <trkpt lat="45.664298" lon="2.98032"><ele>840.75</ele></trkpt>
   <trkpt lat="45.664123" lon="2.980173"><ele>840</ele></trkpt>
   <trkpt lat="45.663976" lon="2.980092"><ele>839.75</ele></trkpt>
   <trkpt lat="45.663817" lon="2.980041"><ele>839.5</ele></trkpt>
   <trkpt lat="45.663552" lon="2.979956"><ele>840.25</ele></trkpt>
   <trkpt lat="45.663405" lon="2.979891"><ele>840.75</ele></trkpt>
   <trkpt lat="45.663281" lon="2.979812"><ele>840.5</ele></trkpt>
   <trkpt lat="45.663159" lon="2.979664"><ele>840.75</ele></trkpt>
   <trkpt lat="45.662863" lon="2.979183"><ele>840.5</ele></trkpt>
   <trkpt lat="45.662752" lon="2.978997"><ele>839.25</ele></trkpt>
   <trkpt lat="45.662711" lon="2.978929"><ele>839.25</ele></trkpt>
   <trkpt lat="45.662557" lon="2.978664"><ele>839.5</ele></trkpt>
   <trkpt lat="45.662466" lon="2.978528"><ele>839.5</ele></trkpt>
   <trkpt lat="45.662248" lon="2.978271"><ele>839.75</ele></trkpt>
   <trkpt lat="45.662137" lon="2.978139"><ele>840.25</ele></trkpt>
   <trkpt lat="45.661998" lon="2.977952"><ele>840</ele></trkpt>
   <trkpt lat="45.661835" lon="2.9777"><ele>840.25</ele></trkpt>
   <trkpt lat="45.661658" lon="2.977402"><ele>839.5</ele></trkpt>
   <trkpt lat="45.661571" lon="2.977194"><ele>840.25</ele></trkpt>
   <trkpt lat="45.661489" lon="2.97687"><ele>840.5</ele></trkpt>
   <trkpt lat="45.661445" lon="2.976586"><ele>840.75</ele></trkpt>
   <trkpt lat="45.661352" lon="2.975979"><ele>842</ele></trkpt>
   <trkpt lat="45.66133" lon="2.975836"><ele>842.25</ele></trkpt>
   <trkpt lat="45.661302" lon="2.975652"><ele>842.25</ele></trkpt>
   <trkpt lat="45.661279" lon="2.975573"><ele>842</ele></trkpt>
   <trkpt lat="45.66124" lon="2.975506"><ele>842</ele></trkpt>
   <trkpt lat="45.66119" lon="2.975411"><ele>842</ele></trkpt>
   <trkpt lat="45.661066" lon="2.974991"><ele>842.75</ele></trkpt>
   <trkpt lat="45.661018" lon="2.975007"><ele>842.5</ele></trkpt>
   <trkpt lat="45.660925" lon="2.975046"><ele>842</ele></trkpt>
   <trkpt lat="45.660885" lon="2.975068"><ele>841.75</ele></trkpt>
   <trkpt lat="45.660778" lon="2.975192"><ele>841.25</ele></trkpt>
   <trkpt lat="45.660701" lon="2.975237"><ele>841</ele></trkpt>
   <trkpt lat="45.660614" lon="2.975236"><ele>841</ele></trkpt>
   <trkpt lat="45.660646" lon="2.975347"><ele>841</ele></trkpt>
   <trkpt lat="45.660931" lon="2.975189"><ele>841.5</ele></trkpt>
   <trkpt lat="45.660991" lon="2.97541"><ele>841.25</ele></trkpt>
   <trkpt lat="45.660931" lon="2.975189"><ele>841.5</ele></trkpt>
   <trkpt lat="45.660646" lon="2.975347"><ele>841</ele></trkpt>
   <trkpt lat="45.660614" lon="2.975236"><ele>841</ele></trkpt>
   <trkpt lat="45.660583" lon="2.975235"><ele>841</ele></trkpt>
   <trkpt lat="45.660325" lon="2.975388"><ele>841.75</ele></trkpt>
   <trkpt lat="45.659998" lon="2.975537"><ele>843</ele></trkpt>
   <trkpt lat="45.659971" lon="2.975337"><ele>843.25</ele></trkpt>
   <trkpt lat="45.659985" lon="2.975158"><ele>844</ele></trkpt>
   <trkpt lat="45.65999" lon="2.97509"><ele>844.5</ele></trkpt>
   <trkpt lat="45.660023" lon="2.974926"><ele>845</ele></trkpt>
   <trkpt lat="45.660052" lon="2.974821"><ele>845.25</ele></trkpt>
   <trkpt lat="45.66003" lon="2.974758"><ele>845.75</ele></trkpt>
   <trkpt lat="45.660033" lon="2.97469"><ele>845.75</ele></trkpt>
   <trkpt lat="45.660066" lon="2.974568"><ele>845.75</ele></trkpt>
   <trkpt lat="45.659941" lon="2.974529"><ele>846.75</ele></trkpt>
   <trkpt lat="45.659873" lon="2.974497"><ele>847.5</ele></trkpt>
   <trkpt lat="45.659813" lon="2.974429"><ele>848</ele></trkpt>
   <trkpt lat="45.659754" lon="2.974492"><ele>849</ele></trkpt>
   <trkpt lat="45.659725" lon="2.974773"><ele>851.5</ele></trkpt>
   <trkpt lat="45.659613" lon="2.975104"><ele>852.75</ele></trkpt>
   <trkpt lat="45.659544" lon="2.97526"><ele>851.75</ele></trkpt>
   <trkpt lat="45.659502" lon="2.975456"><ele>853</ele></trkpt>
   <trkpt lat="45.659508" lon="2.975627"><ele>853.5</ele></trkpt>
   <trkpt lat="45.659515" lon="2.976082"><ele>857.75</ele></trkpt>
   <trkpt lat="45.659566" lon="2.977146"><ele>859.75</ele></trkpt>
   <trkpt lat="45.659592" lon="2.977305"><ele>859.75</ele></trkpt>
   <trkpt lat="45.659675" lon="2.977677"><ele>859.5</ele></trkpt>
   <trkpt lat="45.659786" lon="2.978264"><ele>860.25</ele></trkpt>
   <trkpt lat="45.65981" lon="2.978602"><ele>861.25</ele></trkpt>
   <trkpt lat="45.659821" lon="2.978994"><ele>863.5</ele></trkpt>
   <trkpt lat="45.659891" lon="2.979334"><ele>863.25</ele></trkpt>
   <trkpt lat="45.660084" lon="2.979855"><ele>864.25</ele></trkpt>
   <trkpt lat="45.660198" lon="2.980206"><ele>865</ele></trkpt>
   <trkpt lat="45.660218" lon="2.980426"><ele>866.5</ele></trkpt>
   <trkpt lat="45.660067" lon="2.981434"><ele>872.75</ele></trkpt>
   <trkpt lat="45.65996" lon="2.982192"><ele>877.25</ele></trkpt>
   <trkpt lat="45.659875" lon="2.982685"><ele>878.25</ele></trkpt>
   <trkpt lat="45.659716" lon="2.98267"><ele>879.25</ele></trkpt>
   <trkpt lat="45.659452" lon="2.982741"><ele>881</ele></trkpt>
   <trkpt lat="45.658898" lon="2.983004"><ele>886.75</ele></trkpt>
   <trkpt lat="45.658805" lon="2.983058"><ele>888.5</ele></trkpt>
   <trkpt lat="45.658602" lon="2.983178"><ele>892.5</ele></trkpt>
   <trkpt lat="45.658518" lon="2.983173"><ele>894.75</ele></trkpt>
   <trkpt lat="45.658372" lon="2.983017"><ele>898</ele></trkpt>
   <trkpt lat="45.658281" lon="2.98285"><ele>900.75</ele></trkpt>
   <trkpt lat="45.658206" lon="2.98266"><ele>903.25</ele></trkpt>
   <trkpt lat="45.658108" lon="2.982472"><ele>906</ele></trkpt>
   <trkpt lat="45.657943" lon="2.982224"><ele>909</ele></trkpt>
   <trkpt lat="45.657745" lon="2.981979"><ele>913.25</ele></trkpt>
   <trkpt lat="45.657444" lon="2.98153"><ele>918.5</ele></trkpt>
   <trkpt lat="45.657257" lon="2.98128"><ele>921</ele></trkpt>
   <trkpt lat="45.657036" lon="2.981001"><ele>923.5</ele></trkpt>
   <trkpt lat="45.656945" lon="2.980914"><ele>924.75</ele></trkpt>
   <trkpt lat="45.656874" lon="2.980901"><ele>926.25</ele></trkpt>
   <trkpt lat="45.65682" lon="2.980949"><ele>927.75</ele></trkpt>
   <trkpt lat="45.656734" lon="2.981136"><ele>930</ele></trkpt>
   <trkpt lat="45.656614" lon="2.981253"><ele>931.25</ele></trkpt>
   <trkpt lat="45.656388" lon="2.981325"><ele>932</ele></trkpt>
   <trkpt lat="45.655921" lon="2.981619"><ele>932.25</ele></trkpt>
   <trkpt lat="45.655394" lon="2.981982"><ele>928.75</ele></trkpt>
   <trkpt lat="45.655044" lon="2.982161"><ele>926.25</ele></trkpt>
   <trkpt lat="45.654838" lon="2.982335"><ele>926</ele></trkpt>
   <trkpt lat="45.654695" lon="2.9825"><ele>925.25</ele></trkpt>
   <trkpt lat="45.654552" lon="2.982588"><ele>925.5</ele></trkpt>
   <trkpt lat="45.654132" lon="2.982664"><ele>929.5</ele></trkpt>
   <trkpt lat="45.653894" lon="2.982806"><ele>930.5</ele></trkpt>
   <trkpt lat="45.653727" lon="2.982962"><ele>931.5</ele></trkpt>
   <trkpt lat="45.653317" lon="2.983409"><ele>933.75</ele></trkpt>
   <trkpt lat="45.652778" lon="2.983881"><ele>937</ele></trkpt>
   <trkpt lat="45.652617" lon="2.983901"><ele>937.5</ele></trkpt>
   <trkpt lat="45.652506" lon="2.983843"><ele>938.25</ele></trkpt>
   <trkpt lat="45.652397" lon="2.983903"><ele>937.75</ele></trkpt>
   <trkpt lat="45.652272" lon="2.983937"><ele>937.5</ele></trkpt>
   <trkpt lat="45.651087" lon="2.984046"><ele>934</ele></trkpt>
   <trkpt lat="45.650842" lon="2.984105"><ele>934</ele></trkpt>
   <trkpt lat="45.65063" lon="2.984234"><ele>934.25</ele></trkpt>
   <trkpt lat="45.650481" lon="2.984461"><ele>934.5</ele></trkpt>
   <trkpt lat="45.650332" lon="2.984716"><ele>935.25</ele></trkpt>
   <trkpt lat="45.650034" lon="2.985385"><ele>938.75</ele></trkpt>
   <trkpt lat="45.649743" lon="2.985982"><ele>943.25</ele></trkpt>
   <trkpt lat="45.648974" lon="2.98703"><ele>947</ele></trkpt>
   <trkpt lat="45.648268" lon="2.988418"><ele>953</ele></trkpt>
   <trkpt lat="45.648109" lon="2.98863"><ele>953.5</ele></trkpt>
   <trkpt lat="45.64756" lon="2.989105"><ele>954.75</ele></trkpt>
   <trkpt lat="45.647445" lon="2.989199"><ele>955</ele></trkpt>
   <trkpt lat="45.647201" lon="2.989425"><ele>954.75</ele></trkpt>
   <trkpt lat="45.647111" lon="2.98954"><ele>953.75</ele></trkpt>
   <trkpt lat="45.646396" lon="2.990762"><ele>947</ele></trkpt>
   <trkpt lat="45.64613" lon="2.991176"><ele>945.5</ele></trkpt>
   <trkpt lat="45.645504" lon="2.991924"><ele>941.25</ele></trkpt>
   <trkpt lat="45.645045" lon="2.992375"><ele>938.5</ele></trkpt>
   <trkpt lat="45.644604" lon="2.992681"><ele>935.25</ele></trkpt>
   <trkpt lat="45.644418" lon="2.992911"><ele>934</ele></trkpt>
   <trkpt lat="45.643688" lon="2.99401"><ele>927</ele></trkpt>
   <trkpt lat="45.643443" lon="2.99452"><ele>925</ele></trkpt>
   <trkpt lat="45.643201" lon="2.994916"><ele>922.5</ele></trkpt>
   <trkpt lat="45.642446" lon="2.995835"><ele>916</ele></trkpt>
   <trkpt lat="45.642047" lon="2.99623"><ele>911.75</ele></trkpt>
   <trkpt lat="45.64189" lon="2.996468"><ele>910.75</ele></trkpt>
   <trkpt lat="45.641798" lon="2.99693"><ele>910.25</ele></trkpt>
   <trkpt lat="45.641749" lon="2.997899"><ele>907.75</ele></trkpt>
   <trkpt lat="45.641666" lon="2.999568"><ele>902.75</ele></trkpt>
   <trkpt lat="45.64166" lon="3.000129"><ele>900.5</ele></trkpt>
   <trkpt lat="45.641649" lon="3.000934"><ele>897.5</ele></trkpt>
   <trkpt lat="45.641677" lon="3.001362"><ele>896</ele></trkpt>
   <trkpt lat="45.641855" lon="3.002231"><ele>894</ele></trkpt>
   <trkpt lat="45.641903" lon="3.00268"><ele>892.75</ele></trkpt>
   <trkpt lat="45.6419" lon="3.003088"><ele>891.5</ele></trkpt>
   <trkpt lat="45.641903" lon="3.003758"><ele>890</ele></trkpt>
   <trkpt lat="45.641908" lon="3.004488"><ele>888.25</ele></trkpt>
   <trkpt lat="45.641958" lon="3.004777"><ele>887.5</ele></trkpt>
   <trkpt lat="45.642249" lon="3.005271"><ele>888.5</ele></trkpt>
   <trkpt lat="45.642282" lon="3.005388"><ele>888.75</ele></trkpt>
   <trkpt lat="45.642302" lon="3.005527"><ele>888.75</ele></trkpt>
   <trkpt lat="45.642299" lon="3.005778"><ele>888.25</ele></trkpt>
   <trkpt lat="45.642271" lon="3.006279"><ele>887</ele></trkpt>
   <trkpt lat="45.642208" lon="3.006513"><ele>886</ele></trkpt>
   <trkpt lat="45.64199" lon="3.00692"><ele>882.75</ele></trkpt>
   <trkpt lat="45.641307" lon="3.008284"><ele>875.25</ele></trkpt>
   <trkpt lat="45.641176" lon="3.008283"><ele>874.5</ele></trkpt>
   <trkpt lat="45.641053" lon="3.008333"><ele>874.25</ele></trkpt>
   <trkpt lat="45.640965" lon="3.008456"><ele>875</ele></trkpt>
   <trkpt lat="45.640901" lon="3.008662"><ele>876.25</ele></trkpt>
   <trkpt lat="45.64086" lon="3.009028"><ele>875.25</ele></trkpt>
   <trkpt lat="45.640806" lon="3.009412"><ele>873.5</ele></trkpt>
   <trkpt lat="45.6408" lon="3.009628"><ele>872.25</ele></trkpt>
   <trkpt lat="45.640442" lon="3.010506"><ele>871.25</ele></trkpt>
   <trkpt lat="45.640354" lon="3.010748"><ele>871.5</ele></trkpt>
   <trkpt lat="45.640323" lon="3.010905"><ele>871.25</ele></trkpt>
   <trkpt lat="45.640313" lon="3.011219"><ele>870.75</ele></trkpt>
   <trkpt lat="45.640282" lon="3.011443"><ele>871.25</ele></trkpt>
   <trkpt lat="45.640105" lon="3.01191"><ele>870.5</ele></trkpt>
   <trkpt lat="45.640019" lon="3.012095"><ele>870</ele></trkpt>
   <trkpt lat="45.639643" lon="3.012432"><ele>869.5</ele></trkpt>
   <trkpt lat="45.639422" lon="3.012646"><ele>868.5</ele></trkpt>
   <trkpt lat="45.639256" lon="3.012726"><ele>868</ele></trkpt>
   <trkpt lat="45.638997" lon="3.012722"><ele>868.25</ele></trkpt>
   <trkpt lat="45.638861" lon="3.012755"><ele>867.75</ele></trkpt>
   <trkpt lat="45.63874" lon="3.012901"><ele>868.25</ele></trkpt>
   <trkpt lat="45.638637" lon="3.013148"><ele>868</ele></trkpt>
   <trkpt lat="45.638534" lon="3.013499"><ele>868</ele></trkpt>
   <trkpt lat="45.638442" lon="3.013777"><ele>868</ele></trkpt>
   <trkpt lat="45.638277" lon="3.014038"><ele>867</ele></trkpt>
   <trkpt lat="45.6381" lon="3.014492"><ele>865.5</ele></trkpt>
   <trkpt lat="45.638001" lon="3.014644"><ele>865.75</ele></trkpt>
   <trkpt lat="45.637751" lon="3.014849"><ele>864.25</ele></trkpt>
   <trkpt lat="45.637293" lon="3.015225"><ele>862</ele></trkpt>
   <trkpt lat="45.636687" lon="3.015748"><ele>860.25</ele></trkpt>
   <trkpt lat="45.636486" lon="3.016043"><ele>860.25</ele></trkpt>
   <trkpt lat="45.6363" lon="3.016399"><ele>860.75</ele></trkpt>
   <trkpt lat="45.636195" lon="3.016793"><ele>862.25</ele></trkpt>
   <trkpt lat="45.636173" lon="3.017109"><ele>863.5</ele></trkpt>
   <trkpt lat="45.636334" lon="3.017795"><ele>863.25</ele></trkpt>
   <trkpt lat="45.636338" lon="3.01837"><ele>864</ele></trkpt>
   <trkpt lat="45.636192" lon="3.019072"><ele>866</ele></trkpt>
   <trkpt lat="45.636077" lon="3.019332"><ele>866</ele></trkpt>
   <trkpt lat="45.635648" lon="3.019762"><ele>862.5</ele></trkpt>
   <trkpt lat="45.635137" lon="3.020287"><ele>858.75</ele></trkpt>
   <trkpt lat="45.634906" lon="3.020562"><ele>857.5</ele></trkpt>
   <trkpt lat="45.634877" lon="3.020629"><ele>857.25</ele></trkpt>
   <trkpt lat="45.634856" lon="3.020708"><ele>857</ele></trkpt>
   <trkpt lat="45.634849" lon="3.020767"><ele>857</ele></trkpt>
   <trkpt lat="45.634851" lon="3.02084"><ele>856.75</ele></trkpt>
   <trkpt lat="45.634876" lon="3.02101"><ele>856.25</ele></trkpt>
   <trkpt lat="45.634894" lon="3.02122"><ele>855.75</ele></trkpt>
   <trkpt lat="45.634888" lon="3.021687"><ele>855</ele></trkpt>
   <trkpt lat="45.634889" lon="3.022593"><ele>857.75</ele></trkpt>
   <trkpt lat="45.634908" lon="3.022718"><ele>857.75</ele></trkpt>
   <trkpt lat="45.634946" lon="3.022835"><ele>857.5</ele></trkpt>
   <trkpt lat="45.635193" lon="3.023425"><ele>856</ele></trkpt>
   <trkpt lat="45.635228" lon="3.023512"><ele>855.5</ele></trkpt>
   <trkpt lat="45.635247" lon="3.023617"><ele>855.5</ele></trkpt>
   <trkpt lat="45.635243" lon="3.023723"><ele>854.5</ele></trkpt>
   <trkpt lat="45.63522" lon="3.023811"><ele>854.25</ele></trkpt>
   <trkpt lat="45.635177" lon="3.023897"><ele>854.5</ele></trkpt>
   <trkpt lat="45.635105" lon="3.02397"><ele>855.25</ele></trkpt>
   <trkpt lat="45.635006" lon="3.024034"><ele>856.5</ele></trkpt>
   <trkpt lat="45.634898" lon="3.02406"><ele>856.75</ele></trkpt>
   <trkpt lat="45.634761" lon="3.024046"><ele>857.75</ele></trkpt>
   <trkpt lat="45.63428" lon="3.023925"><ele>858.75</ele></trkpt>
   <trkpt lat="45.633673" lon="3.023695"><ele>859.75</ele></trkpt>
   <trkpt lat="45.633565" lon="3.023671"><ele>859.75</ele></trkpt>
   <trkpt lat="45.633457" lon="3.023684"><ele>859.75</ele></trkpt>
   <trkpt lat="45.633326" lon="3.023722"><ele>859.75</ele></trkpt>
   <trkpt lat="45.633208" lon="3.023772"><ele>860.25</ele></trkpt>
   <trkpt lat="45.633116" lon="3.023827"><ele>860.75</ele></trkpt>
   <trkpt lat="45.633035" lon="3.023888"><ele>861</ele></trkpt>
   <trkpt lat="45.632879" lon="3.024094"><ele>860.75</ele></trkpt>
   <trkpt lat="45.632804" lon="3.024229"><ele>860.5</ele></trkpt>
   <trkpt lat="45.632719" lon="3.024418"><ele>860.5</ele></trkpt>
   <trkpt lat="45.632533" lon="3.024871"><ele>858.5</ele></trkpt>
   <trkpt lat="45.63238" lon="3.025253"><ele>855</ele></trkpt>
   <trkpt lat="45.632347" lon="3.025359"><ele>854.5</ele></trkpt>
   <trkpt lat="45.632331" lon="3.025477"><ele>854.25</ele></trkpt>
   <trkpt lat="45.632344" lon="3.025642"><ele>853.75</ele></trkpt>
   <trkpt lat="45.632433" lon="3.025933"><ele>852.75</ele></trkpt>
   <trkpt lat="45.632492" lon="3.026163"><ele>852.75</ele></trkpt>
   <trkpt lat="45.632507" lon="3.026338"><ele>852</ele></trkpt>
   <trkpt lat="45.632508" lon="3.026476"><ele>851.5</ele></trkpt>
   <trkpt lat="45.632489" lon="3.026588"><ele>851.25</ele></trkpt>
   <trkpt lat="45.632453" lon="3.026672"><ele>851</ele></trkpt>
   <trkpt lat="45.632393" lon="3.026757"><ele>851.25</ele></trkpt>
   <trkpt lat="45.632234" lon="3.026878"><ele>851</ele></trkpt>
   <trkpt lat="45.631991" lon="3.027013"><ele>849.75</ele></trkpt>
   <trkpt lat="45.631808" lon="3.02706"><ele>848.75</ele></trkpt>
   <trkpt lat="45.631363" lon="3.027159"><ele>843.25</ele></trkpt>
   <trkpt lat="45.631054" lon="3.02722"><ele>836.75</ele></trkpt>
   <trkpt lat="45.630971" lon="3.027213"><ele>835</ele></trkpt>
   <trkpt lat="45.630891" lon="3.027183"><ele>833.75</ele></trkpt>
   <trkpt lat="45.630824" lon="3.027125"><ele>833.25</ele></trkpt>
   <trkpt lat="45.630771" lon="3.027031"><ele>833.75</ele></trkpt>
   <trkpt lat="45.630733" lon="3.026912"><ele>835</ele></trkpt>
   <trkpt lat="45.630642" lon="3.026313"><ele>839</ele></trkpt>
   <trkpt lat="45.63061" lon="3.026187"><ele>839</ele></trkpt>
   <trkpt lat="45.630577" lon="3.0261"><ele>838.5</ele></trkpt>
   <trkpt lat="45.630527" lon="3.026012"><ele>838</ele></trkpt>
   <trkpt lat="45.630314" lon="3.025696"><ele>834.5</ele></trkpt>
   <trkpt lat="45.630274" lon="3.025621"><ele>834</ele></trkpt>
   <trkpt lat="45.6302" lon="3.025455"><ele>831.75</ele></trkpt>
   <trkpt lat="45.630047" lon="3.025034"><ele>828.75</ele></trkpt>
   <trkpt lat="45.629999" lon="3.024925"><ele>827.75</ele></trkpt>
   <trkpt lat="45.629947" lon="3.024829"><ele>826.5</ele></trkpt>
   <trkpt lat="45.62987" lon="3.024721"><ele>824.75</ele></trkpt>
   <trkpt lat="45.629739" lon="3.024573"><ele>822.25</ele></trkpt>
   <trkpt lat="45.629624" lon="3.024429"><ele>820.5</ele></trkpt>
   <trkpt lat="45.629556" lon="3.024304"><ele>819</ele></trkpt>
   <trkpt lat="45.629515" lon="3.024169"><ele>818.75</ele></trkpt>
   <trkpt lat="45.629503" lon="3.024036"><ele>818.5</ele></trkpt>
   <trkpt lat="45.62949" lon="3.023595"><ele>816.75</ele></trkpt>
   <trkpt lat="45.629438" lon="3.023134"><ele>812.5</ele></trkpt>
   <trkpt lat="45.629415" lon="3.023005"><ele>812</ele></trkpt>
   <trkpt lat="45.629381" lon="3.02289"><ele>812</ele></trkpt>
   <trkpt lat="45.629343" lon="3.022811"><ele>811</ele></trkpt>
   <trkpt lat="45.629289" lon="3.022747"><ele>809.25</ele></trkpt>
   <trkpt lat="45.629169" lon="3.022668"><ele>805.25</ele></trkpt>
   <trkpt lat="45.629111" lon="3.022621"><ele>803.75</ele></trkpt>
   <trkpt lat="45.629066" lon="3.022565"><ele>803</ele></trkpt>
   <trkpt lat="45.628999" lon="3.022453"><ele>803</ele></trkpt>
   <trkpt lat="45.628935" lon="3.022309"><ele>804</ele></trkpt>
   <trkpt lat="45.628699" lon="3.021546"><ele>810</ele></trkpt>
   <trkpt lat="45.62864" lon="3.021301"><ele>809.75</ele></trkpt>
   <trkpt lat="45.628585" lon="3.020922"><ele>809.75</ele></trkpt>
   <trkpt lat="45.62849" lon="3.020568"><ele>807.75</ele></trkpt>
   <trkpt lat="45.628416" lon="3.020446"><ele>805.25</ele></trkpt>
   <trkpt lat="45.628282" lon="3.020268"><ele>800.5</ele></trkpt>
   <trkpt lat="45.628182" lon="3.020091"><ele>799</ele></trkpt>
   <trkpt lat="45.628042" lon="3.019776"><ele>797.25</ele></trkpt>
   <trkpt lat="45.627733" lon="3.019129"><ele>793.5</ele></trkpt>
   <trkpt lat="45.627576" lon="3.018777"><ele>789.75</ele></trkpt>
   <trkpt lat="45.627509" lon="3.018625"><ele>787.25</ele></trkpt>
   <trkpt lat="45.627463" lon="3.018472"><ele>787</ele></trkpt>
   <trkpt lat="45.627428" lon="3.018287"><ele>787.5</ele></trkpt>
   <trkpt lat="45.627409" lon="3.018092"><ele>789.25</ele></trkpt>
   <trkpt lat="45.627402" lon="3.017542"><ele>795.5</ele></trkpt>
   <trkpt lat="45.627328" lon="3.017172"><ele>794.25</ele></trkpt>
   <trkpt lat="45.627247" lon="3.017089"><ele>791</ele></trkpt>
   <trkpt lat="45.627181" lon="3.017077"><ele>789.5</ele></trkpt>
   <trkpt lat="45.627049" lon="3.017101"><ele>788.75</ele></trkpt>
   <trkpt lat="45.62696" lon="3.01713"><ele>788</ele></trkpt>
   <trkpt lat="45.626871" lon="3.017192"><ele>789.75</ele></trkpt>
   <trkpt lat="45.626752" lon="3.017322"><ele>792.75</ele></trkpt>
   <trkpt lat="45.626706" lon="3.017426"><ele>794</ele></trkpt>
   <trkpt lat="45.626683" lon="3.017484"><ele>794.5</ele></trkpt>
   <trkpt lat="45.626736" lon="3.01848"><ele>795</ele></trkpt>
   <trkpt lat="45.62677" lon="3.01922"><ele>796.25</ele></trkpt>
   <trkpt lat="45.626817" lon="3.019945"><ele>794.25</ele></trkpt>
   <trkpt lat="45.626895" lon="3.020832"><ele>791.5</ele></trkpt>
   <trkpt lat="45.626892" lon="3.021168"><ele>793.25</ele></trkpt>
   <trkpt lat="45.626886" lon="3.021273"><ele>795</ele></trkpt>
   <trkpt lat="45.626919" lon="3.021511"><ele>796.75</ele></trkpt>
   <trkpt lat="45.627024" lon="3.021827"><ele>798.5</ele></trkpt>
   <trkpt lat="45.627123" lon="3.022176"><ele>800.5</ele></trkpt>
   <trkpt lat="45.627248" lon="3.022525"><ele>797.5</ele></trkpt>
   <trkpt lat="45.627228" lon="3.022934"><ele>799</ele></trkpt>
   <trkpt lat="45.626952" lon="3.023342"><ele>807.75</ele></trkpt>
   <trkpt lat="45.626945" lon="3.023487"><ele>808.5</ele></trkpt>
   <trkpt lat="45.627064" lon="3.023698"><ele>806.5</ele></trkpt>
   <trkpt lat="45.627182" lon="3.024034"><ele>807.75</ele></trkpt>
   <trkpt lat="45.627222" lon="3.024252"><ele>809.5</ele></trkpt>
   <trkpt lat="45.627222" lon="3.024528"><ele>813.75</ele></trkpt>
   <trkpt lat="45.627386" lon="3.025385"><ele>808.75</ele></trkpt>
   <trkpt lat="45.627321" lon="3.025734"><ele>812</ele></trkpt>
   <trkpt lat="45.627215" lon="3.02611"><ele>817.25</ele></trkpt>
   <trkpt lat="45.627222" lon="3.026367"><ele>817</ele></trkpt>
   <trkpt lat="45.627255" lon="3.026591"><ele>818.5</ele></trkpt>
   <trkpt lat="45.62734" lon="3.026736"><ele>817.75</ele></trkpt>
   <trkpt lat="45.627479" lon="3.026795"><ele>814.25</ele></trkpt>
   <trkpt lat="45.62763" lon="3.026887"><ele>811.5</ele></trkpt>
   <trkpt lat="45.627729" lon="3.027085"><ele>811.5</ele></trkpt>
   <trkpt lat="45.627749" lon="3.027487"><ele>814</ele></trkpt>
   <trkpt lat="45.627696" lon="3.02831"><ele>817</ele></trkpt>
   <trkpt lat="45.627578" lon="3.028844"><ele>822.25</ele></trkpt>
   <trkpt lat="45.627466" lon="3.029391"><ele>824.5</ele></trkpt>
   <trkpt lat="45.627307" lon="3.029714"><ele>828.5</ele></trkpt>
   <trkpt lat="45.627235" lon="3.029964"><ele>831.5</ele></trkpt>
   <trkpt lat="45.627321" lon="3.030149"><ele>831.25</ele></trkpt>
   <trkpt lat="45.627518" lon="3.030333"><ele>829.75</ele></trkpt>
   <trkpt lat="45.627755" lon="3.030465"><ele>828.75</ele></trkpt>
   <trkpt lat="45.627867" lon="3.030518"><ele>828.5</ele></trkpt>
   <trkpt lat="45.628142" lon="3.030572"><ele>826</ele></trkpt>
   <trkpt lat="45.628251" lon="3.030695"><ele>825.5</ele></trkpt>
   <trkpt lat="45.62831" lon="3.030956"><ele>825.25</ele></trkpt>
   <trkpt lat="45.628462" lon="3.032245"><ele>823.75</ele></trkpt>
   <trkpt lat="45.628473" lon="3.032407"><ele>822.75</ele></trkpt>
   <trkpt lat="45.6283" lon="3.032682"><ele>827.75</ele></trkpt>
   <trkpt lat="45.628115" lon="3.03303"><ele>829.25</ele></trkpt>
   <trkpt lat="45.627975" lon="3.033411"><ele>829</ele></trkpt>
   <trkpt lat="45.627801" lon="3.033702"><ele>830.5</ele></trkpt>
   <trkpt lat="45.627403" lon="3.034571"><ele>829.5</ele></trkpt>
   <trkpt lat="45.627173" lon="3.034868"><ele>829.75</ele></trkpt>
   <trkpt lat="45.626747" lon="3.035115"><ele>832.25</ele></trkpt>
   <trkpt lat="45.626355" lon="3.035243"><ele>832.5</ele></trkpt>
   <trkpt lat="45.626063" lon="3.035367"><ele>835</ele></trkpt>
   <trkpt lat="45.625699" lon="3.035634"><ele>834</ele></trkpt>
   <trkpt lat="45.625396" lon="3.035588"><ele>837.5</ele></trkpt>
   <trkpt lat="45.624836" lon="3.035815"><ele>838</ele></trkpt>
   <trkpt lat="45.62461" lon="3.03587"><ele>838.25</ele></trkpt>
   <trkpt lat="45.624197" lon="3.035726"><ele>841.75</ele></trkpt>
   <trkpt lat="45.624119" lon="3.035713"><ele>842</ele></trkpt>
   <trkpt lat="45.623883" lon="3.035675"><ele>842.5</ele></trkpt>
   <trkpt lat="45.623664" lon="3.03586"><ele>843</ele></trkpt>
   <trkpt lat="45.623278" lon="3.036701"><ele>843.75</ele></trkpt>
   <trkpt lat="45.622932" lon="3.03755"><ele>847</ele></trkpt>
   <trkpt lat="45.622804" lon="3.037753"><ele>848.5</ele></trkpt>
   <trkpt lat="45.622437" lon="3.038108"><ele>852.75</ele></trkpt>
   <trkpt lat="45.622302" lon="3.038561"><ele>854.5</ele></trkpt>
   <trkpt lat="45.622322" lon="3.039259"><ele>855.25</ele></trkpt>
   <trkpt lat="45.622162" lon="3.040191"><ele>859.75</ele></trkpt>
   <trkpt lat="45.622128" lon="3.041064"><ele>864</ele></trkpt>
   <trkpt lat="45.622106" lon="3.041213"><ele>865</ele></trkpt>
   <trkpt lat="45.622186" lon="3.041708"><ele>865.5</ele></trkpt>
   <trkpt lat="45.622466" lon="3.043776"><ele>864</ele></trkpt>
   <trkpt lat="45.622472" lon="3.043978"><ele>863.5</ele></trkpt>
   <trkpt lat="45.622465" lon="3.044166"><ele>863</ele></trkpt>
   <trkpt lat="45.622334" lon="3.045262"><ele>858</ele></trkpt>
   <trkpt lat="45.622312" lon="3.045389"><ele>857</ele></trkpt>
   <trkpt lat="45.622197" lon="3.045969"><ele>852.25</ele></trkpt>
   <trkpt lat="45.62212" lon="3.046278"><ele>850.25</ele></trkpt>
   <trkpt lat="45.62203" lon="3.046642"><ele>848.25</ele></trkpt>
   <trkpt lat="45.622009" lon="3.04675"><ele>847.5</ele></trkpt>
   <trkpt lat="45.621839" lon="3.046703"><ele>845.25</ele></trkpt>
   <trkpt lat="45.62175" lon="3.046643"><ele>844.25</ele></trkpt>
   <trkpt lat="45.621687" lon="3.04663"><ele>843.25</ele></trkpt>
   <trkpt lat="45.621635" lon="3.04664"><ele>842.5</ele></trkpt>
   <trkpt lat="45.621601" lon="3.046666"><ele>842</ele></trkpt>
   <trkpt lat="45.621385" lon="3.046994"><ele>828.5</ele></trkpt>
   <trkpt lat="45.621018" lon="3.047555"><ele>828.5</ele></trkpt>
   <trkpt lat="45.620885" lon="3.047693"><ele>826.5</ele></trkpt>
   <trkpt lat="45.620637" lon="3.047871"><ele>823.5</ele></trkpt>
   <trkpt lat="45.620543" lon="3.04789"><ele>822.5</ele></trkpt>
   <trkpt lat="45.62049" lon="3.047882"><ele>822.25</ele></trkpt>
   <trkpt lat="45.620444" lon="3.04791"><ele>822</ele></trkpt>
   <trkpt lat="45.620364" lon="3.048001"><ele>821</ele></trkpt>
   <trkpt lat="45.620279" lon="3.048162"><ele>819.5</ele></trkpt>
   <trkpt lat="45.620203" lon="3.048365"><ele>818.75</ele></trkpt>
   <trkpt lat="45.620064" lon="3.04875"><ele>816.5</ele></trkpt>
   <trkpt lat="45.620004" lon="3.048983"><ele>815</ele></trkpt>
   <trkpt lat="45.619926" lon="3.04935"><ele>813.75</ele></trkpt>
   <trkpt lat="45.619867" lon="3.049708"><ele>811.5</ele></trkpt>
   <trkpt lat="45.619868" lon="3.050148"><ele>809.75</ele></trkpt>
   <trkpt lat="45.61988" lon="3.050348"><ele>808.75</ele></trkpt>
   <trkpt lat="45.619921" lon="3.050529"><ele>808</ele></trkpt>
   <trkpt lat="45.619955" lon="3.050598"><ele>808</ele></trkpt>
   <trkpt lat="45.619918" lon="3.050911"><ele>805.75</ele></trkpt>
   <trkpt lat="45.619777" lon="3.051488"><ele>801.25</ele></trkpt>
   <trkpt lat="45.619753" lon="3.051655"><ele>800.25</ele></trkpt>
   <trkpt lat="45.619719" lon="3.051834"><ele>798.75</ele></trkpt>
   <trkpt lat="45.619693" lon="3.051969"><ele>797.5</ele></trkpt>
   <trkpt lat="45.619619" lon="3.052113"><ele>796.75</ele></trkpt>
   <trkpt lat="45.619549" lon="3.052202"><ele>796.25</ele></trkpt>
   <trkpt lat="45.619434" lon="3.052339"><ele>795</ele></trkpt>
   <trkpt lat="45.619648" lon="3.052624"><ele>793.75</ele></trkpt>
   <trkpt lat="45.619696" lon="3.052703"><ele>793.25</ele></trkpt>
   <trkpt lat="45.619743" lon="3.052775"><ele>793</ele></trkpt>
   <trkpt lat="45.619772" lon="3.052984"><ele>792.25</ele></trkpt>
   <trkpt lat="45.619818" lon="3.053672"><ele>790.25</ele></trkpt>
   <trkpt lat="45.619857" lon="3.053906"><ele>788.75</ele></trkpt>
   <trkpt lat="45.619887" lon="3.054036"><ele>787.75</ele></trkpt>
   <trkpt lat="45.62005" lon="3.054429"><ele>784</ele></trkpt>
   <trkpt lat="45.620034" lon="3.054658"><ele>782.25</ele></trkpt>
   <trkpt lat="45.620039" lon="3.055098"><ele>779.5</ele></trkpt>
   <trkpt lat="45.620071" lon="3.055243"><ele>778.5</ele></trkpt>
   <trkpt lat="45.620116" lon="3.055351"><ele>777.5</ele></trkpt>
   <trkpt lat="45.620047" lon="3.05603"><ele>773</ele></trkpt>
   <trkpt lat="45.620054" lon="3.057631"><ele>763.75</ele></trkpt>
   <trkpt lat="45.620126" lon="3.058224"><ele>760.25</ele></trkpt>
   <trkpt lat="45.62063" lon="3.060623"><ele>754.25</ele></trkpt>
   <trkpt lat="45.620879" lon="3.06181"><ele>748.25</ele></trkpt>
   <trkpt lat="45.620974" lon="3.062491"><ele>746.5</ele></trkpt>
   <trkpt lat="45.621056" lon="3.062745"><ele>745</ele></trkpt>
   <trkpt lat="45.621161" lon="3.062971"><ele>743.25</ele></trkpt>
   <trkpt lat="45.621282" lon="3.063095"><ele>742</ele></trkpt>
   <trkpt lat="45.621444" lon="3.063183"><ele>741</ele></trkpt>
   <trkpt lat="45.621634" lon="3.063172"><ele>740</ele></trkpt>
   <trkpt lat="45.622126" lon="3.062908"><ele>735.75</ele></trkpt>
   <trkpt lat="45.622387" lon="3.062849"><ele>734.5</ele></trkpt>
   <trkpt lat="45.622559" lon="3.062952"><ele>732.75</ele></trkpt>
   <trkpt lat="45.623367" lon="3.063807"><ele>723.5</ele></trkpt>
   <trkpt lat="45.62361" lon="3.063861"><ele>723.5</ele></trkpt>
   <trkpt lat="45.623799" lon="3.064065"><ele>722.5</ele></trkpt>
   <trkpt lat="45.623899" lon="3.064237"><ele>721.25</ele></trkpt>
   <trkpt lat="45.624343" lon="3.065333"><ele>717.75</ele></trkpt>
   <trkpt lat="45.62451" lon="3.065512"><ele>717.25</ele></trkpt>
   <trkpt lat="45.624793" lon="3.065547"><ele>718.25</ele></trkpt>
   <trkpt lat="45.625076" lon="3.065633"><ele>718.75</ele></trkpt>
   <trkpt lat="45.626269" lon="3.066373"><ele>700.75</ele></trkpt>
   <trkpt lat="45.627089" lon="3.067462"><ele>696.25</ele></trkpt>
   <trkpt lat="45.627463" lon="3.067896"><ele>695.25</ele></trkpt>
   <trkpt lat="45.627687" lon="3.068031"><ele>693.5</ele></trkpt>
   <trkpt lat="45.628231" lon="3.068101"><ele>687.75</ele></trkpt>
   <trkpt lat="45.628324" lon="3.068128"><ele>686.75</ele></trkpt>
   <trkpt lat="45.628411" lon="3.068188"><ele>685.75</ele></trkpt>
   <trkpt lat="45.628491" lon="3.068282"><ele>685</ele></trkpt>
   <trkpt lat="45.628802" lon="3.068856"><ele>676.5</ele></trkpt>
   <trkpt lat="45.628871" lon="3.068936"><ele>674.5</ele></trkpt>
   <trkpt lat="45.629062" lon="3.069054"><ele>670</ele></trkpt>
   <trkpt lat="45.629104" lon="3.06909"><ele>668.75</ele></trkpt>
   <trkpt lat="45.629133" lon="3.069137"><ele>667.25</ele></trkpt>
   <trkpt lat="45.6292" lon="3.069288"><ele>664.25</ele></trkpt>
   <trkpt lat="45.629239" lon="3.069341"><ele>663.25</ele></trkpt>
   <trkpt lat="45.629295" lon="3.069386"><ele>662</ele></trkpt>
   <trkpt lat="45.629367" lon="3.069416"><ele>660.5</ele></trkpt>
   <trkpt lat="45.629864" lon="3.069521"><ele>654.75</ele></trkpt>
   <trkpt lat="45.62992" lon="3.069517"><ele>654</ele></trkpt>
   <trkpt lat="45.62997" lon="3.069496"><ele>654</ele></trkpt>
   <trkpt lat="45.630018" lon="3.069444"><ele>654.5</ele></trkpt>
   <trkpt lat="45.630152" lon="3.069226"><ele>653.25</ele></trkpt>
   <trkpt lat="45.630208" lon="3.069192"><ele>653</ele></trkpt>
   <trkpt lat="45.630302" lon="3.0692"><ele>652.5</ele></trkpt>
   <trkpt lat="45.630341" lon="3.069233"><ele>652.25</ele></trkpt>
   <trkpt lat="45.630381" lon="3.069283"><ele>652</ele></trkpt>
   <trkpt lat="45.630394" lon="3.069373"><ele>652</ele></trkpt>
   <trkpt lat="45.630393" lon="3.069545"><ele>649</ele></trkpt>
   <trkpt lat="45.630402" lon="3.069649"><ele>647.5</ele></trkpt>
   <trkpt lat="45.630426" lon="3.069724"><ele>646.5</ele></trkpt>
   <trkpt lat="45.63047" lon="3.069802"><ele>645.75</ele></trkpt>
   <trkpt lat="45.630535" lon="3.06986"><ele>645.25</ele></trkpt>
   <trkpt lat="45.63061" lon="3.069902"><ele>645.25</ele></trkpt>
   <trkpt lat="45.631092" lon="3.070022"><ele>648.75</ele></trkpt>
   <trkpt lat="45.631177" lon="3.070053"><ele>649.5</ele></trkpt>
   <trkpt lat="45.63127" lon="3.070102"><ele>650</ele></trkpt>
   <trkpt lat="45.631347" lon="3.070158"><ele>649.75</ele></trkpt>
   <trkpt lat="45.631414" lon="3.07025"><ele>648.5</ele></trkpt>
   <trkpt lat="45.63147" lon="3.070355"><ele>646.5</ele></trkpt>
   <trkpt lat="45.631555" lon="3.070622"><ele>639.75</ele></trkpt>
   <trkpt lat="45.631598" lon="3.070707"><ele>638</ele></trkpt>
   <trkpt lat="45.631679" lon="3.07081"><ele>636</ele></trkpt>
   <trkpt lat="45.631828" lon="3.070956"><ele>636</ele></trkpt>
   <trkpt lat="45.631885" lon="3.071037"><ele>635</ele></trkpt>
   <trkpt lat="45.631918" lon="3.071115"><ele>633.5</ele></trkpt>
   <trkpt lat="45.631937" lon="3.071192"><ele>632.75</ele></trkpt>
   <trkpt lat="45.631946" lon="3.071317"><ele>631</ele></trkpt>
   <trkpt lat="45.63193" lon="3.071583"><ele>627</ele></trkpt>
   <trkpt lat="45.631929" lon="3.071722"><ele>625.25</ele></trkpt>
   <trkpt lat="45.631938" lon="3.071788"><ele>624.5</ele></trkpt>
   <trkpt lat="45.63197" lon="3.071862"><ele>624.5</ele></trkpt>
   <trkpt lat="45.632021" lon="3.071915"><ele>625.25</ele></trkpt>
   <trkpt lat="45.632094" lon="3.071955"><ele>626.5</ele></trkpt>
   <trkpt lat="45.632253" lon="3.07202"><ele>629.5</ele></trkpt>
   <trkpt lat="45.632329" lon="3.072099"><ele>630.75</ele></trkpt>
   <trkpt lat="45.632378" lon="3.072174"><ele>631</ele></trkpt>
   <trkpt lat="45.632411" lon="3.072268"><ele>630.5</ele></trkpt>
   <trkpt lat="45.632428" lon="3.072358"><ele>629</ele></trkpt>
   <trkpt lat="45.632518" lon="3.073404"><ele>614.5</ele></trkpt>
   <trkpt lat="45.632547" lon="3.073527"><ele>614.75</ele></trkpt>
   <trkpt lat="45.63259" lon="3.073613"><ele>614.75</ele></trkpt>
   <trkpt lat="45.632655" lon="3.073682"><ele>615</ele></trkpt>
   <trkpt lat="45.632742" lon="3.073725"><ele>614.75</ele></trkpt>
   <trkpt lat="45.632829" lon="3.073741"><ele>614</ele></trkpt>
   <trkpt lat="45.632993" lon="3.073749"><ele>612.5</ele></trkpt>
   <trkpt lat="45.633198" lon="3.073737"><ele>610.5</ele></trkpt>
   <trkpt lat="45.633326" lon="3.07371"><ele>609.75</ele></trkpt>
   <trkpt lat="45.633429" lon="3.073662"><ele>608.75</ele></trkpt>
   <trkpt lat="45.633543" lon="3.073581"><ele>608</ele></trkpt>
   <trkpt lat="45.633769" lon="3.073342"><ele>609.5</ele></trkpt>
   <trkpt lat="45.634026" lon="3.073056"><ele>609.5</ele></trkpt>
   <trkpt lat="45.63412" lon="3.072967"><ele>609.75</ele></trkpt>
   <trkpt lat="45.634219" lon="3.072901"><ele>608.5</ele></trkpt>
   <trkpt lat="45.634416" lon="3.072789"><ele>604.5</ele></trkpt>
   <trkpt lat="45.634689" lon="3.072764"><ele>598.25</ele></trkpt>
   <trkpt lat="45.634972" lon="3.072711"><ele>592</ele></trkpt>
   <trkpt lat="45.635041" lon="3.072693"><ele>591</ele></trkpt>
   <trkpt lat="45.63513" lon="3.072651"><ele>590</ele></trkpt>
   <trkpt lat="45.635286" lon="3.072504"><ele>588.75</ele></trkpt>
   <trkpt lat="45.635363" lon="3.072456"><ele>590.25</ele></trkpt>
   <trkpt lat="45.635444" lon="3.072435"><ele>591</ele></trkpt>
   <trkpt lat="45.635513" lon="3.072467"><ele>590</ele></trkpt>
   <trkpt lat="45.635564" lon="3.072527"><ele>588.25</ele></trkpt>
   <trkpt lat="45.635669" lon="3.072732"><ele>584</ele></trkpt>
   <trkpt lat="45.635725" lon="3.072806"><ele>583</ele></trkpt>
   <trkpt lat="45.635822" lon="3.072903"><ele>583</ele></trkpt>
   <trkpt lat="45.636748" lon="3.073702"><ele>582.5</ele></trkpt>
   <trkpt lat="45.63754" lon="3.074593"><ele>570</ele></trkpt>
   <trkpt lat="45.637652" lon="3.074708"><ele>568.25</ele></trkpt>
   <trkpt lat="45.637844" lon="3.074842"><ele>567.75</ele></trkpt>
   <trkpt lat="45.638411" lon="3.075084"><ele>571.75</ele></trkpt>
   <trkpt lat="45.63857" lon="3.07519"><ele>572</ele></trkpt>
   <trkpt lat="45.638646" lon="3.075255"><ele>572</ele></trkpt>
   <trkpt lat="45.638718" lon="3.075346"><ele>572</ele></trkpt>
   <trkpt lat="45.638769" lon="3.075442"><ele>570.75</ele></trkpt>
   <trkpt lat="45.638812" lon="3.075551"><ele>569</ele></trkpt>
   <trkpt lat="45.638862" lon="3.075732"><ele>566.5</ele></trkpt>
   <trkpt lat="45.638935" lon="3.076095"><ele>561.75</ele></trkpt>
   <trkpt lat="45.639082" lon="3.076716"><ele>559</ele></trkpt>
   <trkpt lat="45.639098" lon="3.076899"><ele>558.75</ele></trkpt>
   <trkpt lat="45.639079" lon="3.077033"><ele>557.25</ele></trkpt>
   <trkpt lat="45.639012" lon="3.077285"><ele>553</ele></trkpt>
   <trkpt lat="45.639006" lon="3.077369"><ele>552.25</ele></trkpt>
   <trkpt lat="45.639016" lon="3.077477"><ele>552.5</ele></trkpt>
   <trkpt lat="45.639056" lon="3.077613"><ele>553</ele></trkpt>
   <trkpt lat="45.639226" lon="3.078004"><ele>551.75</ele></trkpt>
   <trkpt lat="45.639284" lon="3.07812"><ele>550.75</ele></trkpt>
   <trkpt lat="45.639349" lon="3.078212"><ele>550.5</ele></trkpt>
   <trkpt lat="45.639548" lon="3.078446"><ele>551.25</ele></trkpt>
   <trkpt lat="45.639611" lon="3.078582"><ele>551</ele></trkpt>
   <trkpt lat="45.639636" lon="3.078693"><ele>550.25</ele></trkpt>
   <trkpt lat="45.639642" lon="3.078791"><ele>549.25</ele></trkpt>
   <trkpt lat="45.63963" lon="3.078859"><ele>548</ele></trkpt>
   <trkpt lat="45.639565" lon="3.079097"><ele>543</ele></trkpt>
   <trkpt lat="45.639557" lon="3.079195"><ele>541.75</ele></trkpt>
   <trkpt lat="45.639567" lon="3.079284"><ele>541</ele></trkpt>
   <trkpt lat="45.639595" lon="3.079399"><ele>540.25</ele></trkpt>
   <trkpt lat="45.63971" lon="3.079699"><ele>541.75</ele></trkpt>
   <trkpt lat="45.63977" lon="3.079909"><ele>541.75</ele></trkpt>
   <trkpt lat="45.639796" lon="3.080051"><ele>541.25</ele></trkpt>
   <trkpt lat="45.639802" lon="3.080199"><ele>540.25</ele></trkpt>
   <trkpt lat="45.639818" lon="3.080346"><ele>539.25</ele></trkpt>
   <trkpt lat="45.639875" lon="3.080687"><ele>537.75</ele></trkpt>
   <trkpt lat="45.639897" lon="3.080769"><ele>537.5</ele></trkpt>
   <trkpt lat="45.640039" lon="3.081105"><ele>537</ele></trkpt>
   <trkpt lat="45.64011" lon="3.081324"><ele>536</ele></trkpt>
   <trkpt lat="45.640133" lon="3.081446"><ele>535</ele></trkpt>
   <trkpt lat="45.640156" lon="3.081622"><ele>533.75</ele></trkpt>
   <trkpt lat="45.640187" lon="3.081974"><ele>533.5</ele></trkpt>
   <trkpt lat="45.640215" lon="3.082069"><ele>534.5</ele></trkpt>
   <trkpt lat="45.640256" lon="3.082152"><ele>536</ele></trkpt>
   <trkpt lat="45.640308" lon="3.08222"><ele>537.5</ele></trkpt>
   <trkpt lat="45.640481" lon="3.082377"><ele>540.75</ele></trkpt>
   <trkpt lat="45.640559" lon="3.082474"><ele>541</ele></trkpt>
   <trkpt lat="45.640626" lon="3.082575"><ele>540</ele></trkpt>
   <trkpt lat="45.640738" lon="3.082841"><ele>536.5</ele></trkpt>
   <trkpt lat="45.640917" lon="3.083507"><ele>528.25</ele></trkpt>
   <trkpt lat="45.640959" lon="3.083632"><ele>527.25</ele></trkpt>
   <trkpt lat="45.641015" lon="3.083765"><ele>526.5</ele></trkpt>
   <trkpt lat="45.641131" lon="3.083959"><ele>525.5</ele></trkpt>
   <trkpt lat="45.641298" lon="3.084156"><ele>524.25</ele></trkpt>
   <trkpt lat="45.641494" lon="3.084315"><ele>523.5</ele></trkpt>
   <trkpt lat="45.641739" lon="3.084452"><ele>523</ele></trkpt>
   <trkpt lat="45.642333" lon="3.084758"><ele>522.5</ele></trkpt>
   <trkpt lat="45.644226" lon="3.085737"><ele>518.75</ele></trkpt>
   <trkpt lat="45.644711" lon="3.085979"><ele>518</ele></trkpt>
   <trkpt lat="45.644983" lon="3.086016"><ele>518</ele></trkpt>
   <trkpt lat="45.645372" lon="3.085921"><ele>517</ele></trkpt>
   <trkpt lat="45.6462" lon="3.085448"><ele>516.5</ele></trkpt>
   <trkpt lat="45.647022" lon="3.084958"><ele>515</ele></trkpt>
   <trkpt lat="45.647208" lon="3.084916"><ele>515</ele></trkpt>
   <trkpt lat="45.648141" lon="3.084942"><ele>514</ele></trkpt>
   <trkpt lat="45.648475" lon="3.084972"><ele>515.25</ele></trkpt>
   <trkpt lat="45.648565" lon="3.085011"><ele>515.75</ele></trkpt>
   <trkpt lat="45.648591" lon="3.085064"><ele>516.25</ele></trkpt>
   <trkpt lat="45.648769" lon="3.084935"><ele>516</ele></trkpt>
   <trkpt lat="45.649151" lon="3.084741"><ele>515.25</ele></trkpt>
   <trkpt lat="45.649485" lon="3.08465"><ele>515</ele></trkpt>
   <trkpt lat="45.649915" lon="3.084679"><ele>514.25</ele></trkpt>
   <trkpt lat="45.650061" lon="3.08467"><ele>513.5</ele></trkpt>
   <trkpt lat="45.650202" lon="3.084629"><ele>512.75</ele></trkpt>
   <trkpt lat="45.650684" lon="3.084378"><ele>512.25</ele></trkpt>
   <trkpt lat="45.651003" lon="3.084279"><ele>512</ele></trkpt>
   <trkpt lat="45.651208" lon="3.084212"><ele>512.25</ele></trkpt>
   <trkpt lat="45.651428" lon="3.084165"><ele>512.75</ele></trkpt>
   <trkpt lat="45.651701" lon="3.084149"><ele>512.25</ele></trkpt>
   <trkpt lat="45.651799" lon="3.084155"><ele>512.25</ele></trkpt>
   <trkpt lat="45.652125" lon="3.084176"><ele>512.5</ele></trkpt>
   <trkpt lat="45.652825" lon="3.084284"><ele>514.5</ele></trkpt>
   <trkpt lat="45.653805" lon="3.084449"><ele>515.25</ele></trkpt>
   <trkpt lat="45.654035" lon="3.084506"><ele>515.5</ele></trkpt>
   <trkpt lat="45.654314" lon="3.08465"><ele>515.75</ele></trkpt>
   <trkpt lat="45.654304" lon="3.084701"><ele>515.75</ele></trkpt>
   <trkpt lat="45.654271" lon="3.084878"><ele>515</ele></trkpt>
   <trkpt lat="45.654369" lon="3.085572"><ele>517.25</ele></trkpt>
   <trkpt lat="45.654513" lon="3.086278"><ele>517</ele></trkpt>
   <trkpt lat="45.654545" lon="3.086793"><ele>518.5</ele></trkpt>
   <trkpt lat="45.654563" lon="3.086887"><ele>519</ele></trkpt>
   <trkpt lat="45.654903" lon="3.08733"><ele>520</ele></trkpt>
   <trkpt lat="45.65508" lon="3.087798"><ele>521.5</ele></trkpt>
   <trkpt lat="45.655333" lon="3.088371"><ele>522.25</ele></trkpt>
   <trkpt lat="45.655974" lon="3.088784"><ele>523.25</ele></trkpt>
   <trkpt lat="45.656027" lon="3.088801"><ele>523</ele></trkpt>
   <trkpt lat="45.656095" lon="3.088777"><ele>522.5</ele></trkpt>
   <trkpt lat="45.656327" lon="3.088516"><ele>521.5</ele></trkpt>
   <trkpt lat="45.656355" lon="3.088494"><ele>521.5</ele></trkpt>
   <trkpt lat="45.656488" lon="3.088523"><ele>520.75</ele></trkpt>
   <trkpt lat="45.656533" lon="3.088519"><ele>520.5</ele></trkpt>
   <trkpt lat="45.656802" lon="3.088409"><ele>520.75</ele></trkpt>
   <trkpt lat="45.65684" lon="3.088564"><ele>520.5</ele></trkpt>
   <trkpt lat="45.656905" lon="3.088725"><ele>520.5</ele></trkpt>
   <trkpt lat="45.657566" lon="3.089643"><ele>519.5</ele></trkpt>
   <trkpt lat="45.657622" lon="3.089705"><ele>519.5</ele></trkpt>
   <trkpt lat="45.657656" lon="3.089741"><ele>519.25</ele></trkpt>
   <trkpt lat="45.657753" lon="3.089813"><ele>519</ele></trkpt>
   <trkpt lat="45.65791" lon="3.089941"><ele>518</ele></trkpt>
   <trkpt lat="45.659466" lon="3.090994"><ele>508.5</ele></trkpt>
   <trkpt lat="45.659524" lon="3.091044"><ele>508.25</ele></trkpt>
   <trkpt lat="45.659637" lon="3.091258"><ele>508.25</ele></trkpt>
   <trkpt lat="45.659697" lon="3.091437"><ele>507</ele></trkpt>
   <trkpt lat="45.659743" lon="3.091698"><ele>505.75</ele></trkpt>
   <trkpt lat="45.65981" lon="3.092121"><ele>505.75</ele></trkpt>
   <trkpt lat="45.659843" lon="3.092226"><ele>505.5</ele></trkpt>
   <trkpt lat="45.659875" lon="3.092298"><ele>506</ele></trkpt>
   <trkpt lat="45.659914" lon="3.092367"><ele>506.5</ele></trkpt>
   <trkpt lat="45.659952" lon="3.092304"><ele>505.5</ele></trkpt>
   <trkpt lat="45.659987" lon="3.092263"><ele>503.75</ele></trkpt>
   <trkpt lat="45.659952" lon="3.092304"><ele>505.5</ele></trkpt>
   <trkpt lat="45.659914" lon="3.092367"><ele>506.5</ele></trkpt>
   <trkpt lat="45.660004" lon="3.092492"><ele>507.75</ele></trkpt>
   <trkpt lat="45.660217" lon="3.092739"><ele>506.5</ele></trkpt>
   <trkpt lat="45.660366" lon="3.092881"><ele>508</ele></trkpt>
   <trkpt lat="45.66059" lon="3.093014"><ele>507.75</ele></trkpt>
   <trkpt lat="45.660751" lon="3.093087"><ele>506.75</ele></trkpt>
   <trkpt lat="45.660932" lon="3.09276"><ele>503.5</ele></trkpt>
   <trkpt lat="45.661058" lon="3.092584"><ele>503.75</ele></trkpt>
   <trkpt lat="45.66116" lon="3.092488"><ele>504</ele></trkpt>
   <trkpt lat="45.661298" lon="3.092404"><ele>504.5</ele></trkpt>
   <trkpt lat="45.661498" lon="3.092337"><ele>504.25</ele></trkpt>
   <trkpt lat="45.661677" lon="3.092382"><ele>502.75</ele></trkpt>
   <trkpt lat="45.662073" lon="3.092584"><ele>502.5</ele></trkpt>
   <trkpt lat="45.662121" lon="3.092629"><ele>502.25</ele></trkpt>
   <trkpt lat="45.66244" lon="3.093371"><ele>503</ele></trkpt>
   <trkpt lat="45.662591" lon="3.093933"><ele>501.5</ele></trkpt>
   <trkpt lat="45.662646" lon="3.094222"><ele>500</ele></trkpt>
   <trkpt lat="45.662663" lon="3.094377"><ele>500</ele></trkpt>
   <trkpt lat="45.662731" lon="3.094366"><ele>500.5</ele></trkpt>
   <trkpt lat="45.662881" lon="3.094288"><ele>500.5</ele></trkpt>
   <trkpt lat="45.663012" lon="3.09424"><ele>499.75</ele></trkpt>
   <trkpt lat="45.66308" lon="3.094267"><ele>499.75</ele></trkpt>
   <trkpt lat="45.663136" lon="3.094363"><ele>500.25</ele></trkpt>
   <trkpt lat="45.663215" lon="3.094631"><ele>500.75</ele></trkpt>
   <trkpt lat="45.663438" lon="3.095214"><ele>498.5</ele></trkpt>
   <trkpt lat="45.66365" lon="3.095763"><ele>496.25</ele></trkpt>
   <trkpt lat="45.664001" lon="3.097104"><ele>491.75</ele></trkpt>
   <trkpt lat="45.664097" lon="3.096987"><ele>491.75</ele></trkpt>
   <trkpt lat="45.664496" lon="3.096342"><ele>492.5</ele></trkpt>
   <trkpt lat="45.664653" lon="3.096175"><ele>492.25</ele></trkpt>
   <trkpt lat="45.664823" lon="3.096054"><ele>493</ele></trkpt>
   <trkpt lat="45.66512" lon="3.095919"><ele>493</ele></trkpt>
   <trkpt lat="45.665216" lon="3.095849"><ele>491.75</ele></trkpt>
   <trkpt lat="45.6654" lon="3.095575"><ele>490.5</ele></trkpt>
   <trkpt lat="45.665505" lon="3.095334"><ele>488.75</ele></trkpt>
   <trkpt lat="45.665667" lon="3.094985"><ele>486.75</ele></trkpt>
   <trkpt lat="45.665887" lon="3.094654"><ele>484.25</ele></trkpt>
   <trkpt lat="45.666139" lon="3.094341"><ele>482.5</ele></trkpt>
   <trkpt lat="45.666445" lon="3.094026"><ele>479.5</ele></trkpt>
   <trkpt lat="45.666564" lon="3.093949"><ele>478.75</ele></trkpt>
   <trkpt lat="45.666702" lon="3.093925"><ele>477.25</ele></trkpt>
   <trkpt lat="45.666855" lon="3.093967"><ele>476</ele></trkpt>
   <trkpt lat="45.666981" lon="3.094047"><ele>475.5</ele></trkpt>
   <trkpt lat="45.667071" lon="3.09413"><ele>475.75</ele></trkpt>
   <trkpt lat="45.667442" lon="3.094474"><ele>477.75</ele></trkpt>
   <trkpt lat="45.667791" lon="3.094593"><ele>480</ele></trkpt>
   <trkpt lat="45.668824" lon="3.094575"><ele>489.75</ele></trkpt>
   <trkpt lat="45.668905" lon="3.094546"><ele>490.5</ele></trkpt>
   <trkpt lat="45.668977" lon="3.094542"><ele>491</ele></trkpt>
   <trkpt lat="45.669605" lon="3.094506"><ele>497.5</ele></trkpt>
   <trkpt lat="45.670243" lon="3.09447"><ele>504</ele></trkpt>
   <trkpt lat="45.670695" lon="3.094424"><ele>508.5</ele></trkpt>
   <trkpt lat="45.671211" lon="3.094287"><ele>513</ele></trkpt>
   <trkpt lat="45.671752" lon="3.094193"><ele>517.25</ele></trkpt>
   <trkpt lat="45.672038" lon="3.094089"><ele>521.25</ele></trkpt>
   <trkpt lat="45.672449" lon="3.093851"><ele>523.75</ele></trkpt>
   <trkpt lat="45.672515" lon="3.093811"><ele>524</ele></trkpt>
   <trkpt lat="45.672881" lon="3.093589"><ele>528.75</ele></trkpt>
   <trkpt lat="45.673004" lon="3.093485"><ele>529.75</ele></trkpt>
   <trkpt lat="45.67312" lon="3.093347"><ele>531.25</ele></trkpt>
   <trkpt lat="45.673226" lon="3.093177"><ele>532</ele></trkpt>
   <trkpt lat="45.673303" lon="3.092981"><ele>533.75</ele></trkpt>
   <trkpt lat="45.673384" lon="3.09274"><ele>535.5</ele></trkpt>
   <trkpt lat="45.673451" lon="3.092584"><ele>534.75</ele></trkpt>
   <trkpt lat="45.673538" lon="3.092408"><ele>537</ele></trkpt>
   <trkpt lat="45.673584" lon="3.092287"><ele>538.25</ele></trkpt>
   <trkpt lat="45.673619" lon="3.092142"><ele>539</ele></trkpt>
   <trkpt lat="45.673687" lon="3.09174"><ele>539.75</ele></trkpt>
   <trkpt lat="45.6737" lon="3.091555"><ele>540</ele></trkpt>
   <trkpt lat="45.67368" lon="3.090858"><ele>542.75</ele></trkpt>
   <trkpt lat="45.673692" lon="3.090611"><ele>544</ele></trkpt>
   <trkpt lat="45.67372" lon="3.090383"><ele>545.5</ele></trkpt>
   <trkpt lat="45.673869" lon="3.08944"><ele>553.25</ele></trkpt>
   <trkpt lat="45.673933" lon="3.089133"><ele>556.5</ele></trkpt>
   <trkpt lat="45.674019" lon="3.08883"><ele>557.5</ele></trkpt>
   <trkpt lat="45.67427" lon="3.088041"><ele>562.25</ele></trkpt>
   <trkpt lat="45.674358" lon="3.087676"><ele>565.75</ele></trkpt>
   <trkpt lat="45.674368" lon="3.087559"><ele>567</ele></trkpt>
   <trkpt lat="45.674366" lon="3.087453"><ele>567.75</ele></trkpt>
   <trkpt lat="45.674353" lon="3.087311"><ele>568.5</ele></trkpt>
   <trkpt lat="45.674248" lon="3.086509"><ele>572.5</ele></trkpt>
   <trkpt lat="45.674231" lon="3.086326"><ele>573.25</ele></trkpt>
   <trkpt lat="45.674224" lon="3.086162"><ele>574.5</ele></trkpt>
   <trkpt lat="45.674237" lon="3.086006"><ele>575.5</ele></trkpt>
   <trkpt lat="45.674265" lon="3.085815"><ele>577</ele></trkpt>
   <trkpt lat="45.674347" lon="3.085399"><ele>580.5</ele></trkpt>
   <trkpt lat="45.674356" lon="3.085355"><ele>581</ele></trkpt>
   <trkpt lat="45.674631" lon="3.084017"><ele>593.25</ele></trkpt>
   <trkpt lat="45.674658" lon="3.083789"><ele>595.25</ele></trkpt>
   <trkpt lat="45.674658" lon="3.083672"><ele>596.25</ele></trkpt>
   <trkpt lat="45.674649" lon="3.08357"><ele>597.25</ele></trkpt>
   <trkpt lat="45.674602" lon="3.083119"><ele>602</ele></trkpt>
   <trkpt lat="45.674595" lon="3.082989"><ele>603</ele></trkpt>
   <trkpt lat="45.674601" lon="3.082863"><ele>604</ele></trkpt>
   <trkpt lat="45.674634" lon="3.08258"><ele>606</ele></trkpt>
   <trkpt lat="45.67464" lon="3.082484"><ele>606.5</ele></trkpt>
   <trkpt lat="45.674593" lon="3.082218"><ele>608</ele></trkpt>
   <trkpt lat="45.67457" lon="3.082115"><ele>608.5</ele></trkpt>
   <trkpt lat="45.674494" lon="3.082157"><ele>607.75</ele></trkpt>
   <trkpt lat="45.674443" lon="3.08215"><ele>607.5</ele></trkpt>
   <trkpt lat="45.674494" lon="3.082157"><ele>607.75</ele></trkpt>
   <trkpt lat="45.67457" lon="3.082115"><ele>608.5</ele></trkpt>
   <trkpt lat="45.67454" lon="3.081979"><ele>609.25</ele></trkpt>
   <trkpt lat="45.674523" lon="3.08191"><ele>609.5</ele></trkpt>
   <trkpt lat="45.674513" lon="3.081875"><ele>609.75</ele></trkpt>
   <trkpt lat="45.674485" lon="3.081787"><ele>609.75</ele></trkpt>
   <trkpt lat="45.674423" lon="3.081645"><ele>610</ele></trkpt>
   <trkpt lat="45.674264" lon="3.081339"><ele>611.5</ele></trkpt>
   <trkpt lat="45.674218" lon="3.081245"><ele>611.75</ele></trkpt>
   <trkpt lat="45.67419" lon="3.081163"><ele>612</ele></trkpt>
   <trkpt lat="45.674138" lon="3.080821"><ele>614.75</ele></trkpt>
   <trkpt lat="45.67402" lon="3.080275"><ele>619.25</ele></trkpt>
   <trkpt lat="45.673967" lon="3.079894"><ele>622.25</ele></trkpt>
   <trkpt lat="45.673972" lon="3.079666"><ele>624.5</ele></trkpt>
   <trkpt lat="45.674116" lon="3.078683"><ele>631.75</ele></trkpt>
   <trkpt lat="45.674208" lon="3.078374"><ele>633.25</ele></trkpt>
   <trkpt lat="45.674319" lon="3.078141"><ele>636.25</ele></trkpt>
   <trkpt lat="45.674349" lon="3.078065"><ele>636.75</ele></trkpt>
   <trkpt lat="45.674396" lon="3.07791"><ele>637.5</ele></trkpt>
   <trkpt lat="45.67447" lon="3.077354"><ele>637.75</ele></trkpt>
   <trkpt lat="45.674508" lon="3.077221"><ele>638.75</ele></trkpt>
   <trkpt lat="45.674869" lon="3.076362"><ele>642.25</ele></trkpt>
   <trkpt lat="45.675292" lon="3.075826"><ele>643</ele></trkpt>
   <trkpt lat="45.675494" lon="3.07565"><ele>643.75</ele></trkpt>
   <trkpt lat="45.675619" lon="3.075631"><ele>644.5</ele></trkpt>
   <trkpt lat="45.675725" lon="3.075638"><ele>645</ele></trkpt>
   <trkpt lat="45.675804" lon="3.075648"><ele>645.5</ele></trkpt>
   <trkpt lat="45.676004" lon="3.075737"><ele>647.25</ele></trkpt>
   <trkpt lat="45.676048" lon="3.075766"><ele>647.75</ele></trkpt>
   <trkpt lat="45.676241" lon="3.075894"><ele>650</ele></trkpt>
   <trkpt lat="45.676787" lon="3.076363"><ele>656</ele></trkpt>
   <trkpt lat="45.676961" lon="3.076478"><ele>657.25</ele></trkpt>
   <trkpt lat="45.677614" lon="3.076798"><ele>661.25</ele></trkpt>
   <trkpt lat="45.677986" lon="3.077055"><ele>663.25</ele></trkpt>
   <trkpt lat="45.678093" lon="3.077197"><ele>664.25</ele></trkpt>
   <trkpt lat="45.678173" lon="3.07735"><ele>665.25</ele></trkpt>
   <trkpt lat="45.678582" lon="3.078074"><ele>667.5</ele></trkpt>
   <trkpt lat="45.678681" lon="3.078334"><ele>669</ele></trkpt>
   <trkpt lat="45.678955" lon="3.079195"><ele>672.75</ele></trkpt>
   <trkpt lat="45.67907" lon="3.079473"><ele>674.5</ele></trkpt>
   <trkpt lat="45.679181" lon="3.079654"><ele>675.25</ele></trkpt>
   <trkpt lat="45.679368" lon="3.079904"><ele>677</ele></trkpt>
   <trkpt lat="45.679514" lon="3.08006"><ele>679</ele></trkpt>
   <trkpt lat="45.679619" lon="3.080109"><ele>680</ele></trkpt>
   <trkpt lat="45.679716" lon="3.080102"><ele>680.25</ele></trkpt>
   <trkpt lat="45.679827" lon="3.080053"><ele>682</ele></trkpt>
   <trkpt lat="45.679963" lon="3.079914"><ele>683</ele></trkpt>
   <trkpt lat="45.680397" lon="3.079449"><ele>686</ele></trkpt>
   <trkpt lat="45.680598" lon="3.079181"><ele>687.5</ele></trkpt>
   <trkpt lat="45.68104" lon="3.078545"><ele>691</ele></trkpt>
   <trkpt lat="45.681102" lon="3.078365"><ele>691.75</ele></trkpt>
   <trkpt lat="45.681137" lon="3.078181"><ele>692.75</ele></trkpt>
   <trkpt lat="45.681154" lon="3.077983"><ele>693.5</ele></trkpt>
   <trkpt lat="45.681165" lon="3.077764"><ele>694</ele></trkpt>
   <trkpt lat="45.681165" lon="3.077578"><ele>695.25</ele></trkpt>
   <trkpt lat="45.681057" lon="3.077069"><ele>697</ele></trkpt>
   <trkpt lat="45.681026" lon="3.076885"><ele>698</ele></trkpt>
   <trkpt lat="45.681022" lon="3.076649"><ele>699.75</ele></trkpt>
   <trkpt lat="45.681047" lon="3.07643"><ele>700.25</ele></trkpt>
   <trkpt lat="45.681116" lon="3.076165"><ele>701</ele></trkpt>
   <trkpt lat="45.681194" lon="3.075832"><ele>703.25</ele></trkpt>
   <trkpt lat="45.681287" lon="3.075647"><ele>704</ele></trkpt>
   <trkpt lat="45.68144" lon="3.075459"><ele>705.25</ele></trkpt>
   <trkpt lat="45.681691" lon="3.075227"><ele>707.25</ele></trkpt>
   <trkpt lat="45.681879" lon="3.075012"><ele>709.75</ele></trkpt>
   <trkpt lat="45.682073" lon="3.07472"><ele>710.25</ele></trkpt>
   <trkpt lat="45.682242" lon="3.074494"><ele>711.5</ele></trkpt>
   <trkpt lat="45.682422" lon="3.074334"><ele>713</ele></trkpt>
   <trkpt lat="45.682618" lon="3.074176"><ele>714.75</ele></trkpt>
   <trkpt lat="45.682751" lon="3.074009"><ele>716</ele></trkpt>
   <trkpt lat="45.682847" lon="3.073767"><ele>717.25</ele></trkpt>
   <trkpt lat="45.683002" lon="3.073304"><ele>719.25</ele></trkpt>
   <trkpt lat="45.683059" lon="3.072988"><ele>721</ele></trkpt>
   <trkpt lat="45.683087" lon="3.072626"><ele>722.25</ele></trkpt>
   <trkpt lat="45.683206" lon="3.071443"><ele>728</ele></trkpt>
   <trkpt lat="45.68321" lon="3.071123"><ele>729.5</ele></trkpt>
   <trkpt lat="45.683179" lon="3.070594"><ele>731.75</ele></trkpt>
   <trkpt lat="45.683199" lon="3.070425"><ele>732</ele></trkpt>
   <trkpt lat="45.683257" lon="3.070234"><ele>732.5</ele></trkpt>
   <trkpt lat="45.683381" lon="3.069936"><ele>734.5</ele></trkpt>
   <trkpt lat="45.683622" lon="3.069462"><ele>737.75</ele></trkpt>
   <trkpt lat="45.683724" lon="3.069282"><ele>738.75</ele></trkpt>
   <trkpt lat="45.684138" lon="3.068644"><ele>741.75</ele></trkpt>
   <trkpt lat="45.684467" lon="3.068115"><ele>744.5</ele></trkpt>
   <trkpt lat="45.684547" lon="3.067947"><ele>745</ele></trkpt>
   <trkpt lat="45.684577" lon="3.067829"><ele>745.5</ele></trkpt>
   <trkpt lat="45.684598" lon="3.067676"><ele>746.25</ele></trkpt>
   <trkpt lat="45.684595" lon="3.067443"><ele>747</ele></trkpt>
   <trkpt lat="45.684566" lon="3.06663"><ele>750.75</ele></trkpt>
   <trkpt lat="45.684566" lon="3.066367"><ele>752</ele></trkpt>
   <trkpt lat="45.68465" lon="3.06476"><ele>758.75</ele></trkpt>
   <trkpt lat="45.684634" lon="3.064447"><ele>759.25</ele></trkpt>
   <trkpt lat="45.68452" lon="3.063643"><ele>762</ele></trkpt>
   <trkpt lat="45.684435" lon="3.061167"><ele>769.75</ele></trkpt>
   <trkpt lat="45.684462" lon="3.060641"><ele>771.5</ele></trkpt>
   <trkpt lat="45.684498" lon="3.060242"><ele>773.5</ele></trkpt>
   <trkpt lat="45.684512" lon="3.059693"><ele>775.5</ele></trkpt>
   <trkpt lat="45.684491" lon="3.058744"><ele>779.25</ele></trkpt>
   <trkpt lat="45.684508" lon="3.058458"><ele>780.75</ele></trkpt>
   <trkpt lat="45.684617" lon="3.057642"><ele>785</ele></trkpt>
   <trkpt lat="45.68463" lon="3.057537"><ele>785.75</ele></trkpt>
   <trkpt lat="45.68469" lon="3.05707"><ele>788.5</ele></trkpt>
   <trkpt lat="45.684724" lon="3.056657"><ele>788.75</ele></trkpt>
   <trkpt lat="45.684704" lon="3.056318"><ele>788</ele></trkpt>
   <trkpt lat="45.684687" lon="3.055756"><ele>787.5</ele></trkpt>
   <trkpt lat="45.684686" lon="3.055316"><ele>787</ele></trkpt>
   <trkpt lat="45.684716" lon="3.054861"><ele>786</ele></trkpt>
   <trkpt lat="45.684754" lon="3.054568"><ele>785.75</ele></trkpt>
   <trkpt lat="45.684844" lon="3.054291"><ele>785.75</ele></trkpt>
   <trkpt lat="45.685085" lon="3.053716"><ele>783.75</ele></trkpt>
   <trkpt lat="45.685441" lon="3.05223"><ele>785.25</ele></trkpt>
   <trkpt lat="45.685594" lon="3.051457"><ele>787.5</ele></trkpt>
   <trkpt lat="45.685642" lon="3.051059"><ele>789.25</ele></trkpt>
   <trkpt lat="45.685759" lon="3.049238"><ele>792.75</ele></trkpt>
   <trkpt lat="45.685834" lon="3.048896"><ele>793.75</ele></trkpt>
   <trkpt lat="45.68594" lon="3.048559"><ele>793.5</ele></trkpt>
   <trkpt lat="45.686321" lon="3.047224"><ele>793.75</ele></trkpt>
   <trkpt lat="45.686356" lon="3.046955"><ele>793.5</ele></trkpt>
   <trkpt lat="45.686343" lon="3.046652"><ele>793.75</ele></trkpt>
   <trkpt lat="45.686329" lon="3.045825"><ele>794.5</ele></trkpt>
   <trkpt lat="45.686332" lon="3.044298"><ele>799</ele></trkpt>
   <trkpt lat="45.686413" lon="3.04309"><ele>804.75</ele></trkpt>
   <trkpt lat="45.686489" lon="3.041957"><ele>811.75</ele></trkpt>
   <trkpt lat="45.686556" lon="3.041558"><ele>814.5</ele></trkpt>
   <trkpt lat="45.68685" lon="3.040571"><ele>820</ele></trkpt>
   <trkpt lat="45.686914" lon="3.040125"><ele>823.5</ele></trkpt>
   <trkpt lat="45.687024" lon="3.038534"><ele>831.5</ele></trkpt>
   <trkpt lat="45.686955" lon="3.037372"><ele>838</ele></trkpt>
   <trkpt lat="45.686992" lon="3.035737"><ele>846</ele></trkpt>
   <trkpt lat="45.687022" lon="3.035611"><ele>847.25</ele></trkpt>
   <trkpt lat="45.687092" lon="3.035488"><ele>848</ele></trkpt>
   <trkpt lat="45.687161" lon="3.035418"><ele>848.5</ele></trkpt>
   <trkpt lat="45.687285" lon="3.035364"><ele>849.5</ele></trkpt>
   <trkpt lat="45.687475" lon="3.03538"><ele>849.75</ele></trkpt>
   <trkpt lat="45.687567" lon="3.035351"><ele>849.5</ele></trkpt>
   <trkpt lat="45.68765" lon="3.035287"><ele>850</ele></trkpt>
   <trkpt lat="45.687746" lon="3.03515"><ele>851.25</ele></trkpt>
   <trkpt lat="45.687841" lon="3.034957"><ele>853.5</ele></trkpt>
   <trkpt lat="45.687902" lon="3.034833"><ele>854.75</ele></trkpt>
   <trkpt lat="45.688101" lon="3.034503"><ele>856</ele></trkpt>
   <trkpt lat="45.688157" lon="3.034331"><ele>857.25</ele></trkpt>
   <trkpt lat="45.688178" lon="3.034143"><ele>859</ele></trkpt>
   <trkpt lat="45.688193" lon="3.033688"><ele>862.25</ele></trkpt>
   <trkpt lat="45.688227" lon="3.033483"><ele>862.75</ele></trkpt>
   <trkpt lat="45.688289" lon="3.033357"><ele>862.5</ele></trkpt>
   <trkpt lat="45.688369" lon="3.033282"><ele>863</ele></trkpt>
   <trkpt lat="45.688495" lon="3.033207"><ele>864.75</ele></trkpt>
   <trkpt lat="45.688574" lon="3.033212"><ele>865</ele></trkpt>
   <trkpt lat="45.688613" lon="3.033215"><ele>865.25</ele></trkpt>
   <trkpt lat="45.68875" lon="3.03329"><ele>866</ele></trkpt>
   <trkpt lat="45.689332" lon="3.03384"><ele>868.5</ele></trkpt>
   <trkpt lat="45.689821" lon="3.034524"><ele>869</ele></trkpt>
   <trkpt lat="45.690089" lon="3.034825"><ele>868.5</ele></trkpt>
   <trkpt lat="45.690264" lon="3.034948"><ele>870</ele></trkpt>
   <trkpt lat="45.690419" lon="3.035018"><ele>869.5</ele></trkpt>
   <trkpt lat="45.690583" lon="3.035042"><ele>870</ele></trkpt>
   <trkpt lat="45.690739" lon="3.035029"><ele>870.25</ele></trkpt>
   <trkpt lat="45.69105" lon="3.034922"><ele>872.5</ele></trkpt>
   <trkpt lat="45.691131" lon="3.034895"><ele>872.75</ele></trkpt>
   <trkpt lat="45.6913" lon="3.034793"><ele>874</ele></trkpt>
   <trkpt lat="45.692016" lon="3.0341"><ele>878.75</ele></trkpt>
   <trkpt lat="45.692041" lon="3.03406"><ele>879</ele></trkpt>
   <trkpt lat="45.692083" lon="3.033992"><ele>879.25</ele></trkpt>
   <trkpt lat="45.691322" lon="3.03401"><ele>882</ele></trkpt>
   <trkpt lat="45.690981" lon="3.034138"><ele>883</ele></trkpt>
   <trkpt lat="45.690838" lon="3.034216"><ele>883.5</ele></trkpt>
   <trkpt lat="45.690761" lon="3.034235"><ele>883.75</ele></trkpt>
   <trkpt lat="45.690465" lon="3.034241"><ele>885.5</ele></trkpt>
   <trkpt lat="45.69049" lon="3.034115"><ele>886.75</ele></trkpt>
   <trkpt lat="45.690529" lon="3.033988"><ele>887.25</ele></trkpt>
   <trkpt lat="45.690518" lon="3.033679"><ele>889.75</ele></trkpt>
   <trkpt lat="45.690529" lon="3.033988"><ele>887.25</ele></trkpt>
   <trkpt lat="45.69049" lon="3.034115"><ele>886.75</ele></trkpt>
   <trkpt lat="45.690465" lon="3.034241"><ele>885.5</ele></trkpt>
   <trkpt lat="45.690761" lon="3.034235"><ele>883.75</ele></trkpt>
   <trkpt lat="45.690838" lon="3.034216"><ele>883.5</ele></trkpt>
   <trkpt lat="45.690981" lon="3.034138"><ele>883</ele></trkpt>
   <trkpt lat="45.691322" lon="3.03401"><ele>882</ele></trkpt>
   <trkpt lat="45.692083" lon="3.033992"><ele>879.25</ele></trkpt>
   <trkpt lat="45.692658" lon="3.033855"><ele>876</ele></trkpt>
   <trkpt lat="45.69293" lon="3.033779"><ele>875</ele></trkpt>
   <trkpt lat="45.693349" lon="3.033642"><ele>873.5</ele></trkpt>
   <trkpt lat="45.693542" lon="3.033562"><ele>873.25</ele></trkpt>
   <trkpt lat="45.694503" lon="3.032871"><ele>868.75</ele></trkpt>
   <trkpt lat="45.694689" lon="3.032763"><ele>868.25</ele></trkpt>
   <trkpt lat="45.694889" lon="3.032693"><ele>867.5</ele></trkpt>
   <trkpt lat="45.694913" lon="3.032685"><ele>867.5</ele></trkpt>
   <trkpt lat="45.695401" lon="3.03251"><ele>865</ele></trkpt>
   <trkpt lat="45.696588" lon="3.032142"><ele>858</ele></trkpt>
   <trkpt lat="45.697472" lon="3.031848"><ele>854.75</ele></trkpt>
   <trkpt lat="45.697771" lon="3.031785"><ele>853</ele></trkpt>
   <trkpt lat="45.698744" lon="3.031675"><ele>849.25</ele></trkpt>
   <trkpt lat="45.6993" lon="3.03162"><ele>847</ele></trkpt>
   <trkpt lat="45.699812" lon="3.031583"><ele>845</ele></trkpt>
   <trkpt lat="45.69997" lon="3.031545"><ele>844.25</ele></trkpt>
   <trkpt lat="45.7001" lon="3.031482"><ele>844.25</ele></trkpt>
   <trkpt lat="45.700242" lon="3.031369"><ele>844.25</ele></trkpt>
   <trkpt lat="45.700344" lon="3.031254"><ele>844.5</ele></trkpt>
   <trkpt lat="45.700522" lon="3.030931"><ele>844.5</ele></trkpt>
   <trkpt lat="45.701586" lon="3.028728"><ele>844</ele></trkpt>
   <trkpt lat="45.701979" lon="3.02797"><ele>843.75</ele></trkpt>
   <trkpt lat="45.702092" lon="3.027784"><ele>843.75</ele></trkpt>
   <trkpt lat="45.702155" lon="3.027697"><ele>843.75</ele></trkpt>
   <trkpt lat="45.702568" lon="3.027321"><ele>840</ele></trkpt>
   <trkpt lat="45.702716" lon="3.027134"><ele>839</ele></trkpt>
   <trkpt lat="45.702836" lon="3.026865"><ele>837</ele></trkpt>
   <trkpt lat="45.703012" lon="3.026393"><ele>835</ele></trkpt>
   <trkpt lat="45.703144" lon="3.025919"><ele>830.5</ele></trkpt>
   <trkpt lat="45.703259" lon="3.025154"><ele>827.5</ele></trkpt>
   <trkpt lat="45.703451" lon="3.024281"><ele>823.25</ele></trkpt>
   <trkpt lat="45.703457" lon="3.024068"><ele>822.25</ele></trkpt>
   <trkpt lat="45.703427" lon="3.023857"><ele>820.5</ele></trkpt>
   <trkpt lat="45.70322" lon="3.023256"><ele>816</ele></trkpt>
   <trkpt lat="45.703201" lon="3.023083"><ele>814</ele></trkpt>
   <trkpt lat="45.703219" lon="3.022883"><ele>813.5</ele></trkpt>
   <trkpt lat="45.703281" lon="3.022696"><ele>813</ele></trkpt>
   <trkpt lat="45.703355" lon="3.022602"><ele>811.75</ele></trkpt>
   <trkpt lat="45.703571" lon="3.022433"><ele>811</ele></trkpt>
   <trkpt lat="45.703711" lon="3.022417"><ele>809.75</ele></trkpt>
   <trkpt lat="45.70389" lon="3.02238"><ele>807.75</ele></trkpt>
   <trkpt lat="45.70396" lon="3.02238"><ele>807</ele></trkpt>
   <trkpt lat="45.704057" lon="3.022332"><ele>806</ele></trkpt>
   <trkpt lat="45.704151" lon="3.022227"><ele>806</ele></trkpt>
   <trkpt lat="45.704311" lon="3.022013"><ele>803.75</ele></trkpt>
   <trkpt lat="45.704415" lon="3.021908"><ele>804</ele></trkpt>
   <trkpt lat="45.704491" lon="3.021861"><ele>804.25</ele></trkpt>
   <trkpt lat="45.704574" lon="3.021839"><ele>804.5</ele></trkpt>
   <trkpt lat="45.70466" lon="3.021804"><ele>804.75</ele></trkpt>
   <trkpt lat="45.70471" lon="3.02179"><ele>805</ele></trkpt>
   <trkpt lat="45.70476" lon="3.021758"><ele>805.25</ele></trkpt>
   <trkpt lat="45.704805" lon="3.021694"><ele>805.5</ele></trkpt>
   <trkpt lat="45.704845" lon="3.021616"><ele>805.75</ele></trkpt>
   <trkpt lat="45.704892" lon="3.021466"><ele>806.5</ele></trkpt>
   <trkpt lat="45.704924" lon="3.021323"><ele>807</ele></trkpt>
   <trkpt lat="45.704971" lon="3.02116"><ele>807.75</ele></trkpt>
   <trkpt lat="45.705018" lon="3.021024"><ele>808</ele></trkpt>
   <trkpt lat="45.70512" lon="3.020883"><ele>808.25</ele></trkpt>
   <trkpt lat="45.705157" lon="3.020838"><ele>808.25</ele></trkpt>
   <trkpt lat="45.705237" lon="3.020841"><ele>808</ele></trkpt>
   <trkpt lat="45.705302" lon="3.020737"><ele>808.25</ele></trkpt>
   <trkpt lat="45.705381" lon="3.020654"><ele>808.25</ele></trkpt>
   <trkpt lat="45.705576" lon="3.020524"><ele>807.75</ele></trkpt>
   <trkpt lat="45.705695" lon="3.020973"><ele>806</ele></trkpt>
   <trkpt lat="45.705745" lon="3.021178"><ele>805.75</ele></trkpt>
   <trkpt lat="45.705816" lon="3.021437"><ele>806.5</ele></trkpt>
   <trkpt lat="45.705874" lon="3.021655"><ele>807</ele></trkpt>
   <trkpt lat="45.706" lon="3.022129"><ele>806</ele></trkpt>
   <trkpt lat="45.706051" lon="3.022357"><ele>805.75</ele></trkpt>
   <trkpt lat="45.706132" lon="3.022768"><ele>805.75</ele></trkpt>
   <trkpt lat="45.706163" lon="3.022968"><ele>805.25</ele></trkpt>
   <trkpt lat="45.706205" lon="3.023395"><ele>805</ele></trkpt>
   <trkpt lat="45.706223" lon="3.023631"><ele>805.75</ele></trkpt>
   <trkpt lat="45.706246" lon="3.024526"><ele>803.5</ele></trkpt>
   <trkpt lat="45.706288" lon="3.024525"><ele>804.25</ele></trkpt>
   <trkpt lat="45.706348" lon="3.02454"><ele>805.25</ele></trkpt>
   <trkpt lat="45.706395" lon="3.024631"><ele>806</ele></trkpt>
   <trkpt lat="45.706739" lon="3.026122"><ele>813</ele></trkpt>
   <trkpt lat="45.7067" lon="3.026565"><ele>812.5</ele></trkpt>
   <trkpt lat="45.706714" lon="3.027039"><ele>812.5</ele></trkpt>
   <trkpt lat="45.706741" lon="3.027623"><ele>809.5</ele></trkpt>
   <trkpt lat="45.706867" lon="3.028102"><ele>808.5</ele></trkpt>
   <trkpt lat="45.707132" lon="3.028476"><ele>805.5</ele></trkpt>
   <trkpt lat="45.707778" lon="3.028908"><ele>809.5</ele></trkpt>
   <trkpt lat="45.707967" lon="3.029147"><ele>808.25</ele></trkpt>
   <trkpt lat="45.708128" lon="3.02931"><ele>809.5</ele></trkpt>
   <trkpt lat="45.708249" lon="3.029435"><ele>809.5</ele></trkpt>
   <trkpt lat="45.70831" lon="3.02963"><ele>808.5</ele></trkpt>
   <trkpt lat="45.708198" lon="3.029935"><ele>807.25</ele></trkpt>
   <trkpt lat="45.7077" lon="3.03081"><ele>812.75</ele></trkpt>
   <trkpt lat="45.707568" lon="3.031187"><ele>814.25</ele></trkpt>
   <trkpt lat="45.707378" lon="3.031524"><ele>815</ele></trkpt>
   <trkpt lat="45.707219" lon="3.031895"><ele>816</ele></trkpt>
   <trkpt lat="45.706998" lon="3.032165"><ele>815.25</ele></trkpt>
   <trkpt lat="45.706903" lon="3.032355"><ele>813.75</ele></trkpt>
   <trkpt lat="45.706914" lon="3.032563"><ele>813.25</ele></trkpt>
   <trkpt lat="45.707015" lon="3.032807"><ele>813.25</ele></trkpt>
   <trkpt lat="45.70709" lon="3.03304"><ele>812.75</ele></trkpt>
   <trkpt lat="45.707153" lon="3.033449"><ele>812.25</ele></trkpt>
   <trkpt lat="45.707159" lon="3.03382"><ele>813</ele></trkpt>
   <trkpt lat="45.707124" lon="3.03404"><ele>813.5</ele></trkpt>
   <trkpt lat="45.707098" lon="3.0342"><ele>813.5</ele></trkpt>
   <trkpt lat="45.707098" lon="3.034511"><ele>813</ele></trkpt>
   <trkpt lat="45.70717" lon="3.034729"><ele>811.5</ele></trkpt>
   <trkpt lat="45.707203" lon="3.034801"><ele>811.25</ele></trkpt>
   <trkpt lat="45.707219" lon="3.034836"><ele>811.25</ele></trkpt>
   <trkpt lat="45.707346" lon="3.035112"><ele>810.5</ele></trkpt>
   <trkpt lat="45.707536" lon="3.03578"><ele>815</ele></trkpt>
   <trkpt lat="45.707507" lon="3.036088"><ele>814</ele></trkpt>
   <trkpt lat="45.707508" lon="3.036149"><ele>814</ele></trkpt>
   <trkpt lat="45.707519" lon="3.037224"><ele>809.25</ele></trkpt>
   <trkpt lat="45.707551" lon="3.037534"><ele>808.25</ele></trkpt>
   <trkpt lat="45.707614" lon="3.038039"><ele>807.75</ele></trkpt>
   <trkpt lat="45.707602" lon="3.038106"><ele>807.75</ele></trkpt>
   <trkpt lat="45.707556" lon="3.03839"><ele>808</ele></trkpt>
   <trkpt lat="45.706926" lon="3.040256"><ele>803.75</ele></trkpt>
   <trkpt lat="45.706662" lon="3.041079"><ele>803.75</ele></trkpt>
   <trkpt lat="45.706593" lon="3.041198"><ele>803.25</ele></trkpt>
   <trkpt lat="45.707088" lon="3.041765"><ele>801.75</ele></trkpt>
   <trkpt lat="45.70714" lon="3.041826"><ele>801.75</ele></trkpt>
   <trkpt lat="45.707443" lon="3.042082"><ele>800.5</ele></trkpt>
   <trkpt lat="45.707592" lon="3.042152"><ele>800.25</ele></trkpt>
   <trkpt lat="45.707762" lon="3.042236"><ele>799.75</ele></trkpt>
   <trkpt lat="45.708024" lon="3.042304"><ele>798.75</ele></trkpt>
   <trkpt lat="45.708274" lon="3.042317"><ele>797.25</ele></trkpt>
   <trkpt lat="45.708095" lon="3.042959"><ele>791.75</ele></trkpt>
   <trkpt lat="45.70797" lon="3.043167"><ele>789.75</ele></trkpt>
   <trkpt lat="45.707834" lon="3.043567"><ele>786.75</ele></trkpt>
   <trkpt lat="45.707756" lon="3.043847"><ele>785</ele></trkpt>
   <trkpt lat="45.707744" lon="3.043871"><ele>784.75</ele></trkpt>
   <trkpt lat="45.707693" lon="3.043894"><ele>784.5</ele></trkpt>
   <trkpt lat="45.707523" lon="3.043934"><ele>783.75</ele></trkpt>
   <trkpt lat="45.707257" lon="3.043992"><ele>782.25</ele></trkpt>
   <trkpt lat="45.707091" lon="3.044037"><ele>781.25</ele></trkpt>
   <trkpt lat="45.706982" lon="3.044078"><ele>780.75</ele></trkpt>
   <trkpt lat="45.70661" lon="3.044168"><ele>778.75</ele></trkpt>
   <trkpt lat="45.706376" lon="3.044263"><ele>777.25</ele></trkpt>
   <trkpt lat="45.706322" lon="3.044307"><ele>777</ele></trkpt>
   <trkpt lat="45.706273" lon="3.044389"><ele>776.5</ele></trkpt>
   <trkpt lat="45.706212" lon="3.044588"><ele>774.25</ele></trkpt>
   <trkpt lat="45.706193" lon="3.044651"><ele>773.25</ele></trkpt>
   <trkpt lat="45.706115" lon="3.04505"><ele>769.75</ele></trkpt>
   <trkpt lat="45.705991" lon="3.04587"><ele>765.75</ele></trkpt>
   <trkpt lat="45.705932" lon="3.046112"><ele>764</ele></trkpt>
   <trkpt lat="45.70575" lon="3.045975"><ele>764</ele></trkpt>
   <trkpt lat="45.705631" lon="3.045929"><ele>764.5</ele></trkpt>
   <trkpt lat="45.705574" lon="3.045921"><ele>764.5</ele></trkpt>
   <trkpt lat="45.705451" lon="3.045932"><ele>765.75</ele></trkpt>
   <trkpt lat="45.70538" lon="3.045969"><ele>766.25</ele></trkpt>
   <trkpt lat="45.705255" lon="3.046081"><ele>766.75</ele></trkpt>
   <trkpt lat="45.705201" lon="3.046151"><ele>767.25</ele></trkpt>
   <trkpt lat="45.704932" lon="3.046581"><ele>767.75</ele></trkpt>
   <trkpt lat="45.704867" lon="3.04666"><ele>768</ele></trkpt>
   <trkpt lat="45.704795" lon="3.046715"><ele>767.75</ele></trkpt>
   <trkpt lat="45.704631" lon="3.046814"><ele>768</ele></trkpt>
   <trkpt lat="45.704607" lon="3.046864"><ele>768</ele></trkpt>
   <trkpt lat="45.705024" lon="3.047015"><ele>765.5</ele></trkpt>
   <trkpt lat="45.705224" lon="3.047118"><ele>764.25</ele></trkpt>
   <trkpt lat="45.705352" lon="3.047211"><ele>763.75</ele></trkpt>
   <trkpt lat="45.705537" lon="3.047379"><ele>761.5</ele></trkpt>
   <trkpt lat="45.705648" lon="3.047515"><ele>760.5</ele></trkpt>
   <trkpt lat="45.705713" lon="3.047615"><ele>759.25</ele></trkpt>
   <trkpt lat="45.705772" lon="3.047723"><ele>758.75</ele></trkpt>
   <trkpt lat="45.705829" lon="3.047843"><ele>759.25</ele></trkpt>
   <trkpt lat="45.705896" lon="3.048009"><ele>758</ele></trkpt>
   <trkpt lat="45.705979" lon="3.048293"><ele>755.25</ele></trkpt>
   <trkpt lat="45.70603" lon="3.048571"><ele>754.75</ele></trkpt>
   <trkpt lat="45.706046" lon="3.048717"><ele>754.5</ele></trkpt>
   <trkpt lat="45.706053" lon="3.048867"><ele>754.25</ele></trkpt>
   <trkpt lat="45.706055" lon="3.049168"><ele>753.75</ele></trkpt>
   <trkpt lat="45.706027" lon="3.049774"><ele>751</ele></trkpt>
   <trkpt lat="45.705964" lon="3.050623"><ele>747.75</ele></trkpt>
   <trkpt lat="45.705888" lon="3.051884"><ele>747.75</ele></trkpt>
   <trkpt lat="45.705888" lon="3.052192"><ele>747</ele></trkpt>
   <trkpt lat="45.705909" lon="3.052457"><ele>746.5</ele></trkpt>
   <trkpt lat="45.705936" lon="3.052662"><ele>745.75</ele></trkpt>
   <trkpt lat="45.705974" lon="3.052822"><ele>745</ele></trkpt>
   <trkpt lat="45.706061" lon="3.053066"><ele>743</ele></trkpt>
   <trkpt lat="45.706134" lon="3.053231"><ele>743</ele></trkpt>
   <trkpt lat="45.706192" lon="3.053321"><ele>743.25</ele></trkpt>
   <trkpt lat="45.706375" lon="3.053548"><ele>741.5</ele></trkpt>
   <trkpt lat="45.706521" lon="3.053691"><ele>741.5</ele></trkpt>
   <trkpt lat="45.70662" lon="3.053779"><ele>741.25</ele></trkpt>
   <trkpt lat="45.706812" lon="3.05395"><ele>739</ele></trkpt>
   <trkpt lat="45.707017" lon="3.054132"><ele>739</ele></trkpt>
   <trkpt lat="45.707155" lon="3.054255"><ele>738</ele></trkpt>
   <trkpt lat="45.707181" lon="3.054275"><ele>737.75</ele></trkpt>
   <trkpt lat="45.70705" lon="3.054376"><ele>736.5</ele></trkpt>
   <trkpt lat="45.706985" lon="3.054396"><ele>736.5</ele></trkpt>
   <trkpt lat="45.706841" lon="3.054438"><ele>735.5</ele></trkpt>
   <trkpt lat="45.706646" lon="3.054466"><ele>734.25</ele></trkpt>
   <trkpt lat="45.706562" lon="3.054489"><ele>733.5</ele></trkpt>
   <trkpt lat="45.706431" lon="3.054688"><ele>731</ele></trkpt>
   <trkpt lat="45.706394" lon="3.054727"><ele>730.75</ele></trkpt>
   <trkpt lat="45.706335" lon="3.054768"><ele>730</ele></trkpt>
   <trkpt lat="45.706281" lon="3.054783"><ele>729.5</ele></trkpt>
   <trkpt lat="45.706363" lon="3.054856"><ele>728.5</ele></trkpt>
   <trkpt lat="45.706281" lon="3.054783"><ele>729.5</ele></trkpt>
   <trkpt lat="45.706149" lon="3.05477"><ele>729.25</ele></trkpt>
   <trkpt lat="45.706058" lon="3.054788"><ele>729</ele></trkpt>
   <trkpt lat="45.705917" lon="3.05487"><ele>727.75</ele></trkpt>
   <trkpt lat="45.705862" lon="3.054903"><ele>727.25</ele></trkpt>
   <trkpt lat="45.705599" lon="3.055005"><ele>726.75</ele></trkpt>
   <trkpt lat="45.705276" lon="3.055131"><ele>726</ele></trkpt>
   <trkpt lat="45.705176" lon="3.055211"><ele>725.25</ele></trkpt>
   <trkpt lat="45.705118" lon="3.055222"><ele>725.25</ele></trkpt>
   <trkpt lat="45.704944" lon="3.055254"><ele>724.75</ele></trkpt>
   <trkpt lat="45.704918" lon="3.055533"><ele>722.5</ele></trkpt>
   <trkpt lat="45.704806" lon="3.055691"><ele>720.75</ele></trkpt>
   <trkpt lat="45.704663" lon="3.055713"><ele>719.5</ele></trkpt>
   <trkpt lat="45.70431" lon="3.055768"><ele>718.5</ele></trkpt>
   <trkpt lat="45.704138" lon="3.055837"><ele>719</ele></trkpt>
   <trkpt lat="45.70399" lon="3.055948"><ele>718.75</ele></trkpt>
   <trkpt lat="45.703394" lon="3.05639"><ele>717.5</ele></trkpt>
   <trkpt lat="45.703329" lon="3.056438"><ele>717.25</ele></trkpt>
   <trkpt lat="45.703116" lon="3.056507"><ele>717</ele></trkpt>
   <trkpt lat="45.702898" lon="3.056578"><ele>716.25</ele></trkpt>
   <trkpt lat="45.702757" lon="3.056605"><ele>715.75</ele></trkpt>
   <trkpt lat="45.702399" lon="3.056674"><ele>714.5</ele></trkpt>
   <trkpt lat="45.701972" lon="3.056647"><ele>714</ele></trkpt>
   <trkpt lat="45.701891" lon="3.056618"><ele>713.75</ele></trkpt>
   <trkpt lat="45.701833" lon="3.056597"><ele>713.25</ele></trkpt>
   <trkpt lat="45.7018" lon="3.056568"><ele>713.25</ele></trkpt>
   <trkpt lat="45.701614" lon="3.05641"><ele>712.5</ele></trkpt>
   <trkpt lat="45.701529" lon="3.056323"><ele>712</ele></trkpt>
   <trkpt lat="45.701466" lon="3.056259"><ele>711.5</ele></trkpt>
   <trkpt lat="45.701206" lon="3.055949"><ele>708.75</ele></trkpt>
   <trkpt lat="45.700985" lon="3.055726"><ele>707.25</ele></trkpt>
   <trkpt lat="45.700679" lon="3.055442"><ele>706.75</ele></trkpt>
   <trkpt lat="45.700439" lon="3.055254"><ele>706</ele></trkpt>
   <trkpt lat="45.700199" lon="3.055099"><ele>703.25</ele></trkpt>
   <trkpt lat="45.699894" lon="3.054936"><ele>699.25</ele></trkpt>
   <trkpt lat="45.699498" lon="3.054764"><ele>696.5</ele></trkpt>
   <trkpt lat="45.69915" lon="3.054301"><ele>692.75</ele></trkpt>
   <trkpt lat="45.699108" lon="3.054052"><ele>691</ele></trkpt>
   <trkpt lat="45.699168" lon="3.053786"><ele>689</ele></trkpt>
   <trkpt lat="45.699288" lon="3.053511"><ele>685.5</ele></trkpt>
   <trkpt lat="45.699498" lon="3.053228"><ele>682.5</ele></trkpt>
   <trkpt lat="45.69969" lon="3.05291"><ele>679.75</ele></trkpt>
   <trkpt lat="45.69981" lon="3.052679"><ele>677.75</ele></trkpt>
   <trkpt lat="45.69987" lon="3.052455"><ele>676.5</ele></trkpt>
   <trkpt lat="45.69987" lon="3.052363"><ele>676.75</ele></trkpt>
   <trkpt lat="45.69987" lon="3.052112"><ele>677.25</ele></trkpt>
   <trkpt lat="45.699825" lon="3.051978"><ele>677.25</ele></trkpt>
   <trkpt lat="45.699786" lon="3.051859"><ele>677</ele></trkpt>
   <trkpt lat="45.699397" lon="3.051624"><ele>676</ele></trkpt>
   <trkpt lat="45.698819" lon="3.051393"><ele>673.75</ele></trkpt>
   <trkpt lat="45.698708" lon="3.051534"><ele>673</ele></trkpt>
   <trkpt lat="45.698658" lon="3.051951"><ele>669.75</ele></trkpt>
   <trkpt lat="45.698612" lon="3.052278"><ele>665.25</ele></trkpt>
   <trkpt lat="45.698458" lon="3.052762"><ele>662</ele></trkpt>
   <trkpt lat="45.698296" lon="3.053259"><ele>660.75</ele></trkpt>
   <trkpt lat="45.698125" lon="3.053893"><ele>660.5</ele></trkpt>
   <trkpt lat="45.698009" lon="3.054038"><ele>658.75</ele></trkpt>
   <trkpt lat="45.697707" lon="3.054194"><ele>656.75</ele></trkpt>
   <trkpt lat="45.69556" lon="3.055447"><ele>640.75</ele></trkpt>
   <trkpt lat="45.695293" lon="3.055567"><ele>641.25</ele></trkpt>
   <trkpt lat="45.695042" lon="3.055593"><ele>640.25</ele></trkpt>
   <trkpt lat="45.694574" lon="3.055552"><ele>635.75</ele></trkpt>
   <trkpt lat="45.694456" lon="3.055527"><ele>634.25</ele></trkpt>
   <trkpt lat="45.694247" lon="3.055567"><ele>630</ele></trkpt>
   <trkpt lat="45.693898" lon="3.055924"><ele>621.5</ele></trkpt>
   <trkpt lat="45.693903" lon="3.056"><ele>621</ele></trkpt>
   <trkpt lat="45.694005" lon="3.056393"><ele>621.25</ele></trkpt>
   <trkpt lat="45.694121" lon="3.056744"><ele>622</ele></trkpt>
   <trkpt lat="45.694161" lon="3.056913"><ele>622</ele></trkpt>
   <trkpt lat="45.694228" lon="3.05727"><ele>623.25</ele></trkpt>
   <trkpt lat="45.694268" lon="3.057398"><ele>624.75</ele></trkpt>
   <trkpt lat="45.694339" lon="3.057544"><ele>626.5</ele></trkpt>
   <trkpt lat="45.694421" lon="3.057675"><ele>627.5</ele></trkpt>
   <trkpt lat="45.69478" lon="3.058162"><ele>622.75</ele></trkpt>
   <trkpt lat="45.695082" lon="3.058595"><ele>618.75</ele></trkpt>
   <trkpt lat="45.695404" lon="3.05947"><ele>616</ele></trkpt>
   <trkpt lat="45.69564" lon="3.060189"><ele>616</ele></trkpt>
   <trkpt lat="45.695711" lon="3.060622"><ele>615.5</ele></trkpt>
   <trkpt lat="45.695771" lon="3.061049"><ele>614.75</ele></trkpt>
   <trkpt lat="45.695867" lon="3.061577"><ele>614.25</ele></trkpt>
   <trkpt lat="45.69593" lon="3.061966"><ele>613.25</ele></trkpt>
   <trkpt lat="45.695945" lon="3.062083"><ele>613.5</ele></trkpt>
   <trkpt lat="45.69595" lon="3.062241"><ele>613.5</ele></trkpt>
   <trkpt lat="45.695947" lon="3.062402"><ele>613.5</ele></trkpt>
   <trkpt lat="45.695867" lon="3.063242"><ele>611.25</ele></trkpt>
   <trkpt lat="45.695761" lon="3.063861"><ele>609.75</ele></trkpt>
   <trkpt lat="45.695505" lon="3.06443"><ele>606.25</ele></trkpt>
   <trkpt lat="45.695424" lon="3.06461"><ele>604.75</ele></trkpt>
   <trkpt lat="45.695308" lon="3.065088"><ele>602.25</ele></trkpt>
   <trkpt lat="45.695121" lon="3.065966"><ele>600.25</ele></trkpt>
   <trkpt lat="45.695048" lon="3.066337"><ele>600</ele></trkpt>
   <trkpt lat="45.695022" lon="3.066468"><ele>600</ele></trkpt>
   <trkpt lat="45.694904" lon="3.066972"><ele>598.75</ele></trkpt>
   <trkpt lat="45.694755" lon="3.067492"><ele>598</ele></trkpt>
   <trkpt lat="45.694312" lon="3.068699"><ele>595.5</ele></trkpt>
   <trkpt lat="45.694296" lon="3.068756"><ele>595.5</ele></trkpt>
   <trkpt lat="45.694192" lon="3.069116"><ele>595</ele></trkpt>
   <trkpt lat="45.694167" lon="3.069574"><ele>596</ele></trkpt>
   <trkpt lat="45.694215" lon="3.069713"><ele>596.25</ele></trkpt>
   <trkpt lat="45.694064" lon="3.07002"><ele>594.75</ele></trkpt>
   <trkpt lat="45.694014" lon="3.070193"><ele>593.25</ele></trkpt>
   <trkpt lat="45.693977" lon="3.070422"><ele>591.25</ele></trkpt>
   <trkpt lat="45.693971" lon="3.071317"><ele>587.25</ele></trkpt>
   <trkpt lat="45.69401" lon="3.072831"><ele>582.5</ele></trkpt>
   <trkpt lat="45.694005" lon="3.07469"><ele>579.5</ele></trkpt>
   <trkpt lat="45.694005" lon="3.07523"><ele>578</ele></trkpt>
   <trkpt lat="45.693964" lon="3.07612"><ele>579.25</ele></trkpt>
   <trkpt lat="45.693902" lon="3.076403"><ele>578.25</ele></trkpt>
   <trkpt lat="45.693811" lon="3.076666"><ele>577.5</ele></trkpt>
   <trkpt lat="45.693633" lon="3.077114"><ele>575.5</ele></trkpt>
   <trkpt lat="45.69355" lon="3.077385"><ele>574.5</ele></trkpt>
   <trkpt lat="45.69349" lon="3.077632"><ele>574</ele></trkpt>
   <trkpt lat="45.693382" lon="3.077919"><ele>572.5</ele></trkpt>
   <trkpt lat="45.693298" lon="3.078093"><ele>571</ele></trkpt>
   <trkpt lat="45.693243" lon="3.078191"><ele>571.5</ele></trkpt>
   <trkpt lat="45.693141" lon="3.078359"><ele>570.5</ele></trkpt>
   <trkpt lat="45.693054" lon="3.078481"><ele>568.25</ele></trkpt>
   <trkpt lat="45.693005" lon="3.078577"><ele>567.25</ele></trkpt>
   <trkpt lat="45.692967" lon="3.078665"><ele>566.75</ele></trkpt>
   <trkpt lat="45.692911" lon="3.078907"><ele>566.75</ele></trkpt>
   <trkpt lat="45.692737" lon="3.080492"><ele>559.5</ele></trkpt>
   <trkpt lat="45.692654" lon="3.081398"><ele>556.5</ele></trkpt>
   <trkpt lat="45.692608" lon="3.081756"><ele>555.25</ele></trkpt>
   <trkpt lat="45.692146" lon="3.08382"><ele>549.25</ele></trkpt>
   <trkpt lat="45.692123" lon="3.083976"><ele>548.75</ele></trkpt>
   <trkpt lat="45.692059" lon="3.084729"><ele>547.5</ele></trkpt>
   <trkpt lat="45.691986" lon="3.085751"><ele>550</ele></trkpt>
   <trkpt lat="45.692023" lon="3.086163"><ele>549.5</ele></trkpt>
   <trkpt lat="45.692057" lon="3.086708"><ele>548.75</ele></trkpt>
   <trkpt lat="45.692061" lon="3.086981"><ele>550</ele></trkpt>
   <trkpt lat="45.692039" lon="3.087179"><ele>549.75</ele></trkpt>
   <trkpt lat="45.691955" lon="3.087594"><ele>550</ele></trkpt>
   <trkpt lat="45.691924" lon="3.087806"><ele>549.75</ele></trkpt>
   <trkpt lat="45.691915" lon="3.087946"><ele>549.25</ele></trkpt>
   <trkpt lat="45.691915" lon="3.088088"><ele>549</ele></trkpt>
   <trkpt lat="45.691927" lon="3.088267"><ele>547.75</ele></trkpt>
   <trkpt lat="45.692089" lon="3.089401"><ele>548.75</ele></trkpt>
   <trkpt lat="45.692128" lon="3.08956"><ele>546.25</ele></trkpt>
   <trkpt lat="45.692181" lon="3.089722"><ele>542.75</ele></trkpt>
   <trkpt lat="45.692455" lon="3.09041"><ele>544.25</ele></trkpt>
   <trkpt lat="45.692677" lon="3.091072"><ele>543</ele></trkpt>
   <trkpt lat="45.692744" lon="3.091236"><ele>543</ele></trkpt>
   <trkpt lat="45.692931" lon="3.091555"><ele>542.75</ele></trkpt>
   <trkpt lat="45.692984" lon="3.091667"><ele>542.75</ele></trkpt>
   <trkpt lat="45.69304" lon="3.091805"><ele>543.5</ele></trkpt>
   <trkpt lat="45.693084" lon="3.091962"><ele>543</ele></trkpt>
   <trkpt lat="45.693178" lon="3.092221"><ele>541.5</ele></trkpt>
   <trkpt lat="45.693269" lon="3.092392"><ele>542</ele></trkpt>
   <trkpt lat="45.693337" lon="3.0925"><ele>543</ele></trkpt>
   <trkpt lat="45.69341" lon="3.092582"><ele>542</ele></trkpt>
   <trkpt lat="45.693524" lon="3.092696"><ele>541.75</ele></trkpt>
   <trkpt lat="45.693642" lon="3.092761"><ele>542</ele></trkpt>
   <trkpt lat="45.693738" lon="3.092803"><ele>540.75</ele></trkpt>
   <trkpt lat="45.693848" lon="3.092826"><ele>540</ele></trkpt>
   <trkpt lat="45.693978" lon="3.092828"><ele>539.75</ele></trkpt>
   <trkpt lat="45.694224" lon="3.0928"><ele>539.25</ele></trkpt>
   <trkpt lat="45.694352" lon="3.092821"><ele>538.5</ele></trkpt>
   <trkpt lat="45.69446" lon="3.092871"><ele>537.25</ele></trkpt>
   <trkpt lat="45.694572" lon="3.092952"><ele>536</ele></trkpt>
   <trkpt lat="45.694816" lon="3.093174"><ele>533.25</ele></trkpt>
   <trkpt lat="45.694983" lon="3.093371"><ele>533</ele></trkpt>
   <trkpt lat="45.695052" lon="3.093485"><ele>532.25</ele></trkpt>
   <trkpt lat="45.695112" lon="3.093612"><ele>531.5</ele></trkpt>
   <trkpt lat="45.695172" lon="3.093798"><ele>531.75</ele></trkpt>
   <trkpt lat="45.695214" lon="3.093994"><ele>531.25</ele></trkpt>
   <trkpt lat="45.695249" lon="3.094246"><ele>530.75</ele></trkpt>
   <trkpt lat="45.695248" lon="3.094596"><ele>531.25</ele></trkpt>
   <trkpt lat="45.695238" lon="3.095192"><ele>532.5</ele></trkpt>
   <trkpt lat="45.694554" lon="3.095322"><ele>530.25</ele></trkpt>
   <trkpt lat="45.694546" lon="3.094802"><ele>529.5</ele></trkpt>
   <trkpt lat="45.694154" lon="3.094802"><ele>527.5</ele></trkpt>
   <trkpt lat="45.694142" lon="3.094564"><ele>521.5</ele></trkpt>
   <trkpt lat="45.694122" lon="3.094156"><ele>521.5</ele></trkpt>
   <trkpt lat="45.694285" lon="3.094128"><ele>523</ele></trkpt>
   <trkpt lat="45.694927" lon="3.094193"><ele>528.25</ele></trkpt>
   <trkpt lat="45.695148" lon="3.09423"><ele>530</ele></trkpt>
   <trkpt lat="45.695212" lon="3.09424"><ele>530.5</ele></trkpt>
   <trkpt lat="45.695249" lon="3.094246"><ele>530.75</ele></trkpt>
   <trkpt lat="45.695279" lon="3.094268"><ele>531</ele></trkpt>
   <trkpt lat="45.695476" lon="3.094321"><ele>532</ele></trkpt>
   <trkpt lat="45.695854" lon="3.094423"><ele>534</ele></trkpt>
   <trkpt lat="45.696103" lon="3.094438"><ele>535.75</ele></trkpt>
   <trkpt lat="45.696221" lon="3.094438"><ele>536.25</ele></trkpt>
   <trkpt lat="45.696375" lon="3.09442"><ele>536.75</ele></trkpt>
   <trkpt lat="45.697104" lon="3.09416"><ele>542</ele></trkpt>
   <trkpt lat="45.697511" lon="3.093994"><ele>545</ele></trkpt>
   <trkpt lat="45.697707" lon="3.093969"><ele>545.75</ele></trkpt>
   <trkpt lat="45.697912" lon="3.09399"><ele>547.25</ele></trkpt>
   <trkpt lat="45.698137" lon="3.094038"><ele>548.75</ele></trkpt>
   <trkpt lat="45.698621" lon="3.094163"><ele>552</ele></trkpt>
   <trkpt lat="45.698995" lon="3.0942"><ele>553.5</ele></trkpt>
   <trkpt lat="45.69972" lon="3.094163"><ele>557.75</ele></trkpt>
   <trkpt lat="45.699833" lon="3.094129"><ele>558.25</ele></trkpt>
   <trkpt lat="45.69994" lon="3.094073"><ele>559</ele></trkpt>
   <trkpt lat="45.700025" lon="3.093983"><ele>559.5</ele></trkpt>
   <trkpt lat="45.700081" lon="3.093814"><ele>560.25</ele></trkpt>
   <trkpt lat="45.700112" lon="3.093596"><ele>560.75</ele></trkpt>
   <trkpt lat="45.700113" lon="3.093157"><ele>562.75</ele></trkpt>
   <trkpt lat="45.700081" lon="3.092885"><ele>564.5</ele></trkpt>
   <trkpt lat="45.700013" lon="3.092678"><ele>566</ele></trkpt>
   <trkpt lat="45.699842" lon="3.092425"><ele>567.75</ele></trkpt>
   <trkpt lat="45.699647" lon="3.092223"><ele>570.25</ele></trkpt>
   <trkpt lat="45.699597" lon="3.09214"><ele>570.75</ele></trkpt>
   <trkpt lat="45.699574" lon="3.092002"><ele>571.75</ele></trkpt>
   <trkpt lat="45.699591" lon="3.091917"><ele>572.5</ele></trkpt>
   <trkpt lat="45.699648" lon="3.09183"><ele>573.5</ele></trkpt>
   <trkpt lat="45.699734" lon="3.091788"><ele>574.75</ele></trkpt>
   <trkpt lat="45.699873" lon="3.091739"><ele>576</ele></trkpt>
   <trkpt lat="45.700156" lon="3.091663"><ele>579</ele></trkpt>
   <trkpt lat="45.700595" lon="3.091485"><ele>582.75</ele></trkpt>
   <trkpt lat="45.700815" lon="3.09144"><ele>584</ele></trkpt>
   <trkpt lat="45.701033" lon="3.09145"><ele>586.25</ele></trkpt>
   <trkpt lat="45.702009" lon="3.091571"><ele>595</ele></trkpt>
   <trkpt lat="45.702712" lon="3.091467"><ele>600.5</ele></trkpt>
   <trkpt lat="45.702849" lon="3.091466"><ele>601.75</ele></trkpt>
   <trkpt lat="45.702982" lon="3.091521"><ele>603.25</ele></trkpt>
   <trkpt lat="45.70312" lon="3.091618"><ele>604.5</ele></trkpt>
   <trkpt lat="45.703283" lon="3.091784"><ele>606</ele></trkpt>
   <trkpt lat="45.703558" lon="3.092101"><ele>609.25</ele></trkpt>
   <trkpt lat="45.703761" lon="3.092275"><ele>611.25</ele></trkpt>
   <trkpt lat="45.703973" lon="3.092343"><ele>613</ele></trkpt>
   <trkpt lat="45.704201" lon="3.092344"><ele>615</ele></trkpt>
   <trkpt lat="45.705052" lon="3.092248"><ele>620.75</ele></trkpt>
   <trkpt lat="45.70536" lon="3.092249"><ele>623.25</ele></trkpt>
   <trkpt lat="45.705787" lon="3.092305"><ele>626.75</ele></trkpt>
   <trkpt lat="45.706009" lon="3.092361"><ele>629</ele></trkpt>
   <trkpt lat="45.706244" lon="3.092454"><ele>631.25</ele></trkpt>
   <trkpt lat="45.706272" lon="3.092465"><ele>631.75</ele></trkpt>
   <trkpt lat="45.706597" lon="3.092697"><ele>635</ele></trkpt>
   <trkpt lat="45.706751" lon="3.092782"><ele>636.5</ele></trkpt>
   <trkpt lat="45.706953" lon="3.092823"><ele>638.5</ele></trkpt>
   <trkpt lat="45.707137" lon="3.092813"><ele>640.25</ele></trkpt>
   <trkpt lat="45.707344" lon="3.092723"><ele>643</ele></trkpt>
   <trkpt lat="45.70749" lon="3.09265"><ele>644.75</ele></trkpt>
   <trkpt lat="45.707974" lon="3.092326"><ele>649.25</ele></trkpt>
   <trkpt lat="45.708045" lon="3.092277"><ele>649.75</ele></trkpt>
   <trkpt lat="45.70814" lon="3.092212"><ele>650.5</ele></trkpt>
   <trkpt lat="45.708579" lon="3.091971"><ele>654</ele></trkpt>
   <trkpt lat="45.710182" lon="3.091171"><ele>659.25</ele></trkpt>
   <trkpt lat="45.710448" lon="3.091025"><ele>659.75</ele></trkpt>
   <trkpt lat="45.710756" lon="3.090907"><ele>660.5</ele></trkpt>
   <trkpt lat="45.71089" lon="3.090888"><ele>660.75</ele></trkpt>
   <trkpt lat="45.710937" lon="3.090882"><ele>660.5</ele></trkpt>
   <trkpt lat="45.710977" lon="3.090913"><ele>660.5</ele></trkpt>
   <trkpt lat="45.711023" lon="3.090925"><ele>660.5</ele></trkpt>
   <trkpt lat="45.711075" lon="3.090915"><ele>660.25</ele></trkpt>
   <trkpt lat="45.711121" lon="3.090881"><ele>660</ele></trkpt>
   <trkpt lat="45.711157" lon="3.090826"><ele>659.75</ele></trkpt>
   <trkpt lat="45.711174" lon="3.090776"><ele>659.75</ele></trkpt>
   <trkpt lat="45.711182" lon="3.090722"><ele>659.75</ele></trkpt>
   <trkpt lat="45.711267" lon="3.090532"><ele>659.25</ele></trkpt>
   <trkpt lat="45.711434" lon="3.090281"><ele>658.75</ele></trkpt>
   <trkpt lat="45.712459" lon="3.089132"><ele>656</ele></trkpt>
   <trkpt lat="45.712506" lon="3.089081"><ele>655.5</ele></trkpt>
   <trkpt lat="45.712585" lon="3.088996"><ele>654.75</ele></trkpt>
   <trkpt lat="45.712856" lon="3.088827"><ele>652.25</ele></trkpt>
   <trkpt lat="45.713509" lon="3.088546"><ele>645.25</ele></trkpt>
   <trkpt lat="45.713685" lon="3.088483"><ele>643.5</ele></trkpt>
   <trkpt lat="45.713839" lon="3.088462"><ele>641.5</ele></trkpt>
   <trkpt lat="45.713983" lon="3.088475"><ele>639.75</ele></trkpt>
   <trkpt lat="45.714139" lon="3.088532"><ele>638.25</ele></trkpt>
   <trkpt lat="45.714292" lon="3.088609"><ele>636.5</ele></trkpt>
   <trkpt lat="45.714437" lon="3.088749"><ele>635.5</ele></trkpt>
   <trkpt lat="45.714585" lon="3.088926"><ele>633.75</ele></trkpt>
   <trkpt lat="45.714752" lon="3.089151"><ele>631.5</ele></trkpt>
   <trkpt lat="45.714906" lon="3.089398"><ele>630.25</ele></trkpt>
   <trkpt lat="45.715163" lon="3.089907"><ele>626.5</ele></trkpt>
   <trkpt lat="45.715263" lon="3.090044"><ele>625.25</ele></trkpt>
   <trkpt lat="45.71565" lon="3.090436"><ele>622</ele></trkpt>
   <trkpt lat="45.715795" lon="3.090622"><ele>619.75</ele></trkpt>
   <trkpt lat="45.716065" lon="3.090999"><ele>617.25</ele></trkpt>
   <trkpt lat="45.716188" lon="3.091117"><ele>616</ele></trkpt>
   <trkpt lat="45.716293" lon="3.091183"><ele>615</ele></trkpt>
   <trkpt lat="45.716389" lon="3.091227"><ele>613.75</ele></trkpt>
   <trkpt lat="45.716524" lon="3.091267"><ele>612.75</ele></trkpt>
   <trkpt lat="45.717032" lon="3.091274"><ele>610.25</ele></trkpt>
   <trkpt lat="45.717327" lon="3.091231"><ele>608.25</ele></trkpt>
   <trkpt lat="45.7177" lon="3.091155"><ele>605.75</ele></trkpt>
   <trkpt lat="45.717834" lon="3.091158"><ele>605</ele></trkpt>
   <trkpt lat="45.717946" lon="3.091176"><ele>604.5</ele></trkpt>
   <trkpt lat="45.718062" lon="3.09122"><ele>604.25</ele></trkpt>
   <trkpt lat="45.718175" lon="3.091297"><ele>602.75</ele></trkpt>
   <trkpt lat="45.718387" lon="3.091462"><ele>600.75</ele></trkpt>
   <trkpt lat="45.71878" lon="3.091825"><ele>597.25</ele></trkpt>
   <trkpt lat="45.718882" lon="3.09196"><ele>597</ele></trkpt>
   <trkpt lat="45.718956" lon="3.092121"><ele>595.25</ele></trkpt>
   <trkpt lat="45.719047" lon="3.092397"><ele>593.75</ele></trkpt>
   <trkpt lat="45.719129" lon="3.09263"><ele>592.5</ele></trkpt>
   <trkpt lat="45.71923" lon="3.092835"><ele>591.5</ele></trkpt>
   <trkpt lat="45.719301" lon="3.092928"><ele>591</ele></trkpt>
   <trkpt lat="45.719419" lon="3.093041"><ele>590</ele></trkpt>
   <trkpt lat="45.719655" lon="3.093183"><ele>588</ele></trkpt>
   <trkpt lat="45.719906" lon="3.093307"><ele>585.75</ele></trkpt>
   <trkpt lat="45.72013" lon="3.093431"><ele>583.75</ele></trkpt>
   <trkpt lat="45.720309" lon="3.093561"><ele>582.5</ele></trkpt>
   <trkpt lat="45.720494" lon="3.093745"><ele>581.25</ele></trkpt>
   <trkpt lat="45.720641" lon="3.093928"><ele>579</ele></trkpt>
   <trkpt lat="45.720725" lon="3.094032"><ele>578.25</ele></trkpt>
   <trkpt lat="45.720793" lon="3.094118"><ele>577.5</ele></trkpt>
   <trkpt lat="45.721021" lon="3.094404"><ele>575</ele></trkpt>
   <trkpt lat="45.721093" lon="3.094514"><ele>574</ele></trkpt>
   <trkpt lat="45.721182" lon="3.094687"><ele>573.5</ele></trkpt>
   <trkpt lat="45.721299" lon="3.094967"><ele>571</ele></trkpt>
   <trkpt lat="45.721334" lon="3.095051"><ele>570.25</ele></trkpt>
   <trkpt lat="45.721376" lon="3.095161"><ele>569.5</ele></trkpt>
   <trkpt lat="45.72145" lon="3.095314"><ele>568</ele></trkpt>
   <trkpt lat="45.721561" lon="3.095475"><ele>566.5</ele></trkpt>
   <trkpt lat="45.721906" lon="3.095815"><ele>564.25</ele></trkpt>
   <trkpt lat="45.72207" lon="3.095991"><ele>563</ele></trkpt>
   <trkpt lat="45.722161" lon="3.096165"><ele>561.75</ele></trkpt>
   <trkpt lat="45.72222" lon="3.096418"><ele>559.75</ele></trkpt>
   <trkpt lat="45.72228" lon="3.096975"><ele>557</ele></trkpt>
   <trkpt lat="45.722343" lon="3.097221"><ele>555.75</ele></trkpt>
   <trkpt lat="45.722413" lon="3.097385"><ele>554.75</ele></trkpt>
   <trkpt lat="45.722543" lon="3.097601"><ele>553.25</ele></trkpt>
   <trkpt lat="45.722661" lon="3.097716"><ele>552.5</ele></trkpt>
   <trkpt lat="45.722817" lon="3.097808"><ele>551.25</ele></trkpt>
   <trkpt lat="45.722934" lon="3.097842"><ele>549.75</ele></trkpt>
   <trkpt lat="45.72306" lon="3.097859"><ele>548.5</ele></trkpt>
   <trkpt lat="45.723402" lon="3.097826"><ele>546.5</ele></trkpt>
   <trkpt lat="45.723509" lon="3.097816"><ele>545.5</ele></trkpt>
   <trkpt lat="45.723645" lon="3.097803"><ele>544.5</ele></trkpt>
   <trkpt lat="45.723743" lon="3.097815"><ele>543.75</ele></trkpt>
   <trkpt lat="45.723833" lon="3.097876"><ele>542.75</ele></trkpt>
   <trkpt lat="45.723895" lon="3.097943"><ele>541.5</ele></trkpt>
   <trkpt lat="45.723973" lon="3.098125"><ele>540</ele></trkpt>
   <trkpt lat="45.723983" lon="3.098284"><ele>539.5</ele></trkpt>
   <trkpt lat="45.723974" lon="3.098469"><ele>538.25</ele></trkpt>
   <trkpt lat="45.723947" lon="3.098723"><ele>536.25</ele></trkpt>
   <trkpt lat="45.723967" lon="3.098849"><ele>535</ele></trkpt>
   <trkpt lat="45.724007" lon="3.098961"><ele>534.5</ele></trkpt>
   <trkpt lat="45.724076" lon="3.099074"><ele>534</ele></trkpt>
   <trkpt lat="45.724157" lon="3.099123"><ele>533.75</ele></trkpt>
   <trkpt lat="45.724266" lon="3.099134"><ele>533.25</ele></trkpt>
   <trkpt lat="45.724352" lon="3.099097"><ele>532.75</ele></trkpt>
   <trkpt lat="45.724628" lon="3.098879"><ele>530.75</ele></trkpt>
   <trkpt lat="45.724782" lon="3.098744"><ele>528.5</ele></trkpt>
   <trkpt lat="45.724907" lon="3.098697"><ele>528.5</ele></trkpt>
   <trkpt lat="45.724992" lon="3.098704"><ele>529.25</ele></trkpt>
   <trkpt lat="45.725055" lon="3.09873"><ele>528.5</ele></trkpt>
   <trkpt lat="45.725127" lon="3.098809"><ele>527.5</ele></trkpt>
   <trkpt lat="45.725178" lon="3.09888"><ele>526.75</ele></trkpt>
   <trkpt lat="45.725215" lon="3.098989"><ele>525.25</ele></trkpt>
   <trkpt lat="45.725225" lon="3.099158"><ele>524</ele></trkpt>
   <trkpt lat="45.725192" lon="3.09957"><ele>522</ele></trkpt>
   <trkpt lat="45.725156" lon="3.100014"><ele>519</ele></trkpt>
   <trkpt lat="45.725113" lon="3.10055"><ele>517.75</ele></trkpt>
   <trkpt lat="45.725094" lon="3.100745"><ele>515.5</ele></trkpt>
   <trkpt lat="45.725078" lon="3.10103"><ele>513.25</ele></trkpt>
   <trkpt lat="45.725096" lon="3.101153"><ele>512.25</ele></trkpt>
   <trkpt lat="45.725128" lon="3.101242"><ele>511.25</ele></trkpt>
   <trkpt lat="45.725171" lon="3.101311"><ele>509.75</ele></trkpt>
   <trkpt lat="45.725216" lon="3.101344"><ele>508.5</ele></trkpt>
   <trkpt lat="45.725266" lon="3.101404"><ele>507.25</ele></trkpt>
   <trkpt lat="45.725327" lon="3.101421"><ele>506.75</ele></trkpt>
   <trkpt lat="45.725507" lon="3.101393"><ele>505.25</ele></trkpt>
   <trkpt lat="45.725751" lon="3.101343"><ele>504</ele></trkpt>
   <trkpt lat="45.725884" lon="3.101326"><ele>502.75</ele></trkpt>
   <trkpt lat="45.725918" lon="3.101328"><ele>502.5</ele></trkpt>
   <trkpt lat="45.725952" lon="3.101319"><ele>502</ele></trkpt>
   <trkpt lat="45.72611" lon="3.101265"><ele>500</ele></trkpt>
   <trkpt lat="45.726166" lon="3.101259"><ele>499.25</ele></trkpt>
   <trkpt lat="45.726278" lon="3.101278"><ele>498.25</ele></trkpt>
   <trkpt lat="45.726391" lon="3.101261"><ele>497</ele></trkpt>
   <trkpt lat="45.726472" lon="3.101237"><ele>496</ele></trkpt>
   <trkpt lat="45.726551" lon="3.101199"><ele>495.25</ele></trkpt>
   <trkpt lat="45.726614" lon="3.101179"><ele>494.5</ele></trkpt>
   <trkpt lat="45.726845" lon="3.101025"><ele>492</ele></trkpt>
   <trkpt lat="45.727015" lon="3.100884"><ele>489.75</ele></trkpt>
   <trkpt lat="45.727054" lon="3.100841"><ele>489.25</ele></trkpt>
   <trkpt lat="45.727141" lon="3.100817"><ele>488.5</ele></trkpt>
   <trkpt lat="45.72717" lon="3.100816"><ele>488.25</ele></trkpt>
   <trkpt lat="45.727416" lon="3.100765"><ele>485.75</ele></trkpt>
   <trkpt lat="45.727495" lon="3.100773"><ele>485</ele></trkpt>
   <trkpt lat="45.727689" lon="3.100818"><ele>483.5</ele></trkpt>
   <trkpt lat="45.728113" lon="3.100826"><ele>480.5</ele></trkpt>
   <trkpt lat="45.728133" lon="3.100827"><ele>480.25</ele></trkpt>
   <trkpt lat="45.728266" lon="3.100838"><ele>479.5</ele></trkpt>
   <trkpt lat="45.728334" lon="3.100835"><ele>479</ele></trkpt>
   <trkpt lat="45.728304" lon="3.100523"><ele>479.25</ele></trkpt>
   <trkpt lat="45.728328" lon="3.100486"><ele>479</ele></trkpt>
   <trkpt lat="45.728559" lon="3.100431"><ele>476.75</ele></trkpt>
   <trkpt lat="45.728534" lon="3.100281"><ele>477.5</ele></trkpt>
   <trkpt lat="45.7285" lon="3.100187"><ele>477.75</ele></trkpt>
   <trkpt lat="45.728514" lon="3.100141"><ele>477.5</ele></trkpt>
   <trkpt lat="45.728681" lon="3.100074"><ele>476</ele></trkpt>
   <trkpt lat="45.728892" lon="3.100023"><ele>473.75</ele></trkpt>
   <trkpt lat="45.728981" lon="3.099951"><ele>470.5</ele></trkpt>
   <trkpt lat="45.729141" lon="3.099824"><ele>470.5</ele></trkpt>
   <trkpt lat="45.729257" lon="3.099942"><ele>470</ele></trkpt>
   <trkpt lat="45.729285" lon="3.09999"><ele>470</ele></trkpt>
   <trkpt lat="45.729367" lon="3.100112"><ele>469.5</ele></trkpt>
   <trkpt lat="45.729414" lon="3.100213"><ele>469</ele></trkpt>
   <trkpt lat="45.729561" lon="3.10014"><ele>468.25</ele></trkpt>
   <trkpt lat="45.729647" lon="3.100081"><ele>467.75</ele></trkpt>
   <trkpt lat="45.729721" lon="3.10006"><ele>467</ele></trkpt>
   <trkpt lat="45.729831" lon="3.100082"><ele>466.25</ele></trkpt>
   <trkpt lat="45.729997" lon="3.100055"><ele>465</ele></trkpt>
   <trkpt lat="45.730462" lon="3.099969"><ele>462.25</ele></trkpt>
   <trkpt lat="45.730708" lon="3.099937"><ele>461.25</ele></trkpt>
   <trkpt lat="45.730752" lon="3.099933"><ele>461</ele></trkpt>
   <trkpt lat="45.730915" lon="3.09992"><ele>460</ele></trkpt>
   <trkpt lat="45.731122" lon="3.09992"><ele>458.5</ele></trkpt>
   <trkpt lat="45.731179" lon="3.09992"><ele>458.25</ele></trkpt>
   <trkpt lat="45.731176" lon="3.099956"><ele>458.25</ele></trkpt>
   <trkpt lat="45.731181" lon="3.099992"><ele>458.25</ele></trkpt>
   <trkpt lat="45.731208" lon="3.100043"><ele>458.25</ele></trkpt>
   <trkpt lat="45.731225" lon="3.100056"><ele>458.25</ele></trkpt>
   <trkpt lat="45.731338" lon="3.100221"><ele>458</ele></trkpt>
   <trkpt lat="45.73146" lon="3.100367"><ele>457.75</ele></trkpt>
   <trkpt lat="45.731617" lon="3.100498"><ele>457</ele></trkpt>
   <trkpt lat="45.731681" lon="3.100549"><ele>456.75</ele></trkpt>
   <trkpt lat="45.731841" lon="3.100644"><ele>456.5</ele></trkpt>
   <trkpt lat="45.731959" lon="3.100714"><ele>456.25</ele></trkpt>
   <trkpt lat="45.732274" lon="3.100909"><ele>455</ele></trkpt>
   <trkpt lat="45.732469" lon="3.101049"><ele>454</ele></trkpt>
   <trkpt lat="45.732771" lon="3.101254"><ele>453</ele></trkpt>
   <trkpt lat="45.73311" lon="3.101518"><ele>451</ele></trkpt>
   <trkpt lat="45.733415" lon="3.101688"><ele>448.75</ele></trkpt>
   <trkpt lat="45.73395" lon="3.101986"><ele>445.25</ele></trkpt>
   <trkpt lat="45.734023" lon="3.102026"><ele>444.75</ele></trkpt>
   <trkpt lat="45.734117" lon="3.102067"><ele>444.25</ele></trkpt>
   <trkpt lat="45.734309" lon="3.102152"><ele>442.75</ele></trkpt>
   <trkpt lat="45.734459" lon="3.102195"><ele>441.75</ele></trkpt>
   <trkpt lat="45.734536" lon="3.102239"><ele>441.5</ele></trkpt>
   <trkpt lat="45.734603" lon="3.102297"><ele>441</ele></trkpt>
   <trkpt lat="45.734604" lon="3.102345"><ele>440.75</ele></trkpt>
   <trkpt lat="45.734616" lon="3.10239"><ele>440.75</ele></trkpt>
   <trkpt lat="45.734636" lon="3.102425"><ele>440.5</ele></trkpt>
   <trkpt lat="45.734664" lon="3.102447"><ele>440.25</ele></trkpt>
   <trkpt lat="45.734695" lon="3.102456"><ele>440.25</ele></trkpt>
   <trkpt lat="45.734725" lon="3.10245"><ele>440</ele></trkpt>
   <trkpt lat="45.734752" lon="3.102432"><ele>440</ele></trkpt>
   <trkpt lat="45.734774" lon="3.102402"><ele>439.75</ele></trkpt>
   <trkpt lat="45.734789" lon="3.102359"><ele>440</ele></trkpt>
   <trkpt lat="45.734793" lon="3.102312"><ele>440</ele></trkpt>
   <trkpt lat="45.734848" lon="3.102244"><ele>440</ele></trkpt>
   <trkpt lat="45.734937" lon="3.10216"><ele>439.25</ele></trkpt>
   <trkpt lat="45.735141" lon="3.102109"><ele>437.75</ele></trkpt>
   <trkpt lat="45.735422" lon="3.102049"><ele>436.25</ele></trkpt>
   <trkpt lat="45.735594" lon="3.102012"><ele>435.5</ele></trkpt>
   <trkpt lat="45.735773" lon="3.101987"><ele>434.25</ele></trkpt>
   <trkpt lat="45.73593" lon="3.101997"><ele>433.5</ele></trkpt>
   <trkpt lat="45.736043" lon="3.102015"><ele>433</ele></trkpt>
   <trkpt lat="45.736114" lon="3.102035"><ele>432.5</ele></trkpt>
   <trkpt lat="45.736183" lon="3.102088"><ele>432</ele></trkpt>
   <trkpt lat="45.736269" lon="3.102095"><ele>431.75</ele></trkpt>
   <trkpt lat="45.736342" lon="3.102096"><ele>431.5</ele></trkpt>
   <trkpt lat="45.73637" lon="3.102146"><ele>431.25</ele></trkpt>
   <trkpt lat="45.736407" lon="3.102183"><ele>431</ele></trkpt>
   <trkpt lat="45.736449" lon="3.102205"><ele>430.75</ele></trkpt>
   <trkpt lat="45.736494" lon="3.102208"><ele>430.5</ele></trkpt>
   <trkpt lat="45.736545" lon="3.102286"><ele>430</ele></trkpt>
   <trkpt lat="45.736671" lon="3.102437"><ele>429</ele></trkpt>
   <trkpt lat="45.736824" lon="3.102687"><ele>427.75</ele></trkpt>
   <trkpt lat="45.737101" lon="3.103144"><ele>425.5</ele></trkpt>
   <trkpt lat="45.737151" lon="3.103226"><ele>425.25</ele></trkpt>
   <trkpt lat="45.73734" lon="3.103559"><ele>424.5</ele></trkpt>
   <trkpt lat="45.737521" lon="3.10388"><ele>423</ele></trkpt>
   <trkpt lat="45.737629" lon="3.104098"><ele>422.5</ele></trkpt>
   <trkpt lat="45.737712" lon="3.104269"><ele>422.25</ele></trkpt>
   <trkpt lat="45.737868" lon="3.104585"><ele>421.5</ele></trkpt>
   <trkpt lat="45.737911" lon="3.104672"><ele>421.5</ele></trkpt>
   <trkpt lat="45.737954" lon="3.104758"><ele>421.25</ele></trkpt>
   <trkpt lat="45.73797" lon="3.104836"><ele>421.25</ele></trkpt>
   <trkpt lat="45.738039" lon="3.10496"><ele>421</ele></trkpt>
   <trkpt lat="45.738084" lon="3.105043"><ele>420.75</ele></trkpt>
   <trkpt lat="45.738165" lon="3.105168"><ele>420.5</ele></trkpt>
   <trkpt lat="45.738199" lon="3.105164"><ele>420.25</ele></trkpt>
   <trkpt lat="45.738241" lon="3.105218"><ele>420.25</ele></trkpt>
   <trkpt lat="45.738346" lon="3.105351"><ele>419.5</ele></trkpt>
   <trkpt lat="45.738517" lon="3.105539"><ele>418.75</ele></trkpt>
   <trkpt lat="45.738751" lon="3.105779"><ele>417.75</ele></trkpt>
   <trkpt lat="45.738966" lon="3.105967"><ele>417</ele></trkpt>
   <trkpt lat="45.73906" lon="3.106029"><ele>416.75</ele></trkpt>
   <trkpt lat="45.739181" lon="3.106108"><ele>416.75</ele></trkpt>
   <trkpt lat="45.73931" lon="3.106177"><ele>416.25</ele></trkpt>
   <trkpt lat="45.73944" lon="3.106251"><ele>416</ele></trkpt>
   <trkpt lat="45.739532" lon="3.106298"><ele>415.5</ele></trkpt>
   <trkpt lat="45.739713" lon="3.106394"><ele>415</ele></trkpt>
   <trkpt lat="45.739765" lon="3.106421"><ele>414.75</ele></trkpt>
   <trkpt lat="45.739917" lon="3.106497"><ele>414.5</ele></trkpt>
   <trkpt lat="45.740261" lon="3.10666"><ele>413</ele></trkpt>
   <trkpt lat="45.74043" lon="3.106738"><ele>412.75</ele></trkpt>
   <trkpt lat="45.740673" lon="3.106825"><ele>411.5</ele></trkpt>
   <trkpt lat="45.740876" lon="3.10688"><ele>410.5</ele></trkpt>
   <trkpt lat="45.741112" lon="3.106932"><ele>409.75</ele></trkpt>
   <trkpt lat="45.741248" lon="3.106948"><ele>409.5</ele></trkpt>
   <trkpt lat="45.741381" lon="3.106949"><ele>409</ele></trkpt>
   <trkpt lat="45.741505" lon="3.106943"><ele>408.75</ele></trkpt>
   <trkpt lat="45.741738" lon="3.106908"><ele>408.75</ele></trkpt>
   <trkpt lat="45.741998" lon="3.106836"><ele>409.25</ele></trkpt>
   <trkpt lat="45.742307" lon="3.106763"><ele>407.25</ele></trkpt>
   <trkpt lat="45.742434" lon="3.106747"><ele>406.75</ele></trkpt>
   <trkpt lat="45.742526" lon="3.106747"><ele>406.5</ele></trkpt>
   <trkpt lat="45.742622" lon="3.106761"><ele>406.25</ele></trkpt>
   <trkpt lat="45.742732" lon="3.106795"><ele>406</ele></trkpt>
   <trkpt lat="45.742842" lon="3.106845"><ele>405.75</ele></trkpt>
   <trkpt lat="45.74297" lon="3.106926"><ele>405.5</ele></trkpt>
   <trkpt lat="45.743139" lon="3.107048"><ele>404.75</ele></trkpt>
   <trkpt lat="45.743258" lon="3.107147"><ele>403.75</ele></trkpt>
   <trkpt lat="45.74351" lon="3.107444"><ele>402.75</ele></trkpt>
   <trkpt lat="45.743565" lon="3.107509"><ele>402.5</ele></trkpt>
   <trkpt lat="45.743627" lon="3.107578"><ele>401.75</ele></trkpt>
   <trkpt lat="45.743734" lon="3.107698"><ele>401</ele></trkpt>
   <trkpt lat="45.743925" lon="3.107884"><ele>399.75</ele></trkpt>
   <trkpt lat="45.744158" lon="3.108078"><ele>399</ele></trkpt>
   <trkpt lat="45.744348" lon="3.108185"><ele>398</ele></trkpt>
   <trkpt lat="45.744537" lon="3.108276"><ele>396.75</ele></trkpt>
   <trkpt lat="45.744695" lon="3.108335"><ele>396</ele></trkpt>
   <trkpt lat="45.744923" lon="3.10842"><ele>395.75</ele></trkpt>
   <trkpt lat="45.745192" lon="3.10852"><ele>394.5</ele></trkpt>
   <trkpt lat="45.745324" lon="3.108596"><ele>394</ele></trkpt>
   <trkpt lat="45.745405" lon="3.108658"><ele>393.75</ele></trkpt>
   <trkpt lat="45.745595" lon="3.108841"><ele>393</ele></trkpt>
   <trkpt lat="45.74576" lon="3.109006"><ele>392.25</ele></trkpt>
   <trkpt lat="45.745983" lon="3.109209"><ele>391.25</ele></trkpt>
   <trkpt lat="45.746096" lon="3.109358"><ele>391</ele></trkpt>
   <trkpt lat="45.746152" lon="3.109415"><ele>390.75</ele></trkpt>
   <trkpt lat="45.746257" lon="3.109441"><ele>390.25</ele></trkpt>
   <trkpt lat="45.746313" lon="3.109424"><ele>390.25</ele></trkpt>
   <trkpt lat="45.746344" lon="3.109368"><ele>390</ele></trkpt>
   <trkpt lat="45.74642" lon="3.109357"><ele>389.75</ele></trkpt>
   <trkpt lat="45.746534" lon="3.109313"><ele>389.25</ele></trkpt>
   <trkpt lat="45.746702" lon="3.109247"><ele>389</ele></trkpt>
   <trkpt lat="45.746776" lon="3.109236"><ele>389</ele></trkpt>
   <trkpt lat="45.746833" lon="3.109209"><ele>389</ele></trkpt>
   <trkpt lat="45.74687" lon="3.109144"><ele>389</ele></trkpt>
   <trkpt lat="45.746933" lon="3.109089"><ele>389</ele></trkpt>
   <trkpt lat="45.74699" lon="3.109038"><ele>389</ele></trkpt>
   <trkpt lat="45.747216" lon="3.108849"><ele>389</ele></trkpt>
   <trkpt lat="45.747338" lon="3.108773"><ele>388.5</ele></trkpt>
   <trkpt lat="45.747646" lon="3.108513"><ele>387.25</ele></trkpt>
   <trkpt lat="45.74808" lon="3.108138"><ele>385.75</ele></trkpt>
   <trkpt lat="45.748125" lon="3.108101"><ele>385.75</ele></trkpt>
   <trkpt lat="45.748693" lon="3.107614"><ele>384.25</ele></trkpt>
   <trkpt lat="45.748747" lon="3.10756"><ele>384</ele></trkpt>
   <trkpt lat="45.748816" lon="3.107502"><ele>384</ele></trkpt>
   <trkpt lat="45.748826" lon="3.107587"><ele>384</ele></trkpt>
   <trkpt lat="45.748882" lon="3.108036"><ele>383</ele></trkpt>
   <trkpt lat="45.7489" lon="3.10813"><ele>382.5</ele></trkpt>
   <trkpt lat="45.748932" lon="3.108314"><ele>382</ele></trkpt>
   <trkpt lat="45.748986" lon="3.108453"><ele>382.25</ele></trkpt>
   <trkpt lat="45.749092" lon="3.108685"><ele>382.5</ele></trkpt>
   <trkpt lat="45.749189" lon="3.109035"><ele>381.5</ele></trkpt>
   <trkpt lat="45.74927" lon="3.109286"><ele>380.75</ele></trkpt>
   <trkpt lat="45.749318" lon="3.109451"><ele>380.5</ele></trkpt>
   <trkpt lat="45.749352" lon="3.109458"><ele>380.5</ele></trkpt>
   <trkpt lat="45.749493" lon="3.109506"><ele>381</ele></trkpt>
   <trkpt lat="45.749503" lon="3.109686"><ele>381</ele></trkpt>
   <trkpt lat="45.74958" lon="3.110446"><ele>380</ele></trkpt>
   <trkpt lat="45.749646" lon="3.110449"><ele>380</ele></trkpt>
   <trkpt lat="45.749713" lon="3.110463"><ele>380</ele></trkpt>
   <trkpt lat="45.749859" lon="3.110459"><ele>379.5</ele></trkpt>
   <trkpt lat="45.749928" lon="3.110438"><ele>379.5</ele></trkpt>
   <trkpt lat="45.750177" lon="3.110365"><ele>379</ele></trkpt>
   <trkpt lat="45.75023" lon="3.110309"><ele>379</ele></trkpt>
   <trkpt lat="45.75026" lon="3.110277"><ele>379</ele></trkpt>
   <trkpt lat="45.7503" lon="3.110255"><ele>379</ele></trkpt>
   <trkpt lat="45.750365" lon="3.110246"><ele>379</ele></trkpt>
   <trkpt lat="45.750724" lon="3.110313"><ele>379</ele></trkpt>
   <trkpt lat="45.750702" lon="3.110614"><ele>379.25</ele></trkpt>
   <trkpt lat="45.7507" lon="3.110638"><ele>379.25</ele></trkpt>
   <trkpt lat="45.750686" lon="3.110835"><ele>378.75</ele></trkpt>
   <trkpt lat="45.75065" lon="3.111227"><ele>378</ele></trkpt>
   <trkpt lat="45.75095" lon="3.111226"><ele>378.75</ele></trkpt>
   <trkpt lat="45.751007" lon="3.111358"><ele>378.5</ele></trkpt>
   <trkpt lat="45.751045" lon="3.111507"><ele>378.25</ele></trkpt>
   <trkpt lat="45.751061" lon="3.111595"><ele>378</ele></trkpt>
   <trkpt lat="45.751071" lon="3.111707"><ele>378</ele></trkpt>
   <trkpt lat="45.751078" lon="3.111749"><ele>378</ele></trkpt>
   <trkpt lat="45.751113" lon="3.111834"><ele>377.75</ele></trkpt>
   <trkpt lat="45.751173" lon="3.111884"><ele>377.75</ele></trkpt>
   <trkpt lat="45.751201" lon="3.11195"><ele>377.5</ele></trkpt>
   <trkpt lat="45.751136" lon="3.112"><ele>377.5</ele></trkpt>
   <trkpt lat="45.751031" lon="3.112005"><ele>377.5</ele></trkpt>
   <trkpt lat="45.750998" lon="3.112002"><ele>377.5</ele></trkpt>
   <trkpt lat="45.751031" lon="3.112005"><ele>377.5</ele></trkpt>
   <trkpt lat="45.751136" lon="3.112"><ele>377.5</ele></trkpt>
   <trkpt lat="45.751201" lon="3.11195"><ele>377.5</ele></trkpt>
   <trkpt lat="45.751173" lon="3.111884"><ele>377.75</ele></trkpt>
   <trkpt lat="45.751669" lon="3.111729"><ele>376.75</ele></trkpt>
   <trkpt lat="45.751685" lon="3.111724"><ele>376.75</ele></trkpt>
   <trkpt lat="45.751995" lon="3.111635"><ele>377</ele></trkpt>
   <trkpt lat="45.752272" lon="3.111566"><ele>376.75</ele></trkpt>
   <trkpt lat="45.752291" lon="3.111561"><ele>376.75</ele></trkpt>
   <trkpt lat="45.752333" lon="3.111746"><ele>376.25</ele></trkpt>
   <trkpt lat="45.752439" lon="3.112209"><ele>375.25</ele></trkpt>
   <trkpt lat="45.752477" lon="3.112373"><ele>375</ele></trkpt>
   <trkpt lat="45.7525" lon="3.112459"><ele>375</ele></trkpt>
   <trkpt lat="45.75251" lon="3.112499"><ele>375</ele></trkpt>
   <trkpt lat="45.752562" lon="3.112664"><ele>375</ele></trkpt>
   <trkpt lat="45.752629" lon="3.112859"><ele>374.75</ele></trkpt>
   <trkpt lat="45.752682" lon="3.113032"><ele>374.25</ele></trkpt>
   <trkpt lat="45.752744" lon="3.113302"><ele>374</ele></trkpt>
   <trkpt lat="45.752747" lon="3.113372"><ele>374</ele></trkpt>
   <trkpt lat="45.752738" lon="3.113479"><ele>374</ele></trkpt>
   <trkpt lat="45.753539" lon="3.11309"><ele>374.75</ele></trkpt>
   <trkpt lat="45.753665" lon="3.113288"><ele>375</ele></trkpt>
   <trkpt lat="45.75373" lon="3.113395"><ele>374.75</ele></trkpt>
   <trkpt lat="45.753758" lon="3.113441"><ele>374.5</ele></trkpt>
   <trkpt lat="45.753797" lon="3.113505"><ele>374.25</ele></trkpt>
   <trkpt lat="45.753952" lon="3.113772"><ele>374</ele></trkpt>
   <trkpt lat="45.753988" lon="3.113843"><ele>374</ele></trkpt>
   <trkpt lat="45.754309" lon="3.11455"><ele>373</ele></trkpt>
   <trkpt lat="45.754346" lon="3.11463"><ele>373</ele></trkpt>
   <trkpt lat="45.754521" lon="3.115008"><ele>372.75</ele></trkpt>
   <trkpt lat="45.754891" lon="3.115828"><ele>371.25</ele></trkpt>
   <trkpt lat="45.754924" lon="3.115893"><ele>371</ele></trkpt>
   <trkpt lat="45.754951" lon="3.115947"><ele>371</ele></trkpt>
   <trkpt lat="45.75498" lon="3.115999"><ele>371</ele></trkpt>
   <trkpt lat="45.755046" lon="3.116101"><ele>371</ele></trkpt>
   <trkpt lat="45.755208" lon="3.116387"><ele>370</ele></trkpt>
   <trkpt lat="45.755605" lon="3.11704"><ele>369</ele></trkpt>
   <trkpt lat="45.755628" lon="3.117078"><ele>369.25</ele></trkpt>
   <trkpt lat="45.755639" lon="3.117097"><ele>369.25</ele></trkpt>
   <trkpt lat="45.755717" lon="3.117232"><ele>369.5</ele></trkpt>
   <trkpt lat="45.755871" lon="3.117478"><ele>369</ele></trkpt>
   <trkpt lat="45.755912" lon="3.117546"><ele>369</ele></trkpt>
   <trkpt lat="45.755927" lon="3.117571"><ele>369</ele></trkpt>
   <trkpt lat="45.755949" lon="3.117609"><ele>369</ele></trkpt>
   <trkpt lat="45.756193" lon="3.11801"><ele>369</ele></trkpt>
   <trkpt lat="45.756216" lon="3.118048"><ele>369</ele></trkpt>
   <trkpt lat="45.756257" lon="3.118114"><ele>368.75</ele></trkpt>
   <trkpt lat="45.75628" lon="3.11815"><ele>368.5</ele></trkpt>
   <trkpt lat="45.756301" lon="3.118182"><ele>368.5</ele></trkpt>
   <trkpt lat="45.756325" lon="3.118219"><ele>368.25</ele></trkpt>
   <trkpt lat="45.757069" lon="3.119381"><ele>367</ele></trkpt>
   <trkpt lat="45.757112" lon="3.119442"><ele>367</ele></trkpt>
   <trkpt lat="45.757171" lon="3.119523"><ele>367</ele></trkpt>
   <trkpt lat="45.757266" lon="3.119651"><ele>367</ele></trkpt>
   <trkpt lat="45.757388" lon="3.119817"><ele>367.25</ele></trkpt>
   <trkpt lat="45.757402" lon="3.119836"><ele>367</ele></trkpt>
   <trkpt lat="45.757601" lon="3.120106"><ele>367</ele></trkpt>
   <trkpt lat="45.757723" lon="3.120271"><ele>367</ele></trkpt>
   <trkpt lat="45.75805" lon="3.120714"><ele>367.25</ele></trkpt>
   <trkpt lat="45.758083" lon="3.120756"><ele>367.25</ele></trkpt>
   <trkpt lat="45.758135" lon="3.120828"><ele>367.25</ele></trkpt>
   <trkpt lat="45.758646" lon="3.121472"><ele>367</ele></trkpt>
   <trkpt lat="45.758824" lon="3.121643"><ele>367</ele></trkpt>
   <trkpt lat="45.758897" lon="3.121713"><ele>367</ele></trkpt>
   <trkpt lat="45.759132" lon="3.121904"><ele>367</ele></trkpt>
   <trkpt lat="45.759356" lon="3.12206"><ele>366.75</ele></trkpt>
   <trkpt lat="45.759468" lon="3.122122"><ele>367</ele></trkpt>
   <trkpt lat="45.759558" lon="3.122172"><ele>367</ele></trkpt>
   <trkpt lat="45.75958" lon="3.122184"><ele>367</ele></trkpt>
   <trkpt lat="45.759664" lon="3.12232"><ele>366.5</ele></trkpt>
   <trkpt lat="45.759757" lon="3.122446"><ele>366.25</ele></trkpt>
   <trkpt lat="45.759816" lon="3.12255"><ele>366.25</ele></trkpt>
   <trkpt lat="45.759888" lon="3.122619"><ele>366.25</ele></trkpt>
   <trkpt lat="45.759956" lon="3.122645"><ele>366.25</ele></trkpt>
   <trkpt lat="45.760025" lon="3.122638"><ele>366.5</ele></trkpt>
   <trkpt lat="45.76007" lon="3.122571"><ele>366.5</ele></trkpt>
   <trkpt lat="45.760095" lon="3.122519"><ele>366.75</ele></trkpt>
   <trkpt lat="45.760118" lon="3.122426"><ele>367</ele></trkpt>
   <trkpt lat="45.760127" lon="3.122349"><ele>367</ele></trkpt>
   <trkpt lat="45.760062" lon="3.122275"><ele>367</ele></trkpt>
   <trkpt lat="45.760156" lon="3.122086"><ele>367</ele></trkpt>
   <trkpt lat="45.760181" lon="3.122044"><ele>367</ele></trkpt>
   <trkpt lat="45.760354" lon="3.121713"><ele>367.75</ele></trkpt>
   <trkpt lat="45.760696" lon="3.121061"><ele>369.25</ele></trkpt>
   <trkpt lat="45.760866" lon="3.120791"><ele>370</ele></trkpt>
   <trkpt lat="45.760884" lon="3.120764"><ele>370</ele></trkpt>
   <trkpt lat="45.760962" lon="3.120647"><ele>370.5</ele></trkpt>
   <trkpt lat="45.761105" lon="3.12047"><ele>371.5</ele></trkpt>
   <trkpt lat="45.761131" lon="3.120438"><ele>371.75</ele></trkpt>
   <trkpt lat="45.761154" lon="3.120414"><ele>372</ele></trkpt>
   <trkpt lat="45.761404" lon="3.120147"><ele>373.75</ele></trkpt>
   <trkpt lat="45.761637" lon="3.119953"><ele>375.25</ele></trkpt>
   <trkpt lat="45.76285" lon="3.119021"><ele>383.25</ele></trkpt>
   <trkpt lat="45.76305" lon="3.118848"><ele>385.75</ele></trkpt>
   <trkpt lat="45.763199" lon="3.118683"><ele>386</ele></trkpt>
   <trkpt lat="45.76324" lon="3.118632"><ele>387</ele></trkpt>
   <trkpt lat="45.763395" lon="3.118405"><ele>388.25</ele></trkpt>
   <trkpt lat="45.763468" lon="3.118276"><ele>389.5</ele></trkpt>
   <trkpt lat="45.763556" lon="3.118093"><ele>390.75</ele></trkpt>
   <trkpt lat="45.763604" lon="3.118138"><ele>390.25</ele></trkpt>
   <trkpt lat="45.763791" lon="3.118068"><ele>390.25</ele></trkpt>
   <trkpt lat="45.763806" lon="3.118078"><ele>390.25</ele></trkpt>
   <trkpt lat="45.76383" lon="3.118128"><ele>390.25</ele></trkpt>
   <trkpt lat="45.764255" lon="3.117777"><ele>393.25</ele></trkpt>
   <trkpt lat="45.764546" lon="3.117539"><ele>394</ele></trkpt>
   <trkpt lat="45.764987" lon="3.117182"><ele>394</ele></trkpt>
   <trkpt lat="45.765077" lon="3.117108"><ele>394.25</ele></trkpt>
   <trkpt lat="45.765146" lon="3.117031"><ele>394.25</ele></trkpt>
   <trkpt lat="45.765202" lon="3.116931"><ele>394.25</ele></trkpt>
   <trkpt lat="45.765248" lon="3.116806"><ele>394</ele></trkpt>
   <trkpt lat="45.765278" lon="3.116682"><ele>393.75</ele></trkpt>
   <trkpt lat="45.76529" lon="3.116604"><ele>393.75</ele></trkpt>
   <trkpt lat="45.765317" lon="3.116608"><ele>393.5</ele></trkpt>
   <trkpt lat="45.765335" lon="3.116607"><ele>393.5</ele></trkpt>
   <trkpt lat="45.765754" lon="3.116583"><ele>390.5</ele></trkpt>
   <trkpt lat="45.765971" lon="3.116568"><ele>389</ele></trkpt>
   <trkpt lat="45.76605" lon="3.116547"><ele>388.5</ele></trkpt>
   <trkpt lat="45.76613" lon="3.116511"><ele>387.75</ele></trkpt>
   <trkpt lat="45.767045" lon="3.11585"><ele>383.5</ele></trkpt>
   <trkpt lat="45.767138" lon="3.115785"><ele>383.25</ele></trkpt>
   <trkpt lat="45.767139" lon="3.11573"><ele>383.5</ele></trkpt>
   <trkpt lat="45.76714" lon="3.115681"><ele>383.5</ele></trkpt>
   <trkpt lat="45.767171" lon="3.114586"><ele>384.5</ele></trkpt>
   <trkpt lat="45.767178" lon="3.113455"><ele>383</ele></trkpt>
   <trkpt lat="45.767164" lon="3.113308"><ele>382</ele></trkpt>
   <trkpt lat="45.767155" lon="3.113115"><ele>380.25</ele></trkpt>
   <trkpt lat="45.767154" lon="3.112974"><ele>379.5</ele></trkpt>
   <trkpt lat="45.767156" lon="3.112804"><ele>379.25</ele></trkpt>
   <trkpt lat="45.767165" lon="3.112744"><ele>379</ele></trkpt>
   <trkpt lat="45.767187" lon="3.112684"><ele>378.75</ele></trkpt>
   <trkpt lat="45.767225" lon="3.11272"><ele>378.75</ele></trkpt>
   <trkpt lat="45.767411" lon="3.112784"><ele>378.25</ele></trkpt>
   <trkpt lat="45.767509" lon="3.112815"><ele>377.75</ele></trkpt>
   <trkpt lat="45.767586" lon="3.112838"><ele>377.25</ele></trkpt>
   <trkpt lat="45.767719" lon="3.112877"><ele>376.5</ele></trkpt>
   <trkpt lat="45.767869" lon="3.112921"><ele>375.75</ele></trkpt>
   <trkpt lat="45.767895" lon="3.112929"><ele>375.5</ele></trkpt>
   <trkpt lat="45.768035" lon="3.112972"><ele>374.75</ele></trkpt>
   <trkpt lat="45.768125" lon="3.112987"><ele>374</ele></trkpt>
   <trkpt lat="45.768391" lon="3.112971"><ele>372.5</ele></trkpt>
   <trkpt lat="45.768637" lon="3.112954"><ele>371.25</ele></trkpt>
   <trkpt lat="45.76871" lon="3.112948"><ele>370.75</ele></trkpt>
   <trkpt lat="45.768971" lon="3.112923"><ele>368.5</ele></trkpt>
   <trkpt lat="45.769327" lon="3.112835"><ele>367.25</ele></trkpt>
   <trkpt lat="45.769357" lon="3.112827"><ele>367.25</ele></trkpt>
   <trkpt lat="45.769396" lon="3.11285"><ele>367</ele></trkpt>
   <trkpt lat="45.769552" lon="3.112151"><ele>369.25</ele></trkpt>
   <trkpt lat="45.769558" lon="3.112123"><ele>369.25</ele></trkpt>
   <trkpt lat="45.769563" lon="3.1121"><ele>369.25</ele></trkpt>
   <trkpt lat="45.769573" lon="3.112057"><ele>369.25</ele></trkpt>
   <trkpt lat="45.76961" lon="3.111861"><ele>369.75</ele></trkpt>
   <trkpt lat="45.769635" lon="3.111711"><ele>370.25</ele></trkpt>
   <trkpt lat="45.76964" lon="3.111689"><ele>370.25</ele></trkpt>
   <trkpt lat="45.769645" lon="3.11166"><ele>370.5</ele></trkpt>
   <trkpt lat="45.769665" lon="3.111556"><ele>370.25</ele></trkpt>
   <trkpt lat="45.769676" lon="3.111501"><ele>370.25</ele></trkpt>
   <trkpt lat="45.769743" lon="3.111192"><ele>370.5</ele></trkpt>
   <trkpt lat="45.769761" lon="3.111111"><ele>371</ele></trkpt>
   <trkpt lat="45.769819" lon="3.110856"><ele>372</ele></trkpt>
   <trkpt lat="45.769854" lon="3.110711"><ele>372.25</ele></trkpt>
   <trkpt lat="45.769907" lon="3.110509"><ele>372.75</ele></trkpt>
   <trkpt lat="45.77" lon="3.110061"><ele>371.75</ele></trkpt>
   <trkpt lat="45.770088" lon="3.109637"><ele>370.5</ele></trkpt>
   <trkpt lat="45.770108" lon="3.109462"><ele>370.25</ele></trkpt>
   <trkpt lat="45.770118" lon="3.10927"><ele>371</ele></trkpt>
   <trkpt lat="45.77012" lon="3.109084"><ele>371</ele></trkpt>
   <trkpt lat="45.770075" lon="3.108364"><ele>368</ele></trkpt>
   <trkpt lat="45.770071" lon="3.108253"><ele>367.25</ele></trkpt>
   <trkpt lat="45.770066" lon="3.108131"><ele>366.75</ele></trkpt>
   <trkpt lat="45.770064" lon="3.107906"><ele>366</ele></trkpt>
   <trkpt lat="45.770087" lon="3.107585"><ele>365.5</ele></trkpt>
   <trkpt lat="45.77012" lon="3.107155"><ele>365.75</ele></trkpt>
   <trkpt lat="45.770126" lon="3.107089"><ele>365.75</ele></trkpt>
   <trkpt lat="45.77015" lon="3.106927"><ele>365.75</ele></trkpt>
   <trkpt lat="45.770172" lon="3.106786"><ele>365.75</ele></trkpt>
   <trkpt lat="45.77022" lon="3.106503"><ele>365.75</ele></trkpt>
   <trkpt lat="45.770259" lon="3.106318"><ele>365.25</ele></trkpt>
   <trkpt lat="45.77028" lon="3.106207"><ele>364.75</ele></trkpt>
   <trkpt lat="45.770407" lon="3.105457"><ele>364</ele></trkpt>
   <trkpt lat="45.77043" lon="3.105298"><ele>365.5</ele></trkpt>
   <trkpt lat="45.770456" lon="3.105125"><ele>365</ele></trkpt>
   <trkpt lat="45.77047" lon="3.105026"><ele>364.5</ele></trkpt>
   <trkpt lat="45.770538" lon="3.104533"><ele>364.25</ele></trkpt>
   <trkpt lat="45.770705" lon="3.103696"><ele>364.75</ele></trkpt>
   <trkpt lat="45.770773" lon="3.103424"><ele>364.75</ele></trkpt>
   <trkpt lat="45.770816" lon="3.103255"><ele>364.25</ele></trkpt>
   <trkpt lat="45.77087" lon="3.103033"><ele>364.25</ele></trkpt>
   <trkpt lat="45.770945" lon="3.102725"><ele>364.25</ele></trkpt>
   <trkpt lat="45.770953" lon="3.102694"><ele>364.25</ele></trkpt>
   <trkpt lat="45.770958" lon="3.102662"><ele>364.5</ele></trkpt>
   <trkpt lat="45.770972" lon="3.10258"><ele>364.5</ele></trkpt>
   <trkpt lat="45.771029" lon="3.102324"><ele>365</ele></trkpt>
   <trkpt lat="45.771039" lon="3.10223"><ele>365</ele></trkpt>
   <trkpt lat="45.771045" lon="3.102201"><ele>365.25</ele></trkpt>
   <trkpt lat="45.771049" lon="3.102173"><ele>365.25</ele></trkpt>
   <trkpt lat="45.771099" lon="3.101857"><ele>366</ele></trkpt>
   <trkpt lat="45.771136" lon="3.101657"><ele>365.75</ele></trkpt>
   <trkpt lat="45.771181" lon="3.101501"><ele>367.25</ele></trkpt>
   <trkpt lat="45.771218" lon="3.101422"><ele>367.75</ele></trkpt>
   <trkpt lat="45.771289" lon="3.101301"><ele>367.5</ele></trkpt>
   <trkpt lat="45.771463" lon="3.101027"><ele>367.25</ele></trkpt>
   <trkpt lat="45.77155" lon="3.100897"><ele>367.5</ele></trkpt>
   <trkpt lat="45.771655" lon="3.100741"><ele>367.25</ele></trkpt>
   <trkpt lat="45.771812" lon="3.100535"><ele>367</ele></trkpt>
   <trkpt lat="45.771834" lon="3.100511"><ele>367</ele></trkpt>
   <trkpt lat="45.771888" lon="3.100439"><ele>367</ele></trkpt>
   <trkpt lat="45.771987" lon="3.100315"><ele>367.25</ele></trkpt>
   <trkpt lat="45.772169" lon="3.100069"><ele>367.25</ele></trkpt>
   <trkpt lat="45.772188" lon="3.100037"><ele>367</ele></trkpt>
   <trkpt lat="45.772223" lon="3.099984"><ele>367</ele></trkpt>
   <trkpt lat="45.772277" lon="3.099885"><ele>367.75</ele></trkpt>
   <trkpt lat="45.772628" lon="3.09926"><ele>369.25</ele></trkpt>
   <trkpt lat="45.772751" lon="3.099049"><ele>368.75</ele></trkpt>
   <trkpt lat="45.772983" lon="3.0987"><ele>368.75</ele></trkpt>
   <trkpt lat="45.773043" lon="3.098621"><ele>369</ele></trkpt>
   <trkpt lat="45.773215" lon="3.098357"><ele>368</ele></trkpt>
   <trkpt lat="45.773238" lon="3.098323"><ele>368</ele></trkpt>
   <trkpt lat="45.773338" lon="3.098163"><ele>367.5</ele></trkpt>
   <trkpt lat="45.773377" lon="3.098101"><ele>367.5</ele></trkpt>
   <trkpt lat="45.773517" lon="3.097929"><ele>367.75</ele></trkpt>
   <trkpt lat="45.773679" lon="3.097673"><ele>367.75</ele></trkpt>
   <trkpt lat="45.773697" lon="3.097645"><ele>367.5</ele></trkpt>
   <trkpt lat="45.773712" lon="3.097621"><ele>367.5</ele></trkpt>
   <trkpt lat="45.773759" lon="3.097529"><ele>367.25</ele></trkpt>
   <trkpt lat="45.773859" lon="3.097343"><ele>367.5</ele></trkpt>
   <trkpt lat="45.773876" lon="3.097317"><ele>367.5</ele></trkpt>
   <trkpt lat="45.773894" lon="3.097292"><ele>367.5</ele></trkpt>
   <trkpt lat="45.774116" lon="3.096977"><ele>367</ele></trkpt>
   <trkpt lat="45.774245" lon="3.096789"><ele>365.5</ele></trkpt>
   <trkpt lat="45.774431" lon="3.096521"><ele>365</ele></trkpt>
   <trkpt lat="45.774492" lon="3.096441"><ele>366.75</ele></trkpt>
   <trkpt lat="45.774783" lon="3.096044"><ele>366.75</ele></trkpt>
   <trkpt lat="45.774861" lon="3.095941"><ele>366.5</ele></trkpt>
   <trkpt lat="45.774872" lon="3.095927"><ele>366.25</ele></trkpt>
   <trkpt lat="45.774878" lon="3.095919"><ele>366.25</ele></trkpt>
   <trkpt lat="45.774864" lon="3.095872"><ele>366.25</ele></trkpt>
   <trkpt lat="45.774864" lon="3.095843"><ele>366.25</ele></trkpt>
   <trkpt lat="45.774881" lon="3.095721"><ele>366.25</ele></trkpt>
   <trkpt lat="45.774888" lon="3.095675"><ele>366.25</ele></trkpt>
   <trkpt lat="45.775029" lon="3.095727"><ele>365.75</ele></trkpt>
   <trkpt lat="45.775144" lon="3.095686"><ele>365.75</ele></trkpt>
   <trkpt lat="45.775196" lon="3.095646"><ele>365.75</ele></trkpt>
   <trkpt lat="45.775216" lon="3.095624"><ele>365.75</ele></trkpt>
   <trkpt lat="45.775281" lon="3.095711"><ele>365.25</ele></trkpt>
   <trkpt lat="45.77538" lon="3.095807"><ele>365</ele></trkpt>
   <trkpt lat="45.775492" lon="3.09588"><ele>365</ele></trkpt>
   <trkpt lat="45.775582" lon="3.095898"><ele>365</ele></trkpt>
   <trkpt lat="45.775588" lon="3.095899"><ele>365</ele></trkpt>
   <trkpt lat="45.775696" lon="3.095918"><ele>365</ele></trkpt>
   <trkpt lat="45.776002" lon="3.095947"><ele>364.75</ele></trkpt>
   <trkpt lat="45.776052" lon="3.095943"><ele>364.5</ele></trkpt>
   <trkpt lat="45.776123" lon="3.095907"><ele>364.75</ele></trkpt>
   <trkpt lat="45.776227" lon="3.095914"><ele>365</ele></trkpt>
   <trkpt lat="45.776289" lon="3.095916"><ele>365.25</ele></trkpt>
   <trkpt lat="45.776343" lon="3.095995"><ele>365.25</ele></trkpt>
   <trkpt lat="45.777033" lon="3.096108"><ele>364.25</ele></trkpt>
   <trkpt lat="45.777073" lon="3.096109"><ele>364.25</ele></trkpt>
   <trkpt lat="45.777179" lon="3.096088"><ele>364.75</ele></trkpt>
   <trkpt lat="45.777217" lon="3.09608"><ele>364.75</ele></trkpt>
   <trkpt lat="45.777307" lon="3.096087"><ele>365</ele></trkpt>
   <trkpt lat="45.777394" lon="3.096096"><ele>365</ele></trkpt>
   <trkpt lat="45.777393" lon="3.096211"><ele>364.75</ele></trkpt>
   <trkpt lat="45.777388" lon="3.096438"><ele>364.25</ele></trkpt>
   <trkpt lat="45.777414" lon="3.096578"><ele>364</ele></trkpt>
   <trkpt lat="45.777454" lon="3.096696"><ele>363.75</ele></trkpt>
   <trkpt lat="45.777508" lon="3.096827"><ele>363.25</ele></trkpt>
   <trkpt lat="45.777682" lon="3.09719"><ele>363</ele></trkpt>
   <trkpt lat="45.777761" lon="3.097349"><ele>362.5</ele></trkpt>
   <trkpt lat="45.778235" lon="3.098273"><ele>360.25</ele></trkpt>
   <trkpt lat="45.778586" lon="3.098951"><ele>358.75</ele></trkpt>
   <trkpt lat="45.778672" lon="3.099115"><ele>359</ele></trkpt>
   <trkpt lat="45.778716" lon="3.0992"><ele>358.75</ele></trkpt>
   <trkpt lat="45.778742" lon="3.099255"><ele>358.75</ele></trkpt>
   <trkpt lat="45.778942" lon="3.09968"><ele>358</ele></trkpt>
   <trkpt lat="45.778955" lon="3.099709"><ele>358</ele></trkpt>
   <trkpt lat="45.778966" lon="3.099789"><ele>358</ele></trkpt>
   <trkpt lat="45.778982" lon="3.099831"><ele>358</ele></trkpt>
   <trkpt lat="45.779061" lon="3.099985"><ele>358</ele></trkpt>
   <trkpt lat="45.779131" lon="3.100059"><ele>358</ele></trkpt>
   <trkpt lat="45.779222" lon="3.100228"><ele>358</ele></trkpt>
   <trkpt lat="45.779195" lon="3.100254"><ele>358</ele></trkpt>
   <trkpt lat="45.779128" lon="3.100321"><ele>358</ele></trkpt>
   <trkpt lat="45.779048" lon="3.100404"><ele>358</ele></trkpt>
   <trkpt lat="45.779016" lon="3.100436"><ele>358</ele></trkpt>
   <trkpt lat="45.778984" lon="3.100467"><ele>358</ele></trkpt>
  </trkseg>
 </trk>
</gpx>