<?xml version="1.0" encoding="UTF-8"?>
<!-- track-length = 69675 filtered ascend = 1341 plain-ascend = -6 cost=151392 energy=0.5kwh time=5h 7m 32s -->
<gpx 
 xmlns="http://www.topografix.com/GPX/1/1" 
 xmlns:xsi="http://www.w3.org/2001/XMLSchema-instance" 
 xsi:schemaLocation="http://www.topografix.com/GPX/1/1 http://www.topografix.com/GPX/1/1/gpx.xsd" 
 version="1.1" 
 creator="BRouter-Web 99.71.0">
 <wpt lat="45.77975" lon="3.10145"><name>Départ / arrivée — Maison</name></wpt>
 <wpt lat="45.820833" lon="2.846111"><name>A/B — Gare de Pontgibaud</name></wpt>
 <wpt lat="45.763919" lon="2.955558"><name>1 — Col de Ceyssat</name></wpt>
 <wpt lat="45.783821" lon="3.049275"><name>2 — Point de vue sur Clermont-Ferrand</name></wpt>
 <wpt lat="45.805767" lon="2.978381"><name>3 — Col des Goules</name></wpt>
 <wpt lat="45.79001438308258" lon="3.059398601580399"><name>Jonction Durtol</name></wpt>
 <trk>
  <name>route puy de dome 70km (69.7km)</name>
  <link href="https://brouter.damsy.net/latest/#map=14/45.8216/2.9465/standard&amp;lonlats=3.10145,45.77975;3.078333,45.776619;3.076176,45.783558;3.059605,45.790038;3.034895,45.793852;3.030771,45.800188;3.007797,45.809331;3.00713,45.802683;2.99311,45.799996;2.923836,45.819574;2.897302,45.830449;2.869132,45.835117;2.850989,45.831472;2.840817,45.806906;2.845765,45.778874;2.843291,45.774456;2.836969,45.774072;2.836144,45.767157;2.825698,45.762354;2.825148,45.751979;2.841917,45.742563;2.853463,45.741603;2.880403,45.751979;2.896347,45.763891;2.895667,45.767096;2.952151,45.761778;2.988712,45.768694;3.017576,45.768502;3.020325,45.773304;3.027473,45.77388;3.053052,45.792824;3.077135,45.783021;3.078333,45.776619;3.10145,45.77975&amp;pois=3.10145,45.77975,D%C3%A9part%20%2F%20arriv%C3%A9e%20%E2%80%94%20Maison;2.846111,45.820833,A%2FB%20%E2%80%94%20Gare%20de%20Pontgibaud;2.955558,45.763919,1%20%E2%80%94%20Col%20de%20Ceyssat;3.049275,45.783821,2%20%E2%80%94%20Point%20de%20vue%20sur%20Clermont-Ferrand;2.978381,45.805767,3%20%E2%80%94%20Col%20des%20Goules;3.059399,45.790014,Jonction%20Durtol">
   <text>BRouter-Web</text>
  </link>
  <trkseg>
   <trkpt lat="45.779771" lon="3.101426"><ele>358</ele></trkpt>
   <trkpt lat="45.779699" lon="3.101284"><ele>358</ele></trkpt>
   <trkpt lat="45.779632" lon="3.101157"><ele>358</ele></trkpt>
   <trkpt lat="45.77951" lon="3.100912"><ele>358</ele></trkpt>
   <trkpt lat="45.779453" lon="3.100797"><ele>358</ele></trkpt>
   <trkpt lat="45.7794" lon="3.100655"><ele>358</ele></trkpt>
   <trkpt lat="45.779342" lon="3.100541"><ele>358</ele></trkpt>
   <trkpt lat="45.779195" lon="3.100254"><ele>358</ele></trkpt>
   <trkpt lat="45.779141" lon="3.100143"><ele>358</ele></trkpt>
   <trkpt lat="45.779132" lon="3.100099"><ele>358</ele></trkpt>
   <trkpt lat="45.779131" lon="3.100059"><ele>358</ele></trkpt>
   <trkpt lat="45.779061" lon="3.099985"><ele>358</ele></trkpt>
   <trkpt lat="45.778982" lon="3.099831"><ele>358</ele></trkpt>
   <trkpt lat="45.778966" lon="3.099789"><ele>358</ele></trkpt>
   <trkpt lat="45.778955" lon="3.099709"><ele>358</ele></trkpt>
   <trkpt lat="45.778942" lon="3.09968"><ele>358</ele></trkpt>
   <trkpt lat="45.778742" lon="3.099255"><ele>358.75</ele></trkpt>
   <trkpt lat="45.778716" lon="3.0992"><ele>358.75</ele></trkpt>
   <trkpt lat="45.778672" lon="3.099115"><ele>359</ele></trkpt>
   <trkpt lat="45.778586" lon="3.098951"><ele>358.75</ele></trkpt>
   <trkpt lat="45.778235" lon="3.098273"><ele>360.25</ele></trkpt>
   <trkpt lat="45.777761" lon="3.097349"><ele>362.5</ele></trkpt>
   <trkpt lat="45.777682" lon="3.09719"><ele>363</ele></trkpt>
   <trkpt lat="45.777508" lon="3.096827"><ele>363.25</ele></trkpt>
   <trkpt lat="45.777454" lon="3.096696"><ele>363.75</ele></trkpt>
   <trkpt lat="45.777414" lon="3.096578"><ele>364</ele></trkpt>
   <trkpt lat="45.777388" lon="3.096438"><ele>364.25</ele></trkpt>
   <trkpt lat="45.777393" lon="3.096211"><ele>364.75</ele></trkpt>
   <trkpt lat="45.777394" lon="3.096096"><ele>365</ele></trkpt>
   <trkpt lat="45.777307" lon="3.096087"><ele>365</ele></trkpt>
   <trkpt lat="45.777217" lon="3.09608"><ele>364.75</ele></trkpt>
   <trkpt lat="45.777179" lon="3.096088"><ele>364.75</ele></trkpt>
   <trkpt lat="45.777073" lon="3.096109"><ele>364.25</ele></trkpt>
   <trkpt lat="45.777033" lon="3.096108"><ele>364.25</ele></trkpt>
   <trkpt lat="45.776343" lon="3.095995"><ele>365.25</ele></trkpt>
   <trkpt lat="45.776289" lon="3.095916"><ele>365.25</ele></trkpt>
   <trkpt lat="45.776227" lon="3.095914"><ele>365</ele></trkpt>
   <trkpt lat="45.77623" lon="3.095864"><ele>365.25</ele></trkpt>
   <trkpt lat="45.77623" lon="3.095827"><ele>365.25</ele></trkpt>
   <trkpt lat="45.776233" lon="3.095766"><ele>365.5</ele></trkpt>
   <trkpt lat="45.776249" lon="3.094504"><ele>369.75</ele></trkpt>
   <trkpt lat="45.776248" lon="3.094384"><ele>370</ele></trkpt>
   <trkpt lat="45.776261" lon="3.093427"><ele>372.5</ele></trkpt>
   <trkpt lat="45.776281" lon="3.091578"><ele>379.75</ele></trkpt>
   <trkpt lat="45.776284" lon="3.091447"><ele>380.5</ele></trkpt>
   <trkpt lat="45.776287" lon="3.091356"><ele>381</ele></trkpt>
   <trkpt lat="45.776296" lon="3.09112"><ele>382.5</ele></trkpt>
   <trkpt lat="45.776299" lon="3.090793"><ele>383.75</ele></trkpt>
   <trkpt lat="45.776302" lon="3.090394"><ele>385.5</ele></trkpt>
   <trkpt lat="45.776302" lon="3.09034"><ele>385.75</ele></trkpt>
   <trkpt lat="45.776302" lon="3.09031"><ele>385.75</ele></trkpt>
   <trkpt lat="45.776303" lon="3.090292"><ele>385.75</ele></trkpt>
   <trkpt lat="45.776306" lon="3.090177"><ele>386.25</ele></trkpt>
   <trkpt lat="45.776305" lon="3.090061"><ele>386.5</ele></trkpt>
   <trkpt lat="45.776303" lon="3.089923"><ele>387</ele></trkpt>
   <trkpt lat="45.776303" lon="3.089757"><ele>387.75</ele></trkpt>
   <trkpt lat="45.776306" lon="3.08935"><ele>390.5</ele></trkpt>
   <trkpt lat="45.776304" lon="3.089222"><ele>391.5</ele></trkpt>
   <trkpt lat="45.776297" lon="3.089159"><ele>392</ele></trkpt>
   <trkpt lat="45.776265" lon="3.089012"><ele>393.25</ele></trkpt>
   <trkpt lat="45.776239" lon="3.088934"><ele>394</ele></trkpt>
   <trkpt lat="45.776149" lon="3.088752"><ele>395</ele></trkpt>
   <trkpt lat="45.776069" lon="3.088565"><ele>396</ele></trkpt>
   <trkpt lat="45.776024" lon="3.088425"><ele>397</ele></trkpt>
   <trkpt lat="45.775992" lon="3.088324"><ele>397.5</ele></trkpt>
   <trkpt lat="45.775904" lon="3.08805"><ele>399</ele></trkpt>
   <trkpt lat="45.775884" lon="3.087969"><ele>399.25</ele></trkpt>
   <trkpt lat="45.775853" lon="3.087732"><ele>400.25</ele></trkpt>
   <trkpt lat="45.775842" lon="3.087563"><ele>400.75</ele></trkpt>
   <trkpt lat="45.775829" lon="3.086992"><ele>402.75</ele></trkpt>
   <trkpt lat="45.775812" lon="3.086872"><ele>403</ele></trkpt>
   <trkpt lat="45.775793" lon="3.086763"><ele>403.5</ele></trkpt>
   <trkpt lat="45.775782" lon="3.086654"><ele>403.75</ele></trkpt>
   <trkpt lat="45.775766" lon="3.086413"><ele>404.75</ele></trkpt>
   <trkpt lat="45.775771" lon="3.085615"><ele>405</ele></trkpt>
   <trkpt lat="45.775779" lon="3.085531"><ele>404.75</ele></trkpt>
   <trkpt lat="45.775788" lon="3.085441"><ele>404.5</ele></trkpt>
   <trkpt lat="45.775802" lon="3.085339"><ele>404</ele></trkpt>
   <trkpt lat="45.77581" lon="3.085284"><ele>404</ele></trkpt>
   <trkpt lat="45.77585" lon="3.085044"><ele>402.25</ele></trkpt>
   <trkpt lat="45.77588" lon="3.084838"><ele>400.75</ele></trkpt>
   <trkpt lat="45.775892" lon="3.08474"><ele>400</ele></trkpt>
   <trkpt lat="45.775898" lon="3.084683"><ele>399.75</ele></trkpt>
   <trkpt lat="45.775919" lon="3.084626"><ele>399.5</ele></trkpt>
   <trkpt lat="45.77597" lon="3.084582"><ele>399.25</ele></trkpt>
   <trkpt lat="45.776087" lon="3.084555"><ele>399.25</ele></trkpt>
   <trkpt lat="45.776145" lon="3.084528"><ele>399.25</ele></trkpt>
   <trkpt lat="45.776181" lon="3.084498"><ele>399</ele></trkpt>
   <trkpt lat="45.776209" lon="3.084454"><ele>399</ele></trkpt>
   <trkpt lat="45.776227" lon="3.08441"><ele>398.75</ele></trkpt>
   <trkpt lat="45.776287" lon="3.084124"><ele>398</ele></trkpt>
   <trkpt lat="45.776317" lon="3.084031"><ele>397.5</ele></trkpt>
   <trkpt lat="45.776383" lon="3.08391"><ele>397</ele></trkpt>
   <trkpt lat="45.776405" lon="3.083877"><ele>397</ele></trkpt>
   <trkpt lat="45.776475" lon="3.083806"><ele>396.75</ele></trkpt>
   <trkpt lat="45.776541" lon="3.083773"><ele>396.5</ele></trkpt>
   <trkpt lat="45.776613" lon="3.083741"><ele>396.5</ele></trkpt>
   <trkpt lat="45.776792" lon="3.083691"><ele>395</ele></trkpt>
   <trkpt lat="45.776834" lon="3.083682"><ele>394.75</ele></trkpt>
   <trkpt lat="45.776956" lon="3.083647"><ele>394</ele></trkpt>
   <trkpt lat="45.777019" lon="3.083617"><ele>393.75</ele></trkpt>
   <trkpt lat="45.777081" lon="3.083567"><ele>393.25</ele></trkpt>
   <trkpt lat="45.777145" lon="3.083514"><ele>392.75</ele></trkpt>
   <trkpt lat="45.777182" lon="3.083456"><ele>392.5</ele></trkpt>
   <trkpt lat="45.777201" lon="3.083399"><ele>392.25</ele></trkpt>
   <trkpt lat="45.777217" lon="3.083319"><ele>391.75</ele></trkpt>
   <trkpt lat="45.777222" lon="3.083186"><ele>391.25</ele></trkpt>
   <trkpt lat="45.777219" lon="3.083117"><ele>391</ele></trkpt>
   <trkpt lat="45.777213" lon="3.083065"><ele>390.75</ele></trkpt>
   <trkpt lat="45.777196" lon="3.082887"><ele>390.25</ele></trkpt>
   <trkpt lat="45.777165" lon="3.082587"><ele>389</ele></trkpt>
   <trkpt lat="45.777167" lon="3.08249"><ele>388.75</ele></trkpt>
   <trkpt lat="45.777172" lon="3.082457"><ele>388.5</ele></trkpt>
   <trkpt lat="45.777201" lon="3.082324"><ele>388.25</ele></trkpt>
   <trkpt lat="45.777213" lon="3.082284"><ele>388</ele></trkpt>
   <trkpt lat="45.777229" lon="3.082158"><ele>388</ele></trkpt>
   <trkpt lat="45.777228" lon="3.082091"><ele>388</ele></trkpt>
   <trkpt lat="45.777177" lon="3.081677"><ele>387</ele></trkpt>
   <trkpt lat="45.777166" lon="3.081641"><ele>386.75</ele></trkpt>
   <trkpt lat="45.777153" lon="3.081602"><ele>386.75</ele></trkpt>
   <trkpt lat="45.77714" lon="3.081567"><ele>386.75</ele></trkpt>
   <trkpt lat="45.777111" lon="3.081506"><ele>386.75</ele></trkpt>
   <trkpt lat="45.77707" lon="3.081397"><ele>386.25</ele></trkpt>
   <trkpt lat="45.777004" lon="3.080715"><ele>386</ele></trkpt>
   <trkpt lat="45.776916" lon="3.079741"><ele>386</ele></trkpt>
   <trkpt lat="45.77687" lon="3.079235"><ele>386</ele></trkpt>
   <trkpt lat="45.776834" lon="3.078827"><ele>386</ele></trkpt>
   <trkpt lat="45.776829" lon="3.078777"><ele>386</ele></trkpt>
   <trkpt lat="45.776827" lon="3.078749"><ele>386</ele></trkpt>
   <trkpt lat="45.77682" lon="3.078686"><ele>386</ele></trkpt>
   <trkpt lat="45.776814" lon="3.078615"><ele>386</ele></trkpt>
   <trkpt lat="45.776764" lon="3.078631"><ele>386</ele></trkpt>
   <trkpt lat="45.776743" lon="3.078635"><ele>386</ele></trkpt>
   <trkpt lat="45.776714" lon="3.078314"><ele>386</ele></trkpt>
   <trkpt lat="45.776692" lon="3.078062"><ele>386</ele></trkpt>
   <trkpt lat="45.77672" lon="3.078058"><ele>386</ele></trkpt>
   <trkpt lat="45.776761" lon="3.078051"><ele>386</ele></trkpt>
   <trkpt lat="45.77668" lon="3.077215"><ele>386</ele></trkpt>
   <trkpt lat="45.776678" lon="3.0772"><ele>386</ele></trkpt>
   <trkpt lat="45.776714" lon="3.07707"><ele>386</ele></trkpt>
   <trkpt lat="45.776756" lon="3.076997"><ele>386</ele></trkpt>
   <trkpt lat="45.776784" lon="3.076954"><ele>386</ele></trkpt>
   <trkpt lat="45.776831" lon="3.076884"><ele>386</ele></trkpt>
   <trkpt lat="45.776848" lon="3.076714"><ele>386</ele></trkpt>
   <trkpt lat="45.776985" lon="3.075394"><ele>387</ele></trkpt>
   <trkpt lat="45.777015" lon="3.075113"><ele>387.75</ele></trkpt>
   <trkpt lat="45.777022" lon="3.075037"><ele>387.75</ele></trkpt>
   <trkpt lat="45.777031" lon="3.074952"><ele>388</ele></trkpt>
   <trkpt lat="45.777094" lon="3.074338"><ele>389</ele></trkpt>
   <trkpt lat="45.777146" lon="3.073734"><ele>389.75</ele></trkpt>
   <trkpt lat="45.777154" lon="3.073643"><ele>390</ele></trkpt>
   <trkpt lat="45.777207" lon="3.073041"><ele>391</ele></trkpt>
   <trkpt lat="45.77721" lon="3.073001"><ele>391</ele></trkpt>
   <trkpt lat="45.777214" lon="3.072951"><ele>391.25</ele></trkpt>
   <trkpt lat="45.777257" lon="3.07278"><ele>391.75</ele></trkpt>
   <trkpt lat="45.777384" lon="3.072793"><ele>391.75</ele></trkpt>
   <trkpt lat="45.778444" lon="3.07228"><ele>391</ele></trkpt>
   <trkpt lat="45.778495" lon="3.072254"><ele>391</ele></trkpt>
   <trkpt lat="45.77852" lon="3.072241"><ele>391</ele></trkpt>
   <trkpt lat="45.778557" lon="3.07222"><ele>391</ele></trkpt>
   <trkpt lat="45.77872" lon="3.072129"><ele>390.5</ele></trkpt>
   <trkpt lat="45.779786" lon="3.07161"><ele>387.75</ele></trkpt>
   <trkpt lat="45.77992" lon="3.071539"><ele>387.25</ele></trkpt>
   <trkpt lat="45.780014" lon="3.071485"><ele>386.75</ele></trkpt>
   <trkpt lat="45.780386" lon="3.071319"><ele>386.5</ele></trkpt>
   <trkpt lat="45.780401" lon="3.071313"><ele>386.5</ele></trkpt>
   <trkpt lat="45.780641" lon="3.071197"><ele>385.75</ele></trkpt>
   <trkpt lat="45.780743" lon="3.071141"><ele>385.75</ele></trkpt>
   <trkpt lat="45.780886" lon="3.071076"><ele>385.75</ele></trkpt>
   <trkpt lat="45.781209" lon="3.070925"><ele>385.5</ele></trkpt>
   <trkpt lat="45.781309" lon="3.070888"><ele>385.75</ele></trkpt>
   <trkpt lat="45.781363" lon="3.070897"><ele>385.75</ele></trkpt>
   <trkpt lat="45.781412" lon="3.070922"><ele>385.5</ele></trkpt>
   <trkpt lat="45.781464" lon="3.070963"><ele>385.5</ele></trkpt>
   <trkpt lat="45.78151" lon="3.071016"><ele>385.5</ele></trkpt>
   <trkpt lat="45.781563" lon="3.071118"><ele>385.5</ele></trkpt>
   <trkpt lat="45.781618" lon="3.071262"><ele>385.25</ele></trkpt>
   <trkpt lat="45.781696" lon="3.071489"><ele>385</ele></trkpt>
   <trkpt lat="45.781998" lon="3.072382"><ele>384</ele></trkpt>
   <trkpt lat="45.782054" lon="3.072605"><ele>384</ele></trkpt>
   <trkpt lat="45.782062" lon="3.072621"><ele>384</ele></trkpt>
   <trkpt lat="45.78208" lon="3.072621"><ele>384</ele></trkpt>
   <trkpt lat="45.782111" lon="3.072602"><ele>384</ele></trkpt>
   <trkpt lat="45.782126" lon="3.072642"><ele>384</ele></trkpt>
   <trkpt lat="45.782191" lon="3.072824"><ele>383.75</ele></trkpt>
   <trkpt lat="45.782183" lon="3.07301"><ele>383</ele></trkpt>
   <trkpt lat="45.782185" lon="3.073184"><ele>383</ele></trkpt>
   <trkpt lat="45.782193" lon="3.0734"><ele>382.75</ele></trkpt>
   <trkpt lat="45.782206" lon="3.073494"><ele>382.25</ele></trkpt>
   <trkpt lat="45.782217" lon="3.073571"><ele>382</ele></trkpt>
   <trkpt lat="45.78226" lon="3.073726"><ele>381.75</ele></trkpt>
   <trkpt lat="45.782317" lon="3.073867"><ele>381.5</ele></trkpt>
   <trkpt lat="45.782297" lon="3.073942"><ele>381.5</ele></trkpt>
   <trkpt lat="45.78243" lon="3.074261"><ele>381</ele></trkpt>
   <trkpt lat="45.78273" lon="3.07496"><ele>380.75</ele></trkpt>
   <trkpt lat="45.782882" lon="3.075315"><ele>379.5</ele></trkpt>
   <trkpt lat="45.782924" lon="3.075414"><ele>379.25</ele></trkpt>
   <trkpt lat="45.78309" lon="3.075793"><ele>379</ele></trkpt>
   <trkpt lat="45.783151" lon="3.075739"><ele>378.75</ele></trkpt>
   <trkpt lat="45.783331" lon="3.076061"><ele>378</ele></trkpt>
   <trkpt lat="45.783466" lon="3.076287"><ele>377.5</ele></trkpt>
   <trkpt lat="45.783534" lon="3.076399"><ele>377.5</ele></trkpt>
   <trkpt lat="45.78367" lon="3.076603"><ele>377</ele></trkpt>
   <trkpt lat="45.783692" lon="3.076639"><ele>377</ele></trkpt>
   <trkpt lat="45.783734" lon="3.076709"><ele>377</ele></trkpt>
   <trkpt lat="45.783764" lon="3.07665"><ele>377</ele></trkpt>
   <trkpt lat="45.78379" lon="3.076603"><ele>377</ele></trkpt>
   <trkpt lat="45.78394" lon="3.076302"><ele>378</ele></trkpt>
   <trkpt lat="45.783969" lon="3.076246"><ele>378</ele></trkpt>
   <trkpt lat="45.784009" lon="3.076136"><ele>378</ele></trkpt>
   <trkpt lat="45.784049" lon="3.076033"><ele>378</ele></trkpt>
   <trkpt lat="45.784072" lon="3.075972"><ele>378.25</ele></trkpt>
   <trkpt lat="45.784199" lon="3.075671"><ele>379</ele></trkpt>
   <trkpt lat="45.784357" lon="3.075249"><ele>380.5</ele></trkpt>
   <trkpt lat="45.784399" lon="3.075118"><ele>380.75</ele></trkpt>
   <trkpt lat="45.784429" lon="3.074989"><ele>380.75</ele></trkpt>
   <trkpt lat="45.784442" lon="3.074892"><ele>380.75</ele></trkpt>
   <trkpt lat="45.784487" lon="3.074352"><ele>382.75</ele></trkpt>
   <trkpt lat="45.784517" lon="3.074163"><ele>383.75</ele></trkpt>
   <trkpt lat="45.784575" lon="3.073848"><ele>385</ele></trkpt>
   <trkpt lat="45.784613" lon="3.073706"><ele>385.25</ele></trkpt>
   <trkpt lat="45.784708" lon="3.073429"><ele>385.75</ele></trkpt>
   <trkpt lat="45.784744" lon="3.073372"><ele>386</ele></trkpt>
   <trkpt lat="45.784934" lon="3.073158"><ele>387.75</ele></trkpt>
   <trkpt lat="45.78508" lon="3.07303"><ele>388.75</ele></trkpt>
   <trkpt lat="45.785347" lon="3.072828"><ele>392</ele></trkpt>
   <trkpt lat="45.78539" lon="3.072781"><ele>392.5</ele></trkpt>
   <trkpt lat="45.785428" lon="3.072707"><ele>393</ele></trkpt>
   <trkpt lat="45.785472" lon="3.072575"><ele>393.5</ele></trkpt>
   <trkpt lat="45.785588" lon="3.072168"><ele>395.75</ele></trkpt>
   <trkpt lat="45.785645" lon="3.072008"><ele>397.5</ele></trkpt>
   <trkpt lat="45.785719" lon="3.071836"><ele>398.5</ele></trkpt>
   <trkpt lat="45.786046" lon="3.071145"><ele>402.25</ele></trkpt>
   <trkpt lat="45.786133" lon="3.070942"><ele>402.75</ele></trkpt>
   <trkpt lat="45.786295" lon="3.0705"><ele>404.25</ele></trkpt>
   <trkpt lat="45.786334" lon="3.070415"><ele>403.75</ele></trkpt>
   <trkpt lat="45.786405" lon="3.070295"><ele>403.5</ele></trkpt>
   <trkpt lat="45.786494" lon="3.070185"><ele>405.75</ele></trkpt>
   <trkpt lat="45.786593" lon="3.070021"><ele>405.75</ele></trkpt>
   <trkpt lat="45.787044" lon="3.069142"><ele>415.75</ele></trkpt>
   <trkpt lat="45.787308" lon="3.068477"><ele>420</ele></trkpt>
   <trkpt lat="45.787376" lon="3.068319"><ele>421</ele></trkpt>
   <trkpt lat="45.787409" lon="3.068237"><ele>421.5</ele></trkpt>
   <trkpt lat="45.787428" lon="3.068185"><ele>421.75</ele></trkpt>
   <trkpt lat="45.787483" lon="3.06804"><ele>422</ele></trkpt>
   <trkpt lat="45.787712" lon="3.067324"><ele>426.25</ele></trkpt>
   <trkpt lat="45.787718" lon="3.067302"><ele>426.25</ele></trkpt>
   <trkpt lat="45.788216" lon="3.065695"><ele>436.75</ele></trkpt>
   <trkpt lat="45.788277" lon="3.065401"><ele>438.25</ele></trkpt>
   <trkpt lat="45.78835" lon="3.065051"><ele>440</ele></trkpt>
   <trkpt lat="45.788502" lon="3.064218"><ele>447.75</ele></trkpt>
   <trkpt lat="45.788507" lon="3.064187"><ele>448</ele></trkpt>
   <trkpt lat="45.788504" lon="3.064126"><ele>448.5</ele></trkpt>
   <trkpt lat="45.788677" lon="3.064088"><ele>449.5</ele></trkpt>
   <trkpt lat="45.788749" lon="3.064054"><ele>449.75</ele></trkpt>
   <trkpt lat="45.788816" lon="3.064014"><ele>450</ele></trkpt>
   <trkpt lat="45.788898" lon="3.063936"><ele>450.5</ele></trkpt>
   <trkpt lat="45.788952" lon="3.063852"><ele>450.75</ele></trkpt>
   <trkpt lat="45.789024" lon="3.063693"><ele>451</ele></trkpt>
   <trkpt lat="45.789068" lon="3.063557"><ele>451.5</ele></trkpt>
   <trkpt lat="45.789193" lon="3.063088"><ele>452.75</ele></trkpt>
   <trkpt lat="45.789206" lon="3.063035"><ele>452.75</ele></trkpt>
   <trkpt lat="45.789263" lon="3.0628"><ele>453.25</ele></trkpt>
   <trkpt lat="45.789297" lon="3.06264"><ele>454</ele></trkpt>
   <trkpt lat="45.789319" lon="3.062508"><ele>454.75</ele></trkpt>
   <trkpt lat="45.789328" lon="3.062453"><ele>455</ele></trkpt>
   <trkpt lat="45.789383" lon="3.062006"><ele>457</ele></trkpt>
   <trkpt lat="45.789417" lon="3.061775"><ele>457.5</ele></trkpt>
   <trkpt lat="45.789448" lon="3.061625"><ele>458</ele></trkpt>
   <trkpt lat="45.789572" lon="3.061172"><ele>459.25</ele></trkpt>
   <trkpt lat="45.78963" lon="3.060984"><ele>460</ele></trkpt>
   <trkpt lat="45.789763" lon="3.060549"><ele>461.75</ele></trkpt>
   <trkpt lat="45.789994" lon="3.059764"><ele>463.75</ele></trkpt>
   <trkpt lat="45.790044" lon="3.059609"><ele>464.5</ele></trkpt>
   <trkpt lat="45.790065" lon="3.059549"><ele>464.5</ele></trkpt>
   <trkpt lat="45.790138" lon="3.059395"><ele>465.25</ele></trkpt>
   <trkpt lat="45.790105" lon="3.059318"><ele>465.75</ele></trkpt>
   <trkpt lat="45.790087" lon="3.05925"><ele>466.25</ele></trkpt>
   <trkpt lat="45.790055" lon="3.058774"><ele>469</ele></trkpt>
   <trkpt lat="45.790068" lon="3.058675"><ele>469.5</ele></trkpt>
   <trkpt lat="45.790158" lon="3.058604"><ele>469.25</ele></trkpt>
   <trkpt lat="45.790567" lon="3.058381"><ele>469.5</ele></trkpt>
   <trkpt lat="45.790602" lon="3.058339"><ele>469.75</ele></trkpt>
   <trkpt lat="45.79063" lon="3.058284"><ele>469.5</ele></trkpt>
   <trkpt lat="45.790642" lon="3.058201"><ele>469.5</ele></trkpt>
   <trkpt lat="45.79062" lon="3.058116"><ele>469.5</ele></trkpt>
   <trkpt lat="45.79033" lon="3.057357"><ele>473.75</ele></trkpt>
   <trkpt lat="45.790205" lon="3.056986"><ele>476</ele></trkpt>
   <trkpt lat="45.79002" lon="3.056495"><ele>479.25</ele></trkpt>
   <trkpt lat="45.789858" lon="3.056087"><ele>482</ele></trkpt>
   <trkpt lat="45.7897" lon="3.055748"><ele>484.5</ele></trkpt>
   <trkpt lat="45.789358" lon="3.055242"><ele>487.75</ele></trkpt>
   <trkpt lat="45.789327" lon="3.0552"><ele>488.25</ele></trkpt>
   <trkpt lat="45.789296" lon="3.055158"><ele>488.75</ele></trkpt>
   <trkpt lat="45.789337" lon="3.054936"><ele>489.5</ele></trkpt>
   <trkpt lat="45.78937" lon="3.054707"><ele>489.5</ele></trkpt>
   <trkpt lat="45.789423" lon="3.054517"><ele>489.25</ele></trkpt>
   <trkpt lat="45.789465" lon="3.054425"><ele>489.25</ele></trkpt>
   <trkpt lat="45.789508" lon="3.054363"><ele>489.75</ele></trkpt>
   <trkpt lat="45.789709" lon="3.054151"><ele>492</ele></trkpt>
   <trkpt lat="45.78999" lon="3.05389"><ele>494.75</ele></trkpt>
   <trkpt lat="45.790077" lon="3.053828"><ele>496</ele></trkpt>
   <trkpt lat="45.79017" lon="3.053787"><ele>496.75</ele></trkpt>
   <trkpt lat="45.790242" lon="3.053765"><ele>497.25</ele></trkpt>
   <trkpt lat="45.790315" lon="3.053742"><ele>497.5</ele></trkpt>
   <trkpt lat="45.790378" lon="3.053718"><ele>497.5</ele></trkpt>
   <trkpt lat="45.790625" lon="3.053622"><ele>498.5</ele></trkpt>
   <trkpt lat="45.790728" lon="3.053586"><ele>498.5</ele></trkpt>
   <trkpt lat="45.790877" lon="3.053547"><ele>498.75</ele></trkpt>
   <trkpt lat="45.791027" lon="3.053527"><ele>499.25</ele></trkpt>
   <trkpt lat="45.791107" lon="3.053529"><ele>499.5</ele></trkpt>
   <trkpt lat="45.791194" lon="3.053524"><ele>499.5</ele></trkpt>
   <trkpt lat="45.791421" lon="3.053518"><ele>499.25</ele></trkpt>
   <trkpt lat="45.791525" lon="3.053516"><ele>499.5</ele></trkpt>
   <trkpt lat="45.791809" lon="3.053502"><ele>500.25</ele></trkpt>
   <trkpt lat="45.792138" lon="3.05348"><ele>501.5</ele></trkpt>
   <trkpt lat="45.792266" lon="3.053456"><ele>502.5</ele></trkpt>
   <trkpt lat="45.792457" lon="3.053396"><ele>504.25</ele></trkpt>
   <trkpt lat="45.79254" lon="3.053359"><ele>505.25</ele></trkpt>
   <trkpt lat="45.792756" lon="3.053226"><ele>508</ele></trkpt>
   <trkpt lat="45.79315" lon="3.053063"><ele>511.5</ele></trkpt>
   <trkpt lat="45.793428" lon="3.052969"><ele>515.25</ele></trkpt>
   <trkpt lat="45.7935" lon="3.052955"><ele>516</ele></trkpt>
   <trkpt lat="45.793633" lon="3.052929"><ele>517.5</ele></trkpt>
   <trkpt lat="45.793927" lon="3.052874"><ele>520</ele></trkpt>
   <trkpt lat="45.794173" lon="3.052817"><ele>521</ele></trkpt>
   <trkpt lat="45.7942" lon="3.05281"><ele>521</ele></trkpt>
   <trkpt lat="45.794292" lon="3.052776"><ele>521.25</ele></trkpt>
   <trkpt lat="45.794514" lon="3.05274"><ele>522</ele></trkpt>
   <trkpt lat="45.794583" lon="3.05273"><ele>522</ele></trkpt>
   <trkpt lat="45.794736" lon="3.052688"><ele>521.75</ele></trkpt>
   <trkpt lat="45.794813" lon="3.052667"><ele>521</ele></trkpt>
   <trkpt lat="45.795088" lon="3.052518"><ele>518.25</ele></trkpt>
   <trkpt lat="45.79514" lon="3.052492"><ele>518</ele></trkpt>
   <trkpt lat="45.795169" lon="3.052481"><ele>517.75</ele></trkpt>
   <trkpt lat="45.795207" lon="3.052472"><ele>517.5</ele></trkpt>
   <trkpt lat="45.795238" lon="3.052468"><ele>517.25</ele></trkpt>
   <trkpt lat="45.795262" lon="3.052468"><ele>517</ele></trkpt>
   <trkpt lat="45.795314" lon="3.052466"><ele>516.5</ele></trkpt>
   <trkpt lat="45.795365" lon="3.052465"><ele>516.25</ele></trkpt>
   <trkpt lat="45.795496" lon="3.052455"><ele>515.25</ele></trkpt>
   <trkpt lat="45.795495" lon="3.052357"><ele>515</ele></trkpt>
   <trkpt lat="45.795427" lon="3.05204"><ele>516</ele></trkpt>
   <trkpt lat="45.795347" lon="3.051686"><ele>516</ele></trkpt>
   <trkpt lat="45.795318" lon="3.051568"><ele>516.25</ele></trkpt>
   <trkpt lat="45.795306" lon="3.051538"><ele>516.25</ele></trkpt>
   <trkpt lat="45.795262" lon="3.051455"><ele>516.75</ele></trkpt>
   <trkpt lat="45.795175" lon="3.051323"><ele>518.25</ele></trkpt>
   <trkpt lat="45.794986" lon="3.051043"><ele>518.25</ele></trkpt>
   <trkpt lat="45.794847" lon="3.050857"><ele>519.5</ele></trkpt>
   <trkpt lat="45.794512" lon="3.050454"><ele>523</ele></trkpt>
   <trkpt lat="45.79437" lon="3.05027"><ele>524</ele></trkpt>
   <trkpt lat="45.794195" lon="3.050051"><ele>526</ele></trkpt>
   <trkpt lat="45.794137" lon="3.049988"><ele>526.25</ele></trkpt>
   <trkpt lat="45.794079" lon="3.049925"><ele>527</ele></trkpt>
   <trkpt lat="45.793716" lon="3.049537"><ele>532</ele></trkpt>
   <trkpt lat="45.793643" lon="3.04945"><ele>531.25</ele></trkpt>
   <trkpt lat="45.793526" lon="3.049302"><ele>531.75</ele></trkpt>
   <trkpt lat="45.793568" lon="3.049212"><ele>531.25</ele></trkpt>
   <trkpt lat="45.793573" lon="3.049189"><ele>531.25</ele></trkpt>
   <trkpt lat="45.793575" lon="3.049009"><ele>530.75</ele></trkpt>
   <trkpt lat="45.793584" lon="3.048928"><ele>530.25</ele></trkpt>
   <trkpt lat="45.793601" lon="3.048858"><ele>530</ele></trkpt>
   <trkpt lat="45.793629" lon="3.048784"><ele>529.75</ele></trkpt>
   <trkpt lat="45.793685" lon="3.048679"><ele>529.75</ele></trkpt>
   <trkpt lat="45.793737" lon="3.048617"><ele>529.75</ele></trkpt>
   <trkpt lat="45.793787" lon="3.048572"><ele>530</ele></trkpt>
   <trkpt lat="45.793844" lon="3.048536"><ele>530</ele></trkpt>
   <trkpt lat="45.793923" lon="3.048512"><ele>530</ele></trkpt>
   <trkpt lat="45.794135" lon="3.048532"><ele>530.75</ele></trkpt>
   <trkpt lat="45.794222" lon="3.048517"><ele>531.75</ele></trkpt>
   <trkpt lat="45.794285" lon="3.048482"><ele>532.5</ele></trkpt>
   <trkpt lat="45.794344" lon="3.048424"><ele>533.25</ele></trkpt>
   <trkpt lat="45.794381" lon="3.048362"><ele>533.25</ele></trkpt>
   <trkpt lat="45.794407" lon="3.048294"><ele>533.5</ele></trkpt>
   <trkpt lat="45.794421" lon="3.048178"><ele>534.25</ele></trkpt>
   <trkpt lat="45.794416" lon="3.048102"><ele>534.5</ele></trkpt>
   <trkpt lat="45.794401" lon="3.048025"><ele>534.5</ele></trkpt>
   <trkpt lat="45.794355" lon="3.047905"><ele>534.75</ele></trkpt>
   <trkpt lat="45.794251" lon="3.047739"><ele>534.75</ele></trkpt>
   <trkpt lat="45.79405" lon="3.047419"><ele>535.5</ele></trkpt>
   <trkpt lat="45.79399" lon="3.047314"><ele>535.75</ele></trkpt>
   <trkpt lat="45.793946" lon="3.047209"><ele>536</ele></trkpt>
   <trkpt lat="45.793915" lon="3.047085"><ele>536</ele></trkpt>
   <trkpt lat="45.793911" lon="3.047011"><ele>536.25</ele></trkpt>
   <trkpt lat="45.793939" lon="3.046511"><ele>539.25</ele></trkpt>
   <trkpt lat="45.793915" lon="3.046324"><ele>540.25</ele></trkpt>
   <trkpt lat="45.793887" lon="3.046207"><ele>541</ele></trkpt>
   <trkpt lat="45.793792" lon="3.045964"><ele>543</ele></trkpt>
   <trkpt lat="45.793322" lon="3.044871"><ele>550.5</ele></trkpt>
   <trkpt lat="45.793248" lon="3.044625"><ele>553.25</ele></trkpt>
   <trkpt lat="45.793184" lon="3.04437"><ele>555.75</ele></trkpt>
   <trkpt lat="45.79294" lon="3.043229"><ele>561.5</ele></trkpt>
   <trkpt lat="45.792816" lon="3.042709"><ele>563.5</ele></trkpt>
   <trkpt lat="45.792518" lon="3.041885"><ele>569</ele></trkpt>
   <trkpt lat="45.792429" lon="3.041592"><ele>570.5</ele></trkpt>
   <trkpt lat="45.792379" lon="3.041298"><ele>572.5</ele></trkpt>
   <trkpt lat="45.792376" lon="3.041014"><ele>573.75</ele></trkpt>
   <trkpt lat="45.79246" lon="3.03984"><ele>579.5</ele></trkpt>
   <trkpt lat="45.792456" lon="3.039606"><ele>580.5</ele></trkpt>
   <trkpt lat="45.792418" lon="3.039317"><ele>582</ele></trkpt>
   <trkpt lat="45.792348" lon="3.038999"><ele>583.5</ele></trkpt>
   <trkpt lat="45.792172" lon="3.038414"><ele>588.5</ele></trkpt>
   <trkpt lat="45.792129" lon="3.03815"><ele>591.25</ele></trkpt>
   <trkpt lat="45.792123" lon="3.038021"><ele>592.25</ele></trkpt>
   <trkpt lat="45.792149" lon="3.037887"><ele>593.25</ele></trkpt>
   <trkpt lat="45.79221" lon="3.037787"><ele>592.25</ele></trkpt>
   <trkpt lat="45.792301" lon="3.037711"><ele>595</ele></trkpt>
   <trkpt lat="45.792378" lon="3.037695"><ele>594.75</ele></trkpt>
   <trkpt lat="45.792459" lon="3.037711"><ele>594</ele></trkpt>
   <trkpt lat="45.792522" lon="3.03775"><ele>594.25</ele></trkpt>
   <trkpt lat="45.792576" lon="3.037807"><ele>596</ele></trkpt>
   <trkpt lat="45.792624" lon="3.037972"><ele>599.25</ele></trkpt>
   <trkpt lat="45.792635" lon="3.038107"><ele>600.75</ele></trkpt>
   <trkpt lat="45.792612" lon="3.038431"><ele>600.5</ele></trkpt>
   <trkpt lat="45.792617" lon="3.038645"><ele>601</ele></trkpt>
   <trkpt lat="45.792668" lon="3.038886"><ele>600</ele></trkpt>
   <trkpt lat="45.792741" lon="3.039154"><ele>602.75</ele></trkpt>
   <trkpt lat="45.792926" lon="3.039635"><ele>607</ele></trkpt>
   <trkpt lat="45.793002" lon="3.039903"><ele>608</ele></trkpt>
   <trkpt lat="45.793052" lon="3.040764"><ele>612.75</ele></trkpt>
   <trkpt lat="45.793105" lon="3.040993"><ele>613.25</ele></trkpt>
   <trkpt lat="45.793174" lon="3.041147"><ele>613.75</ele></trkpt>
   <trkpt lat="45.793262" lon="3.041268"><ele>614</ele></trkpt>
   <trkpt lat="45.793367" lon="3.04131"><ele>615.5</ele></trkpt>
   <trkpt lat="45.793489" lon="3.041317"><ele>616</ele></trkpt>
   <trkpt lat="45.793936" lon="3.041248"><ele>620.75</ele></trkpt>
   <trkpt lat="45.794025" lon="3.041265"><ele>622.25</ele></trkpt>
   <trkpt lat="45.794098" lon="3.041317"><ele>622.5</ele></trkpt>
   <trkpt lat="45.794171" lon="3.041431"><ele>623</ele></trkpt>
   <trkpt lat="45.794214" lon="3.041579"><ele>625.25</ele></trkpt>
   <trkpt lat="45.794223" lon="3.041747"><ele>626.25</ele></trkpt>
   <trkpt lat="45.794197" lon="3.041936"><ele>626.25</ele></trkpt>
   <trkpt lat="45.794114" lon="3.042237"><ele>626.75</ele></trkpt>
   <trkpt lat="45.794072" lon="3.04248"><ele>628</ele></trkpt>
   <trkpt lat="45.794074" lon="3.042748"><ele>627.5</ele></trkpt>
   <trkpt lat="45.794119" lon="3.042917"><ele>628</ele></trkpt>
   <trkpt lat="45.794192" lon="3.043026"><ele>629.5</ele></trkpt>
   <trkpt lat="45.794288" lon="3.043097"><ele>629.5</ele></trkpt>
   <trkpt lat="45.794342" lon="3.043098"><ele>630.5</ele></trkpt>
   <trkpt lat="45.794427" lon="3.043089"><ele>632</ele></trkpt>
   <trkpt lat="45.794507" lon="3.043036"><ele>632.75</ele></trkpt>
   <trkpt lat="45.794563" lon="3.042923"><ele>634.25</ele></trkpt>
   <trkpt lat="45.794584" lon="3.04278"><ele>636.25</ele></trkpt>
   <trkpt lat="45.794598" lon="3.042569"><ele>639.75</ele></trkpt>
   <trkpt lat="45.794551" lon="3.041796"><ele>642.5</ele></trkpt>
   <trkpt lat="45.794537" lon="3.041288"><ele>643.5</ele></trkpt>
   <trkpt lat="45.794524" lon="3.041095"><ele>644.5</ele></trkpt>
   <trkpt lat="45.794486" lon="3.040934"><ele>645</ele></trkpt>
   <trkpt lat="45.794422" lon="3.040814"><ele>644.75</ele></trkpt>
   <trkpt lat="45.794335" lon="3.040686"><ele>646.75</ele></trkpt>
   <trkpt lat="45.794216" lon="3.040622"><ele>646.25</ele></trkpt>
   <trkpt lat="45.793936" lon="3.040566"><ele>647.5</ele></trkpt>
   <trkpt lat="45.793841" lon="3.040489"><ele>648</ele></trkpt>
   <trkpt lat="45.793785" lon="3.040373"><ele>648.5</ele></trkpt>
   <trkpt lat="45.793772" lon="3.040253"><ele>649.5</ele></trkpt>
   <trkpt lat="45.793764" lon="3.039993"><ele>649.5</ele></trkpt>
   <trkpt lat="45.793769" lon="3.039822"><ele>650.5</ele></trkpt>
   <trkpt lat="45.793761" lon="3.039668"><ele>651.25</ele></trkpt>
   <trkpt lat="45.793648" lon="3.039136"><ele>653.25</ele></trkpt>
   <trkpt lat="45.793621" lon="3.038925"><ele>654</ele></trkpt>
   <trkpt lat="45.793601" lon="3.038497"><ele>656.5</ele></trkpt>
   <trkpt lat="45.793599" lon="3.038267"><ele>658</ele></trkpt>
   <trkpt lat="45.793627" lon="3.038123"><ele>658.75</ele></trkpt>
   <trkpt lat="45.79371" lon="3.037897"><ele>659.75</ele></trkpt>
   <trkpt lat="45.793819" lon="3.037634"><ele>661.5</ele></trkpt>
   <trkpt lat="45.793868" lon="3.037412"><ele>662.5</ele></trkpt>
   <trkpt lat="45.793935" lon="3.036758"><ele>666</ele></trkpt>
   <trkpt lat="45.793998" lon="3.036472"><ele>668</ele></trkpt>
   <trkpt lat="45.794097" lon="3.036145"><ele>669.5</ele></trkpt>
   <trkpt lat="45.794123" lon="3.035979"><ele>670.75</ele></trkpt>
   <trkpt lat="45.794122" lon="3.03582"><ele>671.25</ele></trkpt>
   <trkpt lat="45.794038" lon="3.035365"><ele>673</ele></trkpt>
   <trkpt lat="45.794003" lon="3.03504"><ele>674.75</ele></trkpt>
   <trkpt lat="45.793996" lon="3.034892"><ele>675.25</ele></trkpt>
   <trkpt lat="45.794011" lon="3.034718"><ele>677</ele></trkpt>
   <trkpt lat="45.794061" lon="3.034561"><ele>677.25</ele></trkpt>
   <trkpt lat="45.794227" lon="3.034302"><ele>680</ele></trkpt>
   <trkpt lat="45.794325" lon="3.034048"><ele>681</ele></trkpt>
   <trkpt lat="45.794733" lon="3.032902"><ele>688</ele></trkpt>
   <trkpt lat="45.794818" lon="3.032765"><ele>688.5</ele></trkpt>
   <trkpt lat="45.794909" lon="3.032672"><ele>688.5</ele></trkpt>
   <trkpt lat="45.794992" lon="3.032632"><ele>689.5</ele></trkpt>
   <trkpt lat="45.795081" lon="3.032622"><ele>690.25</ele></trkpt>
   <trkpt lat="45.795197" lon="3.032664"><ele>691.75</ele></trkpt>
   <trkpt lat="45.795309" lon="3.032757"><ele>693.5</ele></trkpt>
   <trkpt lat="45.795935" lon="3.033525"><ele>696.75</ele></trkpt>
   <trkpt lat="45.796053" lon="3.033633"><ele>697</ele></trkpt>
   <trkpt lat="45.796145" lon="3.033675"><ele>697.25</ele></trkpt>
   <trkpt lat="45.796246" lon="3.033692"><ele>698</ele></trkpt>
   <trkpt lat="45.796345" lon="3.033683"><ele>698.5</ele></trkpt>
   <trkpt lat="45.796429" lon="3.033649"><ele>699.25</ele></trkpt>
   <trkpt lat="45.796527" lon="3.033575"><ele>700</ele></trkpt>
   <trkpt lat="45.796611" lon="3.033469"><ele>700.5</ele></trkpt>
   <trkpt lat="45.796707" lon="3.033299"><ele>701.5</ele></trkpt>
   <trkpt lat="45.796812" lon="3.033059"><ele>703.5</ele></trkpt>
   <trkpt lat="45.796936" lon="3.032794"><ele>704.75</ele></trkpt>
   <trkpt lat="45.797075" lon="3.032526"><ele>706.25</ele></trkpt>
   <trkpt lat="45.797206" lon="3.032344"><ele>708</ele></trkpt>
   <trkpt lat="45.797261" lon="3.032273"><ele>708.5</ele></trkpt>
   <trkpt lat="45.797443" lon="3.032036"><ele>710.75</ele></trkpt>
   <trkpt lat="45.797537" lon="3.031885"><ele>711.75</ele></trkpt>
   <trkpt lat="45.7976" lon="3.031719"><ele>712</ele></trkpt>
   <trkpt lat="45.797681" lon="3.031462"><ele>712.5</ele></trkpt>
   <trkpt lat="45.797765" lon="3.03128"><ele>713.5</ele></trkpt>
   <trkpt lat="45.797866" lon="3.031163"><ele>714.75</ele></trkpt>
   <trkpt lat="45.797903" lon="3.031125"><ele>715.25</ele></trkpt>
   <trkpt lat="45.798055" lon="3.030991"><ele>716.25</ele></trkpt>
   <trkpt lat="45.798267" lon="3.030758"><ele>717.5</ele></trkpt>
   <trkpt lat="45.798381" lon="3.030597"><ele>718.5</ele></trkpt>
   <trkpt lat="45.79857" lon="3.03027"><ele>720.5</ele></trkpt>
   <trkpt lat="45.798668" lon="3.030141"><ele>721</ele></trkpt>
   <trkpt lat="45.798754" lon="3.030063"><ele>721.5</ele></trkpt>
   <trkpt lat="45.798853" lon="3.030006"><ele>722</ele></trkpt>
   <trkpt lat="45.798999" lon="3.02996"><ele>723.25</ele></trkpt>
   <trkpt lat="45.799128" lon="3.029962"><ele>723.75</ele></trkpt>
   <trkpt lat="45.799305" lon="3.029981"><ele>724.25</ele></trkpt>
   <trkpt lat="45.799444" lon="3.029969"><ele>725.5</ele></trkpt>
   <trkpt lat="45.799571" lon="3.029939"><ele>725.75</ele></trkpt>
   <trkpt lat="45.799698" lon="3.029872"><ele>726.25</ele></trkpt>
   <trkpt lat="45.799752" lon="3.029821"><ele>728.25</ele></trkpt>
   <trkpt lat="45.800082" lon="3.029513"><ele>728.25</ele></trkpt>
   <trkpt lat="45.800409" lon="3.029183"><ele>730.75</ele></trkpt>
   <trkpt lat="45.800534" lon="3.029036"><ele>732</ele></trkpt>
   <trkpt lat="45.800611" lon="3.028903"><ele>733.25</ele></trkpt>
   <trkpt lat="45.800896" lon="3.028139"><ele>737.25</ele></trkpt>
   <trkpt lat="45.800978" lon="3.028005"><ele>737.75</ele></trkpt>
   <trkpt lat="45.801051" lon="3.027931"><ele>737.75</ele></trkpt>
   <trkpt lat="45.801105" lon="3.027896"><ele>737.75</ele></trkpt>
   <trkpt lat="45.801179" lon="3.027877"><ele>738.25</ele></trkpt>
   <trkpt lat="45.801285" lon="3.027877"><ele>739</ele></trkpt>
   <trkpt lat="45.802354" lon="3.028225"><ele>746</ele></trkpt>
   <trkpt lat="45.802482" lon="3.028228"><ele>746.5</ele></trkpt>
   <trkpt lat="45.802607" lon="3.028174"><ele>746.75</ele></trkpt>
   <trkpt lat="45.802682" lon="3.028118"><ele>747.25</ele></trkpt>
   <trkpt lat="45.80274" lon="3.028048"><ele>748</ele></trkpt>
   <trkpt lat="45.802784" lon="3.027957"><ele>748.5</ele></trkpt>
   <trkpt lat="45.802844" lon="3.027777"><ele>748.75</ele></trkpt>
   <trkpt lat="45.802871" lon="3.027617"><ele>749.25</ele></trkpt>
   <trkpt lat="45.802881" lon="3.027449"><ele>749.75</ele></trkpt>
   <trkpt lat="45.802853" lon="3.027288"><ele>750.5</ele></trkpt>
   <trkpt lat="45.802793" lon="3.027108"><ele>751.5</ele></trkpt>
   <trkpt lat="45.802608" lon="3.026773"><ele>753</ele></trkpt>
   <trkpt lat="45.802547" lon="3.026641"><ele>753.75</ele></trkpt>
   <trkpt lat="45.80251" lon="3.026501"><ele>755</ele></trkpt>
   <trkpt lat="45.802495" lon="3.026318"><ele>756.25</ele></trkpt>
   <trkpt lat="45.80252" lon="3.026112"><ele>756.75</ele></trkpt>
   <trkpt lat="45.802642" lon="3.025565"><ele>759.25</ele></trkpt>
   <trkpt lat="45.802707" lon="3.025366"><ele>761</ele></trkpt>
   <trkpt lat="45.802794" lon="3.025189"><ele>761.75</ele></trkpt>
   <trkpt lat="45.802904" lon="3.025003"><ele>762.5</ele></trkpt>
   <trkpt lat="45.803041" lon="3.024834"><ele>763.75</ele></trkpt>
   <trkpt lat="45.803136" lon="3.024745"><ele>765</ele></trkpt>
   <trkpt lat="45.803236" lon="3.024681"><ele>766</ele></trkpt>
   <trkpt lat="45.803524" lon="3.024555"><ele>766.75</ele></trkpt>
   <trkpt lat="45.803636" lon="3.024446"><ele>767.5</ele></trkpt>
   <trkpt lat="45.803738" lon="3.024245"><ele>768.75</ele></trkpt>
   <trkpt lat="45.804008" lon="3.023622"><ele>772.5</ele></trkpt>
   <trkpt lat="45.804045" lon="3.023458"><ele>773</ele></trkpt>
   <trkpt lat="45.804049" lon="3.023291"><ele>773.5</ele></trkpt>
   <trkpt lat="45.804023" lon="3.023134"><ele>773.5</ele></trkpt>
   <trkpt lat="45.803903" lon="3.022836"><ele>777.25</ele></trkpt>
   <trkpt lat="45.803876" lon="3.0227"><ele>778.25</ele></trkpt>
   <trkpt lat="45.803844" lon="3.022537"><ele>779.25</ele></trkpt>
   <trkpt lat="45.803788" lon="3.022393"><ele>779.25</ele></trkpt>
   <trkpt lat="45.803702" lon="3.022276"><ele>780</ele></trkpt>
   <trkpt lat="45.803403" lon="3.022"><ele>783.25</ele></trkpt>
   <trkpt lat="45.803239" lon="3.021679"><ele>784.75</ele></trkpt>
   <trkpt lat="45.803045" lon="3.021328"><ele>787.5</ele></trkpt>
   <trkpt lat="45.802962" lon="3.021239"><ele>788.25</ele></trkpt>
   <trkpt lat="45.802814" lon="3.021082"><ele>789</ele></trkpt>
   <trkpt lat="45.802597" lon="3.02088"><ele>790</ele></trkpt>
   <trkpt lat="45.80256" lon="3.020802"><ele>790</ele></trkpt>
   <trkpt lat="45.802541" lon="3.020698"><ele>790.25</ele></trkpt>
   <trkpt lat="45.802545" lon="3.020573"><ele>790.5</ele></trkpt>
   <trkpt lat="45.802584" lon="3.020464"><ele>792</ele></trkpt>
   <trkpt lat="45.80265" lon="3.020371"><ele>793.5</ele></trkpt>
   <trkpt lat="45.802739" lon="3.020312"><ele>794.25</ele></trkpt>
   <trkpt lat="45.802844" lon="3.020268"><ele>795</ele></trkpt>
   <trkpt lat="45.802969" lon="3.020244"><ele>795.5</ele></trkpt>
   <trkpt lat="45.803092" lon="3.020244"><ele>795.75</ele></trkpt>
   <trkpt lat="45.803226" lon="3.020289"><ele>796.75</ele></trkpt>
   <trkpt lat="45.80348" lon="3.020421"><ele>797.75</ele></trkpt>
   <trkpt lat="45.803639" lon="3.020457"><ele>799.75</ele></trkpt>
   <trkpt lat="45.803745" lon="3.02044"><ele>800</ele></trkpt>
   <trkpt lat="45.803861" lon="3.020391"><ele>800.75</ele></trkpt>
   <trkpt lat="45.80403" lon="3.020246"><ele>801.5</ele></trkpt>
   <trkpt lat="45.804249" lon="3.020002"><ele>805</ele></trkpt>
   <trkpt lat="45.804399" lon="3.019887"><ele>805.75</ele></trkpt>
   <trkpt lat="45.804545" lon="3.019794"><ele>807.25</ele></trkpt>
   <trkpt lat="45.80468" lon="3.019763"><ele>807.5</ele></trkpt>
   <trkpt lat="45.805036" lon="3.01979"><ele>810.5</ele></trkpt>
   <trkpt lat="45.805152" lon="3.01978"><ele>810.75</ele></trkpt>
   <trkpt lat="45.805389" lon="3.019671"><ele>813</ele></trkpt>
   <trkpt lat="45.805657" lon="3.019528"><ele>815.75</ele></trkpt>
   <trkpt lat="45.805803" lon="3.019414"><ele>817</ele></trkpt>
   <trkpt lat="45.805911" lon="3.019279"><ele>817.5</ele></trkpt>
   <trkpt lat="45.806098" lon="3.018925"><ele>819.5</ele></trkpt>
   <trkpt lat="45.806516" lon="3.018051"><ele>823.75</ele></trkpt>
   <trkpt lat="45.80674" lon="3.017678"><ele>827.25</ele></trkpt>
   <trkpt lat="45.807031" lon="3.017216"><ele>830.5</ele></trkpt>
   <trkpt lat="45.807204" lon="3.016901"><ele>832.5</ele></trkpt>
   <trkpt lat="45.80737" lon="3.016525"><ele>834.25</ele></trkpt>
   <trkpt lat="45.807501" lon="3.016178"><ele>837</ele></trkpt>
   <trkpt lat="45.807568" lon="3.015847"><ele>837.25</ele></trkpt>
   <trkpt lat="45.807604" lon="3.01558"><ele>839</ele></trkpt>
   <trkpt lat="45.807609" lon="3.015399"><ele>840.25</ele></trkpt>
   <trkpt lat="45.80759" lon="3.015234"><ele>841.75</ele></trkpt>
   <trkpt lat="45.807545" lon="3.015064"><ele>842.75</ele></trkpt>
   <trkpt lat="45.807407" lon="3.014788"><ele>844.25</ele></trkpt>
   <trkpt lat="45.807143" lon="3.014309"><ele>846.75</ele></trkpt>
   <trkpt lat="45.807001" lon="3.014041"><ele>849</ele></trkpt>
   <trkpt lat="45.806901" lon="3.013849"><ele>850.5</ele></trkpt>
   <trkpt lat="45.806841" lon="3.013689"><ele>851.75</ele></trkpt>
   <trkpt lat="45.806817" lon="3.013545"><ele>852.25</ele></trkpt>
   <trkpt lat="45.806809" lon="3.013369"><ele>852.75</ele></trkpt>
   <trkpt lat="45.806815" lon="3.013198"><ele>854</ele></trkpt>
   <trkpt lat="45.806847" lon="3.013031"><ele>855.25</ele></trkpt>
   <trkpt lat="45.806875" lon="3.012967"><ele>855.5</ele></trkpt>
   <trkpt lat="45.806931" lon="3.012851"><ele>856.25</ele></trkpt>
   <trkpt lat="45.807001" lon="3.012741"><ele>857</ele></trkpt>
   <trkpt lat="45.807129" lon="3.012613"><ele>858.25</ele></trkpt>
   <trkpt lat="45.807227" lon="3.012529"><ele>859.5</ele></trkpt>
   <trkpt lat="45.807319" lon="3.012421"><ele>860.25</ele></trkpt>
   <trkpt lat="45.807391" lon="3.012294"><ele>861.75</ele></trkpt>
   <trkpt lat="45.807456" lon="3.012145"><ele>862.75</ele></trkpt>
   <trkpt lat="45.807519" lon="3.01192"><ele>863.75</ele></trkpt>
   <trkpt lat="45.807524" lon="3.011817"><ele>864.25</ele></trkpt>
   <trkpt lat="45.807509" lon="3.011747"><ele>865.25</ele></trkpt>
   <trkpt lat="45.807493" lon="3.011676"><ele>866</ele></trkpt>
   <trkpt lat="45.807566" lon="3.011583"><ele>865.75</ele></trkpt>
   <trkpt lat="45.80763" lon="3.011458"><ele>866.25</ele></trkpt>
   <trkpt lat="45.807674" lon="3.0113"><ele>867</ele></trkpt>
   <trkpt lat="45.807693" lon="3.011118"><ele>868.75</ele></trkpt>
   <trkpt lat="45.8077" lon="3.010945"><ele>869.5</ele></trkpt>
   <trkpt lat="45.807661" lon="3.01057"><ele>870</ele></trkpt>
   <trkpt lat="45.807593" lon="3.010238"><ele>872</ele></trkpt>
   <trkpt lat="45.807577" lon="3.010162"><ele>872</ele></trkpt>
   <trkpt lat="45.807503" lon="3.009912"><ele>872.75</ele></trkpt>
   <trkpt lat="45.807466" lon="3.009815"><ele>874</ele></trkpt>
   <trkpt lat="45.807433" lon="3.009729"><ele>874.75</ele></trkpt>
   <trkpt lat="45.807392" lon="3.009568"><ele>875.25</ele></trkpt>
   <trkpt lat="45.807374" lon="3.009448"><ele>875</ele></trkpt>
   <trkpt lat="45.807332" lon="3.008929"><ele>874.25</ele></trkpt>
   <trkpt lat="45.80733" lon="3.008891"><ele>874.25</ele></trkpt>
   <trkpt lat="45.807311" lon="3.008813"><ele>874.75</ele></trkpt>
   <trkpt lat="45.807271" lon="3.008718"><ele>875.75</ele></trkpt>
   <trkpt lat="45.807029" lon="3.00834"><ele>879</ele></trkpt>
   <trkpt lat="45.807007" lon="3.008253"><ele>879.25</ele></trkpt>
   <trkpt lat="45.807044" lon="3.008114"><ele>879</ele></trkpt>
   <trkpt lat="45.807053" lon="3.008093"><ele>879</ele></trkpt>
   <trkpt lat="45.807106" lon="3.007968"><ele>879</ele></trkpt>
   <trkpt lat="45.807199" lon="3.007814"><ele>879</ele></trkpt>
   <trkpt lat="45.807262" lon="3.007663"><ele>878.5</ele></trkpt>
   <trkpt lat="45.807332" lon="3.007509"><ele>878.5</ele></trkpt>
   <trkpt lat="45.807368" lon="3.00745"><ele>878.75</ele></trkpt>
   <trkpt lat="45.80746" lon="3.007391"><ele>879</ele></trkpt>
   <trkpt lat="45.80756" lon="3.007387"><ele>879.5</ele></trkpt>
   <trkpt lat="45.807739" lon="3.007403"><ele>880.5</ele></trkpt>
   <trkpt lat="45.807906" lon="3.007446"><ele>881.5</ele></trkpt>
   <trkpt lat="45.807981" lon="3.007498"><ele>881</ele></trkpt>
   <trkpt lat="45.808196" lon="3.007677"><ele>882.25</ele></trkpt>
   <trkpt lat="45.808714" lon="3.008087"><ele>883.5</ele></trkpt>
   <trkpt lat="45.808964" lon="3.008247"><ele>885.25</ele></trkpt>
   <trkpt lat="45.809091" lon="3.008301"><ele>885.5</ele></trkpt>
   <trkpt lat="45.809211" lon="3.008298"><ele>886.25</ele></trkpt>
   <trkpt lat="45.809343" lon="3.008227"><ele>886.5</ele></trkpt>
   <trkpt lat="45.809621" lon="3.007974"><ele>888</ele></trkpt>
   <trkpt lat="45.80959" lon="3.007905"><ele>889</ele></trkpt>
   <trkpt lat="45.809494" lon="3.007813"><ele>890.25</ele></trkpt>
   <trkpt lat="45.809342" lon="3.007797"><ele>891.5</ele></trkpt>
   <trkpt lat="45.809331" lon="3.0078"><ele>891.75</ele></trkpt>
   <trkpt lat="45.809098" lon="3.007884"><ele>891.75</ele></trkpt>
   <trkpt lat="45.808984" lon="3.007876"><ele>891.75</ele></trkpt>
   <trkpt lat="45.808877" lon="3.007815"><ele>892.75</ele></trkpt>
   <trkpt lat="45.808803" lon="3.007728"><ele>893.5</ele></trkpt>
   <trkpt lat="45.808488" lon="3.007224"><ele>897</ele></trkpt>
   <trkpt lat="45.808371" lon="3.007036"><ele>898.5</ele></trkpt>
   <trkpt lat="45.808304" lon="3.006935"><ele>898.75</ele></trkpt>
   <trkpt lat="45.808193" lon="3.006789"><ele>900</ele></trkpt>
   <trkpt lat="45.807912" lon="3.006496"><ele>904</ele></trkpt>
   <trkpt lat="45.807655" lon="3.006348"><ele>905</ele></trkpt>
   <trkpt lat="45.807516" lon="3.006225"><ele>906.5</ele></trkpt>
   <trkpt lat="45.807241" lon="3.00589"><ele>909</ele></trkpt>
   <trkpt lat="45.807066" lon="3.005767"><ele>912</ele></trkpt>
   <trkpt lat="45.806815" lon="3.005791"><ele>912.75</ele></trkpt>
   <trkpt lat="45.806581" lon="3.005763"><ele>913.5</ele></trkpt>
   <trkpt lat="45.806346" lon="3.00558"><ele>914.5</ele></trkpt>
   <trkpt lat="45.806135" lon="3.005265"><ele>917.75</ele></trkpt>
   <trkpt lat="45.805773" lon="3.005074"><ele>920.25</ele></trkpt>
   <trkpt lat="45.805558" lon="3.005031"><ele>921</ele></trkpt>
   <trkpt lat="45.805426" lon="3.005074"><ele>923.25</ele></trkpt>
   <trkpt lat="45.805343" lon="3.005182"><ele>924</ele></trkpt>
   <trkpt lat="45.80512" lon="3.005695"><ele>928.25</ele></trkpt>
   <trkpt lat="45.804879" lon="3.006312"><ele>928.75</ele></trkpt>
   <trkpt lat="45.804591" lon="3.00788"><ele>937.25</ele></trkpt>
   <trkpt lat="45.804471" lon="3.008266"><ele>938.5</ele></trkpt>
   <trkpt lat="45.804328" lon="3.008481"><ele>940</ele></trkpt>
   <trkpt lat="45.804173" lon="3.008605"><ele>941.75</ele></trkpt>
   <trkpt lat="45.804002" lon="3.008652"><ele>942.5</ele></trkpt>
   <trkpt lat="45.803727" lon="3.008597"><ele>944.75</ele></trkpt>
   <trkpt lat="45.803054" lon="3.008322"><ele>949</ele></trkpt>
   <trkpt lat="45.802634" lon="3.0079"><ele>953.5</ele></trkpt>
   <trkpt lat="45.802482" lon="3.007635"><ele>956.25</ele></trkpt>
   <trkpt lat="45.802386" lon="3.007458"><ele>957.5</ele></trkpt>
   <trkpt lat="45.802259" lon="3.007225"><ele>957.5</ele></trkpt>
   <trkpt lat="45.801877" lon="3.006389"><ele>961.75</ele></trkpt>
   <trkpt lat="45.801572" lon="3.005636"><ele>964.75</ele></trkpt>
   <trkpt lat="45.800666" lon="3.003234"><ele>978.5</ele></trkpt>
   <trkpt lat="45.800475" lon="3.002621"><ele>982.5</ele></trkpt>
   <trkpt lat="45.800365" lon="3.002223"><ele>984.75</ele></trkpt>
   <trkpt lat="45.800311" lon="3.001863"><ele>986.25</ele></trkpt>
   <trkpt lat="45.800295" lon="3.001356"><ele>987.25</ele></trkpt>
   <trkpt lat="45.800268" lon="3.000758"><ele>987.75</ele></trkpt>
   <trkpt lat="45.800182" lon="2.999825"><ele>987.25</ele></trkpt>
   <trkpt lat="45.800111" lon="2.999198"><ele>985</ele></trkpt>
   <trkpt lat="45.800087" lon="2.998988"><ele>985</ele></trkpt>
   <trkpt lat="45.799787" lon="2.996342"><ele>980.5</ele></trkpt>
   <trkpt lat="45.799725" lon="2.995744"><ele>979.75</ele></trkpt>
   <trkpt lat="45.799679" lon="2.995192"><ele>978.75</ele></trkpt>
   <trkpt lat="45.799686" lon="2.994741"><ele>978.75</ele></trkpt>
   <trkpt lat="45.799721" lon="2.994276"><ele>978.25</ele></trkpt>
   <trkpt lat="45.799799" lon="2.993925"><ele>977</ele></trkpt>
   <trkpt lat="45.800025" lon="2.993126"><ele>972.25</ele></trkpt>
   <trkpt lat="45.800088" lon="2.992906"><ele>972.25</ele></trkpt>
   <trkpt lat="45.800173" lon="2.99242"><ele>969.5</ele></trkpt>
   <trkpt lat="45.800222" lon="2.992077"><ele>968.5</ele></trkpt>
   <trkpt lat="45.800223" lon="2.992005"><ele>968.25</ele></trkpt>
   <trkpt lat="45.800584" lon="2.991882"><ele>967.5</ele></trkpt>
   <trkpt lat="45.801073" lon="2.991651"><ele>968.5</ele></trkpt>
   <trkpt lat="45.801443" lon="2.991377"><ele>968.25</ele></trkpt>
   <trkpt lat="45.801765" lon="2.991058"><ele>969.25</ele></trkpt>
   <trkpt lat="45.802018" lon="2.990724"><ele>971.25</ele></trkpt>
   <trkpt lat="45.80218" lon="2.990469"><ele>972.5</ele></trkpt>
   <trkpt lat="45.802352" lon="2.990158"><ele>972.25</ele></trkpt>
   <trkpt lat="45.802526" lon="2.989791"><ele>974.75</ele></trkpt>
   <trkpt lat="45.802685" lon="2.989394"><ele>976.75</ele></trkpt>
   <trkpt lat="45.802825" lon="2.988939"><ele>976.5</ele></trkpt>
   <trkpt lat="45.80285" lon="2.988848"><ele>976.75</ele></trkpt>
   <trkpt lat="45.80303" lon="2.988273"><ele>976.5</ele></trkpt>
   <trkpt lat="45.803218" lon="2.987642"><ele>976.25</ele></trkpt>
   <trkpt lat="45.80327" lon="2.987447"><ele>975.75</ele></trkpt>
   <trkpt lat="45.80352" lon="2.986541"><ele>976</ele></trkpt>
   <trkpt lat="45.803718" lon="2.985702"><ele>976.5</ele></trkpt>
   <trkpt lat="45.803833" lon="2.985294"><ele>977.5</ele></trkpt>
   <trkpt lat="45.804107" lon="2.98428"><ele>979.25</ele></trkpt>
   <trkpt lat="45.804485" lon="2.982904"><ele>983.25</ele></trkpt>
   <trkpt lat="45.805244" lon="2.980134"><ele>990</ele></trkpt>
   <trkpt lat="45.806361" lon="2.976147"><ele>990.25</ele></trkpt>
   <trkpt lat="45.807727" lon="2.972179"><ele>977.75</ele></trkpt>
   <trkpt lat="45.809001" lon="2.968449"><ele>976.75</ele></trkpt>
   <trkpt lat="45.809573" lon="2.966803"><ele>980.75</ele></trkpt>
   <trkpt lat="45.809842" lon="2.965928"><ele>979</ele></trkpt>
   <trkpt lat="45.810047" lon="2.965204"><ele>977.25</ele></trkpt>
   <trkpt lat="45.810461" lon="2.963802"><ele>976.25</ele></trkpt>
   <trkpt lat="45.810899" lon="2.962303"><ele>974</ele></trkpt>
   <trkpt lat="45.811551" lon="2.960113"><ele>967.5</ele></trkpt>
   <trkpt lat="45.812167" lon="2.958006"><ele>964</ele></trkpt>
   <trkpt lat="45.812279" lon="2.957605"><ele>963.5</ele></trkpt>
   <trkpt lat="45.812399" lon="2.957227"><ele>962</ele></trkpt>
   <trkpt lat="45.812528" lon="2.956793"><ele>959.75</ele></trkpt>
   <trkpt lat="45.813101" lon="2.95486"><ele>955</ele></trkpt>
   <trkpt lat="45.813223" lon="2.954565"><ele>954.75</ele></trkpt>
   <trkpt lat="45.813371" lon="2.954185"><ele>954.75</ele></trkpt>
   <trkpt lat="45.813514" lon="2.953763"><ele>954.75</ele></trkpt>
   <trkpt lat="45.813557" lon="2.953675"><ele>954.75</ele></trkpt>
   <trkpt lat="45.813638" lon="2.953563"><ele>954.75</ele></trkpt>
   <trkpt lat="45.813684" lon="2.953512"><ele>954.5</ele></trkpt>
   <trkpt lat="45.813767" lon="2.953492"><ele>954.25</ele></trkpt>
   <trkpt lat="45.813811" lon="2.953465"><ele>954.25</ele></trkpt>
   <trkpt lat="45.813877" lon="2.953402"><ele>954</ele></trkpt>
   <trkpt lat="45.81393" lon="2.953331"><ele>953.75</ele></trkpt>
   <trkpt lat="45.813988" lon="2.95319"><ele>953.75</ele></trkpt>
   <trkpt lat="45.814007" lon="2.953097"><ele>954</ele></trkpt>
   <trkpt lat="45.814014" lon="2.952989"><ele>954</ele></trkpt>
   <trkpt lat="45.814006" lon="2.952895"><ele>954</ele></trkpt>
   <trkpt lat="45.813984" lon="2.952793"><ele>954.25</ele></trkpt>
   <trkpt lat="45.813949" lon="2.952696"><ele>954.5</ele></trkpt>
   <trkpt lat="45.813929" lon="2.952483"><ele>954.5</ele></trkpt>
   <trkpt lat="45.813929" lon="2.952398"><ele>954.5</ele></trkpt>
   <trkpt lat="45.813949" lon="2.952245"><ele>954.5</ele></trkpt>
   <trkpt lat="45.814084" lon="2.951566"><ele>954.5</ele></trkpt>
   <trkpt lat="45.814129" lon="2.951394"><ele>954.75</ele></trkpt>
   <trkpt lat="45.814208" lon="2.95107"><ele>955</ele></trkpt>
   <trkpt lat="45.814921" lon="2.948628"><ele>956.75</ele></trkpt>
   <trkpt lat="45.815868" lon="2.945417"><ele>965.75</ele></trkpt>
   <trkpt lat="45.815909" lon="2.945269"><ele>966</ele></trkpt>
   <trkpt lat="45.816585" lon="2.942976"><ele>966</ele></trkpt>
   <trkpt lat="45.816986" lon="2.941629"><ele>966.75</ele></trkpt>
   <trkpt lat="45.817491" lon="2.939936"><ele>961.75</ele></trkpt>
   <trkpt lat="45.817648" lon="2.939346"><ele>959.75</ele></trkpt>
   <trkpt lat="45.818601" lon="2.933571"><ele>929.75</ele></trkpt>
   <trkpt lat="45.81878" lon="2.932542"><ele>922.75</ele></trkpt>
   <trkpt lat="45.818902" lon="2.931991"><ele>919.75</ele></trkpt>
   <trkpt lat="45.819075" lon="2.931343"><ele>916</ele></trkpt>
   <trkpt lat="45.819614" lon="2.929495"><ele>911.25</ele></trkpt>
   <trkpt lat="45.819666" lon="2.929231"><ele>910.5</ele></trkpt>
   <trkpt lat="45.819777" lon="2.929025"><ele>909.75</ele></trkpt>
   <trkpt lat="45.819859" lon="2.92876"><ele>909</ele></trkpt>
   <trkpt lat="45.819885" lon="2.928529"><ele>907.75</ele></trkpt>
   <trkpt lat="45.819871" lon="2.928435"><ele>907.5</ele></trkpt>
   <trkpt lat="45.819829" lon="2.928341"><ele>907</ele></trkpt>
   <trkpt lat="45.819779" lon="2.928261"><ele>906.5</ele></trkpt>
   <trkpt lat="45.819786" lon="2.928036"><ele>905.5</ele></trkpt>
   <trkpt lat="45.81963" lon="2.926294"><ele>895.5</ele></trkpt>
   <trkpt lat="45.819638" lon="2.925519"><ele>890.5</ele></trkpt>
   <trkpt lat="45.819687" lon="2.924991"><ele>886.25</ele></trkpt>
   <trkpt lat="45.81985" lon="2.92435"><ele>881.5</ele></trkpt>
   <trkpt lat="45.819938" lon="2.924102"><ele>865</ele></trkpt>
   <trkpt lat="45.821032" lon="2.921041"><ele>865</ele></trkpt>
   <trkpt lat="45.821307" lon="2.920268"><ele>863.5</ele></trkpt>
   <trkpt lat="45.821326" lon="2.920278"><ele>863.75</ele></trkpt>
   <trkpt lat="45.821398" lon="2.920314"><ele>864</ele></trkpt>
   <trkpt lat="45.821825" lon="2.920469"><ele>864.25</ele></trkpt>
   <trkpt lat="45.821966" lon="2.920561"><ele>864</ele></trkpt>
   <trkpt lat="45.822013" lon="2.920615"><ele>864</ele></trkpt>
   <trkpt lat="45.822097" lon="2.920772"><ele>864.25</ele></trkpt>
   <trkpt lat="45.82219" lon="2.921091"><ele>864.75</ele></trkpt>
   <trkpt lat="45.822421" lon="2.921639"><ele>866</ele></trkpt>
   <trkpt lat="45.822522" lon="2.921811"><ele>866.5</ele></trkpt>
   <trkpt lat="45.82258" lon="2.921863"><ele>866.5</ele></trkpt>
   <trkpt lat="45.822624" lon="2.921881"><ele>866.75</ele></trkpt>
   <trkpt lat="45.822674" lon="2.921872"><ele>866.5</ele></trkpt>
   <trkpt lat="45.823249" lon="2.921639"><ele>866</ele></trkpt>
   <trkpt lat="45.823343" lon="2.921632"><ele>866</ele></trkpt>
   <trkpt lat="45.823433" lon="2.921645"><ele>866.25</ele></trkpt>
   <trkpt lat="45.823675" lon="2.921775"><ele>867.5</ele></trkpt>
   <trkpt lat="45.823833" lon="2.921859"><ele>867.75</ele></trkpt>
   <trkpt lat="45.823909" lon="2.921871"><ele>868</ele></trkpt>
   <trkpt lat="45.824009" lon="2.921853"><ele>868.5</ele></trkpt>
   <trkpt lat="45.824359" lon="2.921744"><ele>867.25</ele></trkpt>
   <trkpt lat="45.824849" lon="2.921574"><ele>866.75</ele></trkpt>
   <trkpt lat="45.824976" lon="2.921523"><ele>866.75</ele></trkpt>
   <trkpt lat="45.825161" lon="2.921472"><ele>867</ele></trkpt>
   <trkpt lat="45.825453" lon="2.921423"><ele>867.75</ele></trkpt>
   <trkpt lat="45.825529" lon="2.921436"><ele>868</ele></trkpt>
   <trkpt lat="45.8256" lon="2.921441"><ele>868.75</ele></trkpt>
   <trkpt lat="45.825666" lon="2.921407"><ele>869.5</ele></trkpt>
   <trkpt lat="45.825855" lon="2.921219"><ele>871.25</ele></trkpt>
   <trkpt lat="45.825929" lon="2.921122"><ele>870.5</ele></trkpt>
   <trkpt lat="45.826073" lon="2.92101"><ele>870.25</ele></trkpt>
   <trkpt lat="45.826217" lon="2.921034"><ele>869.25</ele></trkpt>
   <trkpt lat="45.826381" lon="2.921084"><ele>867.75</ele></trkpt>
   <trkpt lat="45.82667" lon="2.921199"><ele>866</ele></trkpt>
   <trkpt lat="45.82679" lon="2.921242"><ele>865</ele></trkpt>
   <trkpt lat="45.826852" lon="2.921252"><ele>864.25</ele></trkpt>
   <trkpt lat="45.826869" lon="2.921161"><ele>863.25</ele></trkpt>
   <trkpt lat="45.826823" lon="2.920803"><ele>861.5</ele></trkpt>
   <trkpt lat="45.827001" lon="2.920685"><ele>858.75</ele></trkpt>
   <trkpt lat="45.827177" lon="2.920625"><ele>856.75</ele></trkpt>
   <trkpt lat="45.827254" lon="2.920608"><ele>856.25</ele></trkpt>
   <trkpt lat="45.827347" lon="2.920091"><ele>852.25</ele></trkpt>
   <trkpt lat="45.827396" lon="2.919719"><ele>850.25</ele></trkpt>
   <trkpt lat="45.827444" lon="2.919225"><ele>848.25</ele></trkpt>
   <trkpt lat="45.827468" lon="2.919123"><ele>847.75</ele></trkpt>
   <trkpt lat="45.827532" lon="2.91908"><ele>847.25</ele></trkpt>
   <trkpt lat="45.827702" lon="2.919067"><ele>846.5</ele></trkpt>
   <trkpt lat="45.827852" lon="2.919016"><ele>845.75</ele></trkpt>
   <trkpt lat="45.827975" lon="2.918884"><ele>844.75</ele></trkpt>
   <trkpt lat="45.828127" lon="2.918549"><ele>842.75</ele></trkpt>
   <trkpt lat="45.828252" lon="2.918344"><ele>842</ele></trkpt>
   <trkpt lat="45.8288" lon="2.917651"><ele>840.25</ele></trkpt>
   <trkpt lat="45.828936" lon="2.917471"><ele>840</ele></trkpt>
   <trkpt lat="45.829002" lon="2.91737"><ele>839.75</ele></trkpt>
   <trkpt lat="45.829192" lon="2.916959"><ele>839.5</ele></trkpt>
   <trkpt lat="45.829377" lon="2.916524"><ele>837.75</ele></trkpt>
   <trkpt lat="45.829536" lon="2.916229"><ele>836.25</ele></trkpt>
   <trkpt lat="45.829659" lon="2.915947"><ele>834.75</ele></trkpt>
   <trkpt lat="45.829876" lon="2.915596"><ele>832.75</ele></trkpt>
   <trkpt lat="45.830005" lon="2.915416"><ele>831.5</ele></trkpt>
   <trkpt lat="45.83034" lon="2.915103"><ele>830</ele></trkpt>
   <trkpt lat="45.83065" lon="2.914799"><ele>829.25</ele></trkpt>
   <trkpt lat="45.83122" lon="2.914386"><ele>828.75</ele></trkpt>
   <trkpt lat="45.832109" lon="2.913828"><ele>828</ele></trkpt>
   <trkpt lat="45.832498" lon="2.913796"><ele>828.75</ele></trkpt>
   <trkpt lat="45.832595" lon="2.913708"><ele>827.75</ele></trkpt>
   <trkpt lat="45.83276" lon="2.913437"><ele>825.5</ele></trkpt>
   <trkpt lat="45.832939" lon="2.913126"><ele>825.5</ele></trkpt>
   <trkpt lat="45.833001" lon="2.913035"><ele>825.75</ele></trkpt>
   <trkpt lat="45.833236" lon="2.912863"><ele>826</ele></trkpt>
   <trkpt lat="45.833598" lon="2.912354"><ele>826</ele></trkpt>
   <trkpt lat="45.83356" lon="2.912113"><ele>825.75</ele></trkpt>
   <trkpt lat="45.833536" lon="2.911764"><ele>825.5</ele></trkpt>
   <trkpt lat="45.833536" lon="2.91136"><ele>825.25</ele></trkpt>
   <trkpt lat="45.833544" lon="2.911121"><ele>824.75</ele></trkpt>
   <trkpt lat="45.833536" lon="2.910854"><ele>824</ele></trkpt>
   <trkpt lat="45.833489" lon="2.910647"><ele>823.5</ele></trkpt>
   <trkpt lat="45.833443" lon="2.910486"><ele>823.25</ele></trkpt>
   <trkpt lat="45.833308" lon="2.910478"><ele>823</ele></trkpt>
   <trkpt lat="45.833181" lon="2.910455"><ele>823</ele></trkpt>
   <trkpt lat="45.83303" lon="2.910413"><ele>822.75</ele></trkpt>
   <trkpt lat="45.832872" lon="2.910336"><ele>822.25</ele></trkpt>
   <trkpt lat="45.832777" lon="2.910277"><ele>822</ele></trkpt>
   <trkpt lat="45.832694" lon="2.910211"><ele>822</ele></trkpt>
   <trkpt lat="45.832541" lon="2.910066"><ele>822</ele></trkpt>
   <trkpt lat="45.832008" lon="2.909477"><ele>821</ele></trkpt>
   <trkpt lat="45.832025" lon="2.909424"><ele>820.75</ele></trkpt>
   <trkpt lat="45.8322" lon="2.909008"><ele>819.75</ele></trkpt>
   <trkpt lat="45.832318" lon="2.908698"><ele>820.25</ele></trkpt>
   <trkpt lat="45.832359" lon="2.908572"><ele>820.25</ele></trkpt>
   <trkpt lat="45.832378" lon="2.908447"><ele>820.25</ele></trkpt>
   <trkpt lat="45.832377" lon="2.908385"><ele>820</ele></trkpt>
   <trkpt lat="45.832365" lon="2.907953"><ele>819.5</ele></trkpt>
   <trkpt lat="45.832372" lon="2.907857"><ele>819.5</ele></trkpt>
   <trkpt lat="45.832366" lon="2.907805"><ele>819.5</ele></trkpt>
   <trkpt lat="45.832345" lon="2.907764"><ele>819.25</ele></trkpt>
   <trkpt lat="45.832074" lon="2.907421"><ele>819.25</ele></trkpt>
   <trkpt lat="45.832022" lon="2.907311"><ele>819.25</ele></trkpt>
   <trkpt lat="45.831985" lon="2.907156"><ele>819</ele></trkpt>
   <trkpt lat="45.831961" lon="2.907016"><ele>819</ele></trkpt>
   <trkpt lat="45.831938" lon="2.906857"><ele>819</ele></trkpt>
   <trkpt lat="45.831936" lon="2.906731"><ele>819.5</ele></trkpt>
   <trkpt lat="45.831951" lon="2.906627"><ele>820</ele></trkpt>
   <trkpt lat="45.832026" lon="2.906413"><ele>820</ele></trkpt>
   <trkpt lat="45.832197" lon="2.906097"><ele>820</ele></trkpt>
   <trkpt lat="45.832678" lon="2.905141"><ele>819</ele></trkpt>
   <trkpt lat="45.834045" lon="2.902495"><ele>818.25</ele></trkpt>
   <trkpt lat="45.834166" lon="2.902253"><ele>818</ele></trkpt>
   <trkpt lat="45.834203" lon="2.90215"><ele>818.25</ele></trkpt>
   <trkpt lat="45.834225" lon="2.902088"><ele>818.25</ele></trkpt>
   <trkpt lat="45.834243" lon="2.901997"><ele>818.75</ele></trkpt>
   <trkpt lat="45.834278" lon="2.901375"><ele>818.75</ele></trkpt>
   <trkpt lat="45.834288" lon="2.901223"><ele>818.5</ele></trkpt>
   <trkpt lat="45.834312" lon="2.901096"><ele>818.25</ele></trkpt>
   <trkpt lat="45.834427" lon="2.90075"><ele>818</ele></trkpt>
   <trkpt lat="45.834454" lon="2.900603"><ele>818</ele></trkpt>
   <trkpt lat="45.834448" lon="2.900514"><ele>818</ele></trkpt>
   <trkpt lat="45.834414" lon="2.900397"><ele>817.75</ele></trkpt>
   <trkpt lat="45.834319" lon="2.900149"><ele>817</ele></trkpt>
   <trkpt lat="45.834211" lon="2.899922"><ele>815.25</ele></trkpt>
   <trkpt lat="45.834169" lon="2.899854"><ele>814.25</ele></trkpt>
   <trkpt lat="45.834106" lon="2.899781"><ele>813.25</ele></trkpt>
   <trkpt lat="45.834046" lon="2.899744"><ele>812.75</ele></trkpt>
   <trkpt lat="45.833936" lon="2.899706"><ele>812</ele></trkpt>
   <trkpt lat="45.833722" lon="2.89964"><ele>810.75</ele></trkpt>
   <trkpt lat="45.833563" lon="2.899572"><ele>809.5</ele></trkpt>
   <trkpt lat="45.833421" lon="2.899467"><ele>807.75</ele></trkpt>
   <trkpt lat="45.833231" lon="2.899263"><ele>804.75</ele></trkpt>
   <trkpt lat="45.832966" lon="2.899025"><ele>802.75</ele></trkpt>
   <trkpt lat="45.832732" lon="2.898889"><ele>800</ele></trkpt>
   <trkpt lat="45.832491" lon="2.898765"><ele>799</ele></trkpt>
   <trkpt lat="45.832418" lon="2.89873"><ele>798.25</ele></trkpt>
   <trkpt lat="45.832335" lon="2.89871"><ele>797.5</ele></trkpt>
   <trkpt lat="45.832126" lon="2.898687"><ele>796</ele></trkpt>
   <trkpt lat="45.831881" lon="2.898659"><ele>794.75</ele></trkpt>
   <trkpt lat="45.831547" lon="2.89855"><ele>796.5</ele></trkpt>
   <trkpt lat="45.831471" lon="2.898513"><ele>797.25</ele></trkpt>
   <trkpt lat="45.831359" lon="2.898442"><ele>799</ele></trkpt>
   <trkpt lat="45.83109" lon="2.898218"><ele>802.75</ele></trkpt>
   <trkpt lat="45.830988" lon="2.898122"><ele>803.25</ele></trkpt>
   <trkpt lat="45.830867" lon="2.897964"><ele>803.25</ele></trkpt>
   <trkpt lat="45.830769" lon="2.897816"><ele>804</ele></trkpt>
   <trkpt lat="45.830706" lon="2.897701"><ele>804.25</ele></trkpt>
   <trkpt lat="45.830482" lon="2.897247"><ele>804.75</ele></trkpt>
   <trkpt lat="45.830442" lon="2.897288"><ele>804.5</ele></trkpt>
   <trkpt lat="45.830482" lon="2.897247"><ele>804.75</ele></trkpt>
   <trkpt lat="45.830454" lon="2.897153"><ele>805</ele></trkpt>
   <trkpt lat="45.83043" lon="2.896994"><ele>805</ele></trkpt>
   <trkpt lat="45.83039" lon="2.896665"><ele>804</ele></trkpt>
   <trkpt lat="45.830359" lon="2.896361"><ele>803.75</ele></trkpt>
   <trkpt lat="45.830305" lon="2.895923"><ele>804</ele></trkpt>
   <trkpt lat="45.830225" lon="2.895491"><ele>803</ele></trkpt>
   <trkpt lat="45.830201" lon="2.895411"><ele>803</ele></trkpt>
   <trkpt lat="45.830146" lon="2.895336"><ele>803</ele></trkpt>
   <trkpt lat="45.830125" lon="2.895319"><ele>803</ele></trkpt>
   <trkpt lat="45.830175" lon="2.895176"><ele>802.75</ele></trkpt>
   <trkpt lat="45.830155" lon="2.895126"><ele>802.75</ele></trkpt>
   <trkpt lat="45.830045" lon="2.894865"><ele>802.5</ele></trkpt>
   <trkpt lat="45.829557" lon="2.893433"><ele>801</ele></trkpt>
   <trkpt lat="45.829239" lon="2.892529"><ele>800</ele></trkpt>
   <trkpt lat="45.828705" lon="2.89101"><ele>799.75</ele></trkpt>
   <trkpt lat="45.829339" lon="2.890721"><ele>801</ele></trkpt>
   <trkpt lat="45.830156" lon="2.890324"><ele>802</ele></trkpt>
   <trkpt lat="45.830468" lon="2.890147"><ele>802.25</ele></trkpt>
   <trkpt lat="45.830658" lon="2.890013"><ele>802</ele></trkpt>
   <trkpt lat="45.830829" lon="2.88985"><ele>802</ele></trkpt>
   <trkpt lat="45.830872" lon="2.889842"><ele>802</ele></trkpt>
   <trkpt lat="45.830933" lon="2.88983"><ele>802</ele></trkpt>
   <trkpt lat="45.831642" lon="2.890064"><ele>802</ele></trkpt>
   <trkpt lat="45.831621" lon="2.889986"><ele>801.75</ele></trkpt>
   <trkpt lat="45.831605" lon="2.88989"><ele>801.75</ele></trkpt>
   <trkpt lat="45.831509" lon="2.888919"><ele>801.75</ele></trkpt>
   <trkpt lat="45.831496" lon="2.888452"><ele>801.25</ele></trkpt>
   <trkpt lat="45.831522" lon="2.887988"><ele>801.75</ele></trkpt>
   <trkpt lat="45.83156" lon="2.887739"><ele>802.25</ele></trkpt>
   <trkpt lat="45.831793" lon="2.88684"><ele>802.75</ele></trkpt>
   <trkpt lat="45.831846" lon="2.886583"><ele>803.5</ele></trkpt>
   <trkpt lat="45.832006" lon="2.885432"><ele>803.75</ele></trkpt>
   <trkpt lat="45.832068" lon="2.885263"><ele>803.5</ele></trkpt>
   <trkpt lat="45.832195" lon="2.885054"><ele>803</ele></trkpt>
   <trkpt lat="45.832238" lon="2.884834"><ele>802.75</ele></trkpt>
   <trkpt lat="45.83233" lon="2.883723"><ele>801.5</ele></trkpt>
   <trkpt lat="45.832367" lon="2.883517"><ele>801</ele></trkpt>
   <trkpt lat="45.832436" lon="2.883345"><ele>800</ele></trkpt>
   <trkpt lat="45.832504" lon="2.883243"><ele>798.5</ele></trkpt>
   <trkpt lat="45.832802" lon="2.883034"><ele>794.5</ele></trkpt>
   <trkpt lat="45.832902" lon="2.882889"><ele>792.25</ele></trkpt>
   <trkpt lat="45.832971" lon="2.882656"><ele>789.25</ele></trkpt>
   <trkpt lat="45.833047" lon="2.882272"><ele>784.5</ele></trkpt>
   <trkpt lat="45.833098" lon="2.881889"><ele>781.25</ele></trkpt>
   <trkpt lat="45.833093" lon="2.881752"><ele>779.75</ele></trkpt>
   <trkpt lat="45.833094" lon="2.88158"><ele>778.25</ele></trkpt>
   <trkpt lat="45.833346" lon="2.880601"><ele>770.25</ele></trkpt>
   <trkpt lat="45.833384" lon="2.880357"><ele>769.25</ele></trkpt>
   <trkpt lat="45.833408" lon="2.880057"><ele>767.75</ele></trkpt>
   <trkpt lat="45.833485" lon="2.87966"><ele>766.75</ele></trkpt>
   <trkpt lat="45.833491" lon="2.879493"><ele>766.75</ele></trkpt>
   <trkpt lat="45.8335" lon="2.879266"><ele>766</ele></trkpt>
   <trkpt lat="45.833518" lon="2.879011"><ele>765.5</ele></trkpt>
   <trkpt lat="45.833511" lon="2.878303"><ele>764.75</ele></trkpt>
   <trkpt lat="45.833404" lon="2.877424"><ele>763</ele></trkpt>
   <trkpt lat="45.83341" lon="2.877238"><ele>761.75</ele></trkpt>
   <trkpt lat="45.833451" lon="2.877064"><ele>761.25</ele></trkpt>
   <trkpt lat="45.833481" lon="2.876935"><ele>761</ele></trkpt>
   <trkpt lat="45.833557" lon="2.876825"><ele>760.75</ele></trkpt>
   <trkpt lat="45.833671" lon="2.876762"><ele>761.25</ele></trkpt>
   <trkpt lat="45.833633" lon="2.876537"><ele>759.75</ele></trkpt>
   <trkpt lat="45.833586" lon="2.876004"><ele>757.5</ele></trkpt>
   <trkpt lat="45.833588" lon="2.875467"><ele>754.75</ele></trkpt>
   <trkpt lat="45.83363" lon="2.875015"><ele>753.25</ele></trkpt>
   <trkpt lat="45.833718" lon="2.87458"><ele>751.75</ele></trkpt>
   <trkpt lat="45.833849" lon="2.874102"><ele>747.75</ele></trkpt>
   <trkpt lat="45.83404" lon="2.873519"><ele>745.5</ele></trkpt>
   <trkpt lat="45.834234" lon="2.87295"><ele>741.75</ele></trkpt>
   <trkpt lat="45.834412" lon="2.872395"><ele>740.25</ele></trkpt>
   <trkpt lat="45.83447" lon="2.872162"><ele>740</ele></trkpt>
   <trkpt lat="45.834529" lon="2.871891"><ele>737</ele></trkpt>
   <trkpt lat="45.834578" lon="2.871608"><ele>735.25</ele></trkpt>
   <trkpt lat="45.834615" lon="2.87129"><ele>735.75</ele></trkpt>
   <trkpt lat="45.834643" lon="2.870928"><ele>737.25</ele></trkpt>
   <trkpt lat="45.834708" lon="2.869632"><ele>740</ele></trkpt>
   <trkpt lat="45.834713" lon="2.869517"><ele>740.5</ele></trkpt>
   <trkpt lat="45.834734" lon="2.869091"><ele>740.75</ele></trkpt>
   <trkpt lat="45.834746" lon="2.868873"><ele>740.75</ele></trkpt>
   <trkpt lat="45.834797" lon="2.868261"><ele>739.75</ele></trkpt>
   <trkpt lat="45.834846" lon="2.867764"><ele>739</ele></trkpt>
   <trkpt lat="45.834884" lon="2.867584"><ele>739</ele></trkpt>
   <trkpt lat="45.834917" lon="2.867462"><ele>739</ele></trkpt>
   <trkpt lat="45.834943" lon="2.867378"><ele>739</ele></trkpt>
   <trkpt lat="45.834981" lon="2.867334"><ele>739</ele></trkpt>
   <trkpt lat="45.835014" lon="2.867272"><ele>739</ele></trkpt>
   <trkpt lat="45.835036" lon="2.867201"><ele>738.75</ele></trkpt>
   <trkpt lat="45.835044" lon="2.867124"><ele>738.5</ele></trkpt>
   <trkpt lat="45.835039" lon="2.867047"><ele>738.25</ele></trkpt>
   <trkpt lat="45.835021" lon="2.866974"><ele>738</ele></trkpt>
   <trkpt lat="45.834994" lon="2.866915"><ele>738</ele></trkpt>
   <trkpt lat="45.834958" lon="2.866866"><ele>738</ele></trkpt>
   <trkpt lat="45.834915" lon="2.866829"><ele>738</ele></trkpt>
   <trkpt lat="45.834866" lon="2.866808"><ele>738</ele></trkpt>
   <trkpt lat="45.834816" lon="2.866803"><ele>738</ele></trkpt>
   <trkpt lat="45.834766" lon="2.866815"><ele>738</ele></trkpt>
   <trkpt lat="45.834719" lon="2.866843"><ele>737.75</ele></trkpt>
   <trkpt lat="45.83468" lon="2.866885"><ele>737.75</ele></trkpt>
   <trkpt lat="45.834502" lon="2.86694"><ele>737.75</ele></trkpt>
   <trkpt lat="45.834451" lon="2.866935"><ele>737.75</ele></trkpt>
   <trkpt lat="45.834395" lon="2.866916"><ele>737.25</ele></trkpt>
   <trkpt lat="45.834342" lon="2.866882"><ele>736.75</ele></trkpt>
   <trkpt lat="45.834295" lon="2.866831"><ele>736.25</ele></trkpt>
   <trkpt lat="45.83425" lon="2.866761"><ele>736</ele></trkpt>
   <trkpt lat="45.834214" lon="2.866681"><ele>736</ele></trkpt>
   <trkpt lat="45.834185" lon="2.866589"><ele>735.75</ele></trkpt>
   <trkpt lat="45.834165" lon="2.866494"><ele>735.25</ele></trkpt>
   <trkpt lat="45.834142" lon="2.866324"><ele>734.25</ele></trkpt>
   <trkpt lat="45.834138" lon="2.866228"><ele>733.75</ele></trkpt>
   <trkpt lat="45.834183" lon="2.866031"><ele>733.25</ele></trkpt>
   <trkpt lat="45.834454" lon="2.865178"><ele>730.25</ele></trkpt>
   <trkpt lat="45.834556" lon="2.864768"><ele>728</ele></trkpt>
   <trkpt lat="45.83459" lon="2.864568"><ele>727.5</ele></trkpt>
   <trkpt lat="45.834616" lon="2.864353"><ele>727</ele></trkpt>
   <trkpt lat="45.834629" lon="2.864184"><ele>726.5</ele></trkpt>
   <trkpt lat="45.834637" lon="2.863942"><ele>725.75</ele></trkpt>
   <trkpt lat="45.834625" lon="2.863647"><ele>724.25</ele></trkpt>
   <trkpt lat="45.834605" lon="2.863431"><ele>724</ele></trkpt>
   <trkpt lat="45.834568" lon="2.863183"><ele>723.5</ele></trkpt>
   <trkpt lat="45.834489" lon="2.862852"><ele>723</ele></trkpt>
   <trkpt lat="45.834437" lon="2.8627"><ele>722.75</ele></trkpt>
   <trkpt lat="45.834339" lon="2.862455"><ele>722.5</ele></trkpt>
   <trkpt lat="45.834033" lon="2.86173"><ele>722</ele></trkpt>
   <trkpt lat="45.83394" lon="2.861484"><ele>721</ele></trkpt>
   <trkpt lat="45.833845" lon="2.861168"><ele>719.25</ele></trkpt>
   <trkpt lat="45.83381" lon="2.860996"><ele>719</ele></trkpt>
   <trkpt lat="45.833773" lon="2.860778"><ele>719.25</ele></trkpt>
   <trkpt lat="45.833725" lon="2.860625"><ele>719</ele></trkpt>
   <trkpt lat="45.833697" lon="2.860541"><ele>718.75</ele></trkpt>
   <trkpt lat="45.833718" lon="2.860453"><ele>718.75</ele></trkpt>
   <trkpt lat="45.833732" lon="2.860357"><ele>718.75</ele></trkpt>
   <trkpt lat="45.83373" lon="2.859905"><ele>716.5</ele></trkpt>
   <trkpt lat="45.833751" lon="2.859252"><ele>716.5</ele></trkpt>
   <trkpt lat="45.833707" lon="2.858936"><ele>714.5</ele></trkpt>
   <trkpt lat="45.833588" lon="2.858407"><ele>711.25</ele></trkpt>
   <trkpt lat="45.832922" lon="2.855659"><ele>695.5</ele></trkpt>
   <trkpt lat="45.832887" lon="2.855511"><ele>694.75</ele></trkpt>
   <trkpt lat="45.832555" lon="2.854087"><ele>686</ele></trkpt>
   <trkpt lat="45.832524" lon="2.853977"><ele>685.5</ele></trkpt>
   <trkpt lat="45.832491" lon="2.853859"><ele>685</ele></trkpt>
   <trkpt lat="45.83224" lon="2.853013"><ele>679.75</ele></trkpt>
   <trkpt lat="45.832177" lon="2.852735"><ele>678.75</ele></trkpt>
   <trkpt lat="45.832167" lon="2.852374"><ele>677.25</ele></trkpt>
   <trkpt lat="45.832166" lon="2.852346"><ele>677</ele></trkpt>
   <trkpt lat="45.832164" lon="2.852238"><ele>676.75</ele></trkpt>
   <trkpt lat="45.832161" lon="2.852087"><ele>676.25</ele></trkpt>
   <trkpt lat="45.8321" lon="2.852091"><ele>676</ele></trkpt>
   <trkpt lat="45.832045" lon="2.852086"><ele>675.75</ele></trkpt>
   <trkpt lat="45.831868" lon="2.852044"><ele>675.25</ele></trkpt>
   <trkpt lat="45.831844" lon="2.852028"><ele>675.25</ele></trkpt>
   <trkpt lat="45.831797" lon="2.851999"><ele>675.25</ele></trkpt>
   <trkpt lat="45.831664" lon="2.851813"><ele>674.5</ele></trkpt>
   <trkpt lat="45.831602" lon="2.851747"><ele>674.25</ele></trkpt>
   <trkpt lat="45.831527" lon="2.851703"><ele>674.25</ele></trkpt>
   <trkpt lat="45.831401" lon="2.851634"><ele>673.75</ele></trkpt>
   <trkpt lat="45.831329" lon="2.8516"><ele>673.75</ele></trkpt>
   <trkpt lat="45.831348" lon="2.851505"><ele>673.25</ele></trkpt>
   <trkpt lat="45.831393" lon="2.851478"><ele>673.25</ele></trkpt>
   <trkpt lat="45.831486" lon="2.851107"><ele>671.75</ele></trkpt>
   <trkpt lat="45.831517" lon="2.85107"><ele>671.5</ele></trkpt>
   <trkpt lat="45.831486" lon="2.851107"><ele>671.75</ele></trkpt>
   <trkpt lat="45.830963" lon="2.851421"><ele>673.75</ele></trkpt>
   <trkpt lat="45.830776" lon="2.851349"><ele>673.25</ele></trkpt>
   <trkpt lat="45.830625" lon="2.851301"><ele>672.75</ele></trkpt>
   <trkpt lat="45.830443" lon="2.851243"><ele>672.5</ele></trkpt>
   <trkpt lat="45.829971" lon="2.851095"><ele>670.75</ele></trkpt>
   <trkpt lat="45.829082" lon="2.850817"><ele>669</ele></trkpt>
   <trkpt lat="45.828688" lon="2.850702"><ele>669.75</ele></trkpt>
   <trkpt lat="45.828315" lon="2.85063"><ele>669.5</ele></trkpt>
   <trkpt lat="45.828129" lon="2.850628"><ele>669.5</ele></trkpt>
   <trkpt lat="45.827622" lon="2.850678"><ele>670.25</ele></trkpt>
   <trkpt lat="45.827486" lon="2.850691"><ele>670.25</ele></trkpt>
   <trkpt lat="45.827304" lon="2.850678"><ele>670.5</ele></trkpt>
   <trkpt lat="45.827176" lon="2.850657"><ele>670.5</ele></trkpt>
   <trkpt lat="45.825843" lon="2.850355"><ele>671.5</ele></trkpt>
   <trkpt lat="45.825545" lon="2.850352"><ele>672</ele></trkpt>
   <trkpt lat="45.825093" lon="2.850353"><ele>673.5</ele></trkpt>
   <trkpt lat="45.82502" lon="2.850371"><ele>674.25</ele></trkpt>
   <trkpt lat="45.824913" lon="2.850429"><ele>676</ele></trkpt>
   <trkpt lat="45.82473" lon="2.850698"><ele>680</ele></trkpt>
   <trkpt lat="45.824679" lon="2.85076"><ele>679.5</ele></trkpt>
   <trkpt lat="45.824585" lon="2.850794"><ele>678.75</ele></trkpt>
   <trkpt lat="45.824531" lon="2.850789"><ele>678.5</ele></trkpt>
   <trkpt lat="45.82448" lon="2.850759"><ele>678</ele></trkpt>
   <trkpt lat="45.824431" lon="2.850707"><ele>677.75</ele></trkpt>
   <trkpt lat="45.824387" lon="2.850613"><ele>678.25</ele></trkpt>
   <trkpt lat="45.824235" lon="2.85018"><ele>679.25</ele></trkpt>
   <trkpt lat="45.823792" lon="2.8494"><ele>680</ele></trkpt>
   <trkpt lat="45.823019" lon="2.848043"><ele>675.75</ele></trkpt>
   <trkpt lat="45.822897" lon="2.847849"><ele>675.75</ele></trkpt>
   <trkpt lat="45.822773" lon="2.847683"><ele>675</ele></trkpt>
   <trkpt lat="45.822611" lon="2.847495"><ele>674.5</ele></trkpt>
   <trkpt lat="45.822257" lon="2.847147"><ele>675</ele></trkpt>
   <trkpt lat="45.822099" lon="2.847017"><ele>675.25</ele></trkpt>
   <trkpt lat="45.820884" lon="2.8462"><ele>674.25</ele></trkpt>
   <trkpt lat="45.82081" lon="2.84615"><ele>673.25</ele></trkpt>
   <trkpt lat="45.820547" lon="2.845972"><ele>672</ele></trkpt>
   <trkpt lat="45.819868" lon="2.845535"><ele>672.25</ele></trkpt>
   <trkpt lat="45.818913" lon="2.84492"><ele>674.5</ele></trkpt>
   <trkpt lat="45.818511" lon="2.84466"><ele>674</ele></trkpt>
   <trkpt lat="45.818054" lon="2.844432"><ele>671.75</ele></trkpt>
   <trkpt lat="45.817511" lon="2.844208"><ele>672</ele></trkpt>
   <trkpt lat="45.816037" lon="2.843762"><ele>672.75</ele></trkpt>
   <trkpt lat="45.815953" lon="2.84373"><ele>672.75</ele></trkpt>
   <trkpt lat="45.815814" lon="2.843641"><ele>673</ele></trkpt>
   <trkpt lat="45.81554" lon="2.843398"><ele>673.5</ele></trkpt>
   <trkpt lat="45.815387" lon="2.843243"><ele>674</ele></trkpt>
   <trkpt lat="45.815077" lon="2.842984"><ele>674.5</ele></trkpt>
   <trkpt lat="45.814922" lon="2.842885"><ele>675</ele></trkpt>
   <trkpt lat="45.814816" lon="2.842828"><ele>674.75</ele></trkpt>
   <trkpt lat="45.814127" lon="2.842514"><ele>673.5</ele></trkpt>
   <trkpt lat="45.813539" lon="2.842269"><ele>673.75</ele></trkpt>
   <trkpt lat="45.812971" lon="2.84205"><ele>674.5</ele></trkpt>
   <trkpt lat="45.812852" lon="2.842011"><ele>674.25</ele></trkpt>
   <trkpt lat="45.812728" lon="2.841982"><ele>674</ele></trkpt>
   <trkpt lat="45.812445" lon="2.841928"><ele>673</ele></trkpt>
   <trkpt lat="45.812178" lon="2.841921"><ele>673.5</ele></trkpt>
   <trkpt lat="45.811932" lon="2.841944"><ele>672.75</ele></trkpt>
   <trkpt lat="45.811625" lon="2.842002"><ele>674.5</ele></trkpt>
   <trkpt lat="45.811367" lon="2.842061"><ele>674.75</ele></trkpt>
   <trkpt lat="45.811197" lon="2.842112"><ele>674.5</ele></trkpt>
   <trkpt lat="45.811148" lon="2.842132"><ele>674.25</ele></trkpt>
   <trkpt lat="45.810998" lon="2.842244"><ele>673.5</ele></trkpt>
   <trkpt lat="45.810617" lon="2.842598"><ele>672</ele></trkpt>
   <trkpt lat="45.810605" lon="2.842566"><ele>672</ele></trkpt>
   <trkpt lat="45.810588" lon="2.842527"><ele>672</ele></trkpt>
   <trkpt lat="45.810546" lon="2.842485"><ele>671.75</ele></trkpt>
   <trkpt lat="45.809552" lon="2.842122"><ele>671.25</ele></trkpt>
   <trkpt lat="45.809413" lon="2.842062"><ele>671.5</ele></trkpt>
   <trkpt lat="45.809374" lon="2.842033"><ele>671.5</ele></trkpt>
   <trkpt lat="45.809325" lon="2.841972"><ele>671.5</ele></trkpt>
   <trkpt lat="45.809256" lon="2.841874"><ele>671.25</ele></trkpt>
   <trkpt lat="45.80919" lon="2.841777"><ele>671.5</ele></trkpt>
   <trkpt lat="45.809131" lon="2.841692"><ele>671.75</ele></trkpt>
   <trkpt lat="45.80907" lon="2.841621"><ele>671.5</ele></trkpt>
   <trkpt lat="45.808838" lon="2.841428"><ele>671.5</ele></trkpt>
   <trkpt lat="45.808452" lon="2.841143"><ele>671.75</ele></trkpt>
   <trkpt lat="45.808242" lon="2.840997"><ele>671.75</ele></trkpt>
   <trkpt lat="45.808064" lon="2.84089"><ele>671.75</ele></trkpt>
   <trkpt lat="45.807801" lon="2.840758"><ele>671.25</ele></trkpt>
   <trkpt lat="45.807589" lon="2.840669"><ele>671.5</ele></trkpt>
   <trkpt lat="45.807437" lon="2.840622"><ele>671.75</ele></trkpt>
   <trkpt lat="45.807177" lon="2.840575"><ele>671.75</ele></trkpt>
   <trkpt lat="45.806956" lon="2.840569"><ele>671.75</ele></trkpt>
   <trkpt lat="45.806958" lon="2.840639"><ele>671.5</ele></trkpt>
   <trkpt lat="45.806984" lon="2.840668"><ele>671</ele></trkpt>
   <trkpt lat="45.806958" lon="2.840639"><ele>671.5</ele></trkpt>
   <trkpt lat="45.806956" lon="2.840569"><ele>671.75</ele></trkpt>
   <trkpt lat="45.803913" lon="2.840809"><ele>673.75</ele></trkpt>
   <trkpt lat="45.803617" lon="2.840892"><ele>676</ele></trkpt>
   <trkpt lat="45.80343" lon="2.840952"><ele>679.5</ele></trkpt>
   <trkpt lat="45.802986" lon="2.841196"><ele>682.75</ele></trkpt>
   <trkpt lat="45.801873" lon="2.842093"><ele>690</ele></trkpt>
   <trkpt lat="45.801731" lon="2.842208"><ele>692.25</ele></trkpt>
   <trkpt lat="45.801459" lon="2.842366"><ele>693.5</ele></trkpt>
   <trkpt lat="45.801305" lon="2.842413"><ele>696</ele></trkpt>
   <trkpt lat="45.800803" lon="2.842434"><ele>702.75</ele></trkpt>
   <trkpt lat="45.800586" lon="2.842478"><ele>705</ele></trkpt>
   <trkpt lat="45.80018" lon="2.84264"><ele>710</ele></trkpt>
   <trkpt lat="45.799728" lon="2.842749"><ele>716</ele></trkpt>
   <trkpt lat="45.799547" lon="2.842835"><ele>716.75</ele></trkpt>
   <trkpt lat="45.799344" lon="2.842974"><ele>717</ele></trkpt>
   <trkpt lat="45.799151" lon="2.843089"><ele>718.75</ele></trkpt>
   <trkpt lat="45.79905" lon="2.843093"><ele>719.75</ele></trkpt>
   <trkpt lat="45.798975" lon="2.843056"><ele>721.25</ele></trkpt>
   <trkpt lat="45.798925" lon="2.843009"><ele>722</ele></trkpt>
   <trkpt lat="45.798818" lon="2.842812"><ele>723</ele></trkpt>
   <trkpt lat="45.798766" lon="2.842762"><ele>722.75</ele></trkpt>
   <trkpt lat="45.798715" lon="2.842774"><ele>722</ele></trkpt>
   <trkpt lat="45.798529" lon="2.842863"><ele>720.25</ele></trkpt>
   <trkpt lat="45.798466" lon="2.8429"><ele>719.75</ele></trkpt>
   <trkpt lat="45.798137" lon="2.843062"><ele>717</ele></trkpt>
   <trkpt lat="45.798052" lon="2.843088"><ele>716.25</ele></trkpt>
   <trkpt lat="45.797833" lon="2.84314"><ele>714.75</ele></trkpt>
   <trkpt lat="45.79643" lon="2.843367"><ele>705</ele></trkpt>
   <trkpt lat="45.796285" lon="2.843376"><ele>704</ele></trkpt>
   <trkpt lat="45.796106" lon="2.843372"><ele>702</ele></trkpt>
   <trkpt lat="45.79571" lon="2.843314"><ele>697.5</ele></trkpt>
   <trkpt lat="45.795372" lon="2.843233"><ele>695.25</ele></trkpt>
   <trkpt lat="45.79524" lon="2.843142"><ele>693.75</ele></trkpt>
   <trkpt lat="45.795151" lon="2.843013"><ele>691.25</ele></trkpt>
   <trkpt lat="45.795113" lon="2.842905"><ele>689.5</ele></trkpt>
   <trkpt lat="45.795069" lon="2.842742"><ele>687.5</ele></trkpt>
   <trkpt lat="45.795047" lon="2.842446"><ele>687.25</ele></trkpt>
   <trkpt lat="45.795071" lon="2.84195"><ele>691.5</ele></trkpt>
   <trkpt lat="45.794795" lon="2.841781"><ele>695.75</ele></trkpt>
   <trkpt lat="45.794506" lon="2.841746"><ele>697.5</ele></trkpt>
   <trkpt lat="45.794199" lon="2.841765"><ele>698.75</ele></trkpt>
   <trkpt lat="45.793937" lon="2.84167"><ele>701</ele></trkpt>
   <trkpt lat="45.793693" lon="2.841571"><ele>704.75</ele></trkpt>
   <trkpt lat="45.793216" lon="2.841544"><ele>708.75</ele></trkpt>
   <trkpt lat="45.792593" lon="2.841802"><ele>711.75</ele></trkpt>
   <trkpt lat="45.7922" lon="2.841999"><ele>715</ele></trkpt>
   <trkpt lat="45.79197" lon="2.842206"><ele>716.5</ele></trkpt>
   <trkpt lat="45.791769" lon="2.842374"><ele>717.5</ele></trkpt>
   <trkpt lat="45.791259" lon="2.842631"><ele>721.25</ele></trkpt>
   <trkpt lat="45.790834" lon="2.842776"><ele>725</ele></trkpt>
   <trkpt lat="45.790548" lon="2.842877"><ele>725.5</ele></trkpt>
   <trkpt lat="45.790274" lon="2.842996"><ele>728.25</ele></trkpt>
   <trkpt lat="45.790142" lon="2.843054"><ele>729.25</ele></trkpt>
   <trkpt lat="45.789812" lon="2.843193"><ele>733.25</ele></trkpt>
   <trkpt lat="45.789662" lon="2.843223"><ele>735.25</ele></trkpt>
   <trkpt lat="45.789602" lon="2.84322"><ele>736</ele></trkpt>
   <trkpt lat="45.788141" lon="2.842936"><ele>750</ele></trkpt>
   <trkpt lat="45.787633" lon="2.842849"><ele>752</ele></trkpt>
   <trkpt lat="45.78692" lon="2.842815"><ele>753</ele></trkpt>
   <trkpt lat="45.78678" lon="2.842817"><ele>753</ele></trkpt>
   <trkpt lat="45.786693" lon="2.842828"><ele>753</ele></trkpt>
   <trkpt lat="45.78629" lon="2.842979"><ele>753.5</ele></trkpt>
   <trkpt lat="45.786051" lon="2.843092"><ele>754</ele></trkpt>
   <trkpt lat="45.785896" lon="2.843141"><ele>754</ele></trkpt>
   <trkpt lat="45.785744" lon="2.843179"><ele>754</ele></trkpt>
   <trkpt lat="45.785472" lon="2.843222"><ele>754</ele></trkpt>
   <trkpt lat="45.785152" lon="2.843244"><ele>754.25</ele></trkpt>
   <trkpt lat="45.784839" lon="2.843296"><ele>754.75</ele></trkpt>
   <trkpt lat="45.784732" lon="2.84332"><ele>754.75</ele></trkpt>
   <trkpt lat="45.7846" lon="2.843367"><ele>755</ele></trkpt>
   <trkpt lat="45.784444" lon="2.843454"><ele>755</ele></trkpt>
   <trkpt lat="45.783927" lon="2.843839"><ele>755.5</ele></trkpt>
   <trkpt lat="45.783675" lon="2.844026"><ele>755.75</ele></trkpt>
   <trkpt lat="45.783465" lon="2.844198"><ele>755.75</ele></trkpt>
   <trkpt lat="45.783253" lon="2.844404"><ele>756</ele></trkpt>
   <trkpt lat="45.782962" lon="2.844737"><ele>756</ele></trkpt>
   <trkpt lat="45.782854" lon="2.844828"><ele>756</ele></trkpt>
   <trkpt lat="45.781831" lon="2.84541"><ele>756.25</ele></trkpt>
   <trkpt lat="45.780753" lon="2.846039"><ele>756</ele></trkpt>
   <trkpt lat="45.780193" lon="2.846356"><ele>755</ele></trkpt>
   <trkpt lat="45.780023" lon="2.846475"><ele>754.75</ele></trkpt>
   <trkpt lat="45.779736" lon="2.846758"><ele>755.75</ele></trkpt>
   <trkpt lat="45.779354" lon="2.846359"><ele>755.75</ele></trkpt>
   <trkpt lat="45.779163" lon="2.846038"><ele>756</ele></trkpt>
   <trkpt lat="45.77904" lon="2.845704"><ele>756.25</ele></trkpt>
   <trkpt lat="45.779017" lon="2.845648"><ele>757.75</ele></trkpt>
   <trkpt lat="45.778612" lon="2.844624"><ele>757.75</ele></trkpt>
   <trkpt lat="45.778529" lon="2.844484"><ele>758</ele></trkpt>
   <trkpt lat="45.77821" lon="2.844041"><ele>758</ele></trkpt>
   <trkpt lat="45.778055" lon="2.843855"><ele>758</ele></trkpt>
   <trkpt lat="45.77793" lon="2.843727"><ele>758</ele></trkpt>
   <trkpt lat="45.777831" lon="2.843643"><ele>758</ele></trkpt>
   <trkpt lat="45.777688" lon="2.843549"><ele>758</ele></trkpt>
   <trkpt lat="45.775725" lon="2.842479"><ele>757.5</ele></trkpt>
   <trkpt lat="45.775164" lon="2.84212"><ele>755.25</ele></trkpt>
   <trkpt lat="45.774958" lon="2.842023"><ele>755.25</ele></trkpt>
   <trkpt lat="45.774912" lon="2.842014"><ele>755.25</ele></trkpt>
   <trkpt lat="45.774792" lon="2.842016"><ele>754.75</ele></trkpt>
   <trkpt lat="45.774687" lon="2.841998"><ele>754.5</ele></trkpt>
   <trkpt lat="45.774561" lon="2.841953"><ele>754.5</ele></trkpt>
   <trkpt lat="45.77434" lon="2.841804"><ele>753.75</ele></trkpt>
   <trkpt lat="45.774184" lon="2.841664"><ele>752.75</ele></trkpt>
   <trkpt lat="45.774069" lon="2.841503"><ele>752.25</ele></trkpt>
   <trkpt lat="45.773902" lon="2.841162"><ele>750.25</ele></trkpt>
   <trkpt lat="45.773782" lon="2.840897"><ele>749.5</ele></trkpt>
   <trkpt lat="45.773742" lon="2.840772"><ele>749.25</ele></trkpt>
   <trkpt lat="45.773712" lon="2.840614"><ele>748.75</ele></trkpt>
   <trkpt lat="45.773699" lon="2.840479"><ele>748.5</ele></trkpt>
   <trkpt lat="45.773695" lon="2.840364"><ele>748.25</ele></trkpt>
   <trkpt lat="45.773695" lon="2.840235"><ele>748</ele></trkpt>
   <trkpt lat="45.773708" lon="2.840117"><ele>747.75</ele></trkpt>
   <trkpt lat="45.773759" lon="2.83989"><ele>747</ele></trkpt>
   <trkpt lat="45.773828" lon="2.839621"><ele>745.75</ele></trkpt>
   <trkpt lat="45.773833" lon="2.839533"><ele>745.25</ele></trkpt>
   <trkpt lat="45.773833" lon="2.839094"><ele>744.25</ele></trkpt>
   <trkpt lat="45.773854" lon="2.839008"><ele>744.25</ele></trkpt>
   <trkpt lat="45.773903" lon="2.838884"><ele>743.5</ele></trkpt>
   <trkpt lat="45.773958" lon="2.838791"><ele>743.25</ele></trkpt>
   <trkpt lat="45.77404" lon="2.838696"><ele>742.75</ele></trkpt>
   <trkpt lat="45.77414" lon="2.838627"><ele>742</ele></trkpt>
   <trkpt lat="45.774359" lon="2.838531"><ele>740.75</ele></trkpt>
   <trkpt lat="45.774608" lon="2.838449"><ele>739.25</ele></trkpt>
   <trkpt lat="45.774713" lon="2.838389"><ele>739.25</ele></trkpt>
   <trkpt lat="45.774777" lon="2.838315"><ele>738.75</ele></trkpt>
   <trkpt lat="45.774814" lon="2.83822"><ele>738</ele></trkpt>
   <trkpt lat="45.774834" lon="2.838109"><ele>737.5</ele></trkpt>
   <trkpt lat="45.774846" lon="2.837974"><ele>737</ele></trkpt>
   <trkpt lat="45.774846" lon="2.837822"><ele>736.25</ele></trkpt>
   <trkpt lat="45.77482" lon="2.837298"><ele>734.75</ele></trkpt>
   <trkpt lat="45.774808" lon="2.837186"><ele>734.25</ele></trkpt>
   <trkpt lat="45.774787" lon="2.837066"><ele>733.5</ele></trkpt>
   <trkpt lat="45.77474" lon="2.83695"><ele>733.5</ele></trkpt>
   <trkpt lat="45.774685" lon="2.83686"><ele>733</ele></trkpt>
   <trkpt lat="45.774608" lon="2.836783"><ele>732.5</ele></trkpt>
   <trkpt lat="45.774531" lon="2.83673"><ele>732.5</ele></trkpt>
   <trkpt lat="45.774153" lon="2.83657"><ele>730.75</ele></trkpt>
   <trkpt lat="45.773925" lon="2.836473"><ele>730.75</ele></trkpt>
   <trkpt lat="45.77371" lon="2.836418"><ele>729.25</ele></trkpt>
   <trkpt lat="45.773576" lon="2.836402"><ele>728</ele></trkpt>
   <trkpt lat="45.773345" lon="2.836437"><ele>727.75</ele></trkpt>
   <trkpt lat="45.773223" lon="2.836486"><ele>726.75</ele></trkpt>
   <trkpt lat="45.772959" lon="2.836691"><ele>726</ele></trkpt>
   <trkpt lat="45.772762" lon="2.836762"><ele>725.25</ele></trkpt>
   <trkpt lat="45.772384" lon="2.836757"><ele>721.75</ele></trkpt>
   <trkpt lat="45.772288" lon="2.836813"><ele>721.5</ele></trkpt>
   <trkpt lat="45.772065" lon="2.836993"><ele>721.25</ele></trkpt>
   <trkpt lat="45.771923" lon="2.837096"><ele>720.75</ele></trkpt>
   <trkpt lat="45.771848" lon="2.837126"><ele>720.5</ele></trkpt>
   <trkpt lat="45.771291" lon="2.837277"><ele>719.25</ele></trkpt>
   <trkpt lat="45.77109" lon="2.837343"><ele>718.25</ele></trkpt>
   <trkpt lat="45.770911" lon="2.837423"><ele>717.25</ele></trkpt>
   <trkpt lat="45.770817" lon="2.837482"><ele>716.5</ele></trkpt>
   <trkpt lat="45.770768" lon="2.837539"><ele>716</ele></trkpt>
   <trkpt lat="45.770714" lon="2.837647"><ele>715.5</ele></trkpt>
   <trkpt lat="45.770623" lon="2.838081"><ele>716.5</ele></trkpt>
   <trkpt lat="45.770615" lon="2.83823"><ele>716.5</ele></trkpt>
   <trkpt lat="45.770592" lon="2.838367"><ele>716.25</ele></trkpt>
   <trkpt lat="45.770554" lon="2.838508"><ele>716.25</ele></trkpt>
   <trkpt lat="45.770502" lon="2.83864"><ele>716.75</ele></trkpt>
   <trkpt lat="45.770452" lon="2.838735"><ele>717</ele></trkpt>
   <trkpt lat="45.770398" lon="2.838789"><ele>716.25</ele></trkpt>
   <trkpt lat="45.770339" lon="2.838831"><ele>715</ele></trkpt>
   <trkpt lat="45.770292" lon="2.838848"><ele>713.75</ele></trkpt>
   <trkpt lat="45.770241" lon="2.838852"><ele>713.5</ele></trkpt>
   <trkpt lat="45.770152" lon="2.838824"><ele>713.5</ele></trkpt>
   <trkpt lat="45.770109" lon="2.838795"><ele>713.5</ele></trkpt>
   <trkpt lat="45.770071" lon="2.838744"><ele>713.25</ele></trkpt>
   <trkpt lat="45.770043" lon="2.838685"><ele>713</ele></trkpt>
   <trkpt lat="45.770032" lon="2.838622"><ele>712.5</ele></trkpt>
   <trkpt lat="45.770013" lon="2.838281"><ele>711</ele></trkpt>
   <trkpt lat="45.769987" lon="2.838084"><ele>709.75</ele></trkpt>
   <trkpt lat="45.769954" lon="2.837983"><ele>709.5</ele></trkpt>
   <trkpt lat="45.769887" lon="2.837849"><ele>709.5</ele></trkpt>
   <trkpt lat="45.769751" lon="2.83766"><ele>708.75</ele></trkpt>
   <trkpt lat="45.76955" lon="2.837496"><ele>707.75</ele></trkpt>
   <trkpt lat="45.769415" lon="2.837431"><ele>707.25</ele></trkpt>
   <trkpt lat="45.769242" lon="2.837382"><ele>706.75</ele></trkpt>
   <trkpt lat="45.769059" lon="2.83737"><ele>706.25</ele></trkpt>
   <trkpt lat="45.768863" lon="2.837377"><ele>706</ele></trkpt>
   <trkpt lat="45.768697" lon="2.837358"><ele>706</ele></trkpt>
   <trkpt lat="45.768571" lon="2.837318"><ele>705.25</ele></trkpt>
   <trkpt lat="45.768051" lon="2.83702"><ele>703.5</ele></trkpt>
   <trkpt lat="45.767761" lon="2.836877"><ele>702</ele></trkpt>
   <trkpt lat="45.76756" lon="2.83681"><ele>701.5</ele></trkpt>
   <trkpt lat="45.767033" lon="2.83671"><ele>698.75</ele></trkpt>
   <trkpt lat="45.76694" lon="2.836669"><ele>698</ele></trkpt>
   <trkpt lat="45.766839" lon="2.836597"><ele>697.5</ele></trkpt>
   <trkpt lat="45.766814" lon="2.836567"><ele>697.5</ele></trkpt>
   <trkpt lat="45.767198" lon="2.836246"><ele>686</ele></trkpt>
   <trkpt lat="45.766814" lon="2.836567"><ele>697.5</ele></trkpt>
   <trkpt lat="45.76676" lon="2.836503"><ele>697.25</ele></trkpt>
   <trkpt lat="45.766686" lon="2.836348"><ele>696.5</ele></trkpt>
   <trkpt lat="45.766624" lon="2.836156"><ele>695.25</ele></trkpt>
   <trkpt lat="45.766596" lon="2.83595"><ele>694.5</ele></trkpt>
   <trkpt lat="45.7666" lon="2.834856"><ele>690.25</ele></trkpt>
   <trkpt lat="45.766591" lon="2.834502"><ele>689</ele></trkpt>
   <trkpt lat="45.766575" lon="2.834383"><ele>688.75</ele></trkpt>
   <trkpt lat="45.766109" lon="2.832371"><ele>688.75</ele></trkpt>
   <trkpt lat="45.766002" lon="2.831817"><ele>688.5</ele></trkpt>
   <trkpt lat="45.765909" lon="2.831264"><ele>689.25</ele></trkpt>
   <trkpt lat="45.765829" lon="2.830743"><ele>689.5</ele></trkpt>
   <trkpt lat="45.765766" lon="2.830361"><ele>690.75</ele></trkpt>
   <trkpt lat="45.76574" lon="2.830294"><ele>692</ele></trkpt>
   <trkpt lat="45.765654" lon="2.830211"><ele>692.25</ele></trkpt>
   <trkpt lat="45.765412" lon="2.830126"><ele>692</ele></trkpt>
   <trkpt lat="45.765357" lon="2.830082"><ele>692.5</ele></trkpt>
   <trkpt lat="45.765323" lon="2.830022"><ele>693.5</ele></trkpt>
   <trkpt lat="45.7653" lon="2.82995"><ele>694</ele></trkpt>
   <trkpt lat="45.765268" lon="2.829768"><ele>693.75</ele></trkpt>
   <trkpt lat="45.765233" lon="2.829616"><ele>694.25</ele></trkpt>
   <trkpt lat="45.76517" lon="2.829486"><ele>694.75</ele></trkpt>
   <trkpt lat="45.764822" lon="2.828974"><ele>696.25</ele></trkpt>
   <trkpt lat="45.764736" lon="2.828822"><ele>697.25</ele></trkpt>
   <trkpt lat="45.764722" lon="2.828773"><ele>697.25</ele></trkpt>
   <trkpt lat="45.764713" lon="2.828658"><ele>697.5</ele></trkpt>
   <trkpt lat="45.764719" lon="2.828596"><ele>698</ele></trkpt>
   <trkpt lat="45.764741" lon="2.828534"><ele>698.5</ele></trkpt>
   <trkpt lat="45.764134" lon="2.82741"><ele>698.25</ele></trkpt>
   <trkpt lat="45.763881" lon="2.826919"><ele>699.25</ele></trkpt>
   <trkpt lat="45.763814" lon="2.826802"><ele>699.75</ele></trkpt>
   <trkpt lat="45.763688" lon="2.826627"><ele>699.25</ele></trkpt>
   <trkpt lat="45.763197" lon="2.825981"><ele>698.75</ele></trkpt>
   <trkpt lat="45.762745" lon="2.825436"><ele>700.25</ele></trkpt>
   <trkpt lat="45.762672" lon="2.825371"><ele>700.25</ele></trkpt>
   <trkpt lat="45.762655" lon="2.825396"><ele>699.75</ele></trkpt>
   <trkpt lat="45.762645" lon="2.825431"><ele>699</ele></trkpt>
   <trkpt lat="45.762659" lon="2.825472"><ele>698.25</ele></trkpt>
   <trkpt lat="45.762645" lon="2.825431"><ele>699</ele></trkpt>
   <trkpt lat="45.762655" lon="2.825396"><ele>699.75</ele></trkpt>
   <trkpt lat="45.762672" lon="2.825371"><ele>700.25</ele></trkpt>
   <trkpt lat="45.762587" lon="2.825294"><ele>700.5</ele></trkpt>
   <trkpt lat="45.762404" lon="2.825171"><ele>700</ele></trkpt>
   <trkpt lat="45.762311" lon="2.825124"><ele>699.75</ele></trkpt>
   <trkpt lat="45.762026" lon="2.825026"><ele>700.25</ele></trkpt>
   <trkpt lat="45.76194" lon="2.825005"><ele>700.75</ele></trkpt>
   <trkpt lat="45.761874" lon="2.825024"><ele>699</ele></trkpt>
   <trkpt lat="45.761814" lon="2.825052"><ele>697.5</ele></trkpt>
   <trkpt lat="45.761582" lon="2.825197"><ele>697.5</ele></trkpt>
   <trkpt lat="45.761551" lon="2.825216"><ele>698</ele></trkpt>
   <trkpt lat="45.7615" lon="2.825248"><ele>699</ele></trkpt>
   <trkpt lat="45.760522" lon="2.825861"><ele>698.25</ele></trkpt>
   <trkpt lat="45.760102" lon="2.826128"><ele>697.75</ele></trkpt>
   <trkpt lat="45.759848" lon="2.8262"><ele>700.75</ele></trkpt>
   <trkpt lat="45.759683" lon="2.826214"><ele>701.5</ele></trkpt>
   <trkpt lat="45.758595" lon="2.826285"><ele>704.75</ele></trkpt>
   <trkpt lat="45.75825" lon="2.82634"><ele>706.25</ele></trkpt>
   <trkpt lat="45.757524" lon="2.826504"><ele>706.75</ele></trkpt>
   <trkpt lat="45.757159" lon="2.826633"><ele>708.5</ele></trkpt>
   <trkpt lat="45.756787" lon="2.826804"><ele>708</ele></trkpt>
   <trkpt lat="45.756451" lon="2.826938"><ele>709.75</ele></trkpt>
   <trkpt lat="45.756315" lon="2.826968"><ele>709.5</ele></trkpt>
   <trkpt lat="45.756165" lon="2.826977"><ele>709.75</ele></trkpt>
   <trkpt lat="45.75602" lon="2.82697"><ele>710.25</ele></trkpt>
   <trkpt lat="45.755882" lon="2.826941"><ele>711</ele></trkpt>
   <trkpt lat="45.75577" lon="2.826904"><ele>712</ele></trkpt>
   <trkpt lat="45.755657" lon="2.826852"><ele>712.75</ele></trkpt>
   <trkpt lat="45.755507" lon="2.826756"><ele>712.25</ele></trkpt>
   <trkpt lat="45.755338" lon="2.826629"><ele>713.25</ele></trkpt>
   <trkpt lat="45.753676" lon="2.82477"><ele>717.25</ele></trkpt>
   <trkpt lat="45.753619" lon="2.8249"><ele>715.75</ele></trkpt>
   <trkpt lat="45.753573" lon="2.824949"><ele>715</ele></trkpt>
   <trkpt lat="45.753507" lon="2.824972"><ele>714.25</ele></trkpt>
   <trkpt lat="45.752796" lon="2.82501"><ele>709.75</ele></trkpt>
   <trkpt lat="45.752636" lon="2.824958"><ele>708.25</ele></trkpt>
   <trkpt lat="45.752447" lon="2.824797"><ele>706.75</ele></trkpt>
   <trkpt lat="45.75232" lon="2.82471"><ele>706</ele></trkpt>
   <trkpt lat="45.752159" lon="2.824827"><ele>703.75</ele></trkpt>
   <trkpt lat="45.752055" lon="2.824935"><ele>703</ele></trkpt>
   <trkpt lat="45.751945" lon="2.825102"><ele>701.5</ele></trkpt>
   <trkpt lat="45.752055" lon="2.824935"><ele>703</ele></trkpt>
   <trkpt lat="45.752159" lon="2.824827"><ele>703.75</ele></trkpt>
   <trkpt lat="45.75232" lon="2.82471"><ele>706</ele></trkpt>
   <trkpt lat="45.752263" lon="2.824693"><ele>705.25</ele></trkpt>
   <trkpt lat="45.752169" lon="2.824714"><ele>704.5</ele></trkpt>
   <trkpt lat="45.752019" lon="2.824829"><ele>703.25</ele></trkpt>
   <trkpt lat="45.751833" lon="2.825075"><ele>701.5</ele></trkpt>
   <trkpt lat="45.75171" lon="2.825266"><ele>701.75</ele></trkpt>
   <trkpt lat="45.751387" lon="2.825722"><ele>702</ele></trkpt>
   <trkpt lat="45.751263" lon="2.825837"><ele>703.75</ele></trkpt>
   <trkpt lat="45.751151" lon="2.8259"><ele>705.25</ele></trkpt>
   <trkpt lat="45.751022" lon="2.825899"><ele>706.25</ele></trkpt>
   <trkpt lat="45.750784" lon="2.825828"><ele>707.25</ele></trkpt>
   <trkpt lat="45.750635" lon="2.825822"><ele>708.25</ele></trkpt>
   <trkpt lat="45.750529" lon="2.825874"><ele>709</ele></trkpt>
   <trkpt lat="45.750389" lon="2.825995"><ele>709.5</ele></trkpt>
   <trkpt lat="45.750268" lon="2.826237"><ele>711.25</ele></trkpt>
   <trkpt lat="45.749979" lon="2.826946"><ele>715.75</ele></trkpt>
   <trkpt lat="45.749895" lon="2.827323"><ele>717.75</ele></trkpt>
   <trkpt lat="45.749735" lon="2.828645"><ele>724.25</ele></trkpt>
   <trkpt lat="45.749686" lon="2.828884"><ele>725.5</ele></trkpt>
   <trkpt lat="45.749616" lon="2.829115"><ele>725.75</ele></trkpt>
   <trkpt lat="45.749154" lon="2.830254"><ele>730.5</ele></trkpt>
   <trkpt lat="45.749145" lon="2.830275"><ele>730.5</ele></trkpt>
   <trkpt lat="45.749029" lon="2.830597"><ele>732</ele></trkpt>
   <trkpt lat="45.748898" lon="2.830995"><ele>733.5</ele></trkpt>
   <trkpt lat="45.748657" lon="2.831827"><ele>737.5</ele></trkpt>
   <trkpt lat="45.748549" lon="2.832087"><ele>738.25</ele></trkpt>
   <trkpt lat="45.748456" lon="2.83222"><ele>738.5</ele></trkpt>
   <trkpt lat="45.748181" lon="2.832509"><ele>739</ele></trkpt>
   <trkpt lat="45.748075" lon="2.832655"><ele>739.5</ele></trkpt>
   <trkpt lat="45.747693" lon="2.833589"><ele>741.75</ele></trkpt>
   <trkpt lat="45.747575" lon="2.833857"><ele>742.5</ele></trkpt>
   <trkpt lat="45.747413" lon="2.834152"><ele>743</ele></trkpt>
   <trkpt lat="45.747177" lon="2.834524"><ele>744.5</ele></trkpt>
   <trkpt lat="45.747039" lon="2.834697"><ele>744.75</ele></trkpt>
   <trkpt lat="45.746707" lon="2.834933"><ele>745.75</ele></trkpt>
   <trkpt lat="45.746595" lon="2.835087"><ele>746.25</ele></trkpt>
   <trkpt lat="45.746523" lon="2.835285"><ele>747</ele></trkpt>
   <trkpt lat="45.746449" lon="2.83593"><ele>749.25</ele></trkpt>
   <trkpt lat="45.746388" lon="2.836151"><ele>748.75</ele></trkpt>
   <trkpt lat="45.746311" lon="2.836248"><ele>748.5</ele></trkpt>
   <trkpt lat="45.746184" lon="2.836347"><ele>748.25</ele></trkpt>
   <trkpt lat="45.745582" lon="2.836526"><ele>747.75</ele></trkpt>
   <trkpt lat="45.745507" lon="2.836592"><ele>747.75</ele></trkpt>
   <trkpt lat="45.745437" lon="2.836741"><ele>747.75</ele></trkpt>
   <trkpt lat="45.745338" lon="2.837299"><ele>748.75</ele></trkpt>
   <trkpt lat="45.745332" lon="2.83746"><ele>749</ele></trkpt>
   <trkpt lat="45.745363" lon="2.837611"><ele>748.5</ele></trkpt>
   <trkpt lat="45.745482" lon="2.837839"><ele>747.25</ele></trkpt>
   <trkpt lat="45.745536" lon="2.837973"><ele>746.75</ele></trkpt>
   <trkpt lat="45.745555" lon="2.838116"><ele>746.75</ele></trkpt>
   <trkpt lat="45.745541" lon="2.838263"><ele>746.25</ele></trkpt>
   <trkpt lat="45.745491" lon="2.838407"><ele>746.25</ele></trkpt>
   <trkpt lat="45.745143" lon="2.838882"><ele>746.5</ele></trkpt>
   <trkpt lat="45.744719" lon="2.839603"><ele>745.75</ele></trkpt>
   <trkpt lat="45.744266" lon="2.840027"><ele>744.25</ele></trkpt>
   <trkpt lat="45.743935" lon="2.840419"><ele>745</ele></trkpt>
   <trkpt lat="45.743601" lon="2.840739"><ele>744.25</ele></trkpt>
   <trkpt lat="45.74334" lon="2.840945"><ele>743.25</ele></trkpt>
   <trkpt lat="45.74312" lon="2.841086"><ele>743.5</ele></trkpt>
   <trkpt lat="45.742766" lon="2.841293"><ele>743.5</ele></trkpt>
   <trkpt lat="45.742678" lon="2.841383"><ele>743.25</ele></trkpt>
   <trkpt lat="45.742592" lon="2.841491"><ele>743</ele></trkpt>
   <trkpt lat="45.742485" lon="2.841737"><ele>742.75</ele></trkpt>
   <trkpt lat="45.742465" lon="2.841891"><ele>742.25</ele></trkpt>
   <trkpt lat="45.742458" lon="2.84195"><ele>742.25</ele></trkpt>
   <trkpt lat="45.742464" lon="2.842152"><ele>742</ele></trkpt>
   <trkpt lat="45.742542" lon="2.842815"><ele>744</ele></trkpt>
   <trkpt lat="45.742571" lon="2.843485"><ele>746.75</ele></trkpt>
   <trkpt lat="45.742572" lon="2.84368"><ele>747.75</ele></trkpt>
   <trkpt lat="45.742544" lon="2.843861"><ele>748.25</ele></trkpt>
   <trkpt lat="45.742453" lon="2.844054"><ele>749</ele></trkpt>
   <trkpt lat="45.742086" lon="2.844598"><ele>752.25</ele></trkpt>
   <trkpt lat="45.741843" lon="2.844839"><ele>753.75</ele></trkpt>
   <trkpt lat="45.741536" lon="2.845073"><ele>755.25</ele></trkpt>
   <trkpt lat="45.741435" lon="2.845183"><ele>755.75</ele></trkpt>
   <trkpt lat="45.741375" lon="2.845293"><ele>755.75</ele></trkpt>
   <trkpt lat="45.741338" lon="2.845477"><ele>755.75</ele></trkpt>
   <trkpt lat="45.741351" lon="2.845668"><ele>755</ele></trkpt>
   <trkpt lat="45.741968" lon="2.848426"><ele>747.5</ele></trkpt>
   <trkpt lat="45.742169" lon="2.849156"><ele>744.25</ele></trkpt>
   <trkpt lat="45.74219" lon="2.849293"><ele>743.25</ele></trkpt>
   <trkpt lat="45.742187" lon="2.849416"><ele>743</ele></trkpt>
   <trkpt lat="45.7421" lon="2.849789"><ele>742.5</ele></trkpt>
   <trkpt lat="45.741929" lon="2.850233"><ele>741</ele></trkpt>
   <trkpt lat="45.741697" lon="2.850607"><ele>739</ele></trkpt>
   <trkpt lat="45.741649" lon="2.850751"><ele>739</ele></trkpt>
   <trkpt lat="45.741627" lon="2.850902"><ele>739</ele></trkpt>
   <trkpt lat="45.741633" lon="2.851152"><ele>738.75</ele></trkpt>
   <trkpt lat="45.741701" lon="2.851701"><ele>736.25</ele></trkpt>
   <trkpt lat="45.741743" lon="2.852133"><ele>733.75</ele></trkpt>
   <trkpt lat="45.741802" lon="2.852741"><ele>733</ele></trkpt>
   <trkpt lat="45.741833" lon="2.852919"><ele>733.75</ele></trkpt>
   <trkpt lat="45.741888" lon="2.853058"><ele>734</ele></trkpt>
   <trkpt lat="45.742215" lon="2.853389"><ele>734</ele></trkpt>
   <trkpt lat="45.742311" lon="2.853507"><ele>733.25</ele></trkpt>
   <trkpt lat="45.742348" lon="2.853626"><ele>733.75</ele></trkpt>
   <trkpt lat="45.742357" lon="2.853824"><ele>734</ele></trkpt>
   <trkpt lat="45.742326" lon="2.854171"><ele>735.75</ele></trkpt>
   <trkpt lat="45.742358" lon="2.854395"><ele>736</ele></trkpt>
   <trkpt lat="45.742421" lon="2.854613"><ele>736.25</ele></trkpt>
   <trkpt lat="45.742624" lon="2.855054"><ele>734.5</ele></trkpt>
   <trkpt lat="45.742787" lon="2.85535"><ele>737.25</ele></trkpt>
   <trkpt lat="45.742921" lon="2.855519"><ele>738</ele></trkpt>
   <trkpt lat="45.743032" lon="2.855621"><ele>737.75</ele></trkpt>
   <trkpt lat="45.743148" lon="2.855679"><ele>737.5</ele></trkpt>
   <trkpt lat="45.743632" lon="2.855872"><ele>735.75</ele></trkpt>
   <trkpt lat="45.74383" lon="2.856014"><ele>736.5</ele></trkpt>
   <trkpt lat="45.743939" lon="2.856128"><ele>736.25</ele></trkpt>
   <trkpt lat="45.74401" lon="2.856264"><ele>736.25</ele></trkpt>
   <trkpt lat="45.744048" lon="2.856489"><ele>736.75</ele></trkpt>
   <trkpt lat="45.744047" lon="2.857081"><ele>738</ele></trkpt>
   <trkpt lat="45.744084" lon="2.857281"><ele>737.75</ele></trkpt>
   <trkpt lat="45.744208" lon="2.857735"><ele>737.5</ele></trkpt>
   <trkpt lat="45.744263" lon="2.85797"><ele>737.75</ele></trkpt>
   <trkpt lat="45.744273" lon="2.858191"><ele>737.5</ele></trkpt>
   <trkpt lat="45.744218" lon="2.858581"><ele>738.25</ele></trkpt>
   <trkpt lat="45.7442" lon="2.858844"><ele>739</ele></trkpt>
   <trkpt lat="45.744256" lon="2.859095"><ele>739</ele></trkpt>
   <trkpt lat="45.744364" lon="2.859367"><ele>739.75</ele></trkpt>
   <trkpt lat="45.744437" lon="2.859473"><ele>739.25</ele></trkpt>
   <trkpt lat="45.744515" lon="2.859529"><ele>738.25</ele></trkpt>
   <trkpt lat="45.744795" lon="2.859633"><ele>735</ele></trkpt>
   <trkpt lat="45.744881" lon="2.85972"><ele>735.75</ele></trkpt>
   <trkpt lat="45.744951" lon="2.859892"><ele>735.25</ele></trkpt>
   <trkpt lat="45.744982" lon="2.860072"><ele>735.25</ele></trkpt>
   <trkpt lat="45.744979" lon="2.860275"><ele>735.5</ele></trkpt>
   <trkpt lat="45.744978" lon="2.860346"><ele>735.75</ele></trkpt>
   <trkpt lat="45.744993" lon="2.860512"><ele>736</ele></trkpt>
   <trkpt lat="45.745064" lon="2.860696"><ele>734.75</ele></trkpt>
   <trkpt lat="45.745242" lon="2.860954"><ele>732</ele></trkpt>
   <trkpt lat="45.745351" lon="2.861069"><ele>731.25</ele></trkpt>
   <trkpt lat="45.745519" lon="2.861248"><ele>729.5</ele></trkpt>
   <trkpt lat="45.745807" lon="2.861555"><ele>730.5</ele></trkpt>
   <trkpt lat="45.745855" lon="2.861649"><ele>731.5</ele></trkpt>
   <trkpt lat="45.746128" lon="2.862185"><ele>732.5</ele></trkpt>
   <trkpt lat="45.746346" lon="2.862671"><ele>733.75</ele></trkpt>
   <trkpt lat="45.746419" lon="2.862958"><ele>735.75</ele></trkpt>
   <trkpt lat="45.746444" lon="2.863194"><ele>737</ele></trkpt>
   <trkpt lat="45.746451" lon="2.863342"><ele>737.5</ele></trkpt>
   <trkpt lat="45.746326" lon="2.863935"><ele>739.25</ele></trkpt>
   <trkpt lat="45.746308" lon="2.864138"><ele>740.75</ele></trkpt>
   <trkpt lat="45.746327" lon="2.864315"><ele>741.5</ele></trkpt>
   <trkpt lat="45.746353" lon="2.864405"><ele>741.75</ele></trkpt>
   <trkpt lat="45.746461" lon="2.864638"><ele>742.75</ele></trkpt>
   <trkpt lat="45.746629" lon="2.865008"><ele>744.75</ele></trkpt>
   <trkpt lat="45.746726" lon="2.865249"><ele>745.75</ele></trkpt>
   <trkpt lat="45.746829" lon="2.86538"><ele>748</ele></trkpt>
   <trkpt lat="45.746865" lon="2.865415"><ele>748.75</ele></trkpt>
   <trkpt lat="45.74698" lon="2.86548"><ele>750.25</ele></trkpt>
   <trkpt lat="45.747031" lon="2.865508"><ele>750.5</ele></trkpt>
   <trkpt lat="45.747421" lon="2.86563"><ele>751.25</ele></trkpt>
   <trkpt lat="45.747495" lon="2.86566"><ele>751.5</ele></trkpt>
   <trkpt lat="45.747556" lon="2.86572"><ele>752.25</ele></trkpt>
   <trkpt lat="45.747594" lon="2.865793"><ele>753.25</ele></trkpt>
   <trkpt lat="45.747632" lon="2.865887"><ele>754.25</ele></trkpt>
   <trkpt lat="45.74763" lon="2.865987"><ele>755</ele></trkpt>
   <trkpt lat="45.7476" lon="2.866093"><ele>755.75</ele></trkpt>
   <trkpt lat="45.74756" lon="2.866161"><ele>756</ele></trkpt>
   <trkpt lat="45.747512" lon="2.866225"><ele>756.25</ele></trkpt>
   <trkpt lat="45.747359" lon="2.866343"><ele>756.75</ele></trkpt>
   <trkpt lat="45.74728" lon="2.866415"><ele>757</ele></trkpt>
   <trkpt lat="45.74752" lon="2.866725"><ele>757</ele></trkpt>
   <trkpt lat="45.748049" lon="2.867338"><ele>757</ele></trkpt>
   <trkpt lat="45.748174" lon="2.86753"><ele>756.5</ele></trkpt>
   <trkpt lat="45.748585" lon="2.86823"><ele>755</ele></trkpt>
   <trkpt lat="45.74861" lon="2.868277"><ele>755</ele></trkpt>
   <trkpt lat="45.748788" lon="2.868574"><ele>755</ele></trkpt>
   <trkpt lat="45.748908" lon="2.868748"><ele>754.75</ele></trkpt>
   <trkpt lat="45.748999" lon="2.868864"><ele>754.5</ele></trkpt>
   <trkpt lat="45.749417" lon="2.869246"><ele>751.25</ele></trkpt>
   <trkpt lat="45.749471" lon="2.869324"><ele>750.75</ele></trkpt>
   <trkpt lat="45.749523" lon="2.869422"><ele>750.25</ele></trkpt>
   <trkpt lat="45.749556" lon="2.86953"><ele>749.5</ele></trkpt>
   <trkpt lat="45.749583" lon="2.869653"><ele>748.5</ele></trkpt>
   <trkpt lat="45.749583" lon="2.869782"><ele>747.5</ele></trkpt>
   <trkpt lat="45.749567" lon="2.870057"><ele>746</ele></trkpt>
   <trkpt lat="45.74956" lon="2.870105"><ele>745.75</ele></trkpt>
   <trkpt lat="45.749505" lon="2.870586"><ele>746</ele></trkpt>
   <trkpt lat="45.749488" lon="2.87083"><ele>747</ele></trkpt>
   <trkpt lat="45.749487" lon="2.871077"><ele>749</ele></trkpt>
   <trkpt lat="45.749525" lon="2.871692"><ele>752.25</ele></trkpt>
   <trkpt lat="45.749546" lon="2.871865"><ele>753.5</ele></trkpt>
   <trkpt lat="45.749575" lon="2.872009"><ele>754.25</ele></trkpt>
   <trkpt lat="45.749618" lon="2.872121"><ele>755</ele></trkpt>
   <trkpt lat="45.749701" lon="2.872246"><ele>756</ele></trkpt>
   <trkpt lat="45.750156" lon="2.872755"><ele>761.25</ele></trkpt>
   <trkpt lat="45.7503" lon="2.872873"><ele>762.75</ele></trkpt>
   <trkpt lat="45.75037" lon="2.872905"><ele>763.5</ele></trkpt>
   <trkpt lat="45.750709" lon="2.872862"><ele>765.5</ele></trkpt>
   <trkpt lat="45.750782" lon="2.87287"><ele>766.5</ele></trkpt>
   <trkpt lat="45.750875" lon="2.872896"><ele>767.25</ele></trkpt>
   <trkpt lat="45.750997" lon="2.872957"><ele>768.5</ele></trkpt>
   <trkpt lat="45.751108" lon="2.873048"><ele>769.75</ele></trkpt>
   <trkpt lat="45.751188" lon="2.873144"><ele>770.5</ele></trkpt>
   <trkpt lat="45.751272" lon="2.873282"><ele>771.5</ele></trkpt>
   <trkpt lat="45.751902" lon="2.875264"><ele>784.75</ele></trkpt>
   <trkpt lat="45.752032" lon="2.875533"><ele>786.75</ele></trkpt>
   <trkpt lat="45.752237" lon="2.875802"><ele>788.75</ele></trkpt>
   <trkpt lat="45.752411" lon="2.876002"><ele>790.5</ele></trkpt>
   <trkpt lat="45.752488" lon="2.876112"><ele>791</ele></trkpt>
   <trkpt lat="45.752546" lon="2.876263"><ele>791.25</ele></trkpt>
   <trkpt lat="45.752574" lon="2.876387"><ele>791.25</ele></trkpt>
   <trkpt lat="45.752578" lon="2.876618"><ele>790.25</ele></trkpt>
   <trkpt lat="45.752549" lon="2.87677"><ele>789.25</ele></trkpt>
   <trkpt lat="45.752486" lon="2.877003"><ele>787.75</ele></trkpt>
   <trkpt lat="45.752436" lon="2.877265"><ele>786.25</ele></trkpt>
   <trkpt lat="45.752399" lon="2.877496"><ele>784.75</ele></trkpt>
   <trkpt lat="45.752379" lon="2.877773"><ele>783</ele></trkpt>
   <trkpt lat="45.752391" lon="2.878316"><ele>781</ele></trkpt>
   <trkpt lat="45.752381" lon="2.879248"><ele>778.75</ele></trkpt>
   <trkpt lat="45.752364" lon="2.879468"><ele>778</ele></trkpt>
   <trkpt lat="45.752336" lon="2.879676"><ele>776.75</ele></trkpt>
   <trkpt lat="45.752232" lon="2.880058"><ele>776.5</ele></trkpt>
   <trkpt lat="45.752093" lon="2.880479"><ele>777</ele></trkpt>
   <trkpt lat="45.75194" lon="2.880949"><ele>777</ele></trkpt>
   <trkpt lat="45.751925" lon="2.881018"><ele>777</ele></trkpt>
   <trkpt lat="45.751917" lon="2.881163"><ele>777</ele></trkpt>
   <trkpt lat="45.751941" lon="2.881304"><ele>777</ele></trkpt>
   <trkpt lat="45.751961" lon="2.881365"><ele>776.75</ele></trkpt>
   <trkpt lat="45.751985" lon="2.881427"><ele>777</ele></trkpt>
   <trkpt lat="45.752047" lon="2.8815"><ele>777.5</ele></trkpt>
   <trkpt lat="45.752214" lon="2.881629"><ele>778.25</ele></trkpt>
   <trkpt lat="45.752414" lon="2.881748"><ele>777.5</ele></trkpt>
   <trkpt lat="45.752751" lon="2.881931"><ele>777.75</ele></trkpt>
   <trkpt lat="45.753" lon="2.882098"><ele>780.25</ele></trkpt>
   <trkpt lat="45.753255" lon="2.882303"><ele>782</ele></trkpt>
   <trkpt lat="45.754862" lon="2.883843"><ele>788.5</ele></trkpt>
   <trkpt lat="45.75586" lon="2.884658"><ele>790.5</ele></trkpt>
   <trkpt lat="45.756041" lon="2.884924"><ele>790</ele></trkpt>
   <trkpt lat="45.756202" lon="2.885228"><ele>789.25</ele></trkpt>
   <trkpt lat="45.756379" lon="2.88555"><ele>790.75</ele></trkpt>
   <trkpt lat="45.756548" lon="2.885924"><ele>792.75</ele></trkpt>
   <trkpt lat="45.757006" lon="2.887055"><ele>797.5</ele></trkpt>
   <trkpt lat="45.757281" lon="2.887627"><ele>801.25</ele></trkpt>
   <trkpt lat="45.75734" lon="2.887798"><ele>801.75</ele></trkpt>
   <trkpt lat="45.757492" lon="2.888568"><ele>806.75</ele></trkpt>
   <trkpt lat="45.757531" lon="2.888677"><ele>807.25</ele></trkpt>
   <trkpt lat="45.757581" lon="2.888781"><ele>807.5</ele></trkpt>
   <trkpt lat="45.7585" lon="2.890099"><ele>798.75</ele></trkpt>
   <trkpt lat="45.758596" lon="2.89024"><ele>798</ele></trkpt>
   <trkpt lat="45.759123" lon="2.890821"><ele>794.25</ele></trkpt>
   <trkpt lat="45.759527" lon="2.891294"><ele>792.25</ele></trkpt>
   <trkpt lat="45.759854" lon="2.891757"><ele>790.75</ele></trkpt>
   <trkpt lat="45.760055" lon="2.892006"><ele>789.5</ele></trkpt>
   <trkpt lat="45.760333" lon="2.892288"><ele>788.5</ele></trkpt>
   <trkpt lat="45.760569" lon="2.892502"><ele>787.5</ele></trkpt>
   <trkpt lat="45.760752" lon="2.892653"><ele>785.75</ele></trkpt>
   <trkpt lat="45.760886" lon="2.892754"><ele>784.5</ele></trkpt>
   <trkpt lat="45.76103" lon="2.892874"><ele>783.25</ele></trkpt>
   <trkpt lat="45.761097" lon="2.892936"><ele>782.75</ele></trkpt>
   <trkpt lat="45.761153" lon="2.893"><ele>782.25</ele></trkpt>
   <trkpt lat="45.761192" lon="2.89306"><ele>781.75</ele></trkpt>
   <trkpt lat="45.761245" lon="2.893194"><ele>781</ele></trkpt>
   <trkpt lat="45.761261" lon="2.893251"><ele>780.75</ele></trkpt>
   <trkpt lat="45.761301" lon="2.893587"><ele>779.25</ele></trkpt>
   <trkpt lat="45.761322" lon="2.89368"><ele>779.25</ele></trkpt>
   <trkpt lat="45.761345" lon="2.89375"><ele>779.5</ele></trkpt>
   <trkpt lat="45.761379" lon="2.893828"><ele>779.75</ele></trkpt>
   <trkpt lat="45.761433" lon="2.893911"><ele>780</ele></trkpt>
   <trkpt lat="45.761494" lon="2.893987"><ele>780.25</ele></trkpt>
   <trkpt lat="45.761533" lon="2.89402"><ele>780.5</ele></trkpt>
   <trkpt lat="45.761589" lon="2.894046"><ele>780.75</ele></trkpt>
   <trkpt lat="45.761779" lon="2.894046"><ele>781.25</ele></trkpt>
   <trkpt lat="45.761878" lon="2.894052"><ele>781.75</ele></trkpt>
   <trkpt lat="45.761993" lon="2.894064"><ele>781.75</ele></trkpt>
   <trkpt lat="45.762438" lon="2.894145"><ele>780.75</ele></trkpt>
   <trkpt lat="45.762636" lon="2.894217"><ele>781</ele></trkpt>
   <trkpt lat="45.762743" lon="2.894339"><ele>781</ele></trkpt>
   <trkpt lat="45.763001" lon="2.894677"><ele>782</ele></trkpt>
   <trkpt lat="45.763111" lon="2.89482"><ele>782.25</ele></trkpt>
   <trkpt lat="45.763239" lon="2.894987"><ele>782.75</ele></trkpt>
   <trkpt lat="45.763389" lon="2.895209"><ele>783.75</ele></trkpt>
   <trkpt lat="45.76361" lon="2.895607"><ele>784</ele></trkpt>
   <trkpt lat="45.763703" lon="2.895802"><ele>784.75</ele></trkpt>
   <trkpt lat="45.763909" lon="2.896103"><ele>786</ele></trkpt>
   <trkpt lat="45.763979" lon="2.896177"><ele>787.5</ele></trkpt>
   <trkpt lat="45.764099" lon="2.896306"><ele>787.5</ele></trkpt>
   <trkpt lat="45.764224" lon="2.896452"><ele>788.25</ele></trkpt>
   <trkpt lat="45.764357" lon="2.896524"><ele>788.75</ele></trkpt>
   <trkpt lat="45.764524" lon="2.896531"><ele>790</ele></trkpt>
   <trkpt lat="45.764608" lon="2.896528"><ele>791.25</ele></trkpt>
   <trkpt lat="45.764986" lon="2.896482"><ele>794.5</ele></trkpt>
   <trkpt lat="45.765456" lon="2.896397"><ele>796.25</ele></trkpt>
   <trkpt lat="45.765645" lon="2.896373"><ele>797.75</ele></trkpt>
   <trkpt lat="45.765906" lon="2.896286"><ele>800.5</ele></trkpt>
   <trkpt lat="45.766182" lon="2.89615"><ele>803.25</ele></trkpt>
   <trkpt lat="45.766267" lon="2.896089"><ele>804</ele></trkpt>
   <trkpt lat="45.766357" lon="2.895965"><ele>804.5</ele></trkpt>
   <trkpt lat="45.76646" lon="2.89581"><ele>804.25</ele></trkpt>
   <trkpt lat="45.766531" lon="2.895736"><ele>804.5</ele></trkpt>
   <trkpt lat="45.7666" lon="2.895679"><ele>804.75</ele></trkpt>
   <trkpt lat="45.766714" lon="2.895624"><ele>805.5</ele></trkpt>
   <trkpt lat="45.766818" lon="2.895601"><ele>806.5</ele></trkpt>
   <trkpt lat="45.766974" lon="2.895609"><ele>807.75</ele></trkpt>
   <trkpt lat="45.767096" lon="2.895663"><ele>808.5</ele></trkpt>
   <trkpt lat="45.767103" lon="2.895667"><ele>808.5</ele></trkpt>
   <trkpt lat="45.767268" lon="2.89579"><ele>810</ele></trkpt>
   <trkpt lat="45.767294" lon="2.895809"><ele>810.25</ele></trkpt>
   <trkpt lat="45.767359" lon="2.895856"><ele>810.75</ele></trkpt>
   <trkpt lat="45.767371" lon="2.895963"><ele>811</ele></trkpt>
   <trkpt lat="45.767372" lon="2.896076"><ele>811</ele></trkpt>
   <trkpt lat="45.767373" lon="2.896126"><ele>811</ele></trkpt>
   <trkpt lat="45.767374" lon="2.896173"><ele>811</ele></trkpt>
   <trkpt lat="45.767485" lon="2.897411"><ele>813.5</ele></trkpt>
   <trkpt lat="45.767506" lon="2.897763"><ele>814</ele></trkpt>
   <trkpt lat="45.767513" lon="2.897885"><ele>814</ele></trkpt>
   <trkpt lat="45.767512" lon="2.898169"><ele>814.25</ele></trkpt>
   <trkpt lat="45.76748" lon="2.898447"><ele>815.25</ele></trkpt>
   <trkpt lat="45.767445" lon="2.89867"><ele>816.25</ele></trkpt>
   <trkpt lat="45.767309" lon="2.899391"><ele>818.25</ele></trkpt>
   <trkpt lat="45.767126" lon="2.900133"><ele>820.75</ele></trkpt>
   <trkpt lat="45.766989" lon="2.900715"><ele>821.5</ele></trkpt>
   <trkpt lat="45.766958" lon="2.900987"><ele>822.5</ele></trkpt>
   <trkpt lat="45.766933" lon="2.901303"><ele>823.5</ele></trkpt>
   <trkpt lat="45.766888" lon="2.901862"><ele>824.75</ele></trkpt>
   <trkpt lat="45.766884" lon="2.901897"><ele>824.75</ele></trkpt>
   <trkpt lat="45.766852" lon="2.902197"><ele>826.5</ele></trkpt>
   <trkpt lat="45.766766" lon="2.902639"><ele>828.5</ele></trkpt>
   <trkpt lat="45.766757" lon="2.902679"><ele>828.75</ele></trkpt>
   <trkpt lat="45.766707" lon="2.90286"><ele>829.5</ele></trkpt>
   <trkpt lat="45.76667" lon="2.902958"><ele>829.5</ele></trkpt>
   <trkpt lat="45.766476" lon="2.903529"><ele>834.25</ele></trkpt>
   <trkpt lat="45.766376" lon="2.904128"><ele>836.5</ele></trkpt>
   <trkpt lat="45.766285" lon="2.904744"><ele>840.25</ele></trkpt>
   <trkpt lat="45.765862" lon="2.907128"><ele>850</ele></trkpt>
   <trkpt lat="45.765807" lon="2.907482"><ele>852.5</ele></trkpt>
   <trkpt lat="45.765677" lon="2.908545"><ele>859</ele></trkpt>
   <trkpt lat="45.765626" lon="2.908771"><ele>859.25</ele></trkpt>
   <trkpt lat="45.765399" lon="2.909578"><ele>863.5</ele></trkpt>
   <trkpt lat="45.765351" lon="2.909961"><ele>866.5</ele></trkpt>
   <trkpt lat="45.765347" lon="2.910106"><ele>867</ele></trkpt>
   <trkpt lat="45.765407" lon="2.911091"><ele>868.75</ele></trkpt>
   <trkpt lat="45.765447" lon="2.911523"><ele>869.75</ele></trkpt>
   <trkpt lat="45.765468" lon="2.911948"><ele>871</ele></trkpt>
   <trkpt lat="45.765461" lon="2.912291"><ele>872</ele></trkpt>
   <trkpt lat="45.765422" lon="2.913287"><ele>874.25</ele></trkpt>
   <trkpt lat="45.76543" lon="2.913779"><ele>875.75</ele></trkpt>
   <trkpt lat="45.765517" lon="2.916017"><ele>881.5</ele></trkpt>
   <trkpt lat="45.765586" lon="2.917735"><ele>889.5</ele></trkpt>
   <trkpt lat="45.765586" lon="2.918039"><ele>891.75</ele></trkpt>
   <trkpt lat="45.765556" lon="2.918347"><ele>894</ele></trkpt>
   <trkpt lat="45.765511" lon="2.918594"><ele>894.75</ele></trkpt>
   <trkpt lat="45.765427" lon="2.918861"><ele>895.75</ele></trkpt>
   <trkpt lat="45.7647" lon="2.920615"><ele>902.25</ele></trkpt>
   <trkpt lat="45.764433" lon="2.921281"><ele>905.5</ele></trkpt>
   <trkpt lat="45.764322" lon="2.921623"><ele>908.5</ele></trkpt>
   <trkpt lat="45.764228" lon="2.922066"><ele>910.5</ele></trkpt>
   <trkpt lat="45.764196" lon="2.922338"><ele>912.5</ele></trkpt>
   <trkpt lat="45.764188" lon="2.922634"><ele>914.5</ele></trkpt>
   <trkpt lat="45.764214" lon="2.923465"><ele>918.75</ele></trkpt>
   <trkpt lat="45.76419" lon="2.924476"><ele>924</ele></trkpt>
   <trkpt lat="45.764211" lon="2.924612"><ele>925</ele></trkpt>
   <trkpt lat="45.764243" lon="2.9247"><ele>925.5</ele></trkpt>
   <trkpt lat="45.764588" lon="2.925535"><ele>930.75</ele></trkpt>
   <trkpt lat="45.764764" lon="2.925921"><ele>933.5</ele></trkpt>
   <trkpt lat="45.764838" lon="2.926135"><ele>935</ele></trkpt>
   <trkpt lat="45.764895" lon="2.926355"><ele>936.75</ele></trkpt>
   <trkpt lat="45.764933" lon="2.926562"><ele>937.75</ele></trkpt>
   <trkpt lat="45.764966" lon="2.926781"><ele>938.5</ele></trkpt>
   <trkpt lat="45.764999" lon="2.927109"><ele>939.5</ele></trkpt>
   <trkpt lat="45.765002" lon="2.927359"><ele>940.25</ele></trkpt>
   <trkpt lat="45.764997" lon="2.927571"><ele>941.5</ele></trkpt>
   <trkpt lat="45.764971" lon="2.927783"><ele>943</ele></trkpt>
   <trkpt lat="45.76482" lon="2.928411"><ele>946</ele></trkpt>
   <trkpt lat="45.764619" lon="2.92924"><ele>949.75</ele></trkpt>
   <trkpt lat="45.76414" lon="2.931163"><ele>957.25</ele></trkpt>
   <trkpt lat="45.764041" lon="2.931598"><ele>958.25</ele></trkpt>
   <trkpt lat="45.764002" lon="2.931833"><ele>958.75</ele></trkpt>
   <trkpt lat="45.763971" lon="2.932137"><ele>959.5</ele></trkpt>
   <trkpt lat="45.763918" lon="2.933647"><ele>963</ele></trkpt>
   <trkpt lat="45.763887" lon="2.934948"><ele>965.75</ele></trkpt>
   <trkpt lat="45.763766" lon="2.938868"><ele>978.25</ele></trkpt>
   <trkpt lat="45.763591" lon="2.944142"><ele>1000.75</ele></trkpt>
   <trkpt lat="45.763534" lon="2.944893"><ele>1004</ele></trkpt>
   <trkpt lat="45.763474" lon="2.945429"><ele>1006.25</ele></trkpt>
   <trkpt lat="45.763381" lon="2.946143"><ele>1008.75</ele></trkpt>
   <trkpt lat="45.763172" lon="2.947958"><ele>1018</ele></trkpt>
   <trkpt lat="45.763084" lon="2.948586"><ele>1020.25</ele></trkpt>
   <trkpt lat="45.763014" lon="2.948875"><ele>1022.75</ele></trkpt>
   <trkpt lat="45.762937" lon="2.949145"><ele>1025</ele></trkpt>
   <trkpt lat="45.762851" lon="2.949385"><ele>1025.75</ele></trkpt>
   <trkpt lat="45.762723" lon="2.949601"><ele>1028</ele></trkpt>
   <trkpt lat="45.762519" lon="2.949834"><ele>1031.25</ele></trkpt>
   <trkpt lat="45.762271" lon="2.950017"><ele>1033.25</ele></trkpt>
   <trkpt lat="45.761595" lon="2.9503"><ele>1039.5</ele></trkpt>
   <trkpt lat="45.761472" lon="2.950362"><ele>1041</ele></trkpt>
   <trkpt lat="45.761405" lon="2.950417"><ele>1041.75</ele></trkpt>
   <trkpt lat="45.761325" lon="2.950523"><ele>1042</ele></trkpt>
   <trkpt lat="45.761285" lon="2.950627"><ele>1042.5</ele></trkpt>
   <trkpt lat="45.761266" lon="2.95076"><ele>1043.5</ele></trkpt>
   <trkpt lat="45.76128" lon="2.95089"><ele>1044.25</ele></trkpt>
   <trkpt lat="45.761317" lon="2.951001"><ele>1045.25</ele></trkpt>
   <trkpt lat="45.76138" lon="2.951123"><ele>1046.25</ele></trkpt>
   <trkpt lat="45.761716" lon="2.951586"><ele>1049</ele></trkpt>
   <trkpt lat="45.761946" lon="2.951893"><ele>1046.5</ele></trkpt>
   <trkpt lat="45.762165" lon="2.952187"><ele>1046.5</ele></trkpt>
   <trkpt lat="45.762294" lon="2.952501"><ele>1049</ele></trkpt>
   <trkpt lat="45.762558" lon="2.952958"><ele>1055.25</ele></trkpt>
   <trkpt lat="45.762698" lon="2.953162"><ele>1056.75</ele></trkpt>
   <trkpt lat="45.762883" lon="2.953366"><ele>1058.75</ele></trkpt>
   <trkpt lat="45.763193" lon="2.953732"><ele>1063.25</ele></trkpt>
   <trkpt lat="45.763362" lon="2.953971"><ele>1065.75</ele></trkpt>
   <trkpt lat="45.763462" lon="2.95417"><ele>1067</ele></trkpt>
   <trkpt lat="45.763782" lon="2.954906"><ele>1074.5</ele></trkpt>
   <trkpt lat="45.763809" lon="2.954987"><ele>1075</ele></trkpt>
   <trkpt lat="45.763882" lon="2.955237"><ele>1075.75</ele></trkpt>
   <trkpt lat="45.763906" lon="2.955367"><ele>1076.75</ele></trkpt>
   <trkpt lat="45.763925" lon="2.955529"><ele>1078</ele></trkpt>
   <trkpt lat="45.763909" lon="2.955767"><ele>1076.75</ele></trkpt>
   <trkpt lat="45.76388" lon="2.955946"><ele>1075.5</ele></trkpt>
   <trkpt lat="45.763847" lon="2.956073"><ele>1075</ele></trkpt>
   <trkpt lat="45.763804" lon="2.956172"><ele>1074</ele></trkpt>
   <trkpt lat="45.763745" lon="2.956254"><ele>1073</ele></trkpt>
   <trkpt lat="45.763662" lon="2.95631"><ele>1072</ele></trkpt>
   <trkpt lat="45.763495" lon="2.956419"><ele>1069.75</ele></trkpt>
   <trkpt lat="45.76344" lon="2.956476"><ele>1069</ele></trkpt>
   <trkpt lat="45.763391" lon="2.956557"><ele>1068</ele></trkpt>
   <trkpt lat="45.763359" lon="2.956655"><ele>1067.25</ele></trkpt>
   <trkpt lat="45.763348" lon="2.956787"><ele>1066.5</ele></trkpt>
   <trkpt lat="45.763362" lon="2.956901"><ele>1066.25</ele></trkpt>
   <trkpt lat="45.763399" lon="2.957027"><ele>1065</ele></trkpt>
   <trkpt lat="45.763435" lon="2.957101"><ele>1064</ele></trkpt>
   <trkpt lat="45.763598" lon="2.957331"><ele>1061.5</ele></trkpt>
   <trkpt lat="45.763679" lon="2.957459"><ele>1061.25</ele></trkpt>
   <trkpt lat="45.763744" lon="2.957612"><ele>1060.75</ele></trkpt>
   <trkpt lat="45.763783" lon="2.957742"><ele>1060.25</ele></trkpt>
   <trkpt lat="45.763815" lon="2.958042"><ele>1058.5</ele></trkpt>
   <trkpt lat="45.763827" lon="2.958793"><ele>1051.5</ele></trkpt>
   <trkpt lat="45.763841" lon="2.959014"><ele>1050</ele></trkpt>
   <trkpt lat="45.763858" lon="2.959221"><ele>1048.75</ele></trkpt>
   <trkpt lat="45.763892" lon="2.959448"><ele>1047</ele></trkpt>
   <trkpt lat="45.764095" lon="2.960455"><ele>1040.5</ele></trkpt>
   <trkpt lat="45.764255" lon="2.961182"><ele>1036</ele></trkpt>
   <trkpt lat="45.764415" lon="2.961799"><ele>1031</ele></trkpt>
   <trkpt lat="45.764483" lon="2.962103"><ele>1029.5</ele></trkpt>
   <trkpt lat="45.764508" lon="2.962257"><ele>1028.75</ele></trkpt>
   <trkpt lat="45.764508" lon="2.962427"><ele>1028</ele></trkpt>
   <trkpt lat="45.764456" lon="2.962916"><ele>1023.75</ele></trkpt>
   <trkpt lat="45.764385" lon="2.963274"><ele>1021.5</ele></trkpt>
   <trkpt lat="45.76407" lon="2.964489"><ele>1011.5</ele></trkpt>
   <trkpt lat="45.764006" lon="2.964786"><ele>1010.25</ele></trkpt>
   <trkpt lat="45.763964" lon="2.965075"><ele>1008.75</ele></trkpt>
   <trkpt lat="45.763947" lon="2.965348"><ele>1007.5</ele></trkpt>
   <trkpt lat="45.763943" lon="2.96564"><ele>1006</ele></trkpt>
   <trkpt lat="45.763957" lon="2.965919"><ele>1004.5</ele></trkpt>
   <trkpt lat="45.764039" lon="2.96667"><ele>999</ele></trkpt>
   <trkpt lat="45.764098" lon="2.967122"><ele>996.25</ele></trkpt>
   <trkpt lat="45.764159" lon="2.967395"><ele>994.75</ele></trkpt>
   <trkpt lat="45.76432" lon="2.967886"><ele>990.75</ele></trkpt>
   <trkpt lat="45.764349" lon="2.96801"><ele>989.75</ele></trkpt>
   <trkpt lat="45.764375" lon="2.968169"><ele>989</ele></trkpt>
   <trkpt lat="45.764437" lon="2.968937"><ele>983.5</ele></trkpt>
   <trkpt lat="45.764445" lon="2.969337"><ele>980.75</ele></trkpt>
   <trkpt lat="45.764435" lon="2.970028"><ele>976.5</ele></trkpt>
   <trkpt lat="45.764438" lon="2.970178"><ele>975.5</ele></trkpt>
   <trkpt lat="45.764466" lon="2.970586"><ele>973.25</ele></trkpt>
   <trkpt lat="45.764516" lon="2.970898"><ele>972.25</ele></trkpt>
   <trkpt lat="45.76467" lon="2.971656"><ele>968.25</ele></trkpt>
   <trkpt lat="45.764797" lon="2.972206"><ele>966.75</ele></trkpt>
   <trkpt lat="45.764857" lon="2.97239"><ele>965.75</ele></trkpt>
   <trkpt lat="45.765056" lon="2.972863"><ele>963.25</ele></trkpt>
   <trkpt lat="45.765295" lon="2.973345"><ele>961</ele></trkpt>
   <trkpt lat="45.765374" lon="2.973544"><ele>960.25</ele></trkpt>
   <trkpt lat="45.765442" lon="2.973735"><ele>959.5</ele></trkpt>
   <trkpt lat="45.765641" lon="2.974367"><ele>956</ele></trkpt>
   <trkpt lat="45.765741" lon="2.974624"><ele>954.25</ele></trkpt>
   <trkpt lat="45.765804" lon="2.974765"><ele>953.75</ele></trkpt>
   <trkpt lat="45.765887" lon="2.974909"><ele>953.25</ele></trkpt>
   <trkpt lat="45.766126" lon="2.975242"><ele>951</ele></trkpt>
   <trkpt lat="45.766434" lon="2.97571"><ele>948</ele></trkpt>
   <trkpt lat="45.766521" lon="2.975911"><ele>946.75</ele></trkpt>
   <trkpt lat="45.766819" lon="2.976862"><ele>941.25</ele></trkpt>
   <trkpt lat="45.766916" lon="2.97723"><ele>938.75</ele></trkpt>
   <trkpt lat="45.766966" lon="2.977569"><ele>937.5</ele></trkpt>
   <trkpt lat="45.766975" lon="2.977715"><ele>936.5</ele></trkpt>
   <trkpt lat="45.766961" lon="2.977849"><ele>935.75</ele></trkpt>
   <trkpt lat="45.766899" lon="2.978115"><ele>934.5</ele></trkpt>
   <trkpt lat="45.766736" lon="2.978492"><ele>931.75</ele></trkpt>
   <trkpt lat="45.766584" lon="2.97882"><ele>929.75</ele></trkpt>
   <trkpt lat="45.766358" lon="2.979329"><ele>927</ele></trkpt>
   <trkpt lat="45.766306" lon="2.97953"><ele>926</ele></trkpt>
   <trkpt lat="45.766277" lon="2.979732"><ele>925</ele></trkpt>
   <trkpt lat="45.766174" lon="2.98102"><ele>918.25</ele></trkpt>
   <trkpt lat="45.766099" lon="2.981971"><ele>913.75</ele></trkpt>
   <trkpt lat="45.766095" lon="2.982116"><ele>912.75</ele></trkpt>
   <trkpt lat="45.766104" lon="2.98224"><ele>911.75</ele></trkpt>
   <trkpt lat="45.766129" lon="2.982445"><ele>911.25</ele></trkpt>
   <trkpt lat="45.766184" lon="2.982659"><ele>910</ele></trkpt>
   <trkpt lat="45.766436" lon="2.983273"><ele>905.75</ele></trkpt>
   <trkpt lat="45.767106" lon="2.984855"><ele>895.75</ele></trkpt>
   <trkpt lat="45.767255" lon="2.985185"><ele>893.75</ele></trkpt>
   <trkpt lat="45.7674" lon="2.985412"><ele>892.25</ele></trkpt>
   <trkpt lat="45.767771" lon="2.985858"><ele>889.5</ele></trkpt>
   <trkpt lat="45.767962" lon="2.986122"><ele>887.5</ele></trkpt>
   <trkpt lat="45.76802" lon="2.986202"><ele>886.75</ele></trkpt>
   <trkpt lat="45.768219" lon="2.986543"><ele>884.25</ele></trkpt>
   <trkpt lat="45.76821" lon="2.986628"><ele>883.25</ele></trkpt>
   <trkpt lat="45.76821" lon="2.986734"><ele>882.25</ele></trkpt>
   <trkpt lat="45.768234" lon="2.987195"><ele>877.75</ele></trkpt>
   <trkpt lat="45.768263" lon="2.987338"><ele>876.75</ele></trkpt>
   <trkpt lat="45.76832" lon="2.987507"><ele>875.75</ele></trkpt>
   <trkpt lat="45.768366" lon="2.987617"><ele>875.25</ele></trkpt>
   <trkpt lat="45.768645" lon="2.987914"><ele>874</ele></trkpt>
   <trkpt lat="45.768724" lon="2.988007"><ele>873.75</ele></trkpt>
   <trkpt lat="45.768788" lon="2.988096"><ele>873.25</ele></trkpt>
   <trkpt lat="45.768854" lon="2.988207"><ele>872.75</ele></trkpt>
   <trkpt lat="45.768966" lon="2.988426"><ele>870.25</ele></trkpt>
   <trkpt lat="45.769132" lon="2.98875"><ele>870.25</ele></trkpt>
   <trkpt lat="45.769239" lon="2.989016"><ele>869.5</ele></trkpt>
   <trkpt lat="45.769227" lon="2.989412"><ele>867.75</ele></trkpt>
   <trkpt lat="45.769215" lon="2.989597"><ele>867.25</ele></trkpt>
   <trkpt lat="45.769182" lon="2.989879"><ele>866.25</ele></trkpt>
   <trkpt lat="45.769133" lon="2.990154"><ele>865.25</ele></trkpt>
   <trkpt lat="45.769014" lon="2.99062"><ele>863.75</ele></trkpt>
   <trkpt lat="45.768972" lon="2.990816"><ele>863</ele></trkpt>
   <trkpt lat="45.768961" lon="2.990977"><ele>863</ele></trkpt>
   <trkpt lat="45.768961" lon="2.991213"><ele>863</ele></trkpt>
   <trkpt lat="45.768986" lon="2.991702"><ele>859.75</ele></trkpt>
   <trkpt lat="45.76898" lon="2.991864"><ele>858.25</ele></trkpt>
   <trkpt lat="45.76896" lon="2.992013"><ele>857</ele></trkpt>
   <trkpt lat="45.76892" lon="2.992192"><ele>855.25</ele></trkpt>
   <trkpt lat="45.768861" lon="2.992381"><ele>854</ele></trkpt>
   <trkpt lat="45.76855" lon="2.993167"><ele>848.5</ele></trkpt>
   <trkpt lat="45.768468" lon="2.993405"><ele>846.75</ele></trkpt>
   <trkpt lat="45.768402" lon="2.993696"><ele>845</ele></trkpt>
   <trkpt lat="45.768377" lon="2.993898"><ele>843.75</ele></trkpt>
   <trkpt lat="45.768371" lon="2.993993"><ele>843.25</ele></trkpt>
   <trkpt lat="45.768367" lon="2.994284"><ele>842</ele></trkpt>
   <trkpt lat="45.768404" lon="2.995556"><ele>837.25</ele></trkpt>
   <trkpt lat="45.768409" lon="2.99603"><ele>835</ele></trkpt>
   <trkpt lat="45.768407" lon="2.996286"><ele>834.25</ele></trkpt>
   <trkpt lat="45.768382" lon="2.997236"><ele>831.75</ele></trkpt>
   <trkpt lat="45.768388" lon="2.997904"><ele>830.25</ele></trkpt>
   <trkpt lat="45.768438" lon="2.998901"><ele>827</ele></trkpt>
   <trkpt lat="45.768479" lon="2.999276"><ele>826.75</ele></trkpt>
   <trkpt lat="45.768555" lon="2.999854"><ele>826</ele></trkpt>
   <trkpt lat="45.768579" lon="3.000113"><ele>825.25</ele></trkpt>
   <trkpt lat="45.76858" lon="3.000222"><ele>825</ele></trkpt>
   <trkpt lat="45.76857" lon="3.000335"><ele>824.5</ele></trkpt>
   <trkpt lat="45.768502" lon="3.000576"><ele>823.75</ele></trkpt>
   <trkpt lat="45.768461" lon="3.00069"><ele>823.5</ele></trkpt>
   <trkpt lat="45.7684" lon="3.000807"><ele>823.25</ele></trkpt>
   <trkpt lat="45.768324" lon="3.000837"><ele>823</ele></trkpt>
   <trkpt lat="45.768273" lon="3.000899"><ele>823</ele></trkpt>
   <trkpt lat="45.768244" lon="3.000978"><ele>823</ele></trkpt>
   <trkpt lat="45.768235" lon="3.001066"><ele>823</ele></trkpt>
   <trkpt lat="45.768243" lon="3.001132"><ele>822.75</ele></trkpt>
   <trkpt lat="45.768263" lon="3.001193"><ele>822.5</ele></trkpt>
   <trkpt lat="45.768136" lon="3.001477"><ele>822</ele></trkpt>
   <trkpt lat="45.768117" lon="3.001546"><ele>822</ele></trkpt>
   <trkpt lat="45.768108" lon="3.001652"><ele>822</ele></trkpt>
   <trkpt lat="45.768117" lon="3.001739"><ele>821.75</ele></trkpt>
   <trkpt lat="45.768127" lon="3.001784"><ele>821.5</ele></trkpt>
   <trkpt lat="45.768146" lon="3.001825"><ele>821.5</ele></trkpt>
   <trkpt lat="45.768314" lon="3.002093"><ele>821.25</ele></trkpt>
   <trkpt lat="45.768508" lon="3.002395"><ele>821.5</ele></trkpt>
   <trkpt lat="45.768603" lon="3.00256"><ele>821.75</ele></trkpt>
   <trkpt lat="45.768651" lon="3.00267"><ele>821.25</ele></trkpt>
   <trkpt lat="45.768718" lon="3.002874"><ele>821.25</ele></trkpt>
   <trkpt lat="45.768765" lon="3.003084"><ele>820.75</ele></trkpt>
   <trkpt lat="45.768786" lon="3.003194"><ele>820.75</ele></trkpt>
   <trkpt lat="45.768852" lon="3.003642"><ele>819.75</ele></trkpt>
   <trkpt lat="45.768889" lon="3.003924"><ele>819.5</ele></trkpt>
   <trkpt lat="45.768887" lon="3.004198"><ele>817.75</ele></trkpt>
   <trkpt lat="45.768876" lon="3.004365"><ele>817.25</ele></trkpt>
   <trkpt lat="45.768787" lon="3.004968"><ele>815.25</ele></trkpt>
   <trkpt lat="45.768662" lon="3.00581"><ele>811.25</ele></trkpt>
   <trkpt lat="45.768645" lon="3.006097"><ele>810</ele></trkpt>
   <trkpt lat="45.768645" lon="3.006216"><ele>809.5</ele></trkpt>
   <trkpt lat="45.768655" lon="3.006317"><ele>809.25</ele></trkpt>
   <trkpt lat="45.76867" lon="3.006386"><ele>809</ele></trkpt>
   <trkpt lat="45.768752" lon="3.0067"><ele>807.75</ele></trkpt>
   <trkpt lat="45.7688" lon="3.006883"><ele>806.5</ele></trkpt>
   <trkpt lat="45.768846" lon="3.007059"><ele>806</ele></trkpt>
   <trkpt lat="45.768901" lon="3.007274"><ele>805.75</ele></trkpt>
   <trkpt lat="45.76897" lon="3.007499"><ele>805.25</ele></trkpt>
   <trkpt lat="45.769063" lon="3.007776"><ele>804.25</ele></trkpt>
   <trkpt lat="45.769113" lon="3.007917"><ele>803.5</ele></trkpt>
   <trkpt lat="45.769154" lon="3.008021"><ele>803</ele></trkpt>
   <trkpt lat="45.769215" lon="3.008149"><ele>803</ele></trkpt>
   <trkpt lat="45.76929" lon="3.008253"><ele>803.25</ele></trkpt>
   <trkpt lat="45.769331" lon="3.008469"><ele>802</ele></trkpt>
   <trkpt lat="45.769428" lon="3.008865"><ele>800</ele></trkpt>
   <trkpt lat="45.769502" lon="3.009261"><ele>799.25</ele></trkpt>
   <trkpt lat="45.769514" lon="3.009391"><ele>798.75</ele></trkpt>
   <trkpt lat="45.769521" lon="3.009456"><ele>798.75</ele></trkpt>
   <trkpt lat="45.769527" lon="3.00953"><ele>798.5</ele></trkpt>
   <trkpt lat="45.769562" lon="3.009953"><ele>797.25</ele></trkpt>
   <trkpt lat="45.769569" lon="3.010101"><ele>797</ele></trkpt>
   <trkpt lat="45.769567" lon="3.010179"><ele>796.75</ele></trkpt>
   <trkpt lat="45.769538" lon="3.010377"><ele>796</ele></trkpt>
   <trkpt lat="45.769398" lon="3.011104"><ele>793.5</ele></trkpt>
   <trkpt lat="45.769027" lon="3.012728"><ele>785.25</ele></trkpt>
   <trkpt lat="45.768946" lon="3.012921"><ele>784.5</ele></trkpt>
   <trkpt lat="45.768853" lon="3.013094"><ele>783.75</ele></trkpt>
   <trkpt lat="45.768741" lon="3.013228"><ele>783</ele></trkpt>
   <trkpt lat="45.768632" lon="3.013328"><ele>782</ele></trkpt>
   <trkpt lat="45.768368" lon="3.013525"><ele>780.5</ele></trkpt>
   <trkpt lat="45.768378" lon="3.013737"><ele>780.25</ele></trkpt>
   <trkpt lat="45.768388" lon="3.013941"><ele>780.75</ele></trkpt>
   <trkpt lat="45.768392" lon="3.014296"><ele>780.75</ele></trkpt>
   <trkpt lat="45.768357" lon="3.014512"><ele>780.25</ele></trkpt>
   <trkpt lat="45.768318" lon="3.014756"><ele>779.5</ele></trkpt>
   <trkpt lat="45.768295" lon="3.014877"><ele>779.25</ele></trkpt>
   <trkpt lat="45.768291" lon="3.015003"><ele>779.25</ele></trkpt>
   <trkpt lat="45.768307" lon="3.015272"><ele>778</ele></trkpt>
   <trkpt lat="45.768351" lon="3.015548"><ele>776</ele></trkpt>
   <trkpt lat="45.768376" lon="3.015702"><ele>774.5</ele></trkpt>
   <trkpt lat="45.768415" lon="3.015851"><ele>773</ele></trkpt>
   <trkpt lat="45.768445" lon="3.015916"><ele>772.25</ele></trkpt>
   <trkpt lat="45.768498" lon="3.015991"><ele>771.75</ele></trkpt>
   <trkpt lat="45.768614" lon="3.016101"><ele>772</ele></trkpt>
   <trkpt lat="45.768796" lon="3.016246"><ele>772</ele></trkpt>
   <trkpt lat="45.768834" lon="3.016287"><ele>772</ele></trkpt>
   <trkpt lat="45.768867" lon="3.01634"><ele>772</ele></trkpt>
   <trkpt lat="45.768899" lon="3.016423"><ele>772</ele></trkpt>
   <trkpt lat="45.768925" lon="3.016602"><ele>772</ele></trkpt>
   <trkpt lat="45.768931" lon="3.01665"><ele>772</ele></trkpt>
   <trkpt lat="45.768938" lon="3.016774"><ele>771.75</ele></trkpt>
   <trkpt lat="45.76893" lon="3.016936"><ele>771</ele></trkpt>
   <trkpt lat="45.768888" lon="3.017114"><ele>770.5</ele></trkpt>
   <trkpt lat="45.768834" lon="3.017313"><ele>770.25</ele></trkpt>
   <trkpt lat="45.768672" lon="3.017847"><ele>765.75</ele></trkpt>
   <trkpt lat="45.768618" lon="3.017796"><ele>764</ele></trkpt>
   <trkpt lat="45.768482" lon="3.017602"><ele>762.25</ele></trkpt>
   <trkpt lat="45.768618" lon="3.017796"><ele>764</ele></trkpt>
   <trkpt lat="45.768672" lon="3.017847"><ele>765.75</ele></trkpt>
   <trkpt lat="45.768607" lon="3.018171"><ele>762</ele></trkpt>
   <trkpt lat="45.768601" lon="3.018507"><ele>760</ele></trkpt>
   <trkpt lat="45.768614" lon="3.018936"><ele>757.75</ele></trkpt>
   <trkpt lat="45.768662" lon="3.019304"><ele>756.25</ele></trkpt>
   <trkpt lat="45.768828" lon="3.019969"><ele>752.25</ele></trkpt>
   <trkpt lat="45.768902" lon="3.020572"><ele>749.75</ele></trkpt>
   <trkpt lat="45.768926" lon="3.020769"><ele>748</ele></trkpt>
   <trkpt lat="45.768999" lon="3.021004"><ele>747</ele></trkpt>
   <trkpt lat="45.769065" lon="3.021106"><ele>746.75</ele></trkpt>
   <trkpt lat="45.769161" lon="3.021151"><ele>747.75</ele></trkpt>
   <trkpt lat="45.769267" lon="3.02115"><ele>747</ele></trkpt>
   <trkpt lat="45.769367" lon="3.02111"><ele>746.5</ele></trkpt>
   <trkpt lat="45.769452" lon="3.021015"><ele>746.5</ele></trkpt>
   <trkpt lat="45.769563" lon="3.020787"><ele>746</ele></trkpt>
   <trkpt lat="45.769794" lon="3.020389"><ele>746.5</ele></trkpt>
   <trkpt lat="45.769951" lon="3.020186"><ele>744.75</ele></trkpt>
   <trkpt lat="45.770166" lon="3.020042"><ele>743.5</ele></trkpt>
   <trkpt lat="45.77038" lon="3.019973"><ele>742.75</ele></trkpt>
   <trkpt lat="45.771025" lon="3.019861"><ele>740.5</ele></trkpt>
   <trkpt lat="45.771334" lon="3.019839"><ele>739</ele></trkpt>
   <trkpt lat="45.772086" lon="3.020045"><ele>735.75</ele></trkpt>
   <trkpt lat="45.772146" lon="3.020126"><ele>735</ele></trkpt>
   <trkpt lat="45.772311" lon="3.020577"><ele>732.25</ele></trkpt>
   <trkpt lat="45.772415" lon="3.020709"><ele>731.25</ele></trkpt>
   <trkpt lat="45.772538" lon="3.020784"><ele>730.5</ele></trkpt>
   <trkpt lat="45.772814" lon="3.020822"><ele>729.75</ele></trkpt>
   <trkpt lat="45.773063" lon="3.020873"><ele>727.5</ele></trkpt>
   <trkpt lat="45.773155" lon="3.02093"><ele>727</ele></trkpt>
   <trkpt lat="45.773209" lon="3.02079"><ele>728.5</ele></trkpt>
   <trkpt lat="45.77341" lon="3.020658"><ele>731.75</ele></trkpt>
   <trkpt lat="45.773209" lon="3.02079"><ele>728.5</ele></trkpt>
   <trkpt lat="45.773155" lon="3.02093"><ele>727</ele></trkpt>
   <trkpt lat="45.773196" lon="3.020955"><ele>726.75</ele></trkpt>
   <trkpt lat="45.773277" lon="3.021078"><ele>726</ele></trkpt>
   <trkpt lat="45.773337" lon="3.021221"><ele>725</ele></trkpt>
   <trkpt lat="45.773378" lon="3.021388"><ele>724.25</ele></trkpt>
   <trkpt lat="45.773871" lon="3.024239"><ele>718.75</ele></trkpt>
   <trkpt lat="45.77396" lon="3.024757"><ele>718.75</ele></trkpt>
   <trkpt lat="45.774102" lon="3.025587"><ele>718.5</ele></trkpt>
   <trkpt lat="45.774393" lon="3.027292"><ele>720</ele></trkpt>
   <trkpt lat="45.774501" lon="3.027921"><ele>720</ele></trkpt>
   <trkpt lat="45.774567" lon="3.028124"><ele>720.25</ele></trkpt>
   <trkpt lat="45.774709" lon="3.028307"><ele>720.75</ele></trkpt>
   <trkpt lat="45.775429" lon="3.029119"><ele>720.5</ele></trkpt>
   <trkpt lat="45.775686" lon="3.029409"><ele>720.5</ele></trkpt>
   <trkpt lat="45.775883" lon="3.029681"><ele>721</ele></trkpt>
   <trkpt lat="45.775975" lon="3.029885"><ele>720.5</ele></trkpt>
   <trkpt lat="45.776103" lon="3.030255"><ele>718</ele></trkpt>
   <trkpt lat="45.776216" lon="3.03047"><ele>716.5</ele></trkpt>
   <trkpt lat="45.776332" lon="3.030605"><ele>715.75</ele></trkpt>
   <trkpt lat="45.776688" lon="3.03095"><ele>712</ele></trkpt>
   <trkpt lat="45.777136" lon="3.031412"><ele>709.5</ele></trkpt>
   <trkpt lat="45.777265" lon="3.031555"><ele>709</ele></trkpt>
   <trkpt lat="45.777392" lon="3.031696"><ele>709</ele></trkpt>
   <trkpt lat="45.777453" lon="3.031759"><ele>709.25</ele></trkpt>
   <trkpt lat="45.777612" lon="3.031941"><ele>708.75</ele></trkpt>
   <trkpt lat="45.77793" lon="3.032377"><ele>706</ele></trkpt>
   <trkpt lat="45.777986" lon="3.032449"><ele>704.75</ele></trkpt>
   <trkpt lat="45.778866" lon="3.032969"><ele>698</ele></trkpt>
   <trkpt lat="45.778931" lon="3.033007"><ele>697.5</ele></trkpt>
   <trkpt lat="45.779187" lon="3.03316"><ele>695.25</ele></trkpt>
   <trkpt lat="45.779346" lon="3.033303"><ele>695.5</ele></trkpt>
   <trkpt lat="45.779504" lon="3.033551"><ele>695.25</ele></trkpt>
   <trkpt lat="45.779746" lon="3.034054"><ele>693.25</ele></trkpt>
   <trkpt lat="45.779896" lon="3.03431"><ele>692.5</ele></trkpt>
   <trkpt lat="45.780301" lon="3.034615"><ele>690.75</ele></trkpt>
   <trkpt lat="45.780389" lon="3.034728"><ele>690.5</ele></trkpt>
   <trkpt lat="45.780436" lon="3.034874"><ele>690</ele></trkpt>
   <trkpt lat="45.780628" lon="3.035648"><ele>690</ele></trkpt>
   <trkpt lat="45.780653" lon="3.035749"><ele>690.25</ele></trkpt>
   <trkpt lat="45.780784" lon="3.036413"><ele>689.25</ele></trkpt>
   <trkpt lat="45.780833" lon="3.036592"><ele>689.5</ele></trkpt>
   <trkpt lat="45.780913" lon="3.03676"><ele>688.5</ele></trkpt>
   <trkpt lat="45.781141" lon="3.036978"><ele>687.25</ele></trkpt>
   <trkpt lat="45.781839" lon="3.037536"><ele>687.5</ele></trkpt>
   <trkpt lat="45.781919" lon="3.037667"><ele>687.75</ele></trkpt>
   <trkpt lat="45.781952" lon="3.037805"><ele>687.25</ele></trkpt>
   <trkpt lat="45.781942" lon="3.038004"><ele>687.5</ele></trkpt>
   <trkpt lat="45.781909" lon="3.038221"><ele>687.75</ele></trkpt>
   <trkpt lat="45.781835" lon="3.038548"><ele>686.75</ele></trkpt>
   <trkpt lat="45.78184" lon="3.038667"><ele>687</ele></trkpt>
   <trkpt lat="45.781869" lon="3.038731"><ele>687.25</ele></trkpt>
   <trkpt lat="45.781909" lon="3.038805"><ele>687.75</ele></trkpt>
   <trkpt lat="45.782005" lon="3.038833"><ele>687.75</ele></trkpt>
   <trkpt lat="45.7821" lon="3.038799"><ele>687.5</ele></trkpt>
   <trkpt lat="45.782131" lon="3.038899"><ele>685.75</ele></trkpt>
   <trkpt lat="45.782182" lon="3.039021"><ele>684.75</ele></trkpt>
   <trkpt lat="45.782269" lon="3.039149"><ele>683.5</ele></trkpt>
   <trkpt lat="45.782385" lon="3.039277"><ele>681</ele></trkpt>
   <trkpt lat="45.782484" lon="3.039351"><ele>679.75</ele></trkpt>
   <trkpt lat="45.782607" lon="3.039401"><ele>678.5</ele></trkpt>
   <trkpt lat="45.782724" lon="3.039419"><ele>677.75</ele></trkpt>
   <trkpt lat="45.782859" lon="3.039409"><ele>676</ele></trkpt>
   <trkpt lat="45.783745" lon="3.039265"><ele>668.25</ele></trkpt>
   <trkpt lat="45.783904" lon="3.039249"><ele>667.25</ele></trkpt>
   <trkpt lat="45.784053" lon="3.039271"><ele>666</ele></trkpt>
   <trkpt lat="45.784201" lon="3.039315"><ele>664.75</ele></trkpt>
   <trkpt lat="45.785442" lon="3.039818"><ele>658.25</ele></trkpt>
   <trkpt lat="45.785585" lon="3.03988"><ele>657.75</ele></trkpt>
   <trkpt lat="45.785703" lon="3.039944"><ele>657.25</ele></trkpt>
   <trkpt lat="45.785775" lon="3.040008"><ele>656.75</ele></trkpt>
   <trkpt lat="45.785821" lon="3.040082"><ele>656.25</ele></trkpt>
   <trkpt lat="45.785846" lon="3.04016"><ele>655.5</ele></trkpt>
   <trkpt lat="45.785854" lon="3.040242"><ele>654.75</ele></trkpt>
   <trkpt lat="45.78584" lon="3.040336"><ele>654.75</ele></trkpt>
   <trkpt lat="45.785857" lon="3.040442"><ele>654.5</ele></trkpt>
   <trkpt lat="45.785887" lon="3.040559"><ele>654.5</ele></trkpt>
   <trkpt lat="45.78592" lon="3.040648"><ele>654.25</ele></trkpt>
   <trkpt lat="45.786009" lon="3.040747"><ele>653.5</ele></trkpt>
   <trkpt lat="45.786057" lon="3.040849"><ele>653.25</ele></trkpt>
   <trkpt lat="45.786066" lon="3.040924"><ele>652.5</ele></trkpt>
   <trkpt lat="45.786057" lon="3.040999"><ele>652</ele></trkpt>
   <trkpt lat="45.786042" lon="3.041066"><ele>651.75</ele></trkpt>
   <trkpt lat="45.785966" lon="3.041243"><ele>650.75</ele></trkpt>
   <trkpt lat="45.78594" lon="3.041337"><ele>650</ele></trkpt>
   <trkpt lat="45.785931" lon="3.041437"><ele>649</ele></trkpt>
   <trkpt lat="45.785934" lon="3.04153"><ele>648</ele></trkpt>
   <trkpt lat="45.785952" lon="3.04161"><ele>647</ele></trkpt>
   <trkpt lat="45.785989" lon="3.041687"><ele>645.75</ele></trkpt>
   <trkpt lat="45.786032" lon="3.041731"><ele>644.75</ele></trkpt>
   <trkpt lat="45.786083" lon="3.041761"><ele>644.25</ele></trkpt>
   <trkpt lat="45.786189" lon="3.041769"><ele>643.5</ele></trkpt>
   <trkpt lat="45.786244" lon="3.041743"><ele>643.5</ele></trkpt>
   <trkpt lat="45.786389" lon="3.041594"><ele>644</ele></trkpt>
   <trkpt lat="45.786441" lon="3.041564"><ele>643</ele></trkpt>
   <trkpt lat="45.786496" lon="3.041557"><ele>641.5</ele></trkpt>
   <trkpt lat="45.786552" lon="3.041569"><ele>640</ele></trkpt>
   <trkpt lat="45.7866" lon="3.041608"><ele>639.25</ele></trkpt>
   <trkpt lat="45.786664" lon="3.041715"><ele>639</ele></trkpt>
   <trkpt lat="45.786685" lon="3.041793"><ele>638</ele></trkpt>
   <trkpt lat="45.786691" lon="3.041876"><ele>637.75</ele></trkpt>
   <trkpt lat="45.786684" lon="3.041964"><ele>638.25</ele></trkpt>
   <trkpt lat="45.786668" lon="3.042019"><ele>638.75</ele></trkpt>
   <trkpt lat="45.786619" lon="3.042115"><ele>639</ele></trkpt>
   <trkpt lat="45.78658" lon="3.042152"><ele>639</ele></trkpt>
   <trkpt lat="45.786491" lon="3.0422"><ele>639</ele></trkpt>
   <trkpt lat="45.786434" lon="3.042208"><ele>639</ele></trkpt>
   <trkpt lat="45.786326" lon="3.042185"><ele>638.75</ele></trkpt>
   <trkpt lat="45.785734" lon="3.042014"><ele>636.5</ele></trkpt>
   <trkpt lat="45.785668" lon="3.042013"><ele>635.25</ele></trkpt>
   <trkpt lat="45.785579" lon="3.042038"><ele>633.5</ele></trkpt>
   <trkpt lat="45.785526" lon="3.042087"><ele>631.75</ele></trkpt>
   <trkpt lat="45.785507" lon="3.042121"><ele>630.75</ele></trkpt>
   <trkpt lat="45.785473" lon="3.042211"><ele>628.75</ele></trkpt>
   <trkpt lat="45.785473" lon="3.042332"><ele>627</ele></trkpt>
   <trkpt lat="45.785489" lon="3.042399"><ele>626.5</ele></trkpt>
   <trkpt lat="45.785525" lon="3.042483"><ele>626.75</ele></trkpt>
   <trkpt lat="45.785583" lon="3.042557"><ele>626.25</ele></trkpt>
   <trkpt lat="45.785825" lon="3.042725"><ele>624.25</ele></trkpt>
   <trkpt lat="45.785872" lon="3.042767"><ele>624.25</ele></trkpt>
   <trkpt lat="45.785945" lon="3.042862"><ele>623.5</ele></trkpt>
   <trkpt lat="45.785973" lon="3.042912"><ele>623.25</ele></trkpt>
   <trkpt lat="45.786004" lon="3.043015"><ele>622</ele></trkpt>
   <trkpt lat="45.786048" lon="3.043226"><ele>620</ele></trkpt>
   <trkpt lat="45.786073" lon="3.043378"><ele>618.5</ele></trkpt>
   <trkpt lat="45.786113" lon="3.043782"><ele>616.75</ele></trkpt>
   <trkpt lat="45.786125" lon="3.043949"><ele>616</ele></trkpt>
   <trkpt lat="45.786156" lon="3.04415"><ele>615.75</ele></trkpt>
   <trkpt lat="45.786215" lon="3.044357"><ele>613</ele></trkpt>
   <trkpt lat="45.786254" lon="3.044437"><ele>612.25</ele></trkpt>
   <trkpt lat="45.786558" lon="3.044969"><ele>605.5</ele></trkpt>
   <trkpt lat="45.786723" lon="3.045345"><ele>603</ele></trkpt>
   <trkpt lat="45.786766" lon="3.045432"><ele>602.25</ele></trkpt>
   <trkpt lat="45.786811" lon="3.045495"><ele>601.25</ele></trkpt>
   <trkpt lat="45.78684" lon="3.045524"><ele>601</ele></trkpt>
   <trkpt lat="45.786924" lon="3.045581"><ele>600.25</ele></trkpt>
   <trkpt lat="45.78699" lon="3.045607"><ele>599.5</ele></trkpt>
   <trkpt lat="45.787172" lon="3.045649"><ele>597.5</ele></trkpt>
   <trkpt lat="45.787254" lon="3.045686"><ele>596.5</ele></trkpt>
   <trkpt lat="45.787321" lon="3.045748"><ele>595.5</ele></trkpt>
   <trkpt lat="45.787382" lon="3.045846"><ele>595</ele></trkpt>
   <trkpt lat="45.787411" lon="3.045929"><ele>595</ele></trkpt>
   <trkpt lat="45.787421" lon="3.045976"><ele>595</ele></trkpt>
   <trkpt lat="45.787499" lon="3.046521"><ele>592</ele></trkpt>
   <trkpt lat="45.787538" lon="3.046681"><ele>591.5</ele></trkpt>
   <trkpt lat="45.787595" lon="3.046846"><ele>590</ele></trkpt>
   <trkpt lat="45.787857" lon="3.047501"><ele>586.5</ele></trkpt>
   <trkpt lat="45.787946" lon="3.047716"><ele>585</ele></trkpt>
   <trkpt lat="45.788002" lon="3.047816"><ele>584.75</ele></trkpt>
   <trkpt lat="45.788426" lon="3.048361"><ele>580.5</ele></trkpt>
   <trkpt lat="45.7888" lon="3.048763"><ele>577</ele></trkpt>
   <trkpt lat="45.788924" lon="3.048851"><ele>575.75</ele></trkpt>
   <trkpt lat="45.788963" lon="3.048868"><ele>575.25</ele></trkpt>
   <trkpt lat="45.789064" lon="3.048899"><ele>574</ele></trkpt>
   <trkpt lat="45.789184" lon="3.048903"><ele>573.5</ele></trkpt>
   <trkpt lat="45.789272" lon="3.048886"><ele>572.75</ele></trkpt>
   <trkpt lat="45.789359" lon="3.048848"><ele>572.25</ele></trkpt>
   <trkpt lat="45.789549" lon="3.048742"><ele>571.25</ele></trkpt>
   <trkpt lat="45.789621" lon="3.04871"><ele>570.75</ele></trkpt>
   <trkpt lat="45.789671" lon="3.048701"><ele>570.25</ele></trkpt>
   <trkpt lat="45.789734" lon="3.048707"><ele>569.5</ele></trkpt>
   <trkpt lat="45.789801" lon="3.048732"><ele>569</ele></trkpt>
   <trkpt lat="45.789974" lon="3.048823"><ele>567.5</ele></trkpt>
   <trkpt lat="45.790049" lon="3.048835"><ele>566.75</ele></trkpt>
   <trkpt lat="45.790197" lon="3.048812"><ele>565.25</ele></trkpt>
   <trkpt lat="45.790303" lon="3.048769"><ele>564.5</ele></trkpt>
   <trkpt lat="45.790403" lon="3.048708"><ele>563.75</ele></trkpt>
   <trkpt lat="45.790473" lon="3.048641"><ele>563.25</ele></trkpt>
   <trkpt lat="45.790516" lon="3.048583"><ele>563</ele></trkpt>
   <trkpt lat="45.79054" lon="3.048524"><ele>562.5</ele></trkpt>
   <trkpt lat="45.790569" lon="3.048408"><ele>563</ele></trkpt>
   <trkpt lat="45.790627" lon="3.048192"><ele>565.25</ele></trkpt>
   <trkpt lat="45.790678" lon="3.048071"><ele>564.75</ele></trkpt>
   <trkpt lat="45.790741" lon="3.047988"><ele>562.5</ele></trkpt>
   <trkpt lat="45.790803" lon="3.047941"><ele>560.75</ele></trkpt>
   <trkpt lat="45.790879" lon="3.047918"><ele>559</ele></trkpt>
   <trkpt lat="45.790945" lon="3.047921"><ele>557.5</ele></trkpt>
   <trkpt lat="45.791043" lon="3.047954"><ele>556.25</ele></trkpt>
   <trkpt lat="45.791443" lon="3.048129"><ele>551.25</ele></trkpt>
   <trkpt lat="45.791583" lon="3.048167"><ele>550.5</ele></trkpt>
   <trkpt lat="45.791773" lon="3.048186"><ele>549.75</ele></trkpt>
   <trkpt lat="45.792436" lon="3.048223"><ele>542.5</ele></trkpt>
   <trkpt lat="45.792517" lon="3.048236"><ele>541.25</ele></trkpt>
   <trkpt lat="45.792545" lon="3.048248"><ele>541</ele></trkpt>
   <trkpt lat="45.792737" lon="3.048376"><ele>539.5</ele></trkpt>
   <trkpt lat="45.792904" lon="3.048529"><ele>537</ele></trkpt>
   <trkpt lat="45.793" lon="3.048637"><ele>536.75</ele></trkpt>
   <trkpt lat="45.793435" lon="3.049188"><ele>532.25</ele></trkpt>
   <trkpt lat="45.793526" lon="3.049302"><ele>531.75</ele></trkpt>
   <trkpt lat="45.793643" lon="3.04945"><ele>531.25</ele></trkpt>
   <trkpt lat="45.793716" lon="3.049537"><ele>532</ele></trkpt>
   <trkpt lat="45.794079" lon="3.049925"><ele>527</ele></trkpt>
   <trkpt lat="45.794137" lon="3.049988"><ele>526.25</ele></trkpt>
   <trkpt lat="45.794195" lon="3.050051"><ele>526</ele></trkpt>
   <trkpt lat="45.79437" lon="3.05027"><ele>524</ele></trkpt>
   <trkpt lat="45.794512" lon="3.050454"><ele>523</ele></trkpt>
   <trkpt lat="45.794847" lon="3.050857"><ele>519.5</ele></trkpt>
   <trkpt lat="45.794986" lon="3.051043"><ele>518.25</ele></trkpt>
   <trkpt lat="45.795175" lon="3.051323"><ele>518.25</ele></trkpt>
   <trkpt lat="45.795262" lon="3.051455"><ele>516.75</ele></trkpt>
   <trkpt lat="45.795306" lon="3.051538"><ele>516.25</ele></trkpt>
   <trkpt lat="45.795318" lon="3.051568"><ele>516.25</ele></trkpt>
   <trkpt lat="45.795347" lon="3.051686"><ele>516</ele></trkpt>
   <trkpt lat="45.795427" lon="3.05204"><ele>516</ele></trkpt>
   <trkpt lat="45.795495" lon="3.052357"><ele>515</ele></trkpt>
   <trkpt lat="45.795496" lon="3.052455"><ele>515.25</ele></trkpt>
   <trkpt lat="45.795365" lon="3.052465"><ele>516.25</ele></trkpt>
   <trkpt lat="45.795314" lon="3.052466"><ele>516.5</ele></trkpt>
   <trkpt lat="45.795262" lon="3.052468"><ele>517</ele></trkpt>
   <trkpt lat="45.795238" lon="3.052468"><ele>517.25</ele></trkpt>
   <trkpt lat="45.795207" lon="3.052472"><ele>517.5</ele></trkpt>
   <trkpt lat="45.795169" lon="3.052481"><ele>517.75</ele></trkpt>
   <trkpt lat="45.79514" lon="3.052492"><ele>518</ele></trkpt>
   <trkpt lat="45.795088" lon="3.052518"><ele>518.25</ele></trkpt>
   <trkpt lat="45.794813" lon="3.052667"><ele>521</ele></trkpt>
   <trkpt lat="45.794736" lon="3.052688"><ele>521.75</ele></trkpt>
   <trkpt lat="45.794583" lon="3.05273"><ele>522</ele></trkpt>
   <trkpt lat="45.794514" lon="3.05274"><ele>522</ele></trkpt>
   <trkpt lat="45.794292" lon="3.052776"><ele>521.25</ele></trkpt>
   <trkpt lat="45.7942" lon="3.05281"><ele>521</ele></trkpt>
   <trkpt lat="45.794173" lon="3.052817"><ele>521</ele></trkpt>
   <trkpt lat="45.793927" lon="3.052874"><ele>520</ele></trkpt>
   <trkpt lat="45.793633" lon="3.052929"><ele>517.5</ele></trkpt>
   <trkpt lat="45.7935" lon="3.052955"><ele>516</ele></trkpt>
   <trkpt lat="45.793428" lon="3.052969"><ele>515.25</ele></trkpt>
   <trkpt lat="45.79315" lon="3.053063"><ele>511.5</ele></trkpt>
   <trkpt lat="45.792851" lon="3.053186"><ele>508</ele></trkpt>
   <trkpt lat="45.792756" lon="3.053226"><ele>508</ele></trkpt>
   <trkpt lat="45.79254" lon="3.053359"><ele>505.25</ele></trkpt>
   <trkpt lat="45.792457" lon="3.053396"><ele>504.25</ele></trkpt>
   <trkpt lat="45.792266" lon="3.053456"><ele>502.5</ele></trkpt>
   <trkpt lat="45.792138" lon="3.05348"><ele>501.5</ele></trkpt>
   <trkpt lat="45.791809" lon="3.053502"><ele>500.25</ele></trkpt>
   <trkpt lat="45.791525" lon="3.053516"><ele>499.5</ele></trkpt>
   <trkpt lat="45.791421" lon="3.053518"><ele>499.25</ele></trkpt>
   <trkpt lat="45.791194" lon="3.053524"><ele>499.5</ele></trkpt>
   <trkpt lat="45.791107" lon="3.053529"><ele>499.5</ele></trkpt>
   <trkpt lat="45.791027" lon="3.053527"><ele>499.25</ele></trkpt>
   <trkpt lat="45.790877" lon="3.053547"><ele>498.75</ele></trkpt>
   <trkpt lat="45.790728" lon="3.053586"><ele>498.5</ele></trkpt>
   <trkpt lat="45.790625" lon="3.053622"><ele>498.5</ele></trkpt>
   <trkpt lat="45.790378" lon="3.053718"><ele>497.5</ele></trkpt>
   <trkpt lat="45.790315" lon="3.053742"><ele>497.5</ele></trkpt>
   <trkpt lat="45.790242" lon="3.053765"><ele>497.25</ele></trkpt>
   <trkpt lat="45.79017" lon="3.053787"><ele>496.75</ele></trkpt>
   <trkpt lat="45.790077" lon="3.053828"><ele>496</ele></trkpt>
   <trkpt lat="45.78999" lon="3.05389"><ele>494.75</ele></trkpt>
   <trkpt lat="45.789709" lon="3.054151"><ele>492</ele></trkpt>
   <trkpt lat="45.789508" lon="3.054363"><ele>489.75</ele></trkpt>
   <trkpt lat="45.789465" lon="3.054425"><ele>489.25</ele></trkpt>
   <trkpt lat="45.789423" lon="3.054517"><ele>489.25</ele></trkpt>
   <trkpt lat="45.78937" lon="3.054707"><ele>489.5</ele></trkpt>
   <trkpt lat="45.789337" lon="3.054936"><ele>489.5</ele></trkpt>
   <trkpt lat="45.789296" lon="3.055158"><ele>488.75</ele></trkpt>
   <trkpt lat="45.789327" lon="3.0552"><ele>488.25</ele></trkpt>
   <trkpt lat="45.789358" lon="3.055242"><ele>487.75</ele></trkpt>
   <trkpt lat="45.7897" lon="3.055748"><ele>484.5</ele></trkpt>
   <trkpt lat="45.789858" lon="3.056087"><ele>482</ele></trkpt>
   <trkpt lat="45.79002" lon="3.056495"><ele>479.25</ele></trkpt>
   <trkpt lat="45.790205" lon="3.056986"><ele>476</ele></trkpt>
   <trkpt lat="45.79033" lon="3.057357"><ele>473.75</ele></trkpt>
   <trkpt lat="45.79062" lon="3.058116"><ele>469.5</ele></trkpt>
   <trkpt lat="45.790642" lon="3.058201"><ele>469.5</ele></trkpt>
   <trkpt lat="45.79063" lon="3.058284"><ele>469.5</ele></trkpt>
   <trkpt lat="45.790602" lon="3.058339"><ele>469.75</ele></trkpt>
   <trkpt lat="45.790567" lon="3.058381"><ele>469.5</ele></trkpt>
   <trkpt lat="45.790158" lon="3.058604"><ele>469.25</ele></trkpt>
   <trkpt lat="45.790068" lon="3.058675"><ele>469.5</ele></trkpt>
   <trkpt lat="45.790055" lon="3.058774"><ele>469</ele></trkpt>
   <trkpt lat="45.790087" lon="3.05925"><ele>466.25</ele></trkpt>
   <trkpt lat="45.790105" lon="3.059318"><ele>465.75</ele></trkpt>
   <trkpt lat="45.790138" lon="3.059395"><ele>465.25</ele></trkpt>
   <trkpt lat="45.790065" lon="3.059549"><ele>464.5</ele></trkpt>
   <trkpt lat="45.789994" lon="3.059764"><ele>463.75</ele></trkpt>
   <trkpt lat="45.789763" lon="3.060549"><ele>461.75</ele></trkpt>
   <trkpt lat="45.78963" lon="3.060984"><ele>460</ele></trkpt>
   <trkpt lat="45.789572" lon="3.061172"><ele>459.25</ele></trkpt>
   <trkpt lat="45.789448" lon="3.061625"><ele>458</ele></trkpt>
   <trkpt lat="45.789417" lon="3.061775"><ele>457.5</ele></trkpt>
   <trkpt lat="45.789383" lon="3.062006"><ele>457</ele></trkpt>
   <trkpt lat="45.789328" lon="3.062453"><ele>455</ele></trkpt>
   <trkpt lat="45.789319" lon="3.062508"><ele>454.75</ele></trkpt>
   <trkpt lat="45.789297" lon="3.06264"><ele>454</ele></trkpt>
   <trkpt lat="45.789263" lon="3.0628"><ele>453.25</ele></trkpt>
   <trkpt lat="45.789206" lon="3.063035"><ele>452.75</ele></trkpt>
   <trkpt lat="45.789193" lon="3.063088"><ele>452.75</ele></trkpt>
   <trkpt lat="45.789068" lon="3.063557"><ele>451.5</ele></trkpt>
   <trkpt lat="45.789024" lon="3.063693"><ele>451</ele></trkpt>
   <trkpt lat="45.788952" lon="3.063852"><ele>450.75</ele></trkpt>
   <trkpt lat="45.788898" lon="3.063936"><ele>450.5</ele></trkpt>
   <trkpt lat="45.788816" lon="3.064014"><ele>450</ele></trkpt>
   <trkpt lat="45.788749" lon="3.064054"><ele>449.75</ele></trkpt>
   <trkpt lat="45.788677" lon="3.064088"><ele>449.5</ele></trkpt>
   <trkpt lat="45.788504" lon="3.064126"><ele>448.5</ele></trkpt>
   <trkpt lat="45.788507" lon="3.064187"><ele>448</ele></trkpt>
   <trkpt lat="45.788502" lon="3.064218"><ele>447.75</ele></trkpt>
   <trkpt lat="45.78835" lon="3.065051"><ele>440</ele></trkpt>
   <trkpt lat="45.788277" lon="3.065401"><ele>438.25</ele></trkpt>
   <trkpt lat="45.788216" lon="3.065695"><ele>436.75</ele></trkpt>
   <trkpt lat="45.787718" lon="3.067302"><ele>426.25</ele></trkpt>
   <trkpt lat="45.787712" lon="3.067324"><ele>426.25</ele></trkpt>
   <trkpt lat="45.787483" lon="3.06804"><ele>422</ele></trkpt>
   <trkpt lat="45.787428" lon="3.068185"><ele>421.75</ele></trkpt>
   <trkpt lat="45.787409" lon="3.068237"><ele>421.5</ele></trkpt>
   <trkpt lat="45.787376" lon="3.068319"><ele>421</ele></trkpt>
   <trkpt lat="45.787308" lon="3.068477"><ele>420</ele></trkpt>
   <trkpt lat="45.787044" lon="3.069142"><ele>415.75</ele></trkpt>
   <trkpt lat="45.786593" lon="3.070021"><ele>405.75</ele></trkpt>
   <trkpt lat="45.786494" lon="3.070185"><ele>405.75</ele></trkpt>
   <trkpt lat="45.786405" lon="3.070295"><ele>403.5</ele></trkpt>
   <trkpt lat="45.786334" lon="3.070415"><ele>403.75</ele></trkpt>
   <trkpt lat="45.786295" lon="3.0705"><ele>404.25</ele></trkpt>
   <trkpt lat="45.786133" lon="3.070942"><ele>402.75</ele></trkpt>
   <trkpt lat="45.786046" lon="3.071145"><ele>402.25</ele></trkpt>
   <trkpt lat="45.785719" lon="3.071836"><ele>398.5</ele></trkpt>
   <trkpt lat="45.785645" lon="3.072008"><ele>397.5</ele></trkpt>
   <trkpt lat="45.785588" lon="3.072168"><ele>395.75</ele></trkpt>
   <trkpt lat="45.785472" lon="3.072575"><ele>393.5</ele></trkpt>
   <trkpt lat="45.785428" lon="3.072707"><ele>393</ele></trkpt>
   <trkpt lat="45.78539" lon="3.072781"><ele>392.5</ele></trkpt>
   <trkpt lat="45.785347" lon="3.072828"><ele>392</ele></trkpt>
   <trkpt lat="45.78508" lon="3.07303"><ele>388.75</ele></trkpt>
   <trkpt lat="45.784934" lon="3.073158"><ele>387.75</ele></trkpt>
   <trkpt lat="45.784744" lon="3.073372"><ele>386</ele></trkpt>
   <trkpt lat="45.784708" lon="3.073429"><ele>385.75</ele></trkpt>
   <trkpt lat="45.784613" lon="3.073706"><ele>385.25</ele></trkpt>
   <trkpt lat="45.784575" lon="3.073848"><ele>385</ele></trkpt>
   <trkpt lat="45.784517" lon="3.074163"><ele>383.75</ele></trkpt>
   <trkpt lat="45.784487" lon="3.074352"><ele>382.75</ele></trkpt>
   <trkpt lat="45.784442" lon="3.074892"><ele>380.75</ele></trkpt>
   <trkpt lat="45.784429" lon="3.074989"><ele>380.75</ele></trkpt>
   <trkpt lat="45.784399" lon="3.075118"><ele>380.75</ele></trkpt>
   <trkpt lat="45.784357" lon="3.075249"><ele>380.5</ele></trkpt>
   <trkpt lat="45.784199" lon="3.075671"><ele>379</ele></trkpt>
   <trkpt lat="45.784072" lon="3.075972"><ele>378.25</ele></trkpt>
   <trkpt lat="45.784049" lon="3.076033"><ele>378</ele></trkpt>
   <trkpt lat="45.784009" lon="3.076136"><ele>378</ele></trkpt>
   <trkpt lat="45.783969" lon="3.076246"><ele>378</ele></trkpt>
   <trkpt lat="45.78394" lon="3.076302"><ele>378</ele></trkpt>
   <trkpt lat="45.78379" lon="3.076603"><ele>377</ele></trkpt>
   <trkpt lat="45.783764" lon="3.07665"><ele>377</ele></trkpt>
   <trkpt lat="45.783734" lon="3.076709"><ele>377</ele></trkpt>
   <trkpt lat="45.783691" lon="3.076792"><ele>377</ele></trkpt>
   <trkpt lat="45.783234" lon="3.077655"><ele>376.5</ele></trkpt>
   <trkpt lat="45.783087" lon="3.077913"><ele>376.75</ele></trkpt>
   <trkpt lat="45.782931" lon="3.077917"><ele>377</ele></trkpt>
   <trkpt lat="45.782897" lon="3.077905"><ele>377</ele></trkpt>
   <trkpt lat="45.782785" lon="3.07783"><ele>377</ele></trkpt>
   <trkpt lat="45.782678" lon="3.077545"><ele>377</ele></trkpt>
   <trkpt lat="45.78258" lon="3.077374"><ele>376.75</ele></trkpt>
   <trkpt lat="45.782668" lon="3.077214"><ele>377</ele></trkpt>
   <trkpt lat="45.78258" lon="3.077374"><ele>376.75</ele></trkpt>
   <trkpt lat="45.782678" lon="3.077545"><ele>377</ele></trkpt>
   <trkpt lat="45.782785" lon="3.07783"><ele>377</ele></trkpt>
   <trkpt lat="45.782821" lon="3.077938"><ele>377</ele></trkpt>
   <trkpt lat="45.782816" lon="3.07811"><ele>377</ele></trkpt>
   <trkpt lat="45.782806" lon="3.078161"><ele>376.75</ele></trkpt>
   <trkpt lat="45.78276" lon="3.078321"><ele>377</ele></trkpt>
   <trkpt lat="45.782286" lon="3.078684"><ele>377.75</ele></trkpt>
   <trkpt lat="45.782222" lon="3.078733"><ele>378</ele></trkpt>
   <trkpt lat="45.78156" lon="3.079257"><ele>379.5</ele></trkpt>
   <trkpt lat="45.781427" lon="3.079364"><ele>379.75</ele></trkpt>
   <trkpt lat="45.781288" lon="3.07947"><ele>380</ele></trkpt>
   <trkpt lat="45.780989" lon="3.079647"><ele>381.25</ele></trkpt>
   <trkpt lat="45.780934" lon="3.079665"><ele>381.5</ele></trkpt>
   <trkpt lat="45.780921" lon="3.079667"><ele>381.5</ele></trkpt>
   <trkpt lat="45.780853" lon="3.079671"><ele>381.75</ele></trkpt>
   <trkpt lat="45.780798" lon="3.079683"><ele>382</ele></trkpt>
   <trkpt lat="45.78075" lon="3.079736"><ele>382</ele></trkpt>
   <trkpt lat="45.78073" lon="3.079762"><ele>382</ele></trkpt>
   <trkpt lat="45.780708" lon="3.079775"><ele>382</ele></trkpt>
   <trkpt lat="45.780494" lon="3.07981"><ele>382</ele></trkpt>
   <trkpt lat="45.780458" lon="3.079801"><ele>382</ele></trkpt>
   <trkpt lat="45.780432" lon="3.079729"><ele>382</ele></trkpt>
   <trkpt lat="45.780381" lon="3.079664"><ele>381.5</ele></trkpt>
   <trkpt lat="45.780314" lon="3.079618"><ele>381</ele></trkpt>
   <trkpt lat="45.78023" lon="3.079583"><ele>380.75</ele></trkpt>
   <trkpt lat="45.780185" lon="3.079552"><ele>380.75</ele></trkpt>
   <trkpt lat="45.780156" lon="3.079498"><ele>380.5</ele></trkpt>
   <trkpt lat="45.779856" lon="3.078788"><ele>384</ele></trkpt>
   <trkpt lat="45.779809" lon="3.078673"><ele>384.5</ele></trkpt>
   <trkpt lat="45.779729" lon="3.07845"><ele>384.75</ele></trkpt>
   <trkpt lat="45.779704" lon="3.078386"><ele>385</ele></trkpt>
   <trkpt lat="45.779669" lon="3.078303"><ele>385</ele></trkpt>
   <trkpt lat="45.779452" lon="3.077767"><ele>384.75</ele></trkpt>
   <trkpt lat="45.779445" lon="3.077746"><ele>384.75</ele></trkpt>
   <trkpt lat="45.779436" lon="3.077723"><ele>385</ele></trkpt>
   <trkpt lat="45.779416" lon="3.077661"><ele>385</ele></trkpt>
   <trkpt lat="45.779365" lon="3.077686"><ele>385.25</ele></trkpt>
   <trkpt lat="45.779348" lon="3.077698"><ele>385.25</ele></trkpt>
   <trkpt lat="45.778806" lon="3.077901"><ele>386</ele></trkpt>
   <trkpt lat="45.778593" lon="3.077983"><ele>386.25</ele></trkpt>
   <trkpt lat="45.778427" lon="3.078047"><ele>386</ele></trkpt>
   <trkpt lat="45.778389" lon="3.078062"><ele>386</ele></trkpt>
   <trkpt lat="45.777708" lon="3.078335"><ele>386</ele></trkpt>
   <trkpt lat="45.777272" lon="3.078499"><ele>385.75</ele></trkpt>
   <trkpt lat="45.777241" lon="3.078513"><ele>386</ele></trkpt>
   <trkpt lat="45.776915" lon="3.078652"><ele>386</ele></trkpt>
   <trkpt lat="45.776884" lon="3.078663"><ele>386</ele></trkpt>
   <trkpt lat="45.77682" lon="3.078686"><ele>386</ele></trkpt>
   <trkpt lat="45.776814" lon="3.078615"><ele>386</ele></trkpt>
   <trkpt lat="45.776764" lon="3.078631"><ele>386</ele></trkpt>
   <trkpt lat="45.776743" lon="3.078635"><ele>386</ele></trkpt>
   <trkpt lat="45.776714" lon="3.078314"><ele>386</ele></trkpt>
   <trkpt lat="45.776743" lon="3.078635"><ele>386</ele></trkpt>
   <trkpt lat="45.776764" lon="3.078631"><ele>386</ele></trkpt>
   <trkpt lat="45.776814" lon="3.078615"><ele>386</ele></trkpt>
   <trkpt lat="45.77682" lon="3.078686"><ele>386</ele></trkpt>
   <trkpt lat="45.776827" lon="3.078749"><ele>386</ele></trkpt>
   <trkpt lat="45.776829" lon="3.078777"><ele>386</ele></trkpt>
   <trkpt lat="45.776834" lon="3.078827"><ele>386</ele></trkpt>
   <trkpt lat="45.77687" lon="3.079235"><ele>386</ele></trkpt>
   <trkpt lat="45.776916" lon="3.079741"><ele>386</ele></trkpt>
   <trkpt lat="45.777004" lon="3.080715"><ele>386</ele></trkpt>
   <trkpt lat="45.77707" lon="3.081397"><ele>386.25</ele></trkpt>
   <trkpt lat="45.777111" lon="3.081506"><ele>386.75</ele></trkpt>
   <trkpt lat="45.77714" lon="3.081567"><ele>386.75</ele></trkpt>
   <trkpt lat="45.777153" lon="3.081602"><ele>386.75</ele></trkpt>
   <trkpt lat="45.777166" lon="3.081641"><ele>386.75</ele></trkpt>
   <trkpt lat="45.777177" lon="3.081677"><ele>387</ele></trkpt>
   <trkpt lat="45.777228" lon="3.082091"><ele>388</ele></trkpt>
   <trkpt lat="45.777229" lon="3.082158"><ele>388</ele></trkpt>
   <trkpt lat="45.777213" lon="3.082284"><ele>388</ele></trkpt>
   <trkpt lat="45.777201" lon="3.082324"><ele>388.25</ele></trkpt>
   <trkpt lat="45.777172" lon="3.082457"><ele>388.5</ele></trkpt>
   <trkpt lat="45.777167" lon="3.08249"><ele>388.75</ele></trkpt>
   <trkpt lat="45.777165" lon="3.082587"><ele>389</ele></trkpt>
   <trkpt lat="45.777196" lon="3.082887"><ele>390.25</ele></trkpt>
   <trkpt lat="45.777213" lon="3.083065"><ele>390.75</ele></trkpt>
   <trkpt lat="45.777219" lon="3.083117"><ele>391</ele></trkpt>
   <trkpt lat="45.777222" lon="3.083186"><ele>391.25</ele></trkpt>
   <trkpt lat="45.777217" lon="3.083319"><ele>391.75</ele></trkpt>
   <trkpt lat="45.777201" lon="3.083399"><ele>392.25</ele></trkpt>
   <trkpt lat="45.777182" lon="3.083456"><ele>392.5</ele></trkpt>
   <trkpt lat="45.777145" lon="3.083514"><ele>392.75</ele></trkpt>
   <trkpt lat="45.777081" lon="3.083567"><ele>393.25</ele></trkpt>
   <trkpt lat="45.777019" lon="3.083617"><ele>393.75</ele></trkpt>
   <trkpt lat="45.776956" lon="3.083647"><ele>394</ele></trkpt>
   <trkpt lat="45.776834" lon="3.083682"><ele>394.75</ele></trkpt>
   <trkpt lat="45.776792" lon="3.083691"><ele>395</ele></trkpt>
   <trkpt lat="45.776613" lon="3.083741"><ele>396.5</ele></trkpt>
   <trkpt lat="45.776541" lon="3.083773"><ele>396.5</ele></trkpt>
   <trkpt lat="45.776475" lon="3.083806"><ele>396.75</ele></trkpt>
   <trkpt lat="45.776405" lon="3.083877"><ele>397</ele></trkpt>
   <trkpt lat="45.776383" lon="3.08391"><ele>397</ele></trkpt>
   <trkpt lat="45.776317" lon="3.084031"><ele>397.5</ele></trkpt>
   <trkpt lat="45.776287" lon="3.084124"><ele>398</ele></trkpt>
   <trkpt lat="45.776227" lon="3.08441"><ele>398.75</ele></trkpt>
   <trkpt lat="45.776209" lon="3.084454"><ele>399</ele></trkpt>
   <trkpt lat="45.776181" lon="3.084498"><ele>399</ele></trkpt>
   <trkpt lat="45.776145" lon="3.084528"><ele>399.25</ele></trkpt>
   <trkpt lat="45.776087" lon="3.084555"><ele>399.25</ele></trkpt>
   <trkpt lat="45.77597" lon="3.084582"><ele>399.25</ele></trkpt>
   <trkpt lat="45.775919" lon="3.084626"><ele>399.5</ele></trkpt>
   <trkpt lat="45.775898" lon="3.084683"><ele>399.75</ele></trkpt>
   <trkpt lat="45.775892" lon="3.08474"><ele>400</ele></trkpt>
   <trkpt lat="45.77588" lon="3.084838"><ele>400.75</ele></trkpt>
   <trkpt lat="45.77585" lon="3.085044"><ele>402.25</ele></trkpt>
   <trkpt lat="45.77581" lon="3.085284"><ele>404</ele></trkpt>
   <trkpt lat="45.775802" lon="3.085339"><ele>404</ele></trkpt>
   <trkpt lat="45.775788" lon="3.085441"><ele>404.5</ele></trkpt>
   <trkpt lat="45.775779" lon="3.085531"><ele>404.75</ele></trkpt>
   <trkpt lat="45.775771" lon="3.085615"><ele>405</ele></trkpt>
   <trkpt lat="45.775766" lon="3.086413"><ele>404.75</ele></trkpt>
   <trkpt lat="45.775782" lon="3.086654"><ele>403.75</ele></trkpt>
   <trkpt lat="45.775793" lon="3.086763"><ele>403.5</ele></trkpt>
   <trkpt lat="45.775812" lon="3.086872"><ele>403</ele></trkpt>
   <trkpt lat="45.775829" lon="3.086992"><ele>402.75</ele></trkpt>
   <trkpt lat="45.775842" lon="3.087563"><ele>400.75</ele></trkpt>
   <trkpt lat="45.775853" lon="3.087732"><ele>400.25</ele></trkpt>
   <trkpt lat="45.775884" lon="3.087969"><ele>399.25</ele></trkpt>
   <trkpt lat="45.775904" lon="3.08805"><ele>399</ele></trkpt>
   <trkpt lat="45.775992" lon="3.088324"><ele>397.5</ele></trkpt>
   <trkpt lat="45.776024" lon="3.088425"><ele>397</ele></trkpt>
   <trkpt lat="45.776069" lon="3.088565"><ele>396</ele></trkpt>
   <trkpt lat="45.776149" lon="3.088752"><ele>395</ele></trkpt>
   <trkpt lat="45.776239" lon="3.088934"><ele>394</ele></trkpt>
   <trkpt lat="45.776265" lon="3.089012"><ele>393.25</ele></trkpt>
   <trkpt lat="45.776297" lon="3.089159"><ele>392</ele></trkpt>
   <trkpt lat="45.776304" lon="3.089222"><ele>391.5</ele></trkpt>
   <trkpt lat="45.776306" lon="3.08935"><ele>390.5</ele></trkpt>
   <trkpt lat="45.776303" lon="3.089757"><ele>387.75</ele></trkpt>
   <trkpt lat="45.776303" lon="3.089923"><ele>387</ele></trkpt>
   <trkpt lat="45.776305" lon="3.090061"><ele>386.5</ele></trkpt>
   <trkpt lat="45.776306" lon="3.090177"><ele>386.25</ele></trkpt>
   <trkpt lat="45.776303" lon="3.090292"><ele>385.75</ele></trkpt>
   <trkpt lat="45.776302" lon="3.09031"><ele>385.75</ele></trkpt>
   <trkpt lat="45.776302" lon="3.09034"><ele>385.75</ele></trkpt>
   <trkpt lat="45.776302" lon="3.090394"><ele>385.5</ele></trkpt>
   <trkpt lat="45.776299" lon="3.090793"><ele>383.75</ele></trkpt>
   <trkpt lat="45.776296" lon="3.09112"><ele>382.5</ele></trkpt>
   <trkpt lat="45.776287" lon="3.091356"><ele>381</ele></trkpt>
   <trkpt lat="45.776284" lon="3.091447"><ele>380.5</ele></trkpt>
   <trkpt lat="45.776281" lon="3.091578"><ele>379.75</ele></trkpt>
   <trkpt lat="45.776261" lon="3.093427"><ele>372.5</ele></trkpt>
   <trkpt lat="45.776248" lon="3.094384"><ele>370</ele></trkpt>
   <trkpt lat="45.776249" lon="3.094504"><ele>369.75</ele></trkpt>
   <trkpt lat="45.776233" lon="3.095766"><ele>365.5</ele></trkpt>
   <trkpt lat="45.77623" lon="3.095827"><ele>365.25</ele></trkpt>
   <trkpt lat="45.77623" lon="3.095864"><ele>365.25</ele></trkpt>
   <trkpt lat="45.776227" lon="3.095914"><ele>365</ele></trkpt>
   <trkpt lat="45.776289" lon="3.095916"><ele>365.25</ele></trkpt>
   <trkpt lat="45.776343" lon="3.095995"><ele>365.25</ele></trkpt>
   <trkpt lat="45.777033" lon="3.096108"><ele>364.25</ele></trkpt>
   <trkpt lat="45.777073" lon="3.096109"><ele>364.25</ele></trkpt>
   <trkpt lat="45.777179" lon="3.096088"><ele>364.75</ele></trkpt>
   <trkpt lat="45.777217" lon="3.09608"><ele>364.75</ele></trkpt>
   <trkpt lat="45.777307" lon="3.096087"><ele>365</ele></trkpt>
   <trkpt lat="45.777394" lon="3.096096"><ele>365</ele></trkpt>
   <trkpt lat="45.777393" lon="3.096211"><ele>364.75</ele></trkpt>
   <trkpt lat="45.777388" lon="3.096438"><ele>364.25</ele></trkpt>
   <trkpt lat="45.777414" lon="3.096578"><ele>364</ele></trkpt>
   <trkpt lat="45.777454" lon="3.096696"><ele>363.75</ele></trkpt>
   <trkpt lat="45.777508" lon="3.096827"><ele>363.25</ele></trkpt>
   <trkpt lat="45.777682" lon="3.09719"><ele>363</ele></trkpt>
   <trkpt lat="45.777761" lon="3.097349"><ele>362.5</ele></trkpt>
   <trkpt lat="45.778235" lon="3.098273"><ele>360.25</ele></trkpt>
   <trkpt lat="45.778586" lon="3.098951"><ele>358.75</ele></trkpt>
   <trkpt lat="45.778672" lon="3.099115"><ele>359</ele></trkpt>
   <trkpt lat="45.778716" lon="3.0992"><ele>358.75</ele></trkpt>
   <trkpt lat="45.778742" lon="3.099255"><ele>358.75</ele></trkpt>
   <trkpt lat="45.778942" lon="3.09968"><ele>358</ele></trkpt>
   <trkpt lat="45.778955" lon="3.099709"><ele>358</ele></trkpt>
   <trkpt lat="45.778966" lon="3.099789"><ele>358</ele></trkpt>
   <trkpt lat="45.778982" lon="3.099831"><ele>358</ele></trkpt>
   <trkpt lat="45.779061" lon="3.099985"><ele>358</ele></trkpt>
   <trkpt lat="45.779131" lon="3.100059"><ele>358</ele></trkpt>
   <trkpt lat="45.779222" lon="3.100228"><ele>358</ele></trkpt>
   <trkpt lat="45.779386" lon="3.100561"><ele>358</ele></trkpt>
   <trkpt lat="45.779472" lon="3.100704"><ele>358</ele></trkpt>
   <trkpt lat="45.779508" lon="3.10077"><ele>358</ele></trkpt>
   <trkpt lat="45.779563" lon="3.100863"><ele>358</ele></trkpt>
   <trkpt lat="45.77975" lon="3.101228"><ele>358</ele></trkpt>
   <trkpt lat="45.779956" lon="3.101642"><ele>358</ele></trkpt>
   <trkpt lat="45.779906" lon="3.10169"><ele>358</ele></trkpt>
   <trkpt lat="45.779835" lon="3.101554"><ele>358</ele></trkpt>
   <trkpt lat="45.779771" lon="3.101426"><ele>358</ele></trkpt>
  </trkseg>
 </trk>
</gpx>