<?xml version="1.0" encoding="UTF-8"?>
<!-- track-length = 64578 filtered ascend = 1261 plain-ascend = 10 cost=137024 energy=0.5kwh time=4h 48m 35s -->
<gpx 
 xmlns="http://www.topografix.com/GPX/1/1" 
 xmlns:xsi="http://www.w3.org/2001/XMLSchema-instance" 
 xsi:schemaLocation="http://www.topografix.com/GPX/1/1 http://www.topografix.com/GPX/1/1/gpx.xsd" 
 version="1.1" 
 creator="BRouter-Web 0.18.1">
 <trk>
  <name>route aydat</name>
  <trkseg>
   <trkpt lat="45.779763" lon="3.102671"><ele>357.5</ele></trkpt>
   <trkpt lat="45.779096" lon="3.10134"><ele>358</ele></trkpt>
   <trkpt lat="45.778791" lon="3.10076"><ele>358</ele></trkpt>
   <trkpt lat="45.778816" lon="3.100732"><ele>358</ele></trkpt>
   <trkpt lat="45.778842" lon="3.100704"><ele>358</ele></trkpt>
   <trkpt lat="45.77883" lon="3.100681"><ele>358</ele></trkpt>
   <trkpt lat="45.778821" lon="3.100663"><ele>358</ele></trkpt>
   <trkpt lat="45.77881" lon="3.100642"><ele>358</ele></trkpt>
   <trkpt lat="45.778913" lon="3.100531"><ele>358</ele></trkpt>
   <trkpt lat="45.778947" lon="3.100503"><ele>358</ele></trkpt>
   <trkpt lat="45.779016" lon="3.100436"><ele>358</ele></trkpt>
   <trkpt lat="45.779048" lon="3.100404"><ele>358</ele></trkpt>
   <trkpt lat="45.779128" lon="3.100321"><ele>358</ele></trkpt>
   <trkpt lat="45.779195" lon="3.100254"><ele>358</ele></trkpt>
   <trkpt lat="45.779222" lon="3.100228"><ele>358</ele></trkpt>
   <trkpt lat="45.779131" lon="3.100059"><ele>358</ele></trkpt>
   <trkpt lat="45.779061" lon="3.099985"><ele>358</ele></trkpt>
   <trkpt lat="45.778982" lon="3.099831"><ele>358</ele></trkpt>
   <trkpt lat="45.778966" lon="3.099789"><ele>358</ele></trkpt>
   <trkpt lat="45.778955" lon="3.099709"><ele>358</ele></trkpt>
   <trkpt lat="45.778942" lon="3.09968"><ele>358</ele></trkpt>
   <trkpt lat="45.778742" lon="3.099255"><ele>358.75</ele></trkpt>
   <trkpt lat="45.778716" lon="3.0992"><ele>358.75</ele></trkpt>
   <trkpt lat="45.778672" lon="3.099115"><ele>359</ele></trkpt>
   <trkpt lat="45.778586" lon="3.098951"><ele>358.75</ele></trkpt>
   <trkpt lat="45.778235" lon="3.098273"><ele>360.25</ele></trkpt>
   <trkpt lat="45.777761" lon="3.097349"><ele>362.5</ele></trkpt>
   <trkpt lat="45.777682" lon="3.09719"><ele>363</ele></trkpt>
   <trkpt lat="45.777508" lon="3.096827"><ele>363.25</ele></trkpt>
   <trkpt lat="45.777454" lon="3.096696"><ele>363.75</ele></trkpt>
   <trkpt lat="45.777414" lon="3.096578"><ele>364</ele></trkpt>
   <trkpt lat="45.777388" lon="3.096438"><ele>364.25</ele></trkpt>
   <trkpt lat="45.777393" lon="3.096211"><ele>364.75</ele></trkpt>
   <trkpt lat="45.777394" lon="3.096096"><ele>365</ele></trkpt>
   <trkpt lat="45.777307" lon="3.096087"><ele>365</ele></trkpt>
   <trkpt lat="45.777217" lon="3.09608"><ele>364.75</ele></trkpt>
   <trkpt lat="45.777179" lon="3.096088"><ele>364.75</ele></trkpt>
   <trkpt lat="45.777073" lon="3.096109"><ele>364.25</ele></trkpt>
   <trkpt lat="45.777033" lon="3.096108"><ele>364.25</ele></trkpt>
   <trkpt lat="45.776343" lon="3.095995"><ele>365.25</ele></trkpt>
   <trkpt lat="45.776289" lon="3.095916"><ele>365.25</ele></trkpt>
   <trkpt lat="45.776227" lon="3.095914"><ele>365</ele></trkpt>
   <trkpt lat="45.776123" lon="3.095907"><ele>364.75</ele></trkpt>
   <trkpt lat="45.776052" lon="3.095943"><ele>364.5</ele></trkpt>
   <trkpt lat="45.776002" lon="3.095947"><ele>364.75</ele></trkpt>
   <trkpt lat="45.775696" lon="3.095918"><ele>365</ele></trkpt>
   <trkpt lat="45.775588" lon="3.095899"><ele>365</ele></trkpt>
   <trkpt lat="45.775582" lon="3.095898"><ele>365</ele></trkpt>
   <trkpt lat="45.775492" lon="3.09588"><ele>365</ele></trkpt>
   <trkpt lat="45.77538" lon="3.095807"><ele>365</ele></trkpt>
   <trkpt lat="45.775281" lon="3.095711"><ele>365.25</ele></trkpt>
   <trkpt lat="45.775216" lon="3.095624"><ele>365.75</ele></trkpt>
   <trkpt lat="45.775196" lon="3.095646"><ele>365.75</ele></trkpt>
   <trkpt lat="45.775144" lon="3.095686"><ele>365.75</ele></trkpt>
   <trkpt lat="45.775029" lon="3.095727"><ele>365.75</ele></trkpt>
   <trkpt lat="45.774888" lon="3.095675"><ele>366.25</ele></trkpt>
   <trkpt lat="45.774876" lon="3.095671"><ele>366.25</ele></trkpt>
   <trkpt lat="45.774029" lon="3.095399"><ele>368.75</ele></trkpt>
   <trkpt lat="45.773878" lon="3.095351"><ele>368.75</ele></trkpt>
   <trkpt lat="45.773807" lon="3.095329"><ele>368.75</ele></trkpt>
   <trkpt lat="45.773575" lon="3.09525"><ele>369</ele></trkpt>
   <trkpt lat="45.773273" lon="3.095146"><ele>369.5</ele></trkpt>
   <trkpt lat="45.773244" lon="3.095114"><ele>369.25</ele></trkpt>
   <trkpt lat="45.773202" lon="3.09507"><ele>369.5</ele></trkpt>
   <trkpt lat="45.773147" lon="3.095041"><ele>369.5</ele></trkpt>
   <trkpt lat="45.773094" lon="3.095046"><ele>369.25</ele></trkpt>
   <trkpt lat="45.773062" lon="3.095039"><ele>369.25</ele></trkpt>
   <trkpt lat="45.773002" lon="3.09499"><ele>369.5</ele></trkpt>
   <trkpt lat="45.772172" lon="3.094039"><ele>371.5</ele></trkpt>
   <trkpt lat="45.772017" lon="3.093861"><ele>371.75</ele></trkpt>
   <trkpt lat="45.771938" lon="3.093785"><ele>372</ele></trkpt>
   <trkpt lat="45.771899" lon="3.093825"><ele>372</ele></trkpt>
   <trkpt lat="45.771853" lon="3.093874"><ele>372.25</ele></trkpt>
   <trkpt lat="45.771774" lon="3.093956"><ele>372.75</ele></trkpt>
   <trkpt lat="45.771762" lon="3.093968"><ele>372.75</ele></trkpt>
   <trkpt lat="45.77153" lon="3.094184"><ele>373.75</ele></trkpt>
   <trkpt lat="45.77147" lon="3.094157"><ele>374</ele></trkpt>
   <trkpt lat="45.771275" lon="3.094263"><ele>374.75</ele></trkpt>
   <trkpt lat="45.771237" lon="3.094341"><ele>375</ele></trkpt>
   <trkpt lat="45.77114" lon="3.094385"><ele>375</ele></trkpt>
   <trkpt lat="45.77106" lon="3.094421"><ele>376</ele></trkpt>
   <trkpt lat="45.770971" lon="3.094461"><ele>377</ele></trkpt>
   <trkpt lat="45.770868" lon="3.094507"><ele>378.25</ele></trkpt>
   <trkpt lat="45.770737" lon="3.094566"><ele>379</ele></trkpt>
   <trkpt lat="45.769935" lon="3.094926"><ele>383.5</ele></trkpt>
   <trkpt lat="45.769798" lon="3.094973"><ele>384.25</ele></trkpt>
   <trkpt lat="45.769718" lon="3.094927"><ele>384</ele></trkpt>
   <trkpt lat="45.769633" lon="3.09493"><ele>384.75</ele></trkpt>
   <trkpt lat="45.769524" lon="3.094911"><ele>385.25</ele></trkpt>
   <trkpt lat="45.769433" lon="3.09488"><ele>385.75</ele></trkpt>
   <trkpt lat="45.76913" lon="3.094739"><ele>387.5</ele></trkpt>
   <trkpt lat="45.769073" lon="3.094775"><ele>388.75</ele></trkpt>
   <trkpt lat="45.768965" lon="3.094769"><ele>389.5</ele></trkpt>
   <trkpt lat="45.768878" lon="3.094787"><ele>390.25</ele></trkpt>
   <trkpt lat="45.768811" lon="3.094814"><ele>390.5</ele></trkpt>
   <trkpt lat="45.768643" lon="3.09494"><ele>391.5</ele></trkpt>
   <trkpt lat="45.76838" lon="3.095157"><ele>393.75</ele></trkpt>
   <trkpt lat="45.768278" lon="3.095254"><ele>395</ele></trkpt>
   <trkpt lat="45.768142" lon="3.095373"><ele>396</ele></trkpt>
   <trkpt lat="45.768073" lon="3.095437"><ele>396.5</ele></trkpt>
   <trkpt lat="45.767875" lon="3.095593"><ele>397</ele></trkpt>
   <trkpt lat="45.767709" lon="3.095701"><ele>397.75</ele></trkpt>
   <trkpt lat="45.767512" lon="3.095811"><ele>398</ele></trkpt>
   <trkpt lat="45.767266" lon="3.095923"><ele>399.5</ele></trkpt>
   <trkpt lat="45.766829" lon="3.096037"><ele>401.25</ele></trkpt>
   <trkpt lat="45.766737" lon="3.096062"><ele>401</ele></trkpt>
   <trkpt lat="45.766622" lon="3.096091"><ele>401</ele></trkpt>
   <trkpt lat="45.766434" lon="3.096133"><ele>401.75</ele></trkpt>
   <trkpt lat="45.766291" lon="3.096162"><ele>402</ele></trkpt>
   <trkpt lat="45.766189" lon="3.0962"><ele>402</ele></trkpt>
   <trkpt lat="45.766015" lon="3.096306"><ele>401.75</ele></trkpt>
   <trkpt lat="45.765724" lon="3.096508"><ele>401</ele></trkpt>
   <trkpt lat="45.765572" lon="3.096648"><ele>400</ele></trkpt>
   <trkpt lat="45.765512" lon="3.096715"><ele>400</ele></trkpt>
   <trkpt lat="45.765463" lon="3.096775"><ele>400.25</ele></trkpt>
   <trkpt lat="45.764692" lon="3.097721"><ele>397</ele></trkpt>
   <trkpt lat="45.764629" lon="3.09779"><ele>396.75</ele></trkpt>
   <trkpt lat="45.764573" lon="3.097842"><ele>396.75</ele></trkpt>
   <trkpt lat="45.764484" lon="3.097923"><ele>396.75</ele></trkpt>
   <trkpt lat="45.764265" lon="3.098125"><ele>396.5</ele></trkpt>
   <trkpt lat="45.763948" lon="3.098411"><ele>395.75</ele></trkpt>
   <trkpt lat="45.763846" lon="3.098502"><ele>396</ele></trkpt>
   <trkpt lat="45.763654" lon="3.098676"><ele>395.75</ele></trkpt>
   <trkpt lat="45.763541" lon="3.098769"><ele>395.5</ele></trkpt>
   <trkpt lat="45.763247" lon="3.099038"><ele>396</ele></trkpt>
   <trkpt lat="45.76323" lon="3.099052"><ele>396</ele></trkpt>
   <trkpt lat="45.763184" lon="3.099095"><ele>396</ele></trkpt>
   <trkpt lat="45.763123" lon="3.099151"><ele>396</ele></trkpt>
   <trkpt lat="45.763098" lon="3.099173"><ele>396</ele></trkpt>
   <trkpt lat="45.763042" lon="3.099225"><ele>396</ele></trkpt>
   <trkpt lat="45.762982" lon="3.099276"><ele>396</ele></trkpt>
   <trkpt lat="45.762962" lon="3.099293"><ele>396</ele></trkpt>
   <trkpt lat="45.762929" lon="3.099322"><ele>396</ele></trkpt>
   <trkpt lat="45.762654" lon="3.099571"><ele>396.25</ele></trkpt>
   <trkpt lat="45.762569" lon="3.099637"><ele>395.75</ele></trkpt>
   <trkpt lat="45.762469" lon="3.099706"><ele>395</ele></trkpt>
   <trkpt lat="45.762349" lon="3.099774"><ele>395</ele></trkpt>
   <trkpt lat="45.762129" lon="3.099886"><ele>395</ele></trkpt>
   <trkpt lat="45.762085" lon="3.099908"><ele>395</ele></trkpt>
   <trkpt lat="45.761527" lon="3.100183"><ele>394.5</ele></trkpt>
   <trkpt lat="45.761497" lon="3.100199"><ele>394.5</ele></trkpt>
   <trkpt lat="45.761417" lon="3.10024"><ele>394.75</ele></trkpt>
   <trkpt lat="45.761326" lon="3.100287"><ele>394.75</ele></trkpt>
   <trkpt lat="45.761296" lon="3.100303"><ele>394.75</ele></trkpt>
   <trkpt lat="45.761215" lon="3.10034"><ele>394.75</ele></trkpt>
   <trkpt lat="45.761073" lon="3.100414"><ele>394.75</ele></trkpt>
   <trkpt lat="45.761038" lon="3.100433"><ele>394.75</ele></trkpt>
   <trkpt lat="45.761009" lon="3.100451"><ele>394.75</ele></trkpt>
   <trkpt lat="45.760908" lon="3.100505"><ele>394.25</ele></trkpt>
   <trkpt lat="45.760567" lon="3.100679"><ele>394.5</ele></trkpt>
   <trkpt lat="45.760171" lon="3.100882"><ele>394.75</ele></trkpt>
   <trkpt lat="45.759596" lon="3.101184"><ele>395.25</ele></trkpt>
   <trkpt lat="45.759327" lon="3.101304"><ele>396</ele></trkpt>
   <trkpt lat="45.759241" lon="3.101347"><ele>396.5</ele></trkpt>
   <trkpt lat="45.759131" lon="3.101378"><ele>396.75</ele></trkpt>
   <trkpt lat="45.759047" lon="3.101398"><ele>396.75</ele></trkpt>
   <trkpt lat="45.758987" lon="3.101412"><ele>397</ele></trkpt>
   <trkpt lat="45.758953" lon="3.101394"><ele>397</ele></trkpt>
   <trkpt lat="45.758915" lon="3.101388"><ele>396.75</ele></trkpt>
   <trkpt lat="45.758876" lon="3.101398"><ele>397</ele></trkpt>
   <trkpt lat="45.758841" lon="3.101423"><ele>397</ele></trkpt>
   <trkpt lat="45.758809" lon="3.101465"><ele>397.25</ele></trkpt>
   <trkpt lat="45.758787" lon="3.101521"><ele>397.25</ele></trkpt>
   <trkpt lat="45.758779" lon="3.101582"><ele>397.5</ele></trkpt>
   <trkpt lat="45.758683" lon="3.101668"><ele>397.75</ele></trkpt>
   <trkpt lat="45.758526" lon="3.101849"><ele>398.25</ele></trkpt>
   <trkpt lat="45.758304" lon="3.102054"><ele>400</ele></trkpt>
   <trkpt lat="45.758043" lon="3.102296"><ele>402</ele></trkpt>
   <trkpt lat="45.757772" lon="3.102547"><ele>404</ele></trkpt>
   <trkpt lat="45.7574" lon="3.102888"><ele>407.25</ele></trkpt>
   <trkpt lat="45.757197" lon="3.103084"><ele>408.5</ele></trkpt>
   <trkpt lat="45.757052" lon="3.103213"><ele>410</ele></trkpt>
   <trkpt lat="45.756931" lon="3.103308"><ele>409.25</ele></trkpt>
   <trkpt lat="45.756871" lon="3.103356"><ele>409.75</ele></trkpt>
   <trkpt lat="45.756717" lon="3.103436"><ele>411.25</ele></trkpt>
   <trkpt lat="45.756355" lon="3.103624"><ele>412</ele></trkpt>
   <trkpt lat="45.755984" lon="3.103822"><ele>413</ele></trkpt>
   <trkpt lat="45.755878" lon="3.103878"><ele>413</ele></trkpt>
   <trkpt lat="45.75578" lon="3.103931"><ele>413</ele></trkpt>
   <trkpt lat="45.755684" lon="3.103979"><ele>413.25</ele></trkpt>
   <trkpt lat="45.755598" lon="3.104025"><ele>413.25</ele></trkpt>
   <trkpt lat="45.75546" lon="3.104097"><ele>413.25</ele></trkpt>
   <trkpt lat="45.75522" lon="3.104222"><ele>413.25</ele></trkpt>
   <trkpt lat="45.755121" lon="3.104273"><ele>413.5</ele></trkpt>
   <trkpt lat="45.755022" lon="3.104324"><ele>413.25</ele></trkpt>
   <trkpt lat="45.754972" lon="3.104352"><ele>413.25</ele></trkpt>
   <trkpt lat="45.754886" lon="3.104399"><ele>412.75</ele></trkpt>
   <trkpt lat="45.754668" lon="3.104511"><ele>411.75</ele></trkpt>
   <trkpt lat="45.754553" lon="3.104553"><ele>411.25</ele></trkpt>
   <trkpt lat="45.754442" lon="3.104583"><ele>410.5</ele></trkpt>
   <trkpt lat="45.754337" lon="3.104565"><ele>411</ele></trkpt>
   <trkpt lat="45.754243" lon="3.104574"><ele>411.25</ele></trkpt>
   <trkpt lat="45.754208" lon="3.104609"><ele>410.75</ele></trkpt>
   <trkpt lat="45.754155" lon="3.104613"><ele>410.75</ele></trkpt>
   <trkpt lat="45.754036" lon="3.10463"><ele>409.5</ele></trkpt>
   <trkpt lat="45.753972" lon="3.104642"><ele>408.75</ele></trkpt>
   <trkpt lat="45.753924" lon="3.104619"><ele>408.75</ele></trkpt>
   <trkpt lat="45.753879" lon="3.104638"><ele>408</ele></trkpt>
   <trkpt lat="45.753701" lon="3.104636"><ele>408.25</ele></trkpt>
   <trkpt lat="45.753465" lon="3.104581"><ele>408.25</ele></trkpt>
   <trkpt lat="45.753366" lon="3.104539"><ele>408.25</ele></trkpt>
   <trkpt lat="45.75326" lon="3.104555"><ele>407.75</ele></trkpt>
   <trkpt lat="45.753211" lon="3.104583"><ele>407.5</ele></trkpt>
   <trkpt lat="45.753085" lon="3.104696"><ele>407</ele></trkpt>
   <trkpt lat="45.753012" lon="3.10478"><ele>406.75</ele></trkpt>
   <trkpt lat="45.752713" lon="3.105222"><ele>404</ele></trkpt>
   <trkpt lat="45.752527" lon="3.105468"><ele>403.25</ele></trkpt>
   <trkpt lat="45.752425" lon="3.10558"><ele>402.5</ele></trkpt>
   <trkpt lat="45.752327" lon="3.10566"><ele>401.5</ele></trkpt>
   <trkpt lat="45.752052" lon="3.105812"><ele>399.5</ele></trkpt>
   <trkpt lat="45.751998" lon="3.105863"><ele>398.75</ele></trkpt>
   <trkpt lat="45.75197" lon="3.10588"><ele>398.75</ele></trkpt>
   <trkpt lat="45.751898" lon="3.105884"><ele>398.25</ele></trkpt>
   <trkpt lat="45.751851" lon="3.105911"><ele>398</ele></trkpt>
   <trkpt lat="45.751786" lon="3.105958"><ele>397.25</ele></trkpt>
   <trkpt lat="45.751698" lon="3.106015"><ele>396</ele></trkpt>
   <trkpt lat="45.751614" lon="3.106037"><ele>395.25</ele></trkpt>
   <trkpt lat="45.751421" lon="3.106133"><ele>393</ele></trkpt>
   <trkpt lat="45.751362" lon="3.106173"><ele>392.5</ele></trkpt>
   <trkpt lat="45.7513" lon="3.106248"><ele>391.75</ele></trkpt>
   <trkpt lat="45.751276" lon="3.106265"><ele>391.5</ele></trkpt>
   <trkpt lat="45.751219" lon="3.106264"><ele>391.5</ele></trkpt>
   <trkpt lat="45.751181" lon="3.106275"><ele>391.25</ele></trkpt>
   <trkpt lat="45.751043" lon="3.106338"><ele>390.25</ele></trkpt>
   <trkpt lat="45.750926" lon="3.106378"><ele>389.25</ele></trkpt>
   <trkpt lat="45.750599" lon="3.106471"><ele>388.25</ele></trkpt>
   <trkpt lat="45.750551" lon="3.106482"><ele>388.25</ele></trkpt>
   <trkpt lat="45.750512" lon="3.106491"><ele>388</ele></trkpt>
   <trkpt lat="45.750508" lon="3.106459"><ele>388.25</ele></trkpt>
   <trkpt lat="45.750497" lon="3.10643"><ele>388.5</ele></trkpt>
   <trkpt lat="45.750461" lon="3.106391"><ele>388.5</ele></trkpt>
   <trkpt lat="45.750436" lon="3.106383"><ele>388.5</ele></trkpt>
   <trkpt lat="45.75041" lon="3.106387"><ele>388.25</ele></trkpt>
   <trkpt lat="45.750387" lon="3.106403"><ele>388.25</ele></trkpt>
   <trkpt lat="45.75037" lon="3.106426"><ele>388</ele></trkpt>
   <trkpt lat="45.750353" lon="3.106488"><ele>387.75</ele></trkpt>
   <trkpt lat="45.750353" lon="3.1065"><ele>387.75</ele></trkpt>
   <trkpt lat="45.75028" lon="3.106547"><ele>387.25</ele></trkpt>
   <trkpt lat="45.750227" lon="3.106582"><ele>387</ele></trkpt>
   <trkpt lat="45.750118" lon="3.106653"><ele>386.25</ele></trkpt>
   <trkpt lat="45.749621" lon="3.1069"><ele>385</ele></trkpt>
   <trkpt lat="45.749259" lon="3.107091"><ele>385</ele></trkpt>
   <trkpt lat="45.749126" lon="3.107198"><ele>385</ele></trkpt>
   <trkpt lat="45.748889" lon="3.107417"><ele>384.25</ele></trkpt>
   <trkpt lat="45.748816" lon="3.107502"><ele>384</ele></trkpt>
   <trkpt lat="45.748826" lon="3.107587"><ele>384</ele></trkpt>
   <trkpt lat="45.748882" lon="3.108036"><ele>383</ele></trkpt>
   <trkpt lat="45.7489" lon="3.10813"><ele>382.5</ele></trkpt>
   <trkpt lat="45.748932" lon="3.108314"><ele>382</ele></trkpt>
   <trkpt lat="45.748986" lon="3.108453"><ele>382.25</ele></trkpt>
   <trkpt lat="45.749092" lon="3.108685"><ele>382.5</ele></trkpt>
   <trkpt lat="45.749189" lon="3.109035"><ele>381.5</ele></trkpt>
   <trkpt lat="45.74927" lon="3.109286"><ele>380.75</ele></trkpt>
   <trkpt lat="45.749318" lon="3.109451"><ele>380.5</ele></trkpt>
   <trkpt lat="45.749352" lon="3.109458"><ele>380.5</ele></trkpt>
   <trkpt lat="45.749493" lon="3.109506"><ele>381</ele></trkpt>
   <trkpt lat="45.749503" lon="3.109686"><ele>381</ele></trkpt>
   <trkpt lat="45.74958" lon="3.110446"><ele>380</ele></trkpt>
   <trkpt lat="45.749579" lon="3.110517"><ele>380</ele></trkpt>
   <trkpt lat="45.74957" lon="3.111065"><ele>379</ele></trkpt>
   <trkpt lat="45.74957" lon="3.111147"><ele>378.75</ele></trkpt>
   <trkpt lat="45.749578" lon="3.111305"><ele>378.5</ele></trkpt>
   <trkpt lat="45.749608" lon="3.111611"><ele>378.5</ele></trkpt>
   <trkpt lat="45.749575" lon="3.111747"><ele>378.5</ele></trkpt>
   <trkpt lat="45.749492" lon="3.111938"><ele>378.75</ele></trkpt>
   <trkpt lat="45.749577" lon="3.112075"><ele>379</ele></trkpt>
   <trkpt lat="45.749645" lon="3.112193"><ele>379</ele></trkpt>
   <trkpt lat="45.74978" lon="3.112429"><ele>378</ele></trkpt>
   <trkpt lat="45.749814" lon="3.112535"><ele>377.5</ele></trkpt>
   <trkpt lat="45.749947" lon="3.112757"><ele>376.25</ele></trkpt>
   <trkpt lat="45.750011" lon="3.112816"><ele>375.75</ele></trkpt>
   <trkpt lat="45.750066" lon="3.112906"><ele>376</ele></trkpt>
   <trkpt lat="45.750131" lon="3.112998"><ele>376</ele></trkpt>
   <trkpt lat="45.750275" lon="3.113201"><ele>375.25</ele></trkpt>
   <trkpt lat="45.750365" lon="3.11339"><ele>375</ele></trkpt>
   <trkpt lat="45.750398" lon="3.113513"><ele>375</ele></trkpt>
   <trkpt lat="45.750418" lon="3.11363"><ele>375</ele></trkpt>
   <trkpt lat="45.75043" lon="3.113768"><ele>375</ele></trkpt>
   <trkpt lat="45.750434" lon="3.113856"><ele>375</ele></trkpt>
   <trkpt lat="45.750444" lon="3.114006"><ele>374.5</ele></trkpt>
   <trkpt lat="45.750462" lon="3.11413"><ele>374.25</ele></trkpt>
   <trkpt lat="45.750497" lon="3.114255"><ele>374</ele></trkpt>
   <trkpt lat="45.750551" lon="3.114376"><ele>374</ele></trkpt>
   <trkpt lat="45.750623" lon="3.114506"><ele>373.75</ele></trkpt>
   <trkpt lat="45.750709" lon="3.114642"><ele>373.5</ele></trkpt>
   <trkpt lat="45.750928" lon="3.11493"><ele>373.25</ele></trkpt>
   <trkpt lat="45.751004" lon="3.114753"><ele>373.75</ele></trkpt>
   <trkpt lat="45.75106" lon="3.114651"><ele>374</ele></trkpt>
   <trkpt lat="45.751196" lon="3.114505"><ele>373.75</ele></trkpt>
   <trkpt lat="45.751271" lon="3.114454"><ele>374</ele></trkpt>
   <trkpt lat="45.751196" lon="3.114505"><ele>373.75</ele></trkpt>
   <trkpt lat="45.75106" lon="3.114651"><ele>374</ele></trkpt>
   <trkpt lat="45.751004" lon="3.114753"><ele>373.75</ele></trkpt>
   <trkpt lat="45.750928" lon="3.11493"><ele>373.25</ele></trkpt>
   <trkpt lat="45.750709" lon="3.114642"><ele>373.5</ele></trkpt>
   <trkpt lat="45.750623" lon="3.114506"><ele>373.75</ele></trkpt>
   <trkpt lat="45.750551" lon="3.114376"><ele>374</ele></trkpt>
   <trkpt lat="45.750497" lon="3.114255"><ele>374</ele></trkpt>
   <trkpt lat="45.750462" lon="3.11413"><ele>374.25</ele></trkpt>
   <trkpt lat="45.750444" lon="3.114006"><ele>374.5</ele></trkpt>
   <trkpt lat="45.750434" lon="3.113856"><ele>375</ele></trkpt>
   <trkpt lat="45.75043" lon="3.113768"><ele>375</ele></trkpt>
   <trkpt lat="45.750418" lon="3.11363"><ele>375</ele></trkpt>
   <trkpt lat="45.750398" lon="3.113513"><ele>375</ele></trkpt>
   <trkpt lat="45.750365" lon="3.11339"><ele>375</ele></trkpt>
   <trkpt lat="45.750275" lon="3.113201"><ele>375.25</ele></trkpt>
   <trkpt lat="45.750131" lon="3.112998"><ele>376</ele></trkpt>
   <trkpt lat="45.750066" lon="3.112906"><ele>376</ele></trkpt>
   <trkpt lat="45.750011" lon="3.112816"><ele>375.75</ele></trkpt>
   <trkpt lat="45.749971" lon="3.112723"><ele>376.25</ele></trkpt>
   <trkpt lat="45.749851" lon="3.112473"><ele>377.5</ele></trkpt>
   <trkpt lat="45.74978" lon="3.112429"><ele>378</ele></trkpt>
   <trkpt lat="45.749645" lon="3.112193"><ele>379</ele></trkpt>
   <trkpt lat="45.749577" lon="3.112075"><ele>379</ele></trkpt>
   <trkpt lat="45.749492" lon="3.111938"><ele>378.75</ele></trkpt>
   <trkpt lat="45.749472" lon="3.111858"><ele>378.5</ele></trkpt>
   <trkpt lat="45.749433" lon="3.11183"><ele>378.5</ele></trkpt>
   <trkpt lat="45.749361" lon="3.111821"><ele>378.5</ele></trkpt>
   <trkpt lat="45.749262" lon="3.111742"><ele>378.5</ele></trkpt>
   <trkpt lat="45.749205" lon="3.1117"><ele>378.75</ele></trkpt>
   <trkpt lat="45.749153" lon="3.111638"><ele>379</ele></trkpt>
   <trkpt lat="45.74902" lon="3.111411"><ele>379.5</ele></trkpt>
   <trkpt lat="45.74878" lon="3.111025"><ele>380.5</ele></trkpt>
   <trkpt lat="45.748728" lon="3.110941"><ele>380.75</ele></trkpt>
   <trkpt lat="45.748698" lon="3.110895"><ele>380.75</ele></trkpt>
   <trkpt lat="45.748512" lon="3.110596"><ele>381.5</ele></trkpt>
   <trkpt lat="45.748437" lon="3.110475"><ele>382</ele></trkpt>
   <trkpt lat="45.748364" lon="3.110368"><ele>382</ele></trkpt>
   <trkpt lat="45.748247" lon="3.110211"><ele>382.75</ele></trkpt>
   <trkpt lat="45.74816" lon="3.110113"><ele>383.5</ele></trkpt>
   <trkpt lat="45.748065" lon="3.110022"><ele>383.75</ele></trkpt>
   <trkpt lat="45.747519" lon="3.109621"><ele>386.25</ele></trkpt>
   <trkpt lat="45.747439" lon="3.109568"><ele>386.5</ele></trkpt>
   <trkpt lat="45.747405" lon="3.109545"><ele>386.75</ele></trkpt>
   <trkpt lat="45.747335" lon="3.109499"><ele>386.75</ele></trkpt>
   <trkpt lat="45.747214" lon="3.109396"><ele>387.25</ele></trkpt>
   <trkpt lat="45.747033" lon="3.109277"><ele>388.5</ele></trkpt>
   <trkpt lat="45.746976" lon="3.109169"><ele>388.75</ele></trkpt>
   <trkpt lat="45.746933" lon="3.109089"><ele>389</ele></trkpt>
   <trkpt lat="45.74687" lon="3.109144"><ele>389</ele></trkpt>
   <trkpt lat="45.746827" lon="3.109128"><ele>389</ele></trkpt>
   <trkpt lat="45.746766" lon="3.109155"><ele>389</ele></trkpt>
   <trkpt lat="45.746702" lon="3.109247"><ele>389</ele></trkpt>
   <trkpt lat="45.746534" lon="3.109313"><ele>389.25</ele></trkpt>
   <trkpt lat="45.74642" lon="3.109357"><ele>389.75</ele></trkpt>
   <trkpt lat="45.746344" lon="3.109368"><ele>390</ele></trkpt>
   <trkpt lat="45.746289" lon="3.10932"><ele>390.25</ele></trkpt>
   <trkpt lat="45.746189" lon="3.109308"><ele>390.5</ele></trkpt>
   <trkpt lat="45.746124" lon="3.109267"><ele>390.75</ele></trkpt>
   <trkpt lat="45.746034" lon="3.10922"><ele>391.25</ele></trkpt>
   <trkpt lat="45.745983" lon="3.109209"><ele>391.25</ele></trkpt>
   <trkpt lat="45.74576" lon="3.109006"><ele>392.25</ele></trkpt>
   <trkpt lat="45.745595" lon="3.108841"><ele>393</ele></trkpt>
   <trkpt lat="45.745405" lon="3.108658"><ele>393.75</ele></trkpt>
   <trkpt lat="45.745324" lon="3.108596"><ele>394</ele></trkpt>
   <trkpt lat="45.745192" lon="3.10852"><ele>394.5</ele></trkpt>
   <trkpt lat="45.744923" lon="3.10842"><ele>395.75</ele></trkpt>
   <trkpt lat="45.744695" lon="3.108335"><ele>396</ele></trkpt>
   <trkpt lat="45.744537" lon="3.108276"><ele>396.75</ele></trkpt>
   <trkpt lat="45.744348" lon="3.108185"><ele>398</ele></trkpt>
   <trkpt lat="45.744158" lon="3.108078"><ele>399</ele></trkpt>
   <trkpt lat="45.743925" lon="3.107884"><ele>399.75</ele></trkpt>
   <trkpt lat="45.743734" lon="3.107698"><ele>401</ele></trkpt>
   <trkpt lat="45.743627" lon="3.107578"><ele>401.75</ele></trkpt>
   <trkpt lat="45.743565" lon="3.107509"><ele>402.5</ele></trkpt>
   <trkpt lat="45.74351" lon="3.107444"><ele>402.75</ele></trkpt>
   <trkpt lat="45.743258" lon="3.107147"><ele>403.75</ele></trkpt>
   <trkpt lat="45.743139" lon="3.107048"><ele>404.75</ele></trkpt>
   <trkpt lat="45.74297" lon="3.106926"><ele>405.5</ele></trkpt>
   <trkpt lat="45.742842" lon="3.106845"><ele>405.75</ele></trkpt>
   <trkpt lat="45.742732" lon="3.106795"><ele>406</ele></trkpt>
   <trkpt lat="45.742622" lon="3.106761"><ele>406.25</ele></trkpt>
   <trkpt lat="45.742526" lon="3.106747"><ele>406.5</ele></trkpt>
   <trkpt lat="45.742434" lon="3.106747"><ele>406.75</ele></trkpt>
   <trkpt lat="45.742307" lon="3.106763"><ele>407.25</ele></trkpt>
   <trkpt lat="45.741998" lon="3.106836"><ele>409.25</ele></trkpt>
   <trkpt lat="45.741738" lon="3.106908"><ele>408.75</ele></trkpt>
   <trkpt lat="45.741505" lon="3.106943"><ele>408.75</ele></trkpt>
   <trkpt lat="45.741381" lon="3.106949"><ele>409</ele></trkpt>
   <trkpt lat="45.741248" lon="3.106948"><ele>409.5</ele></trkpt>
   <trkpt lat="45.741112" lon="3.106932"><ele>409.75</ele></trkpt>
   <trkpt lat="45.740876" lon="3.10688"><ele>410.5</ele></trkpt>
   <trkpt lat="45.740673" lon="3.106825"><ele>411.5</ele></trkpt>
   <trkpt lat="45.74043" lon="3.106738"><ele>412.75</ele></trkpt>
   <trkpt lat="45.740261" lon="3.10666"><ele>413</ele></trkpt>
   <trkpt lat="45.739917" lon="3.106497"><ele>414.5</ele></trkpt>
   <trkpt lat="45.739765" lon="3.106421"><ele>414.75</ele></trkpt>
   <trkpt lat="45.739713" lon="3.106394"><ele>415</ele></trkpt>
   <trkpt lat="45.739532" lon="3.106298"><ele>415.5</ele></trkpt>
   <trkpt lat="45.73944" lon="3.106251"><ele>416</ele></trkpt>
   <trkpt lat="45.73931" lon="3.106177"><ele>416.25</ele></trkpt>
   <trkpt lat="45.739181" lon="3.106108"><ele>416.75</ele></trkpt>
   <trkpt lat="45.73906" lon="3.106029"><ele>416.75</ele></trkpt>
   <trkpt lat="45.738966" lon="3.105967"><ele>417</ele></trkpt>
   <trkpt lat="45.738751" lon="3.105779"><ele>417.75</ele></trkpt>
   <trkpt lat="45.738517" lon="3.105539"><ele>418.75</ele></trkpt>
   <trkpt lat="45.738346" lon="3.105351"><ele>419.5</ele></trkpt>
   <trkpt lat="45.738241" lon="3.105218"><ele>420.25</ele></trkpt>
   <trkpt lat="45.738199" lon="3.105164"><ele>420.25</ele></trkpt>
   <trkpt lat="45.738182" lon="3.105094"><ele>420.5</ele></trkpt>
   <trkpt lat="45.738123" lon="3.104999"><ele>420.75</ele></trkpt>
   <trkpt lat="45.738014" lon="3.104803"><ele>421</ele></trkpt>
   <trkpt lat="45.737954" lon="3.104758"><ele>421.25</ele></trkpt>
   <trkpt lat="45.737911" lon="3.104672"><ele>421.5</ele></trkpt>
   <trkpt lat="45.737868" lon="3.104585"><ele>421.5</ele></trkpt>
   <trkpt lat="45.737712" lon="3.104269"><ele>422.25</ele></trkpt>
   <trkpt lat="45.737629" lon="3.104098"><ele>422.5</ele></trkpt>
   <trkpt lat="45.737521" lon="3.10388"><ele>423</ele></trkpt>
   <trkpt lat="45.73734" lon="3.103559"><ele>424.5</ele></trkpt>
   <trkpt lat="45.737151" lon="3.103226"><ele>425.25</ele></trkpt>
   <trkpt lat="45.737101" lon="3.103144"><ele>425.5</ele></trkpt>
   <trkpt lat="45.736824" lon="3.102687"><ele>427.75</ele></trkpt>
   <trkpt lat="45.736671" lon="3.102437"><ele>429</ele></trkpt>
   <trkpt lat="45.736609" lon="3.102241"><ele>430</ele></trkpt>
   <trkpt lat="45.73659" lon="3.102147"><ele>430.25</ele></trkpt>
   <trkpt lat="45.73662" lon="3.102094"><ele>430</ele></trkpt>
   <trkpt lat="45.736637" lon="3.102031"><ele>430</ele></trkpt>
   <trkpt lat="45.736641" lon="3.10196"><ele>430</ele></trkpt>
   <trkpt lat="45.73663" lon="3.10189"><ele>430.25</ele></trkpt>
   <trkpt lat="45.736604" lon="3.101829"><ele>430.75</ele></trkpt>
   <trkpt lat="45.736562" lon="3.101778"><ele>431</ele></trkpt>
   <trkpt lat="45.736511" lon="3.101751"><ele>431.25</ele></trkpt>
   <trkpt lat="45.736456" lon="3.101749"><ele>431.5</ele></trkpt>
   <trkpt lat="45.736405" lon="3.101773"><ele>431.75</ele></trkpt>
   <trkpt lat="45.736362" lon="3.10182"><ele>432</ele></trkpt>
   <trkpt lat="45.736333" lon="3.101884"><ele>432</ele></trkpt>
   <trkpt lat="45.73632" lon="3.101957"><ele>432</ele></trkpt>
   <trkpt lat="45.736255" lon="3.102008"><ele>432.25</ele></trkpt>
   <trkpt lat="45.73618" lon="3.102013"><ele>432.5</ele></trkpt>
   <trkpt lat="45.736114" lon="3.102035"><ele>432.5</ele></trkpt>
   <trkpt lat="45.736043" lon="3.102015"><ele>433</ele></trkpt>
   <trkpt lat="45.73593" lon="3.101997"><ele>433.5</ele></trkpt>
   <trkpt lat="45.735773" lon="3.101987"><ele>434.25</ele></trkpt>
   <trkpt lat="45.735594" lon="3.102012"><ele>435.5</ele></trkpt>
   <trkpt lat="45.735422" lon="3.102049"><ele>436.25</ele></trkpt>
   <trkpt lat="45.735141" lon="3.102109"><ele>437.75</ele></trkpt>
   <trkpt lat="45.734937" lon="3.10216"><ele>439.25</ele></trkpt>
   <trkpt lat="45.734834" lon="3.102176"><ele>440</ele></trkpt>
   <trkpt lat="45.734758" lon="3.102214"><ele>440.5</ele></trkpt>
   <trkpt lat="45.734727" lon="3.102189"><ele>440.75</ele></trkpt>
   <trkpt lat="45.734692" lon="3.102183"><ele>440.75</ele></trkpt>
   <trkpt lat="45.734657" lon="3.102195"><ele>441</ele></trkpt>
   <trkpt lat="45.734541" lon="3.102188"><ele>441.5</ele></trkpt>
   <trkpt lat="45.734459" lon="3.102195"><ele>441.75</ele></trkpt>
   <trkpt lat="45.734309" lon="3.102152"><ele>442.75</ele></trkpt>
   <trkpt lat="45.734117" lon="3.102067"><ele>444.25</ele></trkpt>
   <trkpt lat="45.734023" lon="3.102026"><ele>444.75</ele></trkpt>
   <trkpt lat="45.73395" lon="3.101986"><ele>445.25</ele></trkpt>
   <trkpt lat="45.733415" lon="3.101688"><ele>448.75</ele></trkpt>
   <trkpt lat="45.73311" lon="3.101518"><ele>451</ele></trkpt>
   <trkpt lat="45.732771" lon="3.101254"><ele>453</ele></trkpt>
   <trkpt lat="45.732469" lon="3.101049"><ele>454</ele></trkpt>
   <trkpt lat="45.732274" lon="3.100909"><ele>455</ele></trkpt>
   <trkpt lat="45.731959" lon="3.100714"><ele>456.25</ele></trkpt>
   <trkpt lat="45.731841" lon="3.100644"><ele>456.5</ele></trkpt>
   <trkpt lat="45.731681" lon="3.100549"><ele>456.75</ele></trkpt>
   <trkpt lat="45.731617" lon="3.100498"><ele>457</ele></trkpt>
   <trkpt lat="45.73146" lon="3.100367"><ele>457.75</ele></trkpt>
   <trkpt lat="45.731338" lon="3.100221"><ele>458</ele></trkpt>
   <trkpt lat="45.731301" lon="3.100039"><ele>457.5</ele></trkpt>
   <trkpt lat="45.731318" lon="3.100011"><ele>457.5</ele></trkpt>
   <trkpt lat="45.731329" lon="3.099941"><ele>457.25</ele></trkpt>
   <trkpt lat="45.731314" lon="3.099887"><ele>457.25</ele></trkpt>
   <trkpt lat="45.731282" lon="3.099852"><ele>457.5</ele></trkpt>
   <trkpt lat="45.731237" lon="3.099846"><ele>457.75</ele></trkpt>
   <trkpt lat="45.731201" lon="3.099872"><ele>458</ele></trkpt>
   <trkpt lat="45.731179" lon="3.09992"><ele>458.25</ele></trkpt>
   <trkpt lat="45.731122" lon="3.09992"><ele>458.5</ele></trkpt>
   <trkpt lat="45.730915" lon="3.09992"><ele>460</ele></trkpt>
   <trkpt lat="45.730752" lon="3.099933"><ele>461</ele></trkpt>
   <trkpt lat="45.730708" lon="3.099937"><ele>461.25</ele></trkpt>
   <trkpt lat="45.730462" lon="3.099969"><ele>462.25</ele></trkpt>
   <trkpt lat="45.729997" lon="3.100055"><ele>465</ele></trkpt>
   <trkpt lat="45.729831" lon="3.100082"><ele>466.25</ele></trkpt>
   <trkpt lat="45.729721" lon="3.10006"><ele>467</ele></trkpt>
   <trkpt lat="45.729647" lon="3.100081"><ele>467.75</ele></trkpt>
   <trkpt lat="45.729561" lon="3.10014"><ele>468.25</ele></trkpt>
   <trkpt lat="45.729414" lon="3.100213"><ele>469</ele></trkpt>
   <trkpt lat="45.729367" lon="3.100112"><ele>469.5</ele></trkpt>
   <trkpt lat="45.729285" lon="3.09999"><ele>470</ele></trkpt>
   <trkpt lat="45.729257" lon="3.099942"><ele>470</ele></trkpt>
   <trkpt lat="45.729141" lon="3.099824"><ele>470.5</ele></trkpt>
   <trkpt lat="45.72903" lon="3.099735"><ele>471</ele></trkpt>
   <trkpt lat="45.728966" lon="3.099674"><ele>471.25</ele></trkpt>
   <trkpt lat="45.728913" lon="3.099623"><ele>471.75</ele></trkpt>
   <trkpt lat="45.728815" lon="3.099448"><ele>472.75</ele></trkpt>
   <trkpt lat="45.728763" lon="3.099299"><ele>473.25</ele></trkpt>
   <trkpt lat="45.728653" lon="3.098991"><ele>474.25</ele></trkpt>
   <trkpt lat="45.728599" lon="3.098495"><ele>475</ele></trkpt>
   <trkpt lat="45.728556" lon="3.098371"><ele>475.5</ele></trkpt>
   <trkpt lat="45.728386" lon="3.098419"><ele>477.5</ele></trkpt>
   <trkpt lat="45.728316" lon="3.09844"><ele>478.5</ele></trkpt>
   <trkpt lat="45.728195" lon="3.098478"><ele>480</ele></trkpt>
   <trkpt lat="45.728094" lon="3.098513"><ele>482.75</ele></trkpt>
   <trkpt lat="45.72791" lon="3.098578"><ele>482.75</ele></trkpt>
   <trkpt lat="45.727936" lon="3.098783"><ele>483.25</ele></trkpt>
   <trkpt lat="45.727921" lon="3.09883"><ele>483.75</ele></trkpt>
   <trkpt lat="45.727788" lon="3.098898"><ele>484.75</ele></trkpt>
   <trkpt lat="45.727624" lon="3.099016"><ele>486.5</ele></trkpt>
   <trkpt lat="45.727592" lon="3.099015"><ele>487</ele></trkpt>
   <trkpt lat="45.727561" lon="3.099013"><ele>487.25</ele></trkpt>
   <trkpt lat="45.727494" lon="3.099043"><ele>488</ele></trkpt>
   <trkpt lat="45.72741" lon="3.099102"><ele>489.5</ele></trkpt>
   <trkpt lat="45.727255" lon="3.099192"><ele>491.5</ele></trkpt>
   <trkpt lat="45.727155" lon="3.099201"><ele>492.75</ele></trkpt>
   <trkpt lat="45.727022" lon="3.09928"><ele>494.75</ele></trkpt>
   <trkpt lat="45.726721" lon="3.099459"><ele>499</ele></trkpt>
   <trkpt lat="45.726646" lon="3.099498"><ele>499.5</ele></trkpt>
   <trkpt lat="45.726565" lon="3.099523"><ele>500.75</ele></trkpt>
   <trkpt lat="45.726527" lon="3.099548"><ele>501.25</ele></trkpt>
   <trkpt lat="45.726457" lon="3.09951"><ele>502.5</ele></trkpt>
   <trkpt lat="45.726277" lon="3.099413"><ele>505.25</ele></trkpt>
   <trkpt lat="45.726155" lon="3.09935"><ele>507</ele></trkpt>
   <trkpt lat="45.726032" lon="3.099268"><ele>509.25</ele></trkpt>
   <trkpt lat="45.725917" lon="3.099165"><ele>511</ele></trkpt>
   <trkpt lat="45.725533" lon="3.098934"><ele>519.25</ele></trkpt>
   <trkpt lat="45.725349" lon="3.098793"><ele>523.75</ele></trkpt>
   <trkpt lat="45.725221" lon="3.098684"><ele>526.25</ele></trkpt>
   <trkpt lat="45.724969" lon="3.098559"><ele>528.5</ele></trkpt>
   <trkpt lat="45.724907" lon="3.098697"><ele>528.5</ele></trkpt>
   <trkpt lat="45.724782" lon="3.098744"><ele>528.5</ele></trkpt>
   <trkpt lat="45.724628" lon="3.098879"><ele>530.75</ele></trkpt>
   <trkpt lat="45.724352" lon="3.099097"><ele>532.75</ele></trkpt>
   <trkpt lat="45.724266" lon="3.099134"><ele>533.25</ele></trkpt>
   <trkpt lat="45.724157" lon="3.099123"><ele>533.75</ele></trkpt>
   <trkpt lat="45.724076" lon="3.099074"><ele>534</ele></trkpt>
   <trkpt lat="45.724007" lon="3.098961"><ele>534.5</ele></trkpt>
   <trkpt lat="45.723967" lon="3.098849"><ele>535</ele></trkpt>
   <trkpt lat="45.723947" lon="3.098723"><ele>536.25</ele></trkpt>
   <trkpt lat="45.723974" lon="3.098469"><ele>538.25</ele></trkpt>
   <trkpt lat="45.723983" lon="3.098284"><ele>539.5</ele></trkpt>
   <trkpt lat="45.723973" lon="3.098125"><ele>540</ele></trkpt>
   <trkpt lat="45.723895" lon="3.097943"><ele>541.5</ele></trkpt>
   <trkpt lat="45.723833" lon="3.097876"><ele>542.75</ele></trkpt>
   <trkpt lat="45.723743" lon="3.097815"><ele>543.75</ele></trkpt>
   <trkpt lat="45.723645" lon="3.097803"><ele>544.5</ele></trkpt>
   <trkpt lat="45.723509" lon="3.097816"><ele>545.5</ele></trkpt>
   <trkpt lat="45.723402" lon="3.097826"><ele>546.5</ele></trkpt>
   <trkpt lat="45.72306" lon="3.097859"><ele>548.5</ele></trkpt>
   <trkpt lat="45.722934" lon="3.097842"><ele>549.75</ele></trkpt>
   <trkpt lat="45.722817" lon="3.097808"><ele>551.25</ele></trkpt>
   <trkpt lat="45.722661" lon="3.097716"><ele>552.5</ele></trkpt>
   <trkpt lat="45.722543" lon="3.097601"><ele>553.25</ele></trkpt>
   <trkpt lat="45.722413" lon="3.097385"><ele>554.75</ele></trkpt>
   <trkpt lat="45.722343" lon="3.097221"><ele>555.75</ele></trkpt>
   <trkpt lat="45.72228" lon="3.096975"><ele>557</ele></trkpt>
   <trkpt lat="45.72222" lon="3.096418"><ele>559.75</ele></trkpt>
   <trkpt lat="45.722161" lon="3.096165"><ele>561.75</ele></trkpt>
   <trkpt lat="45.72207" lon="3.095991"><ele>563</ele></trkpt>
   <trkpt lat="45.721906" lon="3.095815"><ele>564.25</ele></trkpt>
   <trkpt lat="45.721561" lon="3.095475"><ele>566.5</ele></trkpt>
   <trkpt lat="45.72145" lon="3.095314"><ele>568</ele></trkpt>
   <trkpt lat="45.721376" lon="3.095161"><ele>569.5</ele></trkpt>
   <trkpt lat="45.721334" lon="3.095051"><ele>570.25</ele></trkpt>
   <trkpt lat="45.721299" lon="3.094967"><ele>571</ele></trkpt>
   <trkpt lat="45.721182" lon="3.094687"><ele>573.5</ele></trkpt>
   <trkpt lat="45.721093" lon="3.094514"><ele>574</ele></trkpt>
   <trkpt lat="45.721021" lon="3.094404"><ele>575</ele></trkpt>
   <trkpt lat="45.720793" lon="3.094118"><ele>577.5</ele></trkpt>
   <trkpt lat="45.720725" lon="3.094032"><ele>578.25</ele></trkpt>
   <trkpt lat="45.720641" lon="3.093928"><ele>579</ele></trkpt>
   <trkpt lat="45.720494" lon="3.093745"><ele>581.25</ele></trkpt>
   <trkpt lat="45.720309" lon="3.093561"><ele>582.5</ele></trkpt>
   <trkpt lat="45.72013" lon="3.093431"><ele>583.75</ele></trkpt>
   <trkpt lat="45.719906" lon="3.093307"><ele>585.75</ele></trkpt>
   <trkpt lat="45.719655" lon="3.093183"><ele>588</ele></trkpt>
   <trkpt lat="45.719419" lon="3.093041"><ele>590</ele></trkpt>
   <trkpt lat="45.719301" lon="3.092928"><ele>591</ele></trkpt>
   <trkpt lat="45.71923" lon="3.092835"><ele>591.5</ele></trkpt>
   <trkpt lat="45.719129" lon="3.09263"><ele>592.5</ele></trkpt>
   <trkpt lat="45.719047" lon="3.092397"><ele>593.75</ele></trkpt>
   <trkpt lat="45.718956" lon="3.092121"><ele>595.25</ele></trkpt>
   <trkpt lat="45.718882" lon="3.09196"><ele>597</ele></trkpt>
   <trkpt lat="45.71878" lon="3.091825"><ele>597.25</ele></trkpt>
   <trkpt lat="45.718387" lon="3.091462"><ele>600.75</ele></trkpt>
   <trkpt lat="45.718175" lon="3.091297"><ele>602.75</ele></trkpt>
   <trkpt lat="45.718062" lon="3.09122"><ele>604.25</ele></trkpt>
   <trkpt lat="45.717946" lon="3.091176"><ele>604.5</ele></trkpt>
   <trkpt lat="45.717834" lon="3.091158"><ele>605</ele></trkpt>
   <trkpt lat="45.7177" lon="3.091155"><ele>605.75</ele></trkpt>
   <trkpt lat="45.717327" lon="3.091231"><ele>608.25</ele></trkpt>
   <trkpt lat="45.717032" lon="3.091274"><ele>610.25</ele></trkpt>
   <trkpt lat="45.716524" lon="3.091267"><ele>612.75</ele></trkpt>
   <trkpt lat="45.716389" lon="3.091227"><ele>613.75</ele></trkpt>
   <trkpt lat="45.716293" lon="3.091183"><ele>615</ele></trkpt>
   <trkpt lat="45.716188" lon="3.091117"><ele>616</ele></trkpt>
   <trkpt lat="45.716065" lon="3.090999"><ele>617.25</ele></trkpt>
   <trkpt lat="45.715795" lon="3.090622"><ele>619.75</ele></trkpt>
   <trkpt lat="45.71565" lon="3.090436"><ele>622</ele></trkpt>
   <trkpt lat="45.715263" lon="3.090044"><ele>625.25</ele></trkpt>
   <trkpt lat="45.715163" lon="3.089907"><ele>626.5</ele></trkpt>
   <trkpt lat="45.714906" lon="3.089398"><ele>630.25</ele></trkpt>
   <trkpt lat="45.714752" lon="3.089151"><ele>631.5</ele></trkpt>
   <trkpt lat="45.714585" lon="3.088926"><ele>633.75</ele></trkpt>
   <trkpt lat="45.714437" lon="3.088749"><ele>635.5</ele></trkpt>
   <trkpt lat="45.714292" lon="3.088609"><ele>636.5</ele></trkpt>
   <trkpt lat="45.714139" lon="3.088532"><ele>638.25</ele></trkpt>
   <trkpt lat="45.713983" lon="3.088475"><ele>639.75</ele></trkpt>
   <trkpt lat="45.713839" lon="3.088462"><ele>641.5</ele></trkpt>
   <trkpt lat="45.713685" lon="3.088483"><ele>643.5</ele></trkpt>
   <trkpt lat="45.713509" lon="3.088546"><ele>645.25</ele></trkpt>
   <trkpt lat="45.712856" lon="3.088827"><ele>652.25</ele></trkpt>
   <trkpt lat="45.712585" lon="3.088996"><ele>654.75</ele></trkpt>
   <trkpt lat="45.712506" lon="3.089081"><ele>655.5</ele></trkpt>
   <trkpt lat="45.712459" lon="3.089132"><ele>656</ele></trkpt>
   <trkpt lat="45.711879" lon="3.089781"><ele>658.75</ele></trkpt>
   <trkpt lat="45.711434" lon="3.090281"><ele>658.75</ele></trkpt>
   <trkpt lat="45.711222" lon="3.09046"><ele>659.25</ele></trkpt>
   <trkpt lat="45.711163" lon="3.090485"><ele>659.5</ele></trkpt>
   <trkpt lat="45.711104" lon="3.090511"><ele>659.75</ele></trkpt>
   <trkpt lat="45.711069" lon="3.090491"><ele>659.75</ele></trkpt>
   <trkpt lat="45.711033" lon="3.090484"><ele>659.75</ele></trkpt>
   <trkpt lat="45.710983" lon="3.090493"><ele>659.75</ele></trkpt>
   <trkpt lat="45.710938" lon="3.090525"><ele>659.75</ele></trkpt>
   <trkpt lat="45.710903" lon="3.090576"><ele>660</ele></trkpt>
   <trkpt lat="45.710885" lon="3.090624"><ele>660</ele></trkpt>
   <trkpt lat="45.710876" lon="3.090676"><ele>660.25</ele></trkpt>
   <trkpt lat="45.710744" lon="3.090821"><ele>660.5</ele></trkpt>
   <trkpt lat="45.710448" lon="3.091025"><ele>659.75</ele></trkpt>
   <trkpt lat="45.710182" lon="3.091171"><ele>659.25</ele></trkpt>
   <trkpt lat="45.708579" lon="3.091971"><ele>654</ele></trkpt>
   <trkpt lat="45.70814" lon="3.092212"><ele>650.5</ele></trkpt>
   <trkpt lat="45.708045" lon="3.092277"><ele>649.75</ele></trkpt>
   <trkpt lat="45.707974" lon="3.092326"><ele>649.25</ele></trkpt>
   <trkpt lat="45.70749" lon="3.09265"><ele>644.75</ele></trkpt>
   <trkpt lat="45.707344" lon="3.092723"><ele>643</ele></trkpt>
   <trkpt lat="45.707132" lon="3.092751"><ele>640</ele></trkpt>
   <trkpt lat="45.706946" lon="3.092748"><ele>638.25</ele></trkpt>
   <trkpt lat="45.706763" lon="3.092697"><ele>637</ele></trkpt>
   <trkpt lat="45.706272" lon="3.092465"><ele>631.75</ele></trkpt>
   <trkpt lat="45.706244" lon="3.092454"><ele>631.25</ele></trkpt>
   <trkpt lat="45.706009" lon="3.092361"><ele>629</ele></trkpt>
   <trkpt lat="45.705787" lon="3.092305"><ele>626.75</ele></trkpt>
   <trkpt lat="45.70536" lon="3.092249"><ele>623.25</ele></trkpt>
   <trkpt lat="45.705052" lon="3.092248"><ele>620.75</ele></trkpt>
   <trkpt lat="45.704201" lon="3.092344"><ele>615</ele></trkpt>
   <trkpt lat="45.703973" lon="3.092343"><ele>613</ele></trkpt>
   <trkpt lat="45.703761" lon="3.092275"><ele>611.25</ele></trkpt>
   <trkpt lat="45.703558" lon="3.092101"><ele>609.25</ele></trkpt>
   <trkpt lat="45.703283" lon="3.091784"><ele>606</ele></trkpt>
   <trkpt lat="45.70312" lon="3.091618"><ele>604.5</ele></trkpt>
   <trkpt lat="45.702982" lon="3.091521"><ele>603.25</ele></trkpt>
   <trkpt lat="45.702849" lon="3.091466"><ele>601.75</ele></trkpt>
   <trkpt lat="45.702712" lon="3.091467"><ele>600.5</ele></trkpt>
   <trkpt lat="45.702009" lon="3.091571"><ele>595</ele></trkpt>
   <trkpt lat="45.701033" lon="3.09145"><ele>586.25</ele></trkpt>
   <trkpt lat="45.700815" lon="3.09144"><ele>584</ele></trkpt>
   <trkpt lat="45.700595" lon="3.091485"><ele>582.75</ele></trkpt>
   <trkpt lat="45.700156" lon="3.091663"><ele>579</ele></trkpt>
   <trkpt lat="45.699873" lon="3.091739"><ele>576</ele></trkpt>
   <trkpt lat="45.699734" lon="3.091788"><ele>574.75</ele></trkpt>
   <trkpt lat="45.699648" lon="3.09183"><ele>573.5</ele></trkpt>
   <trkpt lat="45.699591" lon="3.091917"><ele>572.5</ele></trkpt>
   <trkpt lat="45.699574" lon="3.092002"><ele>571.75</ele></trkpt>
   <trkpt lat="45.699597" lon="3.09214"><ele>570.75</ele></trkpt>
   <trkpt lat="45.699647" lon="3.092223"><ele>570.25</ele></trkpt>
   <trkpt lat="45.699842" lon="3.092425"><ele>567.75</ele></trkpt>
   <trkpt lat="45.700013" lon="3.092678"><ele>566</ele></trkpt>
   <trkpt lat="45.700081" lon="3.092885"><ele>564.5</ele></trkpt>
   <trkpt lat="45.700113" lon="3.093157"><ele>562.75</ele></trkpt>
   <trkpt lat="45.700112" lon="3.093596"><ele>560.75</ele></trkpt>
   <trkpt lat="45.700081" lon="3.093814"><ele>560.25</ele></trkpt>
   <trkpt lat="45.700025" lon="3.093983"><ele>559.5</ele></trkpt>
   <trkpt lat="45.69994" lon="3.094073"><ele>559</ele></trkpt>
   <trkpt lat="45.699833" lon="3.094129"><ele>558.25</ele></trkpt>
   <trkpt lat="45.69972" lon="3.094163"><ele>557.75</ele></trkpt>
   <trkpt lat="45.698995" lon="3.0942"><ele>553.5</ele></trkpt>
   <trkpt lat="45.698621" lon="3.094163"><ele>552</ele></trkpt>
   <trkpt lat="45.698137" lon="3.094038"><ele>548.75</ele></trkpt>
   <trkpt lat="45.697912" lon="3.09399"><ele>547.25</ele></trkpt>
   <trkpt lat="45.697707" lon="3.093969"><ele>545.75</ele></trkpt>
   <trkpt lat="45.697511" lon="3.093994"><ele>545</ele></trkpt>
   <trkpt lat="45.697104" lon="3.09416"><ele>542</ele></trkpt>
   <trkpt lat="45.696375" lon="3.09442"><ele>536.75</ele></trkpt>
   <trkpt lat="45.696221" lon="3.094438"><ele>536.25</ele></trkpt>
   <trkpt lat="45.696103" lon="3.094438"><ele>535.75</ele></trkpt>
   <trkpt lat="45.695854" lon="3.094423"><ele>534</ele></trkpt>
   <trkpt lat="45.695476" lon="3.094321"><ele>532</ele></trkpt>
   <trkpt lat="45.695279" lon="3.094268"><ele>531</ele></trkpt>
   <trkpt lat="45.695249" lon="3.094246"><ele>530.75</ele></trkpt>
   <trkpt lat="45.695212" lon="3.09424"><ele>530.5</ele></trkpt>
   <trkpt lat="45.695148" lon="3.09423"><ele>530</ele></trkpt>
   <trkpt lat="45.694927" lon="3.094193"><ele>528.25</ele></trkpt>
   <trkpt lat="45.694285" lon="3.094128"><ele>523</ele></trkpt>
   <trkpt lat="45.694122" lon="3.094156"><ele>521.5</ele></trkpt>
   <trkpt lat="45.693921" lon="3.094191"><ele>519.5</ele></trkpt>
   <trkpt lat="45.693778" lon="3.094231"><ele>518.5</ele></trkpt>
   <trkpt lat="45.693487" lon="3.094312"><ele>515.75</ele></trkpt>
   <trkpt lat="45.693292" lon="3.094433"><ele>512.75</ele></trkpt>
   <trkpt lat="45.693124" lon="3.094632"><ele>511</ele></trkpt>
   <trkpt lat="45.693053" lon="3.094729"><ele>509.75</ele></trkpt>
   <trkpt lat="45.69298" lon="3.094785"><ele>509.25</ele></trkpt>
   <trkpt lat="45.692809" lon="3.094849"><ele>507.75</ele></trkpt>
   <trkpt lat="45.69278" lon="3.094861"><ele>506</ele></trkpt>
   <trkpt lat="45.692651" lon="3.09492"><ele>506</ele></trkpt>
   <trkpt lat="45.692549" lon="3.095011"><ele>504.5</ele></trkpt>
   <trkpt lat="45.692514" lon="3.095097"><ele>504</ele></trkpt>
   <trkpt lat="45.692498" lon="3.095188"><ele>503.75</ele></trkpt>
   <trkpt lat="45.692506" lon="3.095317"><ele>504</ele></trkpt>
   <trkpt lat="45.692528" lon="3.09549"><ele>504.75</ele></trkpt>
   <trkpt lat="45.692562" lon="3.095685"><ele>505.25</ele></trkpt>
   <trkpt lat="45.692605" lon="3.095776"><ele>505.25</ele></trkpt>
   <trkpt lat="45.692547" lon="3.095911"><ele>504.75</ele></trkpt>
   <trkpt lat="45.692417" lon="3.096015"><ele>504</ele></trkpt>
   <trkpt lat="45.692372" lon="3.096069"><ele>503.5</ele></trkpt>
   <trkpt lat="45.69237" lon="3.096193"><ele>503.5</ele></trkpt>
   <trkpt lat="45.692378" lon="3.096248"><ele>503.5</ele></trkpt>
   <trkpt lat="45.692428" lon="3.096608"><ele>502.25</ele></trkpt>
   <trkpt lat="45.692465" lon="3.096702"><ele>501.75</ele></trkpt>
   <trkpt lat="45.692573" lon="3.096782"><ele>501.75</ele></trkpt>
   <trkpt lat="45.692611" lon="3.096893"><ele>501.5</ele></trkpt>
   <trkpt lat="45.692662" lon="3.097067"><ele>501</ele></trkpt>
   <trkpt lat="45.692809" lon="3.097505"><ele>500</ele></trkpt>
   <trkpt lat="45.692876" lon="3.097915"><ele>499</ele></trkpt>
   <trkpt lat="45.692883" lon="3.097985"><ele>498.5</ele></trkpt>
   <trkpt lat="45.692891" lon="3.098117"><ele>498</ele></trkpt>
   <trkpt lat="45.692899" lon="3.098147"><ele>498</ele></trkpt>
   <trkpt lat="45.692963" lon="3.098496"><ele>497.5</ele></trkpt>
   <trkpt lat="45.693038" lon="3.098773"><ele>496.5</ele></trkpt>
   <trkpt lat="45.693153" lon="3.09905"><ele>496.25</ele></trkpt>
   <trkpt lat="45.693332" lon="3.099462"><ele>494.75</ele></trkpt>
   <trkpt lat="45.693444" lon="3.099653"><ele>494.25</ele></trkpt>
   <trkpt lat="45.693539" lon="3.099772"><ele>493.75</ele></trkpt>
   <trkpt lat="45.693592" lon="3.099838"><ele>493.5</ele></trkpt>
   <trkpt lat="45.693631" lon="3.100071"><ele>493</ele></trkpt>
   <trkpt lat="45.693645" lon="3.100328"><ele>492.75</ele></trkpt>
   <trkpt lat="45.693515" lon="3.100542"><ele>492.25</ele></trkpt>
   <trkpt lat="45.693322" lon="3.101191"><ele>486.25</ele></trkpt>
   <trkpt lat="45.693071" lon="3.101992"><ele>481.25</ele></trkpt>
   <trkpt lat="45.692973" lon="3.102245"><ele>478.75</ele></trkpt>
   <trkpt lat="45.692884" lon="3.102476"><ele>479.75</ele></trkpt>
   <trkpt lat="45.692788" lon="3.102765"><ele>481.5</ele></trkpt>
   <trkpt lat="45.692775" lon="3.102925"><ele>482.5</ele></trkpt>
   <trkpt lat="45.692772" lon="3.103089"><ele>483.25</ele></trkpt>
   <trkpt lat="45.692828" lon="3.103529"><ele>485.75</ele></trkpt>
   <trkpt lat="45.692914" lon="3.104053"><ele>489.25</ele></trkpt>
   <trkpt lat="45.693003" lon="3.104441"><ele>491.75</ele></trkpt>
   <trkpt lat="45.693143" lon="3.104928"><ele>494.25</ele></trkpt>
   <trkpt lat="45.693179" lon="3.105168"><ele>494.75</ele></trkpt>
   <trkpt lat="45.693153" lon="3.105346"><ele>495.5</ele></trkpt>
   <trkpt lat="45.693078" lon="3.105567"><ele>496.5</ele></trkpt>
   <trkpt lat="45.69273" lon="3.106323"><ele>501.75</ele></trkpt>
   <trkpt lat="45.691905" lon="3.10809"><ele>507</ele></trkpt>
   <trkpt lat="45.691666" lon="3.108653"><ele>507.75</ele></trkpt>
   <trkpt lat="45.691318" lon="3.109532"><ele>509</ele></trkpt>
   <trkpt lat="45.690912" lon="3.110611"><ele>511.5</ele></trkpt>
   <trkpt lat="45.690705" lon="3.111253"><ele>513.5</ele></trkpt>
   <trkpt lat="45.690544" lon="3.112155"><ele>517.25</ele></trkpt>
   <trkpt lat="45.69036" lon="3.113091"><ele>524.5</ele></trkpt>
   <trkpt lat="45.689757" lon="3.115423"><ele>530.25</ele></trkpt>
   <trkpt lat="45.689489" lon="3.116596"><ele>535.25</ele></trkpt>
   <trkpt lat="45.68943" lon="3.117034"><ele>536.25</ele></trkpt>
   <trkpt lat="45.689398" lon="3.117466"><ele>537.5</ele></trkpt>
   <trkpt lat="45.689361" lon="3.117861"><ele>537.75</ele></trkpt>
   <trkpt lat="45.689251" lon="3.118811"><ele>539</ele></trkpt>
   <trkpt lat="45.689214" lon="3.119089"><ele>539.5</ele></trkpt>
   <trkpt lat="45.689161" lon="3.119338"><ele>540</ele></trkpt>
   <trkpt lat="45.689113" lon="3.119495"><ele>540.25</ele></trkpt>
   <trkpt lat="45.688517" lon="3.121123"><ele>548.5</ele></trkpt>
   <trkpt lat="45.688346" lon="3.121732"><ele>550.75</ele></trkpt>
   <trkpt lat="45.68822" lon="3.12223"><ele>553</ele></trkpt>
   <trkpt lat="45.688137" lon="3.122512"><ele>554</ele></trkpt>
   <trkpt lat="45.688066" lon="3.122728"><ele>554.75</ele></trkpt>
   <trkpt lat="45.687979" lon="3.122913"><ele>555.25</ele></trkpt>
   <trkpt lat="45.687751" lon="3.123412"><ele>558</ele></trkpt>
   <trkpt lat="45.687608" lon="3.123706"><ele>559.25</ele></trkpt>
   <trkpt lat="45.687511" lon="3.12396"><ele>560.75</ele></trkpt>
   <trkpt lat="45.687415" lon="3.12423"><ele>563</ele></trkpt>
   <trkpt lat="45.687239" lon="3.124869"><ele>567</ele></trkpt>
   <trkpt lat="45.687172" lon="3.125094"><ele>569</ele></trkpt>
   <trkpt lat="45.687141" lon="3.125198"><ele>569.75</ele></trkpt>
   <trkpt lat="45.687118" lon="3.125332"><ele>570.25</ele></trkpt>
   <trkpt lat="45.687142" lon="3.126044"><ele>573.75</ele></trkpt>
   <trkpt lat="45.68677" lon="3.126142"><ele>576.25</ele></trkpt>
   <trkpt lat="45.686567" lon="3.126183"><ele>577.25</ele></trkpt>
   <trkpt lat="45.686238" lon="3.126253"><ele>580</ele></trkpt>
   <trkpt lat="45.686102" lon="3.126314"><ele>582</ele></trkpt>
   <trkpt lat="45.685984" lon="3.126344"><ele>584</ele></trkpt>
   <trkpt lat="45.685922" lon="3.126347"><ele>585.25</ele></trkpt>
   <trkpt lat="45.685764" lon="3.12632"><ele>587.5</ele></trkpt>
   <trkpt lat="45.685653" lon="3.126264"><ele>588.75</ele></trkpt>
   <trkpt lat="45.68556" lon="3.126311"><ele>590.25</ele></trkpt>
   <trkpt lat="45.685464" lon="3.126334"><ele>590.5</ele></trkpt>
   <trkpt lat="45.685156" lon="3.126352"><ele>588.5</ele></trkpt>
   <trkpt lat="45.685093" lon="3.126328"><ele>587.5</ele></trkpt>
   <trkpt lat="45.685047" lon="3.126238"><ele>586.5</ele></trkpt>
   <trkpt lat="45.685005" lon="3.126071"><ele>586</ele></trkpt>
   <trkpt lat="45.684721" lon="3.125805"><ele>584</ele></trkpt>
   <trkpt lat="45.684329" lon="3.125402"><ele>580.25</ele></trkpt>
   <trkpt lat="45.683926" lon="3.124915"><ele>576.75</ele></trkpt>
   <trkpt lat="45.683633" lon="3.124499"><ele>574.25</ele></trkpt>
   <trkpt lat="45.683572" lon="3.124442"><ele>573.25</ele></trkpt>
   <trkpt lat="45.683554" lon="3.124318"><ele>574</ele></trkpt>
   <trkpt lat="45.683392" lon="3.123956"><ele>573.75</ele></trkpt>
   <trkpt lat="45.683141" lon="3.123503"><ele>570</ele></trkpt>
   <trkpt lat="45.682843" lon="3.123126"><ele>565.25</ele></trkpt>
   <trkpt lat="45.682718" lon="3.123021"><ele>562.75</ele></trkpt>
   <trkpt lat="45.682704" lon="3.122928"><ele>562.5</ele></trkpt>
   <trkpt lat="45.682616" lon="3.122752"><ele>561</ele></trkpt>
   <trkpt lat="45.682487" lon="3.122494"><ele>559.5</ele></trkpt>
   <trkpt lat="45.681533" lon="3.121084"><ele>550.25</ele></trkpt>
   <trkpt lat="45.680753" lon="3.120193"><ele>543.75</ele></trkpt>
   <trkpt lat="45.680283" lon="3.119514"><ele>542.5</ele></trkpt>
   <trkpt lat="45.679706" lon="3.118073"><ele>543.5</ele></trkpt>
   <trkpt lat="45.679047" lon="3.118095"><ele>535</ele></trkpt>
   <trkpt lat="45.677787" lon="3.117719"><ele>520.5</ele></trkpt>
   <trkpt lat="45.677683" lon="3.117512"><ele>520</ele></trkpt>
   <trkpt lat="45.677345" lon="3.117134"><ele>515</ele></trkpt>
   <trkpt lat="45.677236" lon="3.117102"><ele>513</ele></trkpt>
   <trkpt lat="45.677127" lon="3.117269"><ele>512</ele></trkpt>
   <trkpt lat="45.677057" lon="3.117269"><ele>511.25</ele></trkpt>
   <trkpt lat="45.677098" lon="3.11689"><ele>511.5</ele></trkpt>
   <trkpt lat="45.677226" lon="3.115231"><ele>512</ele></trkpt>
   <trkpt lat="45.677198" lon="3.114329"><ele>512</ele></trkpt>
   <trkpt lat="45.677115" lon="3.113497"><ele>510.5</ele></trkpt>
   <trkpt lat="45.677022" lon="3.112918"><ele>514.25</ele></trkpt>
   <trkpt lat="45.676893" lon="3.112352"><ele>516.25</ele></trkpt>
   <trkpt lat="45.676702" lon="3.111712"><ele>517</ele></trkpt>
   <trkpt lat="45.676499" lon="3.111142"><ele>517</ele></trkpt>
   <trkpt lat="45.676434" lon="3.111001"><ele>517.25</ele></trkpt>
   <trkpt lat="45.676059" lon="3.110199"><ele>518</ele></trkpt>
   <trkpt lat="45.676001" lon="3.110106"><ele>518</ele></trkpt>
   <trkpt lat="45.675472" lon="3.109256"><ele>520</ele></trkpt>
   <trkpt lat="45.673975" lon="3.106851"><ele>521.5</ele></trkpt>
   <trkpt lat="45.673866" lon="3.106613"><ele>521</ele></trkpt>
   <trkpt lat="45.673776" lon="3.106338"><ele>522</ele></trkpt>
   <trkpt lat="45.673691" lon="3.106037"><ele>521</ele></trkpt>
   <trkpt lat="45.673649" lon="3.105659"><ele>519</ele></trkpt>
   <trkpt lat="45.673643" lon="3.105291"><ele>517.75</ele></trkpt>
   <trkpt lat="45.67366" lon="3.1049"><ele>516.75</ele></trkpt>
   <trkpt lat="45.673714" lon="3.104368"><ele>514.75</ele></trkpt>
   <trkpt lat="45.67372" lon="3.103808"><ele>512.75</ele></trkpt>
   <trkpt lat="45.673668" lon="3.103287"><ele>513.75</ele></trkpt>
   <trkpt lat="45.673554" lon="3.102775"><ele>511.75</ele></trkpt>
   <trkpt lat="45.67336" lon="3.102273"><ele>510.75</ele></trkpt>
   <trkpt lat="45.67236" lon="3.099994"><ele>503</ele></trkpt>
   <trkpt lat="45.672154" lon="3.099593"><ele>499.75</ele></trkpt>
   <trkpt lat="45.671964" lon="3.099337"><ele>497.25</ele></trkpt>
   <trkpt lat="45.671787" lon="3.099151"><ele>495.25</ele></trkpt>
   <trkpt lat="45.671562" lon="3.098982"><ele>493.5</ele></trkpt>
   <trkpt lat="45.671337" lon="3.098854"><ele>493.25</ele></trkpt>
   <trkpt lat="45.671165" lon="3.098782"><ele>492</ele></trkpt>
   <trkpt lat="45.67094" lon="3.098744"><ele>491.5</ele></trkpt>
   <trkpt lat="45.670578" lon="3.09872"><ele>491.25</ele></trkpt>
   <trkpt lat="45.670319" lon="3.098676"><ele>491.25</ele></trkpt>
   <trkpt lat="45.670032" lon="3.09858"><ele>492.25</ele></trkpt>
   <trkpt lat="45.669754" lon="3.098407"><ele>492</ele></trkpt>
   <trkpt lat="45.669511" lon="3.098197"><ele>492</ele></trkpt>
   <trkpt lat="45.669321" lon="3.097951"><ele>492.75</ele></trkpt>
   <trkpt lat="45.669142" lon="3.097634"><ele>494.25</ele></trkpt>
   <trkpt lat="45.669035" lon="3.097389"><ele>495</ele></trkpt>
   <trkpt lat="45.668962" lon="3.097185"><ele>495.25</ele></trkpt>
   <trkpt lat="45.668908" lon="3.097012"><ele>495</ele></trkpt>
   <trkpt lat="45.66884" lon="3.096663"><ele>494</ele></trkpt>
   <trkpt lat="45.66881" lon="3.096254"><ele>494</ele></trkpt>
   <trkpt lat="45.668821" lon="3.095845"><ele>494.5</ele></trkpt>
   <trkpt lat="45.668874" lon="3.0951"><ele>492.25</ele></trkpt>
   <trkpt lat="45.668905" lon="3.094546"><ele>490.5</ele></trkpt>
   <trkpt lat="45.668824" lon="3.094575"><ele>489.75</ele></trkpt>
   <trkpt lat="45.667791" lon="3.094593"><ele>480</ele></trkpt>
   <trkpt lat="45.667442" lon="3.094474"><ele>477.75</ele></trkpt>
   <trkpt lat="45.667071" lon="3.09413"><ele>475.75</ele></trkpt>
   <trkpt lat="45.666981" lon="3.094047"><ele>475.5</ele></trkpt>
   <trkpt lat="45.666855" lon="3.093967"><ele>476</ele></trkpt>
   <trkpt lat="45.666702" lon="3.093925"><ele>477.25</ele></trkpt>
   <trkpt lat="45.666564" lon="3.093949"><ele>478.75</ele></trkpt>
   <trkpt lat="45.666445" lon="3.094026"><ele>479.5</ele></trkpt>
   <trkpt lat="45.666139" lon="3.094341"><ele>482.5</ele></trkpt>
   <trkpt lat="45.665887" lon="3.094654"><ele>484.25</ele></trkpt>
   <trkpt lat="45.665667" lon="3.094985"><ele>486.75</ele></trkpt>
   <trkpt lat="45.665505" lon="3.095334"><ele>488.75</ele></trkpt>
   <trkpt lat="45.6654" lon="3.095575"><ele>490.5</ele></trkpt>
   <trkpt lat="45.665216" lon="3.095849"><ele>491.75</ele></trkpt>
   <trkpt lat="45.66512" lon="3.095919"><ele>493</ele></trkpt>
   <trkpt lat="45.664823" lon="3.096054"><ele>493</ele></trkpt>
   <trkpt lat="45.664653" lon="3.096175"><ele>492.25</ele></trkpt>
   <trkpt lat="45.664496" lon="3.096342"><ele>492.5</ele></trkpt>
   <trkpt lat="45.664097" lon="3.096987"><ele>491.75</ele></trkpt>
   <trkpt lat="45.664001" lon="3.097104"><ele>491.75</ele></trkpt>
   <trkpt lat="45.663936" lon="3.097185"><ele>491.75</ele></trkpt>
   <trkpt lat="45.66372" lon="3.097337"><ele>490.25</ele></trkpt>
   <trkpt lat="45.663434" lon="3.097523"><ele>489.75</ele></trkpt>
   <trkpt lat="45.663327" lon="3.097581"><ele>489.5</ele></trkpt>
   <trkpt lat="45.663307" lon="3.097554"><ele>489.75</ele></trkpt>
   <trkpt lat="45.663282" lon="3.097537"><ele>489.75</ele></trkpt>
   <trkpt lat="45.663254" lon="3.097534"><ele>489.75</ele></trkpt>
   <trkpt lat="45.663227" lon="3.097544"><ele>489.75</ele></trkpt>
   <trkpt lat="45.663204" lon="3.097567"><ele>489.75</ele></trkpt>
   <trkpt lat="45.663118" lon="3.097489"><ele>490</ele></trkpt>
   <trkpt lat="45.663069" lon="3.097383"><ele>490.25</ele></trkpt>
   <trkpt lat="45.662946" lon="3.097121"><ele>492</ele></trkpt>
   <trkpt lat="45.662879" lon="3.096917"><ele>492.75</ele></trkpt>
   <trkpt lat="45.662821" lon="3.096631"><ele>493.5</ele></trkpt>
   <trkpt lat="45.662781" lon="3.096085"><ele>496</ele></trkpt>
   <trkpt lat="45.662757" lon="3.095866"><ele>497.5</ele></trkpt>
   <trkpt lat="45.662705" lon="3.095605"><ele>496.75</ele></trkpt>
   <trkpt lat="45.66247" lon="3.094925"><ele>500</ele></trkpt>
   <trkpt lat="45.662192" lon="3.094161"><ele>501.5</ele></trkpt>
   <trkpt lat="45.66209" lon="3.093906"><ele>502.75</ele></trkpt>
   <trkpt lat="45.661999" lon="3.093763"><ele>503.25</ele></trkpt>
   <trkpt lat="45.661895" lon="3.093675"><ele>503.25</ele></trkpt>
   <trkpt lat="45.660744" lon="3.093092"><ele>507</ele></trkpt>
   <trkpt lat="45.660429" lon="3.092925"><ele>508.5</ele></trkpt>
   <trkpt lat="45.660286" lon="3.092818"><ele>507</ele></trkpt>
   <trkpt lat="45.660004" lon="3.092492"><ele>507.75</ele></trkpt>
   <trkpt lat="45.659914" lon="3.092367"><ele>506.5</ele></trkpt>
   <trkpt lat="45.659952" lon="3.092304"><ele>505.5</ele></trkpt>
   <trkpt lat="45.659987" lon="3.092262"><ele>503.75</ele></trkpt>
   <trkpt lat="45.659952" lon="3.092304"><ele>505.5</ele></trkpt>
   <trkpt lat="45.659914" lon="3.092367"><ele>506.5</ele></trkpt>
   <trkpt lat="45.659872" lon="3.092303"><ele>506.25</ele></trkpt>
   <trkpt lat="45.659822" lon="3.092173"><ele>505.75</ele></trkpt>
   <trkpt lat="45.659738" lon="3.091706"><ele>505.75</ele></trkpt>
   <trkpt lat="45.65968" lon="3.091382"><ele>507.5</ele></trkpt>
   <trkpt lat="45.659616" lon="3.09122"><ele>508.25</ele></trkpt>
   <trkpt lat="45.659524" lon="3.091044"><ele>508.25</ele></trkpt>
   <trkpt lat="45.659466" lon="3.090994"><ele>508.5</ele></trkpt>
   <trkpt lat="45.658646" lon="3.090443"><ele>512.5</ele></trkpt>
   <trkpt lat="45.657742" lon="3.08982"><ele>519</ele></trkpt>
   <trkpt lat="45.657667" lon="3.089766"><ele>519.25</ele></trkpt>
   <trkpt lat="45.657622" lon="3.089705"><ele>519.5</ele></trkpt>
   <trkpt lat="45.657569" lon="3.089628"><ele>519.5</ele></trkpt>
   <trkpt lat="45.656873" lon="3.08867"><ele>520.5</ele></trkpt>
   <trkpt lat="45.656794" lon="3.088408"><ele>520.75</ele></trkpt>
   <trkpt lat="45.656792" lon="3.088265"><ele>521</ele></trkpt>
   <trkpt lat="45.656795" lon="3.088203"><ele>521</ele></trkpt>
   <trkpt lat="45.656942" lon="3.087295"><ele>520</ele></trkpt>
   <trkpt lat="45.657101" lon="3.087143"><ele>519.25</ele></trkpt>
   <trkpt lat="45.657153" lon="3.087109"><ele>519.25</ele></trkpt>
   <trkpt lat="45.657518" lon="3.086868"><ele>521.25</ele></trkpt>
   <trkpt lat="45.657592" lon="3.086802"><ele>521.75</ele></trkpt>
   <trkpt lat="45.657612" lon="3.086673"><ele>522.25</ele></trkpt>
   <trkpt lat="45.657563" lon="3.08618"><ele>524.75</ele></trkpt>
   <trkpt lat="45.657586" lon="3.085973"><ele>525.25</ele></trkpt>
   <trkpt lat="45.657626" lon="3.085822"><ele>525.5</ele></trkpt>
   <trkpt lat="45.657728" lon="3.085655"><ele>525.5</ele></trkpt>
   <trkpt lat="45.65805" lon="3.085275"><ele>526.75</ele></trkpt>
   <trkpt lat="45.658074" lon="3.085166"><ele>527.25</ele></trkpt>
   <trkpt lat="45.65809" lon="3.08508"><ele>527.5</ele></trkpt>
   <trkpt lat="45.658208" lon="3.085069"><ele>527.5</ele></trkpt>
   <trkpt lat="45.658269" lon="3.085027"><ele>527.75</ele></trkpt>
   <trkpt lat="45.658387" lon="3.084928"><ele>528.25</ele></trkpt>
   <trkpt lat="45.658621" lon="3.084602"><ele>529.25</ele></trkpt>
   <trkpt lat="45.658805" lon="3.084277"><ele>530</ele></trkpt>
   <trkpt lat="45.65893" lon="3.083993"><ele>530.5</ele></trkpt>
   <trkpt lat="45.658964" lon="3.083916"><ele>530.75</ele></trkpt>
   <trkpt lat="45.659243" lon="3.083278"><ele>532.5</ele></trkpt>
   <trkpt lat="45.659347" lon="3.08303"><ele>534</ele></trkpt>
   <trkpt lat="45.659575" lon="3.082467"><ele>536.25</ele></trkpt>
   <trkpt lat="45.659656" lon="3.082268"><ele>536.75</ele></trkpt>
   <trkpt lat="45.659922" lon="3.081614"><ele>539.25</ele></trkpt>
   <trkpt lat="45.660006" lon="3.08136"><ele>541</ele></trkpt>
   <trkpt lat="45.660031" lon="3.081201"><ele>541.5</ele></trkpt>
   <trkpt lat="45.660043" lon="3.081032"><ele>542</ele></trkpt>
   <trkpt lat="45.660015" lon="3.080752"><ele>543</ele></trkpt>
   <trkpt lat="45.659965" lon="3.08041"><ele>544.75</ele></trkpt>
   <trkpt lat="45.659951" lon="3.080218"><ele>545.5</ele></trkpt>
   <trkpt lat="45.659955" lon="3.079875"><ele>546.25</ele></trkpt>
   <trkpt lat="45.659949" lon="3.079716"><ele>546.5</ele></trkpt>
   <trkpt lat="45.659901" lon="3.079539"><ele>547.75</ele></trkpt>
   <trkpt lat="45.659802" lon="3.079376"><ele>548.5</ele></trkpt>
   <trkpt lat="45.659585" lon="3.079105"><ele>549.5</ele></trkpt>
   <trkpt lat="45.659487" lon="3.078953"><ele>550.25</ele></trkpt>
   <trkpt lat="45.659426" lon="3.078801"><ele>551.25</ele></trkpt>
   <trkpt lat="45.659407" lon="3.078661"><ele>551.75</ele></trkpt>
   <trkpt lat="45.659418" lon="3.078515"><ele>552.5</ele></trkpt>
   <trkpt lat="45.659466" lon="3.078361"><ele>553.25</ele></trkpt>
   <trkpt lat="45.6596" lon="3.078172"><ele>554</ele></trkpt>
   <trkpt lat="45.659771" lon="3.077982"><ele>555</ele></trkpt>
   <trkpt lat="45.659845" lon="3.077873"><ele>555.5</ele></trkpt>
   <trkpt lat="45.659907" lon="3.077759"><ele>557</ele></trkpt>
   <trkpt lat="45.659958" lon="3.07761"><ele>558.25</ele></trkpt>
   <trkpt lat="45.66" lon="3.077427"><ele>559.25</ele></trkpt>
   <trkpt lat="45.660027" lon="3.077127"><ele>560.25</ele></trkpt>
   <trkpt lat="45.660118" lon="3.075378"><ele>563</ele></trkpt>
   <trkpt lat="45.660125" lon="3.07524"><ele>563</ele></trkpt>
   <trkpt lat="45.660206" lon="3.073381"><ele>569.5</ele></trkpt>
   <trkpt lat="45.660216" lon="3.073007"><ele>570.5</ele></trkpt>
   <trkpt lat="45.660204" lon="3.07278"><ele>570.25</ele></trkpt>
   <trkpt lat="45.660177" lon="3.072536"><ele>570</ele></trkpt>
   <trkpt lat="45.660113" lon="3.072206"><ele>570.25</ele></trkpt>
   <trkpt lat="45.66001" lon="3.071834"><ele>573.5</ele></trkpt>
   <trkpt lat="45.659703" lon="3.071078"><ele>575.75</ele></trkpt>
   <trkpt lat="45.65964" lon="3.070796"><ele>575.5</ele></trkpt>
   <trkpt lat="45.659597" lon="3.070215"><ele>576</ele></trkpt>
   <trkpt lat="45.659577" lon="3.069702"><ele>579.25</ele></trkpt>
   <trkpt lat="45.659602" lon="3.069512"><ele>580</ele></trkpt>
   <trkpt lat="45.659651" lon="3.069334"><ele>580.75</ele></trkpt>
   <trkpt lat="45.659767" lon="3.069083"><ele>581.5</ele></trkpt>
   <trkpt lat="45.659902" lon="3.068858"><ele>582.75</ele></trkpt>
   <trkpt lat="45.660021" lon="3.06877"><ele>583.25</ele></trkpt>
   <trkpt lat="45.660149" lon="3.068757"><ele>582.5</ele></trkpt>
   <trkpt lat="45.660172" lon="3.06875"><ele>582.5</ele></trkpt>
   <trkpt lat="45.660201" lon="3.068741"><ele>582.25</ele></trkpt>
   <trkpt lat="45.660225" lon="3.06862"><ele>582</ele></trkpt>
   <trkpt lat="45.660224" lon="3.068372"><ele>583.5</ele></trkpt>
   <trkpt lat="45.660199" lon="3.067869"><ele>583.25</ele></trkpt>
   <trkpt lat="45.6602" lon="3.066971"><ele>588</ele></trkpt>
   <trkpt lat="45.660212" lon="3.066724"><ele>588.25</ele></trkpt>
   <trkpt lat="45.660252" lon="3.066327"><ele>590</ele></trkpt>
   <trkpt lat="45.660478" lon="3.064725"><ele>594.5</ele></trkpt>
   <trkpt lat="45.660497" lon="3.064486"><ele>594.75</ele></trkpt>
   <trkpt lat="45.660505" lon="3.064253"><ele>595.25</ele></trkpt>
   <trkpt lat="45.660504" lon="3.063885"><ele>596.5</ele></trkpt>
   <trkpt lat="45.660479" lon="3.063045"><ele>599</ele></trkpt>
   <trkpt lat="45.660456" lon="3.062754"><ele>598.5</ele></trkpt>
   <trkpt lat="45.660421" lon="3.062505"><ele>598.75</ele></trkpt>
   <trkpt lat="45.660325" lon="3.06219"><ele>600.75</ele></trkpt>
   <trkpt lat="45.660218" lon="3.061933"><ele>600.75</ele></trkpt>
   <trkpt lat="45.659962" lon="3.06141"><ele>603.5</ele></trkpt>
   <trkpt lat="45.659859" lon="3.061188"><ele>604.75</ele></trkpt>
   <trkpt lat="45.659771" lon="3.060976"><ele>605.25</ele></trkpt>
   <trkpt lat="45.65964" lon="3.060588"><ele>606.75</ele></trkpt>
   <trkpt lat="45.659059" lon="3.058756"><ele>611.25</ele></trkpt>
   <trkpt lat="45.658852" lon="3.058095"><ele>612.25</ele></trkpt>
   <trkpt lat="45.658778" lon="3.05781"><ele>613.25</ele></trkpt>
   <trkpt lat="45.658716" lon="3.057537"><ele>614.25</ele></trkpt>
   <trkpt lat="45.658658" lon="3.057176"><ele>615</ele></trkpt>
   <trkpt lat="45.658626" lon="3.056856"><ele>616</ele></trkpt>
   <trkpt lat="45.65863" lon="3.056615"><ele>616</ele></trkpt>
   <trkpt lat="45.658647" lon="3.05623"><ele>617.75</ele></trkpt>
   <trkpt lat="45.658718" lon="3.055825"><ele>619.25</ele></trkpt>
   <trkpt lat="45.658794" lon="3.055577"><ele>618.5</ele></trkpt>
   <trkpt lat="45.658891" lon="3.055291"><ele>619</ele></trkpt>
   <trkpt lat="45.661363" lon="3.049384"><ele>635.75</ele></trkpt>
   <trkpt lat="45.66151" lon="3.048982"><ele>636.25</ele></trkpt>
   <trkpt lat="45.661743" lon="3.048208"><ele>637.25</ele></trkpt>
   <trkpt lat="45.661903" lon="3.047524"><ele>638.5</ele></trkpt>
   <trkpt lat="45.661952" lon="3.047235"><ele>640</ele></trkpt>
   <trkpt lat="45.661996" lon="3.046926"><ele>642.5</ele></trkpt>
   <trkpt lat="45.662113" lon="3.045469"><ele>644.25</ele></trkpt>
   <trkpt lat="45.662154" lon="3.045066"><ele>646</ele></trkpt>
   <trkpt lat="45.66221" lon="3.044496"><ele>648.75</ele></trkpt>
   <trkpt lat="45.662487" lon="3.042217"><ele>657.5</ele></trkpt>
   <trkpt lat="45.662499" lon="3.041967"><ele>658.75</ele></trkpt>
   <trkpt lat="45.662489" lon="3.041735"><ele>660</ele></trkpt>
   <trkpt lat="45.662433" lon="3.041511"><ele>659.75</ele></trkpt>
   <trkpt lat="45.662356" lon="3.041318"><ele>660.5</ele></trkpt>
   <trkpt lat="45.662241" lon="3.041141"><ele>663.25</ele></trkpt>
   <trkpt lat="45.662101" lon="3.041008"><ele>663.25</ele></trkpt>
   <trkpt lat="45.66192" lon="3.040919"><ele>664</ele></trkpt>
   <trkpt lat="45.66146" lon="3.04084"><ele>668</ele></trkpt>
   <trkpt lat="45.66132" lon="3.040809"><ele>670</ele></trkpt>
   <trkpt lat="45.661198" lon="3.040733"><ele>671.25</ele></trkpt>
   <trkpt lat="45.661101" lon="3.040648"><ele>670.5</ele></trkpt>
   <trkpt lat="45.661009" lon="3.040537"><ele>671</ele></trkpt>
   <trkpt lat="45.660941" lon="3.040412"><ele>673</ele></trkpt>
   <trkpt lat="45.660881" lon="3.040273"><ele>673.5</ele></trkpt>
   <trkpt lat="45.660842" lon="3.040114"><ele>672</ele></trkpt>
   <trkpt lat="45.660818" lon="3.039949"><ele>671.5</ele></trkpt>
   <trkpt lat="45.660816" lon="3.039807"><ele>672</ele></trkpt>
   <trkpt lat="45.66083" lon="3.039666"><ele>672.75</ele></trkpt>
   <trkpt lat="45.660885" lon="3.039398"><ele>672.75</ele></trkpt>
   <trkpt lat="45.661063" lon="3.038805"><ele>673.25</ele></trkpt>
   <trkpt lat="45.660999" lon="3.03878"><ele>672.25</ele></trkpt>
   <trkpt lat="45.660891" lon="3.038744"><ele>670.5</ele></trkpt>
   <trkpt lat="45.660633" lon="3.038707"><ele>671.75</ele></trkpt>
   <trkpt lat="45.660409" lon="3.038749"><ele>673.75</ele></trkpt>
   <trkpt lat="45.660138" lon="3.038915"><ele>674.5</ele></trkpt>
   <trkpt lat="45.65999" lon="3.039021"><ele>674.75</ele></trkpt>
   <trkpt lat="45.659795" lon="3.039118"><ele>674.75</ele></trkpt>
   <trkpt lat="45.659547" lon="3.039171"><ele>675.5</ele></trkpt>
   <trkpt lat="45.659369" lon="3.039126"><ele>678.25</ele></trkpt>
   <trkpt lat="45.659154" lon="3.038976"><ele>679.5</ele></trkpt>
   <trkpt lat="45.658981" lon="3.038786"><ele>679</ele></trkpt>
   <trkpt lat="45.658868" lon="3.038628"><ele>678.25</ele></trkpt>
   <trkpt lat="45.658734" lon="3.038394"><ele>680.5</ele></trkpt>
   <trkpt lat="45.658686" lon="3.038342"><ele>680.25</ele></trkpt>
   <trkpt lat="45.658539" lon="3.038244"><ele>680.5</ele></trkpt>
   <trkpt lat="45.658407" lon="3.038192"><ele>680.75</ele></trkpt>
   <trkpt lat="45.658284" lon="3.038126"><ele>680.5</ele></trkpt>
   <trkpt lat="45.657976" lon="3.037898"><ele>682.5</ele></trkpt>
   <trkpt lat="45.657848" lon="3.037829"><ele>682.25</ele></trkpt>
   <trkpt lat="45.657778" lon="3.037809"><ele>681.75</ele></trkpt>
   <trkpt lat="45.657696" lon="3.037802"><ele>681.75</ele></trkpt>
   <trkpt lat="45.657576" lon="3.03783"><ele>681.75</ele></trkpt>
   <trkpt lat="45.657493" lon="3.037887"><ele>681.5</ele></trkpt>
   <trkpt lat="45.657445" lon="3.037932"><ele>682</ele></trkpt>
   <trkpt lat="45.657286" lon="3.038143"><ele>683.75</ele></trkpt>
   <trkpt lat="45.657131" lon="3.038375"><ele>684.5</ele></trkpt>
   <trkpt lat="45.657085" lon="3.038427"><ele>684.5</ele></trkpt>
   <trkpt lat="45.657038" lon="3.038468"><ele>684.75</ele></trkpt>
   <trkpt lat="45.656998" lon="3.038492"><ele>685</ele></trkpt>
   <trkpt lat="45.656902" lon="3.038522"><ele>685.5</ele></trkpt>
   <trkpt lat="45.656799" lon="3.038499"><ele>686.5</ele></trkpt>
   <trkpt lat="45.65648" lon="3.038303"><ele>686</ele></trkpt>
   <trkpt lat="45.655879" lon="3.037876"><ele>689</ele></trkpt>
   <trkpt lat="45.655507" lon="3.037161"><ele>689</ele></trkpt>
   <trkpt lat="45.655292" lon="3.036794"><ele>691</ele></trkpt>
   <trkpt lat="45.655024" lon="3.036584"><ele>693.75</ele></trkpt>
   <trkpt lat="45.654708" lon="3.036392"><ele>693.75</ele></trkpt>
   <trkpt lat="45.654624" lon="3.03633"><ele>694</ele></trkpt>
   <trkpt lat="45.654463" lon="3.036157"><ele>694.75</ele></trkpt>
   <trkpt lat="45.654079" lon="3.035703"><ele>695.75</ele></trkpt>
   <trkpt lat="45.654005" lon="3.035632"><ele>696</ele></trkpt>
   <trkpt lat="45.653869" lon="3.035557"><ele>697</ele></trkpt>
   <trkpt lat="45.653532" lon="3.035532"><ele>698.5</ele></trkpt>
   <trkpt lat="45.653252" lon="3.035537"><ele>700.5</ele></trkpt>
   <trkpt lat="45.653172" lon="3.035554"><ele>701</ele></trkpt>
   <trkpt lat="45.653097" lon="3.035605"><ele>701.5</ele></trkpt>
   <trkpt lat="45.653065" lon="3.035638"><ele>701.75</ele></trkpt>
   <trkpt lat="45.653029" lon="3.035691"><ele>702</ele></trkpt>
   <trkpt lat="45.652999" lon="3.035771"><ele>702</ele></trkpt>
   <trkpt lat="45.652968" lon="3.035909"><ele>702.75</ele></trkpt>
   <trkpt lat="45.65297" lon="3.035978"><ele>703.25</ele></trkpt>
   <trkpt lat="45.652981" lon="3.036038"><ele>703.75</ele></trkpt>
   <trkpt lat="45.653075" lon="3.036298"><ele>705.25</ele></trkpt>
   <trkpt lat="45.653457" lon="3.036936"><ele>710.5</ele></trkpt>
   <trkpt lat="45.65381" lon="3.037486"><ele>714.5</ele></trkpt>
   <trkpt lat="45.653895" lon="3.037644"><ele>714.25</ele></trkpt>
   <trkpt lat="45.653928" lon="3.037744"><ele>714.5</ele></trkpt>
   <trkpt lat="45.653938" lon="3.037844"><ele>715</ele></trkpt>
   <trkpt lat="45.653936" lon="3.037952"><ele>715.75</ele></trkpt>
   <trkpt lat="45.653915" lon="3.03804"><ele>717</ele></trkpt>
   <trkpt lat="45.653886" lon="3.038124"><ele>717.25</ele></trkpt>
   <trkpt lat="45.653813" lon="3.038235"><ele>718</ele></trkpt>
   <trkpt lat="45.653731" lon="3.038331"><ele>719.5</ele></trkpt>
   <trkpt lat="45.653539" lon="3.03853"><ele>721.25</ele></trkpt>
   <trkpt lat="45.653207" lon="3.03885"><ele>725.25</ele></trkpt>
   <trkpt lat="45.65312" lon="3.038904"><ele>726.25</ele></trkpt>
   <trkpt lat="45.653052" lon="3.038928"><ele>727.5</ele></trkpt>
   <trkpt lat="45.652428" lon="3.039024"><ele>731.5</ele></trkpt>
   <trkpt lat="45.652176" lon="3.039196"><ele>734.75</ele></trkpt>
   <trkpt lat="45.651761" lon="3.03957"><ele>739.25</ele></trkpt>
   <trkpt lat="45.651553" lon="3.039783"><ele>741.5</ele></trkpt>
   <trkpt lat="45.65132" lon="3.039912"><ele>743.5</ele></trkpt>
   <trkpt lat="45.651115" lon="3.039944"><ele>744.5</ele></trkpt>
   <trkpt lat="45.651009" lon="3.0399"><ele>745.25</ele></trkpt>
   <trkpt lat="45.650954" lon="3.039832"><ele>746</ele></trkpt>
   <trkpt lat="45.650902" lon="3.039535"><ele>747.5</ele></trkpt>
   <trkpt lat="45.650868" lon="3.039225"><ele>748.75</ele></trkpt>
   <trkpt lat="45.650579" lon="3.038678"><ele>750.5</ele></trkpt>
   <trkpt lat="45.650375" lon="3.038393"><ele>752.25</ele></trkpt>
   <trkpt lat="45.650253" lon="3.038342"><ele>753</ele></trkpt>
   <trkpt lat="45.650054" lon="3.038325"><ele>754.5</ele></trkpt>
   <trkpt lat="45.649681" lon="3.038313"><ele>756.5</ele></trkpt>
   <trkpt lat="45.649191" lon="3.038299"><ele>761</ele></trkpt>
   <trkpt lat="45.649042" lon="3.03826"><ele>761.75</ele></trkpt>
   <trkpt lat="45.648827" lon="3.038169"><ele>762.75</ele></trkpt>
   <trkpt lat="45.648575" lon="3.038043"><ele>764</ele></trkpt>
   <trkpt lat="45.648215" lon="3.03784"><ele>765.75</ele></trkpt>
   <trkpt lat="45.647492" lon="3.037334"><ele>767.5</ele></trkpt>
   <trkpt lat="45.647349" lon="3.037205"><ele>768</ele></trkpt>
   <trkpt lat="45.647278" lon="3.037102"><ele>768.5</ele></trkpt>
   <trkpt lat="45.647231" lon="3.037"><ele>768.75</ele></trkpt>
   <trkpt lat="45.647192" lon="3.036878"><ele>769.25</ele></trkpt>
   <trkpt lat="45.647146" lon="3.036626"><ele>770.5</ele></trkpt>
   <trkpt lat="45.647034" lon="3.036022"><ele>774.5</ele></trkpt>
   <trkpt lat="45.646955" lon="3.035591"><ele>776.75</ele></trkpt>
   <trkpt lat="45.646882" lon="3.035128"><ele>780.25</ele></trkpt>
   <trkpt lat="45.646834" lon="3.034788"><ele>782.25</ele></trkpt>
   <trkpt lat="45.646829" lon="3.034654"><ele>783</ele></trkpt>
   <trkpt lat="45.64684" lon="3.034512"><ele>783.75</ele></trkpt>
   <trkpt lat="45.64687" lon="3.034374"><ele>784.25</ele></trkpt>
   <trkpt lat="45.646896" lon="3.034298"><ele>784.5</ele></trkpt>
   <trkpt lat="45.647004" lon="3.03387"><ele>785.25</ele></trkpt>
   <trkpt lat="45.647067" lon="3.033624"><ele>785.25</ele></trkpt>
   <trkpt lat="45.647092" lon="3.033478"><ele>785.25</ele></trkpt>
   <trkpt lat="45.647091" lon="3.033399"><ele>785</ele></trkpt>
   <trkpt lat="45.64708" lon="3.033321"><ele>784.75</ele></trkpt>
   <trkpt lat="45.646993" lon="3.032872"><ele>783.75</ele></trkpt>
   <trkpt lat="45.647039" lon="3.032832"><ele>784.5</ele></trkpt>
   <trkpt lat="45.647103" lon="3.032666"><ele>786.25</ele></trkpt>
   <trkpt lat="45.647154" lon="3.032543"><ele>787.5</ele></trkpt>
   <trkpt lat="45.647207" lon="3.032465"><ele>788.75</ele></trkpt>
   <trkpt lat="45.647238" lon="3.032377"><ele>789.5</ele></trkpt>
   <trkpt lat="45.647157" lon="3.032149"><ele>788.75</ele></trkpt>
   <trkpt lat="45.647078" lon="3.031935"><ele>788.5</ele></trkpt>
   <trkpt lat="45.647157" lon="3.032149"><ele>788.75</ele></trkpt>
   <trkpt lat="45.647238" lon="3.032377"><ele>789.5</ele></trkpt>
   <trkpt lat="45.647207" lon="3.032465"><ele>788.75</ele></trkpt>
   <trkpt lat="45.647154" lon="3.032543"><ele>787.5</ele></trkpt>
   <trkpt lat="45.647103" lon="3.032666"><ele>786.25</ele></trkpt>
   <trkpt lat="45.647039" lon="3.032832"><ele>784.5</ele></trkpt>
   <trkpt lat="45.646993" lon="3.032872"><ele>783.75</ele></trkpt>
   <trkpt lat="45.646966" lon="3.032743"><ele>783.5</ele></trkpt>
   <trkpt lat="45.646921" lon="3.032549"><ele>783.5</ele></trkpt>
   <trkpt lat="45.646875" lon="3.032374"><ele>783.5</ele></trkpt>
   <trkpt lat="45.646836" lon="3.032186"><ele>784</ele></trkpt>
   <trkpt lat="45.646771" lon="3.031996"><ele>784.75</ele></trkpt>
   <trkpt lat="45.646716" lon="3.03189"><ele>784.75</ele></trkpt>
   <trkpt lat="45.646469" lon="3.031505"><ele>786</ele></trkpt>
   <trkpt lat="45.646386" lon="3.031351"><ele>787.25</ele></trkpt>
   <trkpt lat="45.646224" lon="3.030987"><ele>788.75</ele></trkpt>
   <trkpt lat="45.646059" lon="3.030599"><ele>790.75</ele></trkpt>
   <trkpt lat="45.64598" lon="3.030476"><ele>791.75</ele></trkpt>
   <trkpt lat="45.645913" lon="3.030415"><ele>792.25</ele></trkpt>
   <trkpt lat="45.645813" lon="3.030372"><ele>791.75</ele></trkpt>
   <trkpt lat="45.645673" lon="3.030349"><ele>791</ele></trkpt>
   <trkpt lat="45.645589" lon="3.030325"><ele>790.5</ele></trkpt>
   <trkpt lat="45.64538" lon="3.030224"><ele>790</ele></trkpt>
   <trkpt lat="45.645147" lon="3.030058"><ele>790</ele></trkpt>
   <trkpt lat="45.645027" lon="3.030036"><ele>787.25</ele></trkpt>
   <trkpt lat="45.644911" lon="3.030055"><ele>786.5</ele></trkpt>
   <trkpt lat="45.644664" lon="3.030187"><ele>786</ele></trkpt>
   <trkpt lat="45.64448" lon="3.030299"><ele>786.5</ele></trkpt>
   <trkpt lat="45.644295" lon="3.03072"><ele>788</ele></trkpt>
   <trkpt lat="45.644153" lon="3.031029"><ele>790</ele></trkpt>
   <trkpt lat="45.643981" lon="3.031169"><ele>790.75</ele></trkpt>
   <trkpt lat="45.643843" lon="3.03115"><ele>792</ele></trkpt>
   <trkpt lat="45.643573" lon="3.031047"><ele>794.25</ele></trkpt>
   <trkpt lat="45.642922" lon="3.030778"><ele>798.25</ele></trkpt>
   <trkpt lat="45.642039" lon="3.030795"><ele>802.5</ele></trkpt>
   <trkpt lat="45.641803" lon="3.03079"><ele>804.25</ele></trkpt>
   <trkpt lat="45.641595" lon="3.030739"><ele>806.25</ele></trkpt>
   <trkpt lat="45.641007" lon="3.030486"><ele>810.5</ele></trkpt>
   <trkpt lat="45.639897" lon="3.030005"><ele>816.25</ele></trkpt>
   <trkpt lat="45.639645" lon="3.029683"><ele>817.75</ele></trkpt>
   <trkpt lat="45.639473" lon="3.029421"><ele>819</ele></trkpt>
   <trkpt lat="45.639188" lon="3.028928"><ele>821.75</ele></trkpt>
   <trkpt lat="45.638301" lon="3.027474"><ele>827</ele></trkpt>
   <trkpt lat="45.638255" lon="3.027294"><ele>828</ele></trkpt>
   <trkpt lat="45.638284" lon="3.027084"><ele>829.25</ele></trkpt>
   <trkpt lat="45.638507" lon="3.026617"><ele>832.5</ele></trkpt>
   <trkpt lat="45.638583" lon="3.026401"><ele>833.5</ele></trkpt>
   <trkpt lat="45.638647" lon="3.025996"><ele>835.5</ele></trkpt>
   <trkpt lat="45.638724" lon="3.025783"><ele>836.25</ele></trkpt>
   <trkpt lat="45.638998" lon="3.025326"><ele>838.25</ele></trkpt>
   <trkpt lat="45.639114" lon="3.025032"><ele>840</ele></trkpt>
   <trkpt lat="45.639099" lon="3.024828"><ele>840.75</ele></trkpt>
   <trkpt lat="45.638959" lon="3.024311"><ele>842.5</ele></trkpt>
   <trkpt lat="45.638948" lon="3.023844"><ele>844</ele></trkpt>
   <trkpt lat="45.638959" lon="3.023247"><ele>845.75</ele></trkpt>
   <trkpt lat="45.639028" lon="3.022697"><ele>849</ele></trkpt>
   <trkpt lat="45.639263" lon="3.021504"><ele>847</ele></trkpt>
   <trkpt lat="45.639285" lon="3.0208"><ele>841.5</ele></trkpt>
   <trkpt lat="45.639413" lon="3.020123"><ele>840.75</ele></trkpt>
   <trkpt lat="45.639772" lon="3.018661"><ele>843.5</ele></trkpt>
   <trkpt lat="45.639823" lon="3.018434"><ele>844.25</ele></trkpt>
   <trkpt lat="45.639822" lon="3.017927"><ele>845.75</ele></trkpt>
   <trkpt lat="45.63978" lon="3.017161"><ele>849</ele></trkpt>
   <trkpt lat="45.639656" lon="3.016513"><ele>851.75</ele></trkpt>
   <trkpt lat="45.639614" lon="3.016115"><ele>852.5</ele></trkpt>
   <trkpt lat="45.639667" lon="3.015854"><ele>853.75</ele></trkpt>
   <trkpt lat="45.639959" lon="3.015242"><ele>858</ele></trkpt>
   <trkpt lat="45.640155" lon="3.015087"><ele>859.75</ele></trkpt>
   <trkpt lat="45.640428" lon="3.014933"><ele>860.75</ele></trkpt>
   <trkpt lat="45.640689" lon="3.01435"><ele>859.5</ele></trkpt>
   <trkpt lat="45.640969" lon="3.013845"><ele>858.5</ele></trkpt>
   <trkpt lat="45.641105" lon="3.013566"><ele>858.75</ele></trkpt>
   <trkpt lat="45.641242" lon="3.013049"><ele>859.25</ele></trkpt>
   <trkpt lat="45.641385" lon="3.012271"><ele>861</ele></trkpt>
   <trkpt lat="45.641456" lon="3.012057"><ele>862</ele></trkpt>
   <trkpt lat="45.641563" lon="3.011867"><ele>863</ele></trkpt>
   <trkpt lat="45.641747" lon="3.011724"><ele>864.75</ele></trkpt>
   <trkpt lat="45.641931" lon="3.011558"><ele>865.75</ele></trkpt>
   <trkpt lat="45.64194" lon="3.011534"><ele>865.75</ele></trkpt>
   <trkpt lat="45.641991" lon="3.011397"><ele>866</ele></trkpt>
   <trkpt lat="45.641961" lon="3.011077"><ele>866.25</ele></trkpt>
   <trkpt lat="45.641765" lon="3.010102"><ele>868</ele></trkpt>
   <trkpt lat="45.641682" lon="3.009942"><ele>869</ele></trkpt>
   <trkpt lat="45.641402" lon="3.009621"><ele>869.5</ele></trkpt>
   <trkpt lat="45.641313" lon="3.009455"><ele>870.5</ele></trkpt>
   <trkpt lat="45.641254" lon="3.009253"><ele>870.75</ele></trkpt>
   <trkpt lat="45.641218" lon="3.008944"><ele>872</ele></trkpt>
   <trkpt lat="45.6412" lon="3.008635"><ele>873</ele></trkpt>
   <trkpt lat="45.641307" lon="3.008284"><ele>875.25</ele></trkpt>
   <trkpt lat="45.64199" lon="3.00692"><ele>882.75</ele></trkpt>
   <trkpt lat="45.642208" lon="3.006513"><ele>886</ele></trkpt>
   <trkpt lat="45.642271" lon="3.006279"><ele>887</ele></trkpt>
   <trkpt lat="45.642299" lon="3.005778"><ele>888.25</ele></trkpt>
   <trkpt lat="45.642302" lon="3.005527"><ele>888.75</ele></trkpt>
   <trkpt lat="45.642282" lon="3.005388"><ele>888.75</ele></trkpt>
   <trkpt lat="45.642249" lon="3.005271"><ele>888.5</ele></trkpt>
   <trkpt lat="45.641958" lon="3.004777"><ele>887.5</ele></trkpt>
   <trkpt lat="45.641908" lon="3.004488"><ele>888.25</ele></trkpt>
   <trkpt lat="45.641903" lon="3.003758"><ele>890</ele></trkpt>
   <trkpt lat="45.6419" lon="3.003088"><ele>891.5</ele></trkpt>
   <trkpt lat="45.641903" lon="3.00268"><ele>892.75</ele></trkpt>
   <trkpt lat="45.641855" lon="3.002231"><ele>894</ele></trkpt>
   <trkpt lat="45.641677" lon="3.001362"><ele>896</ele></trkpt>
   <trkpt lat="45.641649" lon="3.000934"><ele>897.5</ele></trkpt>
   <trkpt lat="45.64166" lon="3.000129"><ele>900.5</ele></trkpt>
   <trkpt lat="45.641666" lon="2.999568"><ele>902.75</ele></trkpt>
   <trkpt lat="45.641749" lon="2.997899"><ele>907.75</ele></trkpt>
   <trkpt lat="45.641798" lon="2.99693"><ele>910.25</ele></trkpt>
   <trkpt lat="45.64189" lon="2.996468"><ele>910.75</ele></trkpt>
   <trkpt lat="45.642047" lon="2.99623"><ele>911.75</ele></trkpt>
   <trkpt lat="45.642446" lon="2.995835"><ele>916</ele></trkpt>
   <trkpt lat="45.643201" lon="2.994916"><ele>922.5</ele></trkpt>
   <trkpt lat="45.643443" lon="2.99452"><ele>925</ele></trkpt>
   <trkpt lat="45.643688" lon="2.99401"><ele>927</ele></trkpt>
   <trkpt lat="45.644418" lon="2.992911"><ele>934</ele></trkpt>
   <trkpt lat="45.644604" lon="2.992681"><ele>935.25</ele></trkpt>
   <trkpt lat="45.645045" lon="2.992375"><ele>938.5</ele></trkpt>
   <trkpt lat="45.645504" lon="2.991924"><ele>941.25</ele></trkpt>
   <trkpt lat="45.64613" lon="2.991176"><ele>945.5</ele></trkpt>
   <trkpt lat="45.646396" lon="2.990762"><ele>947</ele></trkpt>
   <trkpt lat="45.647111" lon="2.98954"><ele>953.75</ele></trkpt>
   <trkpt lat="45.647201" lon="2.989425"><ele>954.75</ele></trkpt>
   <trkpt lat="45.647445" lon="2.989199"><ele>955</ele></trkpt>
   <trkpt lat="45.64756" lon="2.989105"><ele>954.75</ele></trkpt>
   <trkpt lat="45.648109" lon="2.98863"><ele>953.5</ele></trkpt>
   <trkpt lat="45.648268" lon="2.988418"><ele>953</ele></trkpt>
   <trkpt lat="45.648974" lon="2.98703"><ele>947</ele></trkpt>
   <trkpt lat="45.649743" lon="2.985982"><ele>943.25</ele></trkpt>
   <trkpt lat="45.650034" lon="2.985385"><ele>938.75</ele></trkpt>
   <trkpt lat="45.650332" lon="2.984716"><ele>935.25</ele></trkpt>
   <trkpt lat="45.650481" lon="2.984461"><ele>934.5</ele></trkpt>
   <trkpt lat="45.65063" lon="2.984234"><ele>934.25</ele></trkpt>
   <trkpt lat="45.650842" lon="2.984105"><ele>934</ele></trkpt>
   <trkpt lat="45.651087" lon="2.984046"><ele>934</ele></trkpt>
   <trkpt lat="45.652272" lon="2.983937"><ele>937.5</ele></trkpt>
   <trkpt lat="45.652397" lon="2.983903"><ele>937.75</ele></trkpt>
   <trkpt lat="45.652506" lon="2.983843"><ele>938.25</ele></trkpt>
   <trkpt lat="45.652617" lon="2.983901"><ele>937.5</ele></trkpt>
   <trkpt lat="45.652778" lon="2.983881"><ele>937</ele></trkpt>
   <trkpt lat="45.653317" lon="2.983409"><ele>933.75</ele></trkpt>
   <trkpt lat="45.653727" lon="2.982962"><ele>931.5</ele></trkpt>
   <trkpt lat="45.653894" lon="2.982806"><ele>930.5</ele></trkpt>
   <trkpt lat="45.654132" lon="2.982664"><ele>929.5</ele></trkpt>
   <trkpt lat="45.654552" lon="2.982588"><ele>925.5</ele></trkpt>
   <trkpt lat="45.654695" lon="2.9825"><ele>925.25</ele></trkpt>
   <trkpt lat="45.654838" lon="2.982335"><ele>926</ele></trkpt>
   <trkpt lat="45.655044" lon="2.982161"><ele>926.25</ele></trkpt>
   <trkpt lat="45.655394" lon="2.981982"><ele>928.75</ele></trkpt>
   <trkpt lat="45.655921" lon="2.981619"><ele>932.25</ele></trkpt>
   <trkpt lat="45.656388" lon="2.981325"><ele>932</ele></trkpt>
   <trkpt lat="45.656614" lon="2.981253"><ele>931.25</ele></trkpt>
   <trkpt lat="45.656734" lon="2.981136"><ele>930</ele></trkpt>
   <trkpt lat="45.65682" lon="2.980949"><ele>927.75</ele></trkpt>
   <trkpt lat="45.656874" lon="2.980901"><ele>926.25</ele></trkpt>
   <trkpt lat="45.656945" lon="2.980914"><ele>924.75</ele></trkpt>
   <trkpt lat="45.657036" lon="2.981001"><ele>923.5</ele></trkpt>
   <trkpt lat="45.657257" lon="2.98128"><ele>921</ele></trkpt>
   <trkpt lat="45.657444" lon="2.98153"><ele>918.5</ele></trkpt>
   <trkpt lat="45.657745" lon="2.981979"><ele>913.25</ele></trkpt>
   <trkpt lat="45.657943" lon="2.982224"><ele>909</ele></trkpt>
   <trkpt lat="45.658108" lon="2.982472"><ele>906</ele></trkpt>
   <trkpt lat="45.658206" lon="2.98266"><ele>903.25</ele></trkpt>
   <trkpt lat="45.658281" lon="2.98285"><ele>900.75</ele></trkpt>
   <trkpt lat="45.658372" lon="2.983017"><ele>898</ele></trkpt>
   <trkpt lat="45.658518" lon="2.983173"><ele>894.75</ele></trkpt>
   <trkpt lat="45.658602" lon="2.983178"><ele>892.5</ele></trkpt>
   <trkpt lat="45.658805" lon="2.983058"><ele>888.5</ele></trkpt>
   <trkpt lat="45.658898" lon="2.983004"><ele>886.75</ele></trkpt>
   <trkpt lat="45.659452" lon="2.982741"><ele>881</ele></trkpt>
   <trkpt lat="45.659716" lon="2.98267"><ele>879.25</ele></trkpt>
   <trkpt lat="45.659875" lon="2.982685"><ele>878.25</ele></trkpt>
   <trkpt lat="45.65996" lon="2.982192"><ele>877.25</ele></trkpt>
   <trkpt lat="45.660067" lon="2.981434"><ele>872.75</ele></trkpt>
   <trkpt lat="45.660218" lon="2.980426"><ele>866.5</ele></trkpt>
   <trkpt lat="45.660198" lon="2.980206"><ele>865</ele></trkpt>
   <trkpt lat="45.660084" lon="2.979855"><ele>864.25</ele></trkpt>
   <trkpt lat="45.659891" lon="2.979334"><ele>863.25</ele></trkpt>
   <trkpt lat="45.659821" lon="2.978994"><ele>863.5</ele></trkpt>
   <trkpt lat="45.65981" lon="2.978602"><ele>861.25</ele></trkpt>
   <trkpt lat="45.659786" lon="2.978264"><ele>860.25</ele></trkpt>
   <trkpt lat="45.659675" lon="2.977677"><ele>859.5</ele></trkpt>
   <trkpt lat="45.659592" lon="2.977305"><ele>859.75</ele></trkpt>
   <trkpt lat="45.659566" lon="2.977146"><ele>859.75</ele></trkpt>
   <trkpt lat="45.659515" lon="2.976082"><ele>857.75</ele></trkpt>
   <trkpt lat="45.659508" lon="2.975627"><ele>853.5</ele></trkpt>
   <trkpt lat="45.659502" lon="2.975456"><ele>853</ele></trkpt>
   <trkpt lat="45.659544" lon="2.97526"><ele>851.75</ele></trkpt>
   <trkpt lat="45.659613" lon="2.975104"><ele>852.75</ele></trkpt>
   <trkpt lat="45.659725" lon="2.974773"><ele>851.5</ele></trkpt>
   <trkpt lat="45.659754" lon="2.974492"><ele>849</ele></trkpt>
   <trkpt lat="45.659813" lon="2.974429"><ele>848</ele></trkpt>
   <trkpt lat="45.659873" lon="2.974497"><ele>847.5</ele></trkpt>
   <trkpt lat="45.659941" lon="2.974529"><ele>846.75</ele></trkpt>
   <trkpt lat="45.660066" lon="2.974568"><ele>845.75</ele></trkpt>
   <trkpt lat="45.660114" lon="2.974577"><ele>845.5</ele></trkpt>
   <trkpt lat="45.660232" lon="2.974602"><ele>845</ele></trkpt>
   <trkpt lat="45.660301" lon="2.974602"><ele>844.75</ele></trkpt>
   <trkpt lat="45.660368" lon="2.974573"><ele>844.5</ele></trkpt>
   <trkpt lat="45.660503" lon="2.974458"><ele>844</ele></trkpt>
   <trkpt lat="45.66056" lon="2.974425"><ele>843.75</ele></trkpt>
   <trkpt lat="45.660694" lon="2.974423"><ele>842.5</ele></trkpt>
   <trkpt lat="45.660718" lon="2.974426"><ele>842.25</ele></trkpt>
   <trkpt lat="45.66077" lon="2.974434"><ele>841.5</ele></trkpt>
   <trkpt lat="45.660905" lon="2.974488"><ele>841.5</ele></trkpt>
   <trkpt lat="45.660972" lon="2.974533"><ele>842</ele></trkpt>
   <trkpt lat="45.661014" lon="2.974615"><ele>842.5</ele></trkpt>
   <trkpt lat="45.661033" lon="2.9747"><ele>842.5</ele></trkpt>
   <trkpt lat="45.661066" lon="2.974991"><ele>842.75</ele></trkpt>
   <trkpt lat="45.66119" lon="2.975411"><ele>842</ele></trkpt>
   <trkpt lat="45.66124" lon="2.975506"><ele>842</ele></trkpt>
   <trkpt lat="45.661279" lon="2.975573"><ele>842</ele></trkpt>
   <trkpt lat="45.661302" lon="2.975652"><ele>842.25</ele></trkpt>
   <trkpt lat="45.66133" lon="2.975836"><ele>842.25</ele></trkpt>
   <trkpt lat="45.661352" lon="2.975979"><ele>842</ele></trkpt>
   <trkpt lat="45.661445" lon="2.976586"><ele>840.75</ele></trkpt>
   <trkpt lat="45.661489" lon="2.97687"><ele>840.5</ele></trkpt>
   <trkpt lat="45.661571" lon="2.977194"><ele>840.25</ele></trkpt>
   <trkpt lat="45.661658" lon="2.977402"><ele>839.5</ele></trkpt>
   <trkpt lat="45.661835" lon="2.9777"><ele>840.25</ele></trkpt>
   <trkpt lat="45.661998" lon="2.977952"><ele>840</ele></trkpt>
   <trkpt lat="45.662137" lon="2.978139"><ele>840.25</ele></trkpt>
   <trkpt lat="45.662248" lon="2.978271"><ele>839.75</ele></trkpt>
   <trkpt lat="45.662466" lon="2.978528"><ele>839.5</ele></trkpt>
   <trkpt lat="45.662557" lon="2.978664"><ele>839.5</ele></trkpt>
   <trkpt lat="45.662711" lon="2.978929"><ele>839.25</ele></trkpt>
   <trkpt lat="45.662752" lon="2.978997"><ele>839.25</ele></trkpt>
   <trkpt lat="45.662863" lon="2.979183"><ele>840.5</ele></trkpt>
   <trkpt lat="45.663159" lon="2.979664"><ele>840.75</ele></trkpt>
   <trkpt lat="45.663281" lon="2.979812"><ele>840.5</ele></trkpt>
   <trkpt lat="45.663405" lon="2.979891"><ele>840.75</ele></trkpt>
   <trkpt lat="45.663552" lon="2.979956"><ele>840.25</ele></trkpt>
   <trkpt lat="45.663817" lon="2.980041"><ele>839.5</ele></trkpt>
   <trkpt lat="45.663976" lon="2.980092"><ele>839.75</ele></trkpt>
   <trkpt lat="45.664123" lon="2.980173"><ele>840</ele></trkpt>
   <trkpt lat="45.664298" lon="2.98032"><ele>840.75</ele></trkpt>
   <trkpt lat="45.664348" lon="2.980377"><ele>840.75</ele></trkpt>
   <trkpt lat="45.664947" lon="2.98107"><ele>842</ele></trkpt>
   <trkpt lat="45.665105" lon="2.981263"><ele>842.75</ele></trkpt>
   <trkpt lat="45.665205" lon="2.98141"><ele>842.25</ele></trkpt>
   <trkpt lat="45.665489" lon="2.981924"><ele>845</ele></trkpt>
   <trkpt lat="45.66555" lon="2.982022"><ele>846.5</ele></trkpt>
   <trkpt lat="45.665707" lon="2.982201"><ele>847.75</ele></trkpt>
   <trkpt lat="45.665722" lon="2.982218"><ele>847.75</ele></trkpt>
   <trkpt lat="45.665827" lon="2.982265"><ele>848.75</ele></trkpt>
   <trkpt lat="45.665858" lon="2.982257"><ele>849</ele></trkpt>
   <trkpt lat="45.665892" lon="2.982249"><ele>849.25</ele></trkpt>
   <trkpt lat="45.665979" lon="2.982228"><ele>850</ele></trkpt>
   <trkpt lat="45.666197" lon="2.982112"><ele>852.25</ele></trkpt>
   <trkpt lat="45.666291" lon="2.982111"><ele>852.75</ele></trkpt>
   <trkpt lat="45.666566" lon="2.982163"><ele>853.25</ele></trkpt>
   <trkpt lat="45.666624" lon="2.982169"><ele>853.25</ele></trkpt>
   <trkpt lat="45.666636" lon="2.982291"><ele>852</ele></trkpt>
   <trkpt lat="45.666642" lon="2.982333"><ele>851.75</ele></trkpt>
   <trkpt lat="45.666664" lon="2.982398"><ele>851</ele></trkpt>
   <trkpt lat="45.666648" lon="2.982468"><ele>850.25</ele></trkpt>
   <trkpt lat="45.666649" lon="2.982543"><ele>849.5</ele></trkpt>
   <trkpt lat="45.666583" lon="2.982657"><ele>848</ele></trkpt>
   <trkpt lat="45.666539" lon="2.982771"><ele>846.5</ele></trkpt>
   <trkpt lat="45.66645" lon="2.982924"><ele>844.5</ele></trkpt>
   <trkpt lat="45.666411" lon="2.98299"><ele>843.75</ele></trkpt>
   <trkpt lat="45.666666" lon="2.983319"><ele>841</ele></trkpt>
   <trkpt lat="45.666725" lon="2.98344"><ele>840.25</ele></trkpt>
   <trkpt lat="45.66677" lon="2.983494"><ele>840</ele></trkpt>
   <trkpt lat="45.666725" lon="2.98344"><ele>840.25</ele></trkpt>
   <trkpt lat="45.666666" lon="2.983319"><ele>841</ele></trkpt>
   <trkpt lat="45.666411" lon="2.98299"><ele>843.75</ele></trkpt>
   <trkpt lat="45.66645" lon="2.982924"><ele>844.5</ele></trkpt>
   <trkpt lat="45.666539" lon="2.982771"><ele>846.5</ele></trkpt>
   <trkpt lat="45.666583" lon="2.982657"><ele>848</ele></trkpt>
   <trkpt lat="45.666649" lon="2.982543"><ele>849.5</ele></trkpt>
   <trkpt lat="45.666648" lon="2.982468"><ele>850.25</ele></trkpt>
   <trkpt lat="45.666664" lon="2.982398"><ele>851</ele></trkpt>
   <trkpt lat="45.666713" lon="2.982334"><ele>851.5</ele></trkpt>
   <trkpt lat="45.666856" lon="2.982109"><ele>853.5</ele></trkpt>
   <trkpt lat="45.667061" lon="2.982017"><ele>853.75</ele></trkpt>
   <trkpt lat="45.667159" lon="2.982013"><ele>853.5</ele></trkpt>
   <trkpt lat="45.667238" lon="2.982038"><ele>853.25</ele></trkpt>
   <trkpt lat="45.667313" lon="2.982097"><ele>853.5</ele></trkpt>
   <trkpt lat="45.667356" lon="2.982167"><ele>853.5</ele></trkpt>
   <trkpt lat="45.667396" lon="2.982276"><ele>853.75</ele></trkpt>
   <trkpt lat="45.667416" lon="2.982368"><ele>854</ele></trkpt>
   <trkpt lat="45.667433" lon="2.982642"><ele>854.25</ele></trkpt>
   <trkpt lat="45.667442" lon="2.982973"><ele>852.5</ele></trkpt>
   <trkpt lat="45.66746" lon="2.983168"><ele>852</ele></trkpt>
   <trkpt lat="45.667499" lon="2.983346"><ele>852.75</ele></trkpt>
   <trkpt lat="45.667743" lon="2.984163"><ele>849.25</ele></trkpt>
   <trkpt lat="45.667851" lon="2.984388"><ele>850.25</ele></trkpt>
   <trkpt lat="45.667955" lon="2.984555"><ele>849.25</ele></trkpt>
   <trkpt lat="45.668755" lon="2.985644"><ele>843.75</ele></trkpt>
   <trkpt lat="45.668946" lon="2.985903"><ele>843.25</ele></trkpt>
   <trkpt lat="45.669219" lon="2.986341"><ele>842.75</ele></trkpt>
   <trkpt lat="45.669687" lon="2.987165"><ele>840.75</ele></trkpt>
   <trkpt lat="45.669877" lon="2.987488"><ele>839.75</ele></trkpt>
   <trkpt lat="45.669972" lon="2.987684"><ele>839.25</ele></trkpt>
   <trkpt lat="45.670024" lon="2.987842"><ele>839.5</ele></trkpt>
   <trkpt lat="45.670047" lon="2.987911"><ele>840.25</ele></trkpt>
   <trkpt lat="45.67006" lon="2.98807"><ele>841</ele></trkpt>
   <trkpt lat="45.670071" lon="2.988329"><ele>840.25</ele></trkpt>
   <trkpt lat="45.670071" lon="2.988484"><ele>840.25</ele></trkpt>
   <trkpt lat="45.670041" lon="2.988647"><ele>839.25</ele></trkpt>
   <trkpt lat="45.669991" lon="2.988781"><ele>838.5</ele></trkpt>
   <trkpt lat="45.669926" lon="2.988897"><ele>838.5</ele></trkpt>
   <trkpt lat="45.669779" lon="2.989116"><ele>840</ele></trkpt>
   <trkpt lat="45.669685" lon="2.989293"><ele>841.5</ele></trkpt>
   <trkpt lat="45.669655" lon="2.98947"><ele>842</ele></trkpt>
   <trkpt lat="45.669606" lon="2.989458"><ele>842</ele></trkpt>
   <trkpt lat="45.669476" lon="2.989319"><ele>841.75</ele></trkpt>
   <trkpt lat="45.669341" lon="2.989257"><ele>841.5</ele></trkpt>
   <trkpt lat="45.669185" lon="2.989295"><ele>841.25</ele></trkpt>
   <trkpt lat="45.669044" lon="2.989414"><ele>841.25</ele></trkpt>
   <trkpt lat="45.668927" lon="2.98964"><ele>841</ele></trkpt>
   <trkpt lat="45.668818" lon="2.989886"><ele>841.5</ele></trkpt>
   <trkpt lat="45.668499" lon="2.990304"><ele>843.5</ele></trkpt>
   <trkpt lat="45.66815" lon="2.990822"><ele>842.75</ele></trkpt>
   <trkpt lat="45.667944" lon="2.991026"><ele>842</ele></trkpt>
   <trkpt lat="45.667717" lon="2.991256"><ele>841.25</ele></trkpt>
   <trkpt lat="45.667539" lon="2.99157"><ele>842.5</ele></trkpt>
   <trkpt lat="45.667458" lon="2.991876"><ele>844.25</ele></trkpt>
   <trkpt lat="45.66735" lon="2.992192"><ele>847.25</ele></trkpt>
   <trkpt lat="45.667171" lon="2.992466"><ele>845.5</ele></trkpt>
   <trkpt lat="45.666798" lon="2.992917"><ele>845</ele></trkpt>
   <trkpt lat="45.666763" lon="2.993054"><ele>845.25</ele></trkpt>
   <trkpt lat="45.666763" lon="2.993576"><ele>845.25</ele></trkpt>
   <trkpt lat="45.666823" lon="2.994053"><ele>843.75</ele></trkpt>
   <trkpt lat="45.667018" lon="2.994354"><ele>844.75</ele></trkpt>
   <trkpt lat="45.667442" lon="2.995035"><ele>843.75</ele></trkpt>
   <trkpt lat="45.667772" lon="2.995513"><ele>842</ele></trkpt>
   <trkpt lat="45.667892" lon="2.995684"><ele>841.5</ele></trkpt>
   <trkpt lat="45.667978" lon="2.995888"><ele>841</ele></trkpt>
   <trkpt lat="45.66825" lon="2.99656"><ele>838.75</ele></trkpt>
   <trkpt lat="45.668408" lon="2.996834"><ele>840</ele></trkpt>
   <trkpt lat="45.66866" lon="2.997204"><ele>836.25</ele></trkpt>
   <trkpt lat="45.668787" lon="2.997417"><ele>835.5</ele></trkpt>
   <trkpt lat="45.668863" lon="2.997575"><ele>834.75</ele></trkpt>
   <trkpt lat="45.668907" lon="2.997716"><ele>834</ele></trkpt>
   <trkpt lat="45.668937" lon="2.997898"><ele>833.25</ele></trkpt>
   <trkpt lat="45.668979" lon="2.998339"><ele>834.5</ele></trkpt>
   <trkpt lat="45.669008" lon="2.998721"><ele>835.75</ele></trkpt>
   <trkpt lat="45.669022" lon="2.998903"><ele>834.75</ele></trkpt>
   <trkpt lat="45.669046" lon="2.998993"><ele>834.5</ele></trkpt>
   <trkpt lat="45.669105" lon="2.999121"><ele>834</ele></trkpt>
   <trkpt lat="45.668983" lon="2.999218"><ele>833.75</ele></trkpt>
   <trkpt lat="45.668468" lon="2.999394"><ele>831</ele></trkpt>
   <trkpt lat="45.668088" lon="2.999512"><ele>832.25</ele></trkpt>
   <trkpt lat="45.667932" lon="2.999541"><ele>832.5</ele></trkpt>
   <trkpt lat="45.667943" lon="2.999651"><ele>833.25</ele></trkpt>
   <trkpt lat="45.667982" lon="2.99991"><ele>832.25</ele></trkpt>
   <trkpt lat="45.668033" lon="3.000162"><ele>829.25</ele></trkpt>
   <trkpt lat="45.668037" lon="3.000279"><ele>828</ele></trkpt>
   <trkpt lat="45.667974" lon="3.00052"><ele>825</ele></trkpt>
   <trkpt lat="45.668131" lon="3.001048"><ele>823</ele></trkpt>
   <trkpt lat="45.66829" lon="3.001437"><ele>822.75</ele></trkpt>
   <trkpt lat="45.668461" lon="3.001748"><ele>822.25</ele></trkpt>
   <trkpt lat="45.668584" lon="3.001892"><ele>822</ele></trkpt>
   <trkpt lat="45.668732" lon="3.002012"><ele>821.5</ele></trkpt>
   <trkpt lat="45.668899" lon="3.002123"><ele>821</ele></trkpt>
   <trkpt lat="45.669003" lon="3.002257"><ele>821.5</ele></trkpt>
   <trkpt lat="45.669068" lon="3.002384"><ele>822</ele></trkpt>
   <trkpt lat="45.669082" lon="3.002442"><ele>822</ele></trkpt>
   <trkpt lat="45.669107" lon="3.002539"><ele>822.25</ele></trkpt>
   <trkpt lat="45.669122" lon="3.0027"><ele>822.5</ele></trkpt>
   <trkpt lat="45.669065" lon="3.003857"><ele>817.75</ele></trkpt>
   <trkpt lat="45.669071" lon="3.004087"><ele>817.75</ele></trkpt>
   <trkpt lat="45.669109" lon="3.004234"><ele>817.75</ele></trkpt>
   <trkpt lat="45.669179" lon="3.004336"><ele>817.5</ele></trkpt>
   <trkpt lat="45.669354" lon="3.004468"><ele>817.25</ele></trkpt>
   <trkpt lat="45.669718" lon="3.004675"><ele>816</ele></trkpt>
   <trkpt lat="45.66988" lon="3.004751"><ele>815.75</ele></trkpt>
   <trkpt lat="45.669966" lon="3.004786"><ele>815.75</ele></trkpt>
   <trkpt lat="45.66996" lon="3.004821"><ele>815.75</ele></trkpt>
   <trkpt lat="45.669962" lon="3.004856"><ele>815.75</ele></trkpt>
   <trkpt lat="45.669973" lon="3.004888"><ele>815.75</ele></trkpt>
   <trkpt lat="45.66999" lon="3.004913"><ele>815.75</ele></trkpt>
   <trkpt lat="45.670013" lon="3.00493"><ele>816</ele></trkpt>
   <trkpt lat="45.670038" lon="3.004935"><ele>816</ele></trkpt>
   <trkpt lat="45.670064" lon="3.004927"><ele>816.25</ele></trkpt>
   <trkpt lat="45.670085" lon="3.004907"><ele>816.25</ele></trkpt>
   <trkpt lat="45.670101" lon="3.004877"><ele>816.5</ele></trkpt>
   <trkpt lat="45.670182" lon="3.004945"><ele>816.75</ele></trkpt>
   <trkpt lat="45.670321" lon="3.005054"><ele>817</ele></trkpt>
   <trkpt lat="45.670793" lon="3.005349"><ele>817.75</ele></trkpt>
   <trkpt lat="45.671032" lon="3.005499"><ele>817</ele></trkpt>
   <trkpt lat="45.671215" lon="3.00556"><ele>817</ele></trkpt>
   <trkpt lat="45.671533" lon="3.005597"><ele>817</ele></trkpt>
   <trkpt lat="45.671691" lon="3.005605"><ele>817</ele></trkpt>
   <trkpt lat="45.671761" lon="3.005627"><ele>817</ele></trkpt>
   <trkpt lat="45.671857" lon="3.005652"><ele>817</ele></trkpt>
   <trkpt lat="45.671969" lon="3.005681"><ele>816.75</ele></trkpt>
   <trkpt lat="45.672116" lon="3.005739"><ele>816.75</ele></trkpt>
   <trkpt lat="45.672233" lon="3.005827"><ele>816.75</ele></trkpt>
   <trkpt lat="45.672448" lon="3.006031"><ele>817.5</ele></trkpt>
   <trkpt lat="45.672754" lon="3.006344"><ele>817.75</ele></trkpt>
   <trkpt lat="45.672867" lon="3.006446"><ele>818.25</ele></trkpt>
   <trkpt lat="45.672955" lon="3.00656"><ele>818.25</ele></trkpt>
   <trkpt lat="45.67348" lon="3.007227"><ele>817</ele></trkpt>
   <trkpt lat="45.673583" lon="3.007319"><ele>818.5</ele></trkpt>
   <trkpt lat="45.673682" lon="3.007407"><ele>819</ele></trkpt>
   <trkpt lat="45.673793" lon="3.007434"><ele>819.25</ele></trkpt>
   <trkpt lat="45.673879" lon="3.007427"><ele>819.5</ele></trkpt>
   <trkpt lat="45.673971" lon="3.007384"><ele>820</ele></trkpt>
   <trkpt lat="45.674086" lon="3.00725"><ele>821.5</ele></trkpt>
   <trkpt lat="45.674336" lon="3.007004"><ele>825.25</ele></trkpt>
   <trkpt lat="45.674471" lon="3.006944"><ele>827</ele></trkpt>
   <trkpt lat="45.674491" lon="3.006952"><ele>827.25</ele></trkpt>
   <trkpt lat="45.674605" lon="3.006998"><ele>828.5</ele></trkpt>
   <trkpt lat="45.674693" lon="3.007155"><ele>829.75</ele></trkpt>
   <trkpt lat="45.674706" lon="3.007311"><ele>830.5</ele></trkpt>
   <trkpt lat="45.674676" lon="3.007509"><ele>831.25</ele></trkpt>
   <trkpt lat="45.674622" lon="3.007659"><ele>832.25</ele></trkpt>
   <trkpt lat="45.674579" lon="3.007802"><ele>832.75</ele></trkpt>
   <trkpt lat="45.674586" lon="3.007932"><ele>832.75</ele></trkpt>
   <trkpt lat="45.674651" lon="3.008069"><ele>833.5</ele></trkpt>
   <trkpt lat="45.674702" lon="3.008157"><ele>834</ele></trkpt>
   <trkpt lat="45.675004" lon="3.008735"><ele>837.75</ele></trkpt>
   <trkpt lat="45.675127" lon="3.008885"><ele>838.75</ele></trkpt>
   <trkpt lat="45.675292" lon="3.009048"><ele>840</ele></trkpt>
   <trkpt lat="45.675562" lon="3.009339"><ele>842.5</ele></trkpt>
   <trkpt lat="45.675846" lon="3.009626"><ele>845.5</ele></trkpt>
   <trkpt lat="45.676044" lon="3.009806"><ele>848</ele></trkpt>
   <trkpt lat="45.676435" lon="3.010024"><ele>851</ele></trkpt>
   <trkpt lat="45.676601" lon="3.010099"><ele>851.5</ele></trkpt>
   <trkpt lat="45.676778" lon="3.010157"><ele>852</ele></trkpt>
   <trkpt lat="45.676863" lon="3.010175"><ele>852.5</ele></trkpt>
   <trkpt lat="45.676947" lon="3.010177"><ele>853.25</ele></trkpt>
   <trkpt lat="45.677112" lon="3.010158"><ele>855</ele></trkpt>
   <trkpt lat="45.677321" lon="3.010092"><ele>857.25</ele></trkpt>
   <trkpt lat="45.677473" lon="3.010027"><ele>858.5</ele></trkpt>
   <trkpt lat="45.677558" lon="3.009958"><ele>859.25</ele></trkpt>
   <trkpt lat="45.677631" lon="3.009861"><ele>860.25</ele></trkpt>
   <trkpt lat="45.677723" lon="3.009704"><ele>861.5</ele></trkpt>
   <trkpt lat="45.67781" lon="3.009484"><ele>863.5</ele></trkpt>
   <trkpt lat="45.67788" lon="3.009372"><ele>864.5</ele></trkpt>
   <trkpt lat="45.677963" lon="3.009323"><ele>864.5</ele></trkpt>
   <trkpt lat="45.678028" lon="3.009317"><ele>864.5</ele></trkpt>
   <trkpt lat="45.678094" lon="3.00935"><ele>864.75</ele></trkpt>
   <trkpt lat="45.678161" lon="3.009413"><ele>865.5</ele></trkpt>
   <trkpt lat="45.678202" lon="3.009508"><ele>865.75</ele></trkpt>
   <trkpt lat="45.678222" lon="3.009618"><ele>865.75</ele></trkpt>
   <trkpt lat="45.678227" lon="3.009776"><ele>865.5</ele></trkpt>
   <trkpt lat="45.678215" lon="3.009992"><ele>865.75</ele></trkpt>
   <trkpt lat="45.678227" lon="3.010135"><ele>866.25</ele></trkpt>
   <trkpt lat="45.678253" lon="3.010276"><ele>867.25</ele></trkpt>
   <trkpt lat="45.678289" lon="3.010417"><ele>867.75</ele></trkpt>
   <trkpt lat="45.67835" lon="3.010586"><ele>868.75</ele></trkpt>
   <trkpt lat="45.678419" lon="3.010701"><ele>869.25</ele></trkpt>
   <trkpt lat="45.678663" lon="3.011024"><ele>872.5</ele></trkpt>
   <trkpt lat="45.678874" lon="3.011377"><ele>874.75</ele></trkpt>
   <trkpt lat="45.678923" lon="3.011434"><ele>875.5</ele></trkpt>
   <trkpt lat="45.678992" lon="3.011487"><ele>876.25</ele></trkpt>
   <trkpt lat="45.679076" lon="3.011457"><ele>877.25</ele></trkpt>
   <trkpt lat="45.679147" lon="3.011404"><ele>877.75</ele></trkpt>
   <trkpt lat="45.679211" lon="3.011341"><ele>878.5</ele></trkpt>
   <trkpt lat="45.679261" lon="3.01125"><ele>879.5</ele></trkpt>
   <trkpt lat="45.679273" lon="3.011176"><ele>879.75</ele></trkpt>
   <trkpt lat="45.679273" lon="3.011093"><ele>879.75</ele></trkpt>
   <trkpt lat="45.679271" lon="3.010809"><ele>881</ele></trkpt>
   <trkpt lat="45.679273" lon="3.010628"><ele>882.25</ele></trkpt>
   <trkpt lat="45.679284" lon="3.010422"><ele>884</ele></trkpt>
   <trkpt lat="45.679365" lon="3.010406"><ele>885.5</ele></trkpt>
   <trkpt lat="45.679399" lon="3.010359"><ele>886.5</ele></trkpt>
   <trkpt lat="45.679443" lon="3.010341"><ele>887.5</ele></trkpt>
   <trkpt lat="45.679487" lon="3.010341"><ele>888</ele></trkpt>
   <trkpt lat="45.679537" lon="3.01036"><ele>888.5</ele></trkpt>
   <trkpt lat="45.679639" lon="3.010458"><ele>889.5</ele></trkpt>
   <trkpt lat="45.679686" lon="3.01055"><ele>889.5</ele></trkpt>
   <trkpt lat="45.67982" lon="3.010682"><ele>890.25</ele></trkpt>
   <trkpt lat="45.679875" lon="3.010605"><ele>891.5</ele></trkpt>
   <trkpt lat="45.679938" lon="3.010364"><ele>897.75</ele></trkpt>
   <trkpt lat="45.680005" lon="3.010115"><ele>897.75</ele></trkpt>
   <trkpt lat="45.680211" lon="3.010218"><ele>899.5</ele></trkpt>
   <trkpt lat="45.680256" lon="3.010261"><ele>899.75</ele></trkpt>
   <trkpt lat="45.68071" lon="3.010476"><ele>901.75</ele></trkpt>
   <trkpt lat="45.680878" lon="3.010465"><ele>903</ele></trkpt>
   <trkpt lat="45.680976" lon="3.010814"><ele>903</ele></trkpt>
   <trkpt lat="45.681006" lon="3.011291"><ele>905.25</ele></trkpt>
   <trkpt lat="45.681051" lon="3.011517"><ele>907.75</ele></trkpt>
   <trkpt lat="45.681118" lon="3.01167"><ele>909.25</ele></trkpt>
   <trkpt lat="45.681294" lon="3.011605"><ele>913.75</ele></trkpt>
   <trkpt lat="45.681422" lon="3.011479"><ele>915.75</ele></trkpt>
   <trkpt lat="45.681474" lon="3.011472"><ele>917</ele></trkpt>
   <trkpt lat="45.681389" lon="3.011755"><ele>917.75</ele></trkpt>
   <trkpt lat="45.681235" lon="3.012181"><ele>920.75</ele></trkpt>
   <trkpt lat="45.681118" lon="3.012405"><ele>921.75</ele></trkpt>
   <trkpt lat="45.681025" lon="3.012614"><ele>922.5</ele></trkpt>
   <trkpt lat="45.680972" lon="3.012838"><ele>923.75</ele></trkpt>
   <trkpt lat="45.680872" lon="3.013544"><ele>927.5</ele></trkpt>
   <trkpt lat="45.68086" lon="3.013766"><ele>928.25</ele></trkpt>
   <trkpt lat="45.680878" lon="3.014059"><ele>929.5</ele></trkpt>
   <trkpt lat="45.680942" lon="3.014353"><ele>930.75</ele></trkpt>
   <trkpt lat="45.681099" lon="3.014876"><ele>933.5</ele></trkpt>
   <trkpt lat="45.681218" lon="3.015341"><ele>936.5</ele></trkpt>
   <trkpt lat="45.681273" lon="3.015649"><ele>937.5</ele></trkpt>
   <trkpt lat="45.681282" lon="3.015997"><ele>937.5</ele></trkpt>
   <trkpt lat="45.68122" lon="3.016824"><ele>939.75</ele></trkpt>
   <trkpt lat="45.681212" lon="3.017198"><ele>942</ele></trkpt>
   <trkpt lat="45.681239" lon="3.017584"><ele>944</ele></trkpt>
   <trkpt lat="45.681308" lon="3.017975"><ele>945</ele></trkpt>
   <trkpt lat="45.681551" lon="3.018721"><ele>949.5</ele></trkpt>
   <trkpt lat="45.681918" lon="3.01988"><ele>955.25</ele></trkpt>
   <trkpt lat="45.681993" lon="3.020371"><ele>957.25</ele></trkpt>
   <trkpt lat="45.682145" lon="3.020877"><ele>960.25</ele></trkpt>
   <trkpt lat="45.68226" lon="3.021116"><ele>962.25</ele></trkpt>
   <trkpt lat="45.682397" lon="3.02122"><ele>963.25</ele></trkpt>
   <trkpt lat="45.683224" lon="3.021659"><ele>965.5</ele></trkpt>
   <trkpt lat="45.683815" lon="3.022"><ele>966.5</ele></trkpt>
   <trkpt lat="45.68415" lon="3.022211"><ele>967</ele></trkpt>
   <trkpt lat="45.684271" lon="3.02232"><ele>967</ele></trkpt>
   <trkpt lat="45.684379" lon="3.022478"><ele>966.75</ele></trkpt>
   <trkpt lat="45.685038" lon="3.023792"><ele>965.25</ele></trkpt>
   <trkpt lat="45.686456" lon="3.026177"><ele>957.75</ele></trkpt>
   <trkpt lat="45.686648" lon="3.026439"><ele>956.5</ele></trkpt>
   <trkpt lat="45.686879" lon="3.026659"><ele>955</ele></trkpt>
   <trkpt lat="45.687567" lon="3.027229"><ele>949.75</ele></trkpt>
   <trkpt lat="45.687937" lon="3.027546"><ele>945.75</ele></trkpt>
   <trkpt lat="45.688148" lon="3.027807"><ele>943.5</ele></trkpt>
   <trkpt lat="45.688272" lon="3.028072"><ele>941.5</ele></trkpt>
   <trkpt lat="45.688336" lon="3.028363"><ele>939.5</ele></trkpt>
   <trkpt lat="45.688439" lon="3.028691"><ele>937</ele></trkpt>
   <trkpt lat="45.688557" lon="3.028984"><ele>934.75</ele></trkpt>
   <trkpt lat="45.688809" lon="3.029435"><ele>931</ele></trkpt>
   <trkpt lat="45.688992" lon="3.029689"><ele>929.75</ele></trkpt>
   <trkpt lat="45.689226" lon="3.029832"><ele>927.5</ele></trkpt>
   <trkpt lat="45.689674" lon="3.029926"><ele>924.75</ele></trkpt>
   <trkpt lat="45.690018" lon="3.02999"><ele>922</ele></trkpt>
   <trkpt lat="45.690433" lon="3.030097"><ele>919.5</ele></trkpt>
   <trkpt lat="45.690768" lon="3.030157"><ele>917</ele></trkpt>
   <trkpt lat="45.690936" lon="3.030218"><ele>915.75</ele></trkpt>
   <trkpt lat="45.691067" lon="3.030307"><ele>914.75</ele></trkpt>
   <trkpt lat="45.691201" lon="3.030465"><ele>914</ele></trkpt>
   <trkpt lat="45.691256" lon="3.030635"><ele>912.75</ele></trkpt>
   <trkpt lat="45.691267" lon="3.030793"><ele>911.25</ele></trkpt>
   <trkpt lat="45.691248" lon="3.030907"><ele>910</ele></trkpt>
   <trkpt lat="45.691189" lon="3.031017"><ele>908.75</ele></trkpt>
   <trkpt lat="45.691114" lon="3.031092"><ele>908</ele></trkpt>
   <trkpt lat="45.690972" lon="3.031217"><ele>906.5</ele></trkpt>
   <trkpt lat="45.690817" lon="3.031445"><ele>904.5</ele></trkpt>
   <trkpt lat="45.690576" lon="3.031948"><ele>901.75</ele></trkpt>
   <trkpt lat="45.690265" lon="3.032555"><ele>897.75</ele></trkpt>
   <trkpt lat="45.690136" lon="3.032917"><ele>895.5</ele></trkpt>
   <trkpt lat="45.690056" lon="3.033152"><ele>893</ele></trkpt>
   <trkpt lat="45.690043" lon="3.033372"><ele>890.75</ele></trkpt>
   <trkpt lat="45.690084" lon="3.033627"><ele>888.75</ele></trkpt>
   <trkpt lat="45.690176" lon="3.033975"><ele>887.5</ele></trkpt>
   <trkpt lat="45.69022" lon="3.03408"><ele>887.5</ele></trkpt>
   <trkpt lat="45.690267" lon="3.034159"><ele>887.75</ele></trkpt>
   <trkpt lat="45.690337" lon="3.034233"><ele>886.25</ele></trkpt>
   <trkpt lat="45.690465" lon="3.034241"><ele>885.5</ele></trkpt>
   <trkpt lat="45.69049" lon="3.034115"><ele>886.75</ele></trkpt>
   <trkpt lat="45.690529" lon="3.033988"><ele>887.25</ele></trkpt>
   <trkpt lat="45.690518" lon="3.033679"><ele>889.75</ele></trkpt>
   <trkpt lat="45.690529" lon="3.033988"><ele>887.25</ele></trkpt>
   <trkpt lat="45.69049" lon="3.034115"><ele>886.75</ele></trkpt>
   <trkpt lat="45.690465" lon="3.034241"><ele>885.5</ele></trkpt>
   <trkpt lat="45.690761" lon="3.034235"><ele>883.75</ele></trkpt>
   <trkpt lat="45.690838" lon="3.034216"><ele>883.5</ele></trkpt>
   <trkpt lat="45.690981" lon="3.034138"><ele>883</ele></trkpt>
   <trkpt lat="45.691322" lon="3.03401"><ele>882</ele></trkpt>
   <trkpt lat="45.692083" lon="3.033992"><ele>879.25</ele></trkpt>
   <trkpt lat="45.692658" lon="3.033855"><ele>876</ele></trkpt>
   <trkpt lat="45.69293" lon="3.033779"><ele>875</ele></trkpt>
   <trkpt lat="45.693349" lon="3.033642"><ele>873.5</ele></trkpt>
   <trkpt lat="45.693542" lon="3.033562"><ele>873.25</ele></trkpt>
   <trkpt lat="45.694503" lon="3.032871"><ele>868.75</ele></trkpt>
   <trkpt lat="45.694689" lon="3.032763"><ele>868.25</ele></trkpt>
   <trkpt lat="45.694889" lon="3.032693"><ele>867.5</ele></trkpt>
   <trkpt lat="45.694913" lon="3.032685"><ele>867.5</ele></trkpt>
   <trkpt lat="45.695401" lon="3.03251"><ele>865</ele></trkpt>
   <trkpt lat="45.696588" lon="3.032142"><ele>858</ele></trkpt>
   <trkpt lat="45.697472" lon="3.031848"><ele>854.75</ele></trkpt>
   <trkpt lat="45.697771" lon="3.031785"><ele>853</ele></trkpt>
   <trkpt lat="45.698744" lon="3.031675"><ele>849.25</ele></trkpt>
   <trkpt lat="45.6993" lon="3.03162"><ele>847</ele></trkpt>
   <trkpt lat="45.699812" lon="3.031583"><ele>845</ele></trkpt>
   <trkpt lat="45.69997" lon="3.031545"><ele>844.25</ele></trkpt>
   <trkpt lat="45.7001" lon="3.031482"><ele>844.25</ele></trkpt>
   <trkpt lat="45.700242" lon="3.031369"><ele>844.25</ele></trkpt>
   <trkpt lat="45.700344" lon="3.031254"><ele>844.5</ele></trkpt>
   <trkpt lat="45.700522" lon="3.030931"><ele>844.5</ele></trkpt>
   <trkpt lat="45.701586" lon="3.028728"><ele>844</ele></trkpt>
   <trkpt lat="45.701979" lon="3.02797"><ele>843.75</ele></trkpt>
   <trkpt lat="45.702092" lon="3.027784"><ele>843.75</ele></trkpt>
   <trkpt lat="45.702155" lon="3.027697"><ele>843.75</ele></trkpt>
   <trkpt lat="45.702568" lon="3.027321"><ele>840</ele></trkpt>
   <trkpt lat="45.702716" lon="3.027134"><ele>839</ele></trkpt>
   <trkpt lat="45.702836" lon="3.026865"><ele>837</ele></trkpt>
   <trkpt lat="45.703012" lon="3.026393"><ele>835</ele></trkpt>
   <trkpt lat="45.703144" lon="3.025919"><ele>830.5</ele></trkpt>
   <trkpt lat="45.703259" lon="3.025154"><ele>827.5</ele></trkpt>
   <trkpt lat="45.703451" lon="3.024281"><ele>823.25</ele></trkpt>
   <trkpt lat="45.703457" lon="3.024068"><ele>822.25</ele></trkpt>
   <trkpt lat="45.703427" lon="3.023857"><ele>820.5</ele></trkpt>
   <trkpt lat="45.70322" lon="3.023256"><ele>816</ele></trkpt>
   <trkpt lat="45.703201" lon="3.023083"><ele>814</ele></trkpt>
   <trkpt lat="45.703219" lon="3.022883"><ele>813.5</ele></trkpt>
   <trkpt lat="45.703281" lon="3.022696"><ele>813</ele></trkpt>
   <trkpt lat="45.703355" lon="3.022602"><ele>811.75</ele></trkpt>
   <trkpt lat="45.703571" lon="3.022433"><ele>811</ele></trkpt>
   <trkpt lat="45.703711" lon="3.022417"><ele>809.75</ele></trkpt>
   <trkpt lat="45.70389" lon="3.02238"><ele>807.75</ele></trkpt>
   <trkpt lat="45.70396" lon="3.02238"><ele>807</ele></trkpt>
   <trkpt lat="45.704057" lon="3.022332"><ele>806</ele></trkpt>
   <trkpt lat="45.704151" lon="3.022227"><ele>806</ele></trkpt>
   <trkpt lat="45.704311" lon="3.022013"><ele>803.75</ele></trkpt>
   <trkpt lat="45.704415" lon="3.021908"><ele>804</ele></trkpt>
   <trkpt lat="45.704491" lon="3.021861"><ele>804.25</ele></trkpt>
   <trkpt lat="45.704574" lon="3.021839"><ele>804.5</ele></trkpt>
   <trkpt lat="45.70466" lon="3.021804"><ele>804.75</ele></trkpt>
   <trkpt lat="45.70471" lon="3.02179"><ele>805</ele></trkpt>
   <trkpt lat="45.70476" lon="3.021758"><ele>805.25</ele></trkpt>
   <trkpt lat="45.704805" lon="3.021694"><ele>805.5</ele></trkpt>
   <trkpt lat="45.704845" lon="3.021616"><ele>805.75</ele></trkpt>
   <trkpt lat="45.704892" lon="3.021466"><ele>806.5</ele></trkpt>
   <trkpt lat="45.704924" lon="3.021323"><ele>807</ele></trkpt>
   <trkpt lat="45.704971" lon="3.02116"><ele>807.75</ele></trkpt>
   <trkpt lat="45.705018" lon="3.021024"><ele>808</ele></trkpt>
   <trkpt lat="45.70512" lon="3.020883"><ele>808.25</ele></trkpt>
   <trkpt lat="45.705157" lon="3.020838"><ele>808.25</ele></trkpt>
   <trkpt lat="45.705237" lon="3.020841"><ele>808</ele></trkpt>
   <trkpt lat="45.705302" lon="3.020737"><ele>808.25</ele></trkpt>
   <trkpt lat="45.705381" lon="3.020654"><ele>808.25</ele></trkpt>
   <trkpt lat="45.705576" lon="3.020524"><ele>807.75</ele></trkpt>
   <trkpt lat="45.705579" lon="3.020536"><ele>806</ele></trkpt>
   <trkpt lat="45.705576" lon="3.020524"><ele>807.75</ele></trkpt>
   <trkpt lat="45.705516" lon="3.020291"><ele>808</ele></trkpt>
   <trkpt lat="45.705459" lon="3.020098"><ele>808.75</ele></trkpt>
   <trkpt lat="45.705312" lon="3.019736"><ele>809.75</ele></trkpt>
   <trkpt lat="45.705217" lon="3.019528"><ele>810.75</ele></trkpt>
   <trkpt lat="45.704974" lon="3.019041"><ele>812.25</ele></trkpt>
   <trkpt lat="45.70486" lon="3.018822"><ele>813</ele></trkpt>
   <trkpt lat="45.704818" lon="3.018623"><ele>813.5</ele></trkpt>
   <trkpt lat="45.704778" lon="3.018425"><ele>814.25</ele></trkpt>
   <trkpt lat="45.70479" lon="3.018366"><ele>814.5</ele></trkpt>
   <trkpt lat="45.704792" lon="3.018305"><ele>814.75</ele></trkpt>
   <trkpt lat="45.704784" lon="3.018246"><ele>814.75</ele></trkpt>
   <trkpt lat="45.704833" lon="3.018063"><ele>814.75</ele></trkpt>
   <trkpt lat="45.704913" lon="3.017838"><ele>816.25</ele></trkpt>
   <trkpt lat="45.704961" lon="3.017649"><ele>816.25</ele></trkpt>
   <trkpt lat="45.705046" lon="3.017336"><ele>817</ele></trkpt>
   <trkpt lat="45.705131" lon="3.016964"><ele>818</ele></trkpt>
   <trkpt lat="45.705159" lon="3.016659"><ele>817.25</ele></trkpt>
   <trkpt lat="45.70515" lon="3.016322"><ele>818</ele></trkpt>
   <trkpt lat="45.705122" lon="3.015946"><ele>817.75</ele></trkpt>
   <trkpt lat="45.70511" lon="3.015672"><ele>818.75</ele></trkpt>
   <trkpt lat="45.705136" lon="3.015251"><ele>820</ele></trkpt>
   <trkpt lat="45.705258" lon="3.014472"><ele>820.75</ele></trkpt>
   <trkpt lat="45.705331" lon="3.014165"><ele>820.75</ele></trkpt>
   <trkpt lat="45.705417" lon="3.013922"><ele>821.25</ele></trkpt>
   <trkpt lat="45.705502" lon="3.013748"><ele>821.5</ele></trkpt>
   <trkpt lat="45.705619" lon="3.013583"><ele>822</ele></trkpt>
   <trkpt lat="45.705748" lon="3.013461"><ele>822.5</ele></trkpt>
   <trkpt lat="45.70588" lon="3.013357"><ele>822.5</ele></trkpt>
   <trkpt lat="45.706026" lon="3.013281"><ele>822.5</ele></trkpt>
   <trkpt lat="45.70622" lon="3.013219"><ele>823</ele></trkpt>
   <trkpt lat="45.707086" lon="3.013041"><ele>824</ele></trkpt>
   <trkpt lat="45.70816" lon="3.012805"><ele>823.75</ele></trkpt>
   <trkpt lat="45.708321" lon="3.012803"><ele>823.75</ele></trkpt>
   <trkpt lat="45.708446" lon="3.012829"><ele>823.25</ele></trkpt>
   <trkpt lat="45.70856" lon="3.01287"><ele>822.5</ele></trkpt>
   <trkpt lat="45.708667" lon="3.012932"><ele>822</ele></trkpt>
   <trkpt lat="45.708845" lon="3.013095"><ele>823</ele></trkpt>
   <trkpt lat="45.708927" lon="3.013207"><ele>823.25</ele></trkpt>
   <trkpt lat="45.709079" lon="3.013519"><ele>823.5</ele></trkpt>
   <trkpt lat="45.709564" lon="3.014617"><ele>826.75</ele></trkpt>
   <trkpt lat="45.7097" lon="3.014897"><ele>829.25</ele></trkpt>
   <trkpt lat="45.709828" lon="3.015099"><ele>829.5</ele></trkpt>
   <trkpt lat="45.709978" lon="3.015269"><ele>831.25</ele></trkpt>
   <trkpt lat="45.71017" lon="3.015412"><ele>833.25</ele></trkpt>
   <trkpt lat="45.712018" lon="3.016689"><ele>844.5</ele></trkpt>
   <trkpt lat="45.712112" lon="3.016757"><ele>845.5</ele></trkpt>
   <trkpt lat="45.712389" lon="3.016946"><ele>846.25</ele></trkpt>
   <trkpt lat="45.712873" lon="3.017278"><ele>849</ele></trkpt>
   <trkpt lat="45.71345" lon="3.017673"><ele>852.25</ele></trkpt>
   <trkpt lat="45.713654" lon="3.017786"><ele>854</ele></trkpt>
   <trkpt lat="45.713975" lon="3.017894"><ele>855.25</ele></trkpt>
   <trkpt lat="45.714282" lon="3.017971"><ele>857.75</ele></trkpt>
   <trkpt lat="45.716301" lon="3.018436"><ele>870.25</ele></trkpt>
   <trkpt lat="45.71736" lon="3.018701"><ele>870.5</ele></trkpt>
   <trkpt lat="45.71753" lon="3.018745"><ele>871.25</ele></trkpt>
   <trkpt lat="45.718114" lon="3.018894"><ele>874</ele></trkpt>
   <trkpt lat="45.718441" lon="3.018977"><ele>875.25</ele></trkpt>
   <trkpt lat="45.71857" lon="3.019006"><ele>875.5</ele></trkpt>
   <trkpt lat="45.718662" lon="3.019017"><ele>875.5</ele></trkpt>
   <trkpt lat="45.71872" lon="3.019004"><ele>875.75</ele></trkpt>
   <trkpt lat="45.718797" lon="3.018986"><ele>876</ele></trkpt>
   <trkpt lat="45.718854" lon="3.019058"><ele>875.5</ele></trkpt>
   <trkpt lat="45.718918" lon="3.019124"><ele>875.25</ele></trkpt>
   <trkpt lat="45.719247" lon="3.019342"><ele>875</ele></trkpt>
   <trkpt lat="45.719692" lon="3.019629"><ele>875.25</ele></trkpt>
   <trkpt lat="45.71985" lon="3.019692"><ele>875.5</ele></trkpt>
   <trkpt lat="45.719924" lon="3.019711"><ele>875.75</ele></trkpt>
   <trkpt lat="45.720152" lon="3.019742"><ele>877</ele></trkpt>
   <trkpt lat="45.72019" lon="3.019733"><ele>877.25</ele></trkpt>
   <trkpt lat="45.720447" lon="3.019674"><ele>878</ele></trkpt>
   <trkpt lat="45.720548" lon="3.019596"><ele>878</ele></trkpt>
   <trkpt lat="45.720612" lon="3.019512"><ele>876</ele></trkpt>
   <trkpt lat="45.720659" lon="3.019453"><ele>874.5</ele></trkpt>
   <trkpt lat="45.720692" lon="3.019355"><ele>874</ele></trkpt>
   <trkpt lat="45.720896" lon="3.0184"><ele>871.75</ele></trkpt>
   <trkpt lat="45.720937" lon="3.018323"><ele>871.25</ele></trkpt>
   <trkpt lat="45.72099" lon="3.018274"><ele>870</ele></trkpt>
   <trkpt lat="45.721043" lon="3.018248"><ele>868.5</ele></trkpt>
   <trkpt lat="45.721317" lon="3.018257"><ele>867.25</ele></trkpt>
   <trkpt lat="45.721741" lon="3.018334"><ele>869.25</ele></trkpt>
   <trkpt lat="45.72311" lon="3.018539"><ele>877</ele></trkpt>
   <trkpt lat="45.725286" lon="3.018865"><ele>883</ele></trkpt>
   <trkpt lat="45.725565" lon="3.018952"><ele>885</ele></trkpt>
   <trkpt lat="45.726064" lon="3.019215"><ele>887.75</ele></trkpt>
   <trkpt lat="45.7266" lon="3.019508"><ele>890.5</ele></trkpt>
   <trkpt lat="45.726852" lon="3.019602"><ele>891.5</ele></trkpt>
   <trkpt lat="45.727049" lon="3.01964"><ele>891.5</ele></trkpt>
   <trkpt lat="45.727837" lon="3.019582"><ele>888.75</ele></trkpt>
   <trkpt lat="45.728107" lon="3.019572"><ele>886.75</ele></trkpt>
   <trkpt lat="45.728298" lon="3.019609"><ele>886.25</ele></trkpt>
   <trkpt lat="45.72852" lon="3.019706"><ele>885.75</ele></trkpt>
   <trkpt lat="45.728832" lon="3.019895"><ele>884.5</ele></trkpt>
   <trkpt lat="45.729188" lon="3.020251"><ele>882.25</ele></trkpt>
   <trkpt lat="45.730028" lon="3.021055"><ele>876</ele></trkpt>
   <trkpt lat="45.730206" lon="3.021181"><ele>874.25</ele></trkpt>
   <trkpt lat="45.730404" lon="3.021264"><ele>872.25</ele></trkpt>
   <trkpt lat="45.730655" lon="3.02128"><ele>870.75</ele></trkpt>
   <trkpt lat="45.730939" lon="3.021269"><ele>867.75</ele></trkpt>
   <trkpt lat="45.731638" lon="3.021133"><ele>863</ele></trkpt>
   <trkpt lat="45.731845" lon="3.021124"><ele>862.75</ele></trkpt>
   <trkpt lat="45.732057" lon="3.021169"><ele>862.25</ele></trkpt>
   <trkpt lat="45.73241" lon="3.021317"><ele>861.5</ele></trkpt>
   <trkpt lat="45.732846" lon="3.021541"><ele>859.75</ele></trkpt>
   <trkpt lat="45.733231" lon="3.021764"><ele>857.75</ele></trkpt>
   <trkpt lat="45.733595" lon="3.021983"><ele>855.75</ele></trkpt>
   <trkpt lat="45.734093" lon="3.022356"><ele>852.25</ele></trkpt>
   <trkpt lat="45.734594" lon="3.022648"><ele>848.25</ele></trkpt>
   <trkpt lat="45.73504" lon="3.022881"><ele>847.25</ele></trkpt>
   <trkpt lat="45.735153" lon="3.022954"><ele>847.5</ele></trkpt>
   <trkpt lat="45.735293" lon="3.023082"><ele>847.5</ele></trkpt>
   <trkpt lat="45.735349" lon="3.023115"><ele>847.25</ele></trkpt>
   <trkpt lat="45.735402" lon="3.023122"><ele>847.5</ele></trkpt>
   <trkpt lat="45.735485" lon="3.023094"><ele>848.25</ele></trkpt>
   <trkpt lat="45.735496" lon="3.023138"><ele>847.75</ele></trkpt>
   <trkpt lat="45.735517" lon="3.023175"><ele>847.5</ele></trkpt>
   <trkpt lat="45.735544" lon="3.0232"><ele>847.25</ele></trkpt>
   <trkpt lat="45.735576" lon="3.023212"><ele>847.25</ele></trkpt>
   <trkpt lat="45.735609" lon="3.023209"><ele>847.25</ele></trkpt>
   <trkpt lat="45.735639" lon="3.023191"><ele>847.5</ele></trkpt>
   <trkpt lat="45.735664" lon="3.02316"><ele>847.75</ele></trkpt>
   <trkpt lat="45.735679" lon="3.023125"><ele>848</ele></trkpt>
   <trkpt lat="45.735687" lon="3.023085"><ele>848.25</ele></trkpt>
   <trkpt lat="45.735678" lon="3.023004"><ele>848.5</ele></trkpt>
   <trkpt lat="45.735762" lon="3.022913"><ele>848.75</ele></trkpt>
   <trkpt lat="45.735853" lon="3.022779"><ele>849</ele></trkpt>
   <trkpt lat="45.736095" lon="3.022382"><ele>851.5</ele></trkpt>
   <trkpt lat="45.736169" lon="3.022224"><ele>851.25</ele></trkpt>
   <trkpt lat="45.736216" lon="3.022047"><ele>851.5</ele></trkpt>
   <trkpt lat="45.736249" lon="3.021765"><ele>851.5</ele></trkpt>
   <trkpt lat="45.736261" lon="3.021357"><ele>852</ele></trkpt>
   <trkpt lat="45.736281" lon="3.02118"><ele>852</ele></trkpt>
   <trkpt lat="45.736348" lon="3.020985"><ele>852</ele></trkpt>
   <trkpt lat="45.736414" lon="3.02087"><ele>852.25</ele></trkpt>
   <trkpt lat="45.736511" lon="3.020769"><ele>852</ele></trkpt>
   <trkpt lat="45.736627" lon="3.020706"><ele>851.5</ele></trkpt>
   <trkpt lat="45.736728" lon="3.020684"><ele>851.75</ele></trkpt>
   <trkpt lat="45.736865" lon="3.020676"><ele>852.25</ele></trkpt>
   <trkpt lat="45.737283" lon="3.020746"><ele>854.5</ele></trkpt>
   <trkpt lat="45.73741" lon="3.020749"><ele>854.5</ele></trkpt>
   <trkpt lat="45.73754" lon="3.020716"><ele>854.25</ele></trkpt>
   <trkpt lat="45.737639" lon="3.020644"><ele>854</ele></trkpt>
   <trkpt lat="45.737723" lon="3.020523"><ele>854.5</ele></trkpt>
   <trkpt lat="45.737781" lon="3.020381"><ele>853.75</ele></trkpt>
   <trkpt lat="45.737813" lon="3.020212"><ele>853.5</ele></trkpt>
   <trkpt lat="45.737817" lon="3.020116"><ele>853.5</ele></trkpt>
   <trkpt lat="45.737822" lon="3.019994"><ele>853.75</ele></trkpt>
   <trkpt lat="45.737813" lon="3.019525"><ele>854.75</ele></trkpt>
   <trkpt lat="45.737812" lon="3.01925"><ele>855</ele></trkpt>
   <trkpt lat="45.737846" lon="3.019059"><ele>854.5</ele></trkpt>
   <trkpt lat="45.737898" lon="3.018908"><ele>854</ele></trkpt>
   <trkpt lat="45.737992" lon="3.018784"><ele>854</ele></trkpt>
   <trkpt lat="45.738076" lon="3.018709"><ele>854.5</ele></trkpt>
   <trkpt lat="45.738209" lon="3.018654"><ele>855.75</ele></trkpt>
   <trkpt lat="45.738344" lon="3.018652"><ele>856.25</ele></trkpt>
   <trkpt lat="45.738696" lon="3.018768"><ele>858.25</ele></trkpt>
   <trkpt lat="45.738882" lon="3.018785"><ele>860.5</ele></trkpt>
   <trkpt lat="45.739013" lon="3.018759"><ele>861</ele></trkpt>
   <trkpt lat="45.73915" lon="3.018681"><ele>861.5</ele></trkpt>
   <trkpt lat="45.739313" lon="3.018495"><ele>862.5</ele></trkpt>
   <trkpt lat="45.739403" lon="3.018307"><ele>863.25</ele></trkpt>
   <trkpt lat="45.739452" lon="3.018136"><ele>863.5</ele></trkpt>
   <trkpt lat="45.739524" lon="3.017762"><ele>864.5</ele></trkpt>
   <trkpt lat="45.739562" lon="3.017593"><ele>865</ele></trkpt>
   <trkpt lat="45.739608" lon="3.01746"><ele>865.25</ele></trkpt>
   <trkpt lat="45.739671" lon="3.017324"><ele>866</ele></trkpt>
   <trkpt lat="45.739722" lon="3.017231"><ele>866.75</ele></trkpt>
   <trkpt lat="45.739836" lon="3.01711"><ele>867</ele></trkpt>
   <trkpt lat="45.739968" lon="3.01702"><ele>867.25</ele></trkpt>
   <trkpt lat="45.740299" lon="3.01689"><ele>869</ele></trkpt>
   <trkpt lat="45.740549" lon="3.016807"><ele>869.25</ele></trkpt>
   <trkpt lat="45.740764" lon="3.016763"><ele>870</ele></trkpt>
   <trkpt lat="45.741003" lon="3.016749"><ele>869.75</ele></trkpt>
   <trkpt lat="45.741224" lon="3.016768"><ele>869</ele></trkpt>
   <trkpt lat="45.741235" lon="3.016724"><ele>869.25</ele></trkpt>
   <trkpt lat="45.741337" lon="3.016316"><ele>872.75</ele></trkpt>
   <trkpt lat="45.741423" lon="3.016079"><ele>874</ele></trkpt>
   <trkpt lat="45.741514" lon="3.015884"><ele>875</ele></trkpt>
   <trkpt lat="45.741554" lon="3.01581"><ele>875.25</ele></trkpt>
   <trkpt lat="45.742012" lon="3.014964"><ele>876.5</ele></trkpt>
   <trkpt lat="45.742093" lon="3.014806"><ele>876.75</ele></trkpt>
   <trkpt lat="45.742131" lon="3.014731"><ele>876.75</ele></trkpt>
   <trkpt lat="45.742221" lon="3.014555"><ele>876.5</ele></trkpt>
   <trkpt lat="45.742345" lon="3.014313"><ele>876</ele></trkpt>
   <trkpt lat="45.742559" lon="3.013855"><ele>876.5</ele></trkpt>
   <trkpt lat="45.742609" lon="3.01371"><ele>876.75</ele></trkpt>
   <trkpt lat="45.742656" lon="3.013547"><ele>876.75</ele></trkpt>
   <trkpt lat="45.742689" lon="3.013401"><ele>877</ele></trkpt>
   <trkpt lat="45.742721" lon="3.013176"><ele>878.5</ele></trkpt>
   <trkpt lat="45.742746" lon="3.012917"><ele>880</ele></trkpt>
   <trkpt lat="45.74275" lon="3.012791"><ele>880.5</ele></trkpt>
   <trkpt lat="45.742746" lon="3.012601"><ele>881.25</ele></trkpt>
   <trkpt lat="45.742666" lon="3.011825"><ele>880.75</ele></trkpt>
   <trkpt lat="45.742631" lon="3.011252"><ele>880.5</ele></trkpt>
   <trkpt lat="45.742625" lon="3.011001"><ele>881.5</ele></trkpt>
   <trkpt lat="45.742641" lon="3.010846"><ele>881.75</ele></trkpt>
   <trkpt lat="45.742652" lon="3.010737"><ele>882</ele></trkpt>
   <trkpt lat="45.742725" lon="3.01054"><ele>881.75</ele></trkpt>
   <trkpt lat="45.742768" lon="3.010459"><ele>881.25</ele></trkpt>
   <trkpt lat="45.742841" lon="3.01039"><ele>881.75</ele></trkpt>
   <trkpt lat="45.742899" lon="3.010373"><ele>882</ele></trkpt>
   <trkpt lat="45.742945" lon="3.010373"><ele>882.25</ele></trkpt>
   <trkpt lat="45.743021" lon="3.010407"><ele>882.25</ele></trkpt>
   <trkpt lat="45.743041" lon="3.010416"><ele>882.25</ele></trkpt>
   <trkpt lat="45.743231" lon="3.010563"><ele>884.25</ele></trkpt>
   <trkpt lat="45.743619" lon="3.011102"><ele>886</ele></trkpt>
   <trkpt lat="45.743691" lon="3.011234"><ele>886.25</ele></trkpt>
   <trkpt lat="45.743719" lon="3.011293"><ele>886.25</ele></trkpt>
   <trkpt lat="45.743787" lon="3.011484"><ele>885.5</ele></trkpt>
   <trkpt lat="45.74392" lon="3.011399"><ele>887</ele></trkpt>
   <trkpt lat="45.744025" lon="3.011409"><ele>887.75</ele></trkpt>
   <trkpt lat="45.74411" lon="3.011449"><ele>888</ele></trkpt>
   <trkpt lat="45.744267" lon="3.011545"><ele>889.25</ele></trkpt>
   <trkpt lat="45.744379" lon="3.011596"><ele>890.75</ele></trkpt>
   <trkpt lat="45.744542" lon="3.011704"><ele>892.25</ele></trkpt>
   <trkpt lat="45.744866" lon="3.011949"><ele>895.5</ele></trkpt>
   <trkpt lat="45.744926" lon="3.012052"><ele>896</ele></trkpt>
   <trkpt lat="45.744956" lon="3.012162"><ele>896.5</ele></trkpt>
   <trkpt lat="45.745038" lon="3.012533"><ele>898.25</ele></trkpt>
   <trkpt lat="45.745103" lon="3.012668"><ele>899</ele></trkpt>
   <trkpt lat="45.745246" lon="3.012838"><ele>900</ele></trkpt>
   <trkpt lat="45.745333" lon="3.012895"><ele>900.25</ele></trkpt>
   <trkpt lat="45.745359" lon="3.013015"><ele>899.5</ele></trkpt>
   <trkpt lat="45.745435" lon="3.013147"><ele>898.75</ele></trkpt>
   <trkpt lat="45.745496" lon="3.013338"><ele>897.5</ele></trkpt>
   <trkpt lat="45.745518" lon="3.013481"><ele>897</ele></trkpt>
   <trkpt lat="45.745508" lon="3.0137"><ele>895.75</ele></trkpt>
   <trkpt lat="45.745476" lon="3.013979"><ele>893.5</ele></trkpt>
   <trkpt lat="45.745344" lon="3.013819"><ele>893</ele></trkpt>
   <trkpt lat="45.74526" lon="3.013615"><ele>893.75</ele></trkpt>
   <trkpt lat="45.745272" lon="3.013454"><ele>895</ele></trkpt>
   <trkpt lat="45.745195" lon="3.013339"><ele>895</ele></trkpt>
   <trkpt lat="45.745272" lon="3.013454"><ele>895</ele></trkpt>
   <trkpt lat="45.74526" lon="3.013615"><ele>893.75</ele></trkpt>
   <trkpt lat="45.745344" lon="3.013819"><ele>893</ele></trkpt>
   <trkpt lat="45.745476" lon="3.013979"><ele>893.5</ele></trkpt>
   <trkpt lat="45.745442" lon="3.014262"><ele>891</ele></trkpt>
   <trkpt lat="45.745431" lon="3.014525"><ele>888.5</ele></trkpt>
   <trkpt lat="45.745364" lon="3.01448"><ele>887.5</ele></trkpt>
   <trkpt lat="45.74533" lon="3.014466"><ele>887</ele></trkpt>
   <trkpt lat="45.745034" lon="3.014383"><ele>884</ele></trkpt>
   <trkpt lat="45.74493" lon="3.014399"><ele>883</ele></trkpt>
   <trkpt lat="45.744938" lon="3.014475"><ele>882.5</ele></trkpt>
   <trkpt lat="45.744999" lon="3.014598"><ele>881.75</ele></trkpt>
   <trkpt lat="45.745129" lon="3.014905"><ele>882</ele></trkpt>
   <trkpt lat="45.74515" lon="3.015003"><ele>882</ele></trkpt>
   <trkpt lat="45.745162" lon="3.015168"><ele>881.25</ele></trkpt>
   <trkpt lat="45.745171" lon="3.015584"><ele>879</ele></trkpt>
   <trkpt lat="45.745202" lon="3.015954"><ele>876.25</ele></trkpt>
   <trkpt lat="45.745226" lon="3.016116"><ele>874.75</ele></trkpt>
   <trkpt lat="45.74528" lon="3.016376"><ele>872</ele></trkpt>
   <trkpt lat="45.74534" lon="3.016623"><ele>870.75</ele></trkpt>
   <trkpt lat="45.745431" lon="3.016938"><ele>867.75</ele></trkpt>
   <trkpt lat="45.745484" lon="3.017079"><ele>867.25</ele></trkpt>
   <trkpt lat="45.745524" lon="3.01716"><ele>867</ele></trkpt>
   <trkpt lat="45.745584" lon="3.017298"><ele>866.5</ele></trkpt>
   <trkpt lat="45.745708" lon="3.017538"><ele>865.5</ele></trkpt>
   <trkpt lat="45.745804" lon="3.017762"><ele>863</ele></trkpt>
   <trkpt lat="45.745813" lon="3.017785"><ele>862.75</ele></trkpt>
   <trkpt lat="45.745995" lon="3.018177"><ele>861</ele></trkpt>
   <trkpt lat="45.74608" lon="3.018449"><ele>859</ele></trkpt>
   <trkpt lat="45.746109" lon="3.018568"><ele>858.25</ele></trkpt>
   <trkpt lat="45.746115" lon="3.018617"><ele>857.75</ele></trkpt>
   <trkpt lat="45.746127" lon="3.018712"><ele>857.25</ele></trkpt>
   <trkpt lat="45.746151" lon="3.01889"><ele>856.25</ele></trkpt>
   <trkpt lat="45.746215" lon="3.019541"><ele>853</ele></trkpt>
   <trkpt lat="45.746258" lon="3.019775"><ele>851.75</ele></trkpt>
   <trkpt lat="45.746342" lon="3.020026"><ele>850</ele></trkpt>
   <trkpt lat="45.746446" lon="3.02026"><ele>848.25</ele></trkpt>
   <trkpt lat="45.746502" lon="3.020362"><ele>847.25</ele></trkpt>
   <trkpt lat="45.746567" lon="3.020453"><ele>846.5</ele></trkpt>
   <trkpt lat="45.746716" lon="3.020626"><ele>845.5</ele></trkpt>
   <trkpt lat="45.746945" lon="3.020864"><ele>843.5</ele></trkpt>
   <trkpt lat="45.747065" lon="3.021021"><ele>841.75</ele></trkpt>
   <trkpt lat="45.747121" lon="3.021145"><ele>840.75</ele></trkpt>
   <trkpt lat="45.747139" lon="3.021223"><ele>840.25</ele></trkpt>
   <trkpt lat="45.747144" lon="3.021326"><ele>839.5</ele></trkpt>
   <trkpt lat="45.747137" lon="3.021402"><ele>839</ele></trkpt>
   <trkpt lat="45.747121" lon="3.021483"><ele>838.25</ele></trkpt>
   <trkpt lat="45.747083" lon="3.021615"><ele>837.25</ele></trkpt>
   <trkpt lat="45.746976" lon="3.021884"><ele>837</ele></trkpt>
   <trkpt lat="45.746959" lon="3.021917"><ele>837</ele></trkpt>
   <trkpt lat="45.747317" lon="3.022489"><ele>834.75</ele></trkpt>
   <trkpt lat="45.747424" lon="3.022689"><ele>834.75</ele></trkpt>
   <trkpt lat="45.747471" lon="3.022817"><ele>834.5</ele></trkpt>
   <trkpt lat="45.747506" lon="3.023023"><ele>832.25</ele></trkpt>
   <trkpt lat="45.747512" lon="3.023106"><ele>831.75</ele></trkpt>
   <trkpt lat="45.747508" lon="3.023302"><ele>831</ele></trkpt>
   <trkpt lat="45.74749" lon="3.023413"><ele>830.75</ele></trkpt>
   <trkpt lat="45.747471" lon="3.023476"><ele>830.75</ele></trkpt>
   <trkpt lat="45.747422" lon="3.023548"><ele>830.75</ele></trkpt>
   <trkpt lat="45.747396" lon="3.023618"><ele>830.5</ele></trkpt>
   <trkpt lat="45.747389" lon="3.023655"><ele>830.25</ele></trkpt>
   <trkpt lat="45.747384" lon="3.023696"><ele>830.25</ele></trkpt>
   <trkpt lat="45.747386" lon="3.023807"><ele>829.75</ele></trkpt>
   <trkpt lat="45.747409" lon="3.023879"><ele>829.5</ele></trkpt>
   <trkpt lat="45.747407" lon="3.024004"><ele>829.25</ele></trkpt>
   <trkpt lat="45.74739" lon="3.024112"><ele>828.75</ele></trkpt>
   <trkpt lat="45.747345" lon="3.024252"><ele>827.75</ele></trkpt>
   <trkpt lat="45.747295" lon="3.024376"><ele>827</ele></trkpt>
   <trkpt lat="45.747161" lon="3.02463"><ele>826.25</ele></trkpt>
   <trkpt lat="45.747077" lon="3.024748"><ele>825.75</ele></trkpt>
   <trkpt lat="45.746989" lon="3.02485"><ele>825.75</ele></trkpt>
   <trkpt lat="45.746716" lon="3.025111"><ele>825.75</ele></trkpt>
   <trkpt lat="45.746585" lon="3.025215"><ele>825.75</ele></trkpt>
   <trkpt lat="45.746355" lon="3.025373"><ele>826</ele></trkpt>
   <trkpt lat="45.746026" lon="3.025572"><ele>825.5</ele></trkpt>
   <trkpt lat="45.745903" lon="3.025677"><ele>825.5</ele></trkpt>
   <trkpt lat="45.745779" lon="3.025836"><ele>824.75</ele></trkpt>
   <trkpt lat="45.745709" lon="3.025946"><ele>825.5</ele></trkpt>
   <trkpt lat="45.74551" lon="3.026323"><ele>825</ele></trkpt>
   <trkpt lat="45.745436" lon="3.026486"><ele>824.75</ele></trkpt>
   <trkpt lat="45.745367" lon="3.026667"><ele>825.5</ele></trkpt>
   <trkpt lat="45.745304" lon="3.026882"><ele>825.25</ele></trkpt>
   <trkpt lat="45.745271" lon="3.02712"><ele>824.5</ele></trkpt>
   <trkpt lat="45.745266" lon="3.027241"><ele>824.25</ele></trkpt>
   <trkpt lat="45.745271" lon="3.027377"><ele>824.5</ele></trkpt>
   <trkpt lat="45.745301" lon="3.027643"><ele>825.75</ele></trkpt>
   <trkpt lat="45.745357" lon="3.027949"><ele>827</ele></trkpt>
   <trkpt lat="45.745425" lon="3.028252"><ele>826.5</ele></trkpt>
   <trkpt lat="45.745448" lon="3.028422"><ele>825.75</ele></trkpt>
   <trkpt lat="45.745454" lon="3.028604"><ele>825</ele></trkpt>
   <trkpt lat="45.74545" lon="3.028691"><ele>824.75</ele></trkpt>
   <trkpt lat="45.745426" lon="3.028858"><ele>824</ele></trkpt>
   <trkpt lat="45.745406" lon="3.028941"><ele>824.25</ele></trkpt>
   <trkpt lat="45.745367" lon="3.029061"><ele>824.5</ele></trkpt>
   <trkpt lat="45.745313" lon="3.029176"><ele>824.5</ele></trkpt>
   <trkpt lat="45.745256" lon="3.029268"><ele>824.25</ele></trkpt>
   <trkpt lat="45.745183" lon="3.029355"><ele>824</ele></trkpt>
   <trkpt lat="45.744967" lon="3.029557"><ele>825</ele></trkpt>
   <trkpt lat="45.744878" lon="3.029662"><ele>824.5</ele></trkpt>
   <trkpt lat="45.744788" lon="3.029805"><ele>824.25</ele></trkpt>
   <trkpt lat="45.744746" lon="3.02989"><ele>823.75</ele></trkpt>
   <trkpt lat="45.744715" lon="3.029976"><ele>823.5</ele></trkpt>
   <trkpt lat="45.744691" lon="3.030072"><ele>823.5</ele></trkpt>
   <trkpt lat="45.744665" lon="3.030236"><ele>823.75</ele></trkpt>
   <trkpt lat="45.744537" lon="3.031368"><ele>823.25</ele></trkpt>
   <trkpt lat="45.744391" lon="3.032682"><ele>820</ele></trkpt>
   <trkpt lat="45.744365" lon="3.033051"><ele>819.5</ele></trkpt>
   <trkpt lat="45.744364" lon="3.033213"><ele>819.25</ele></trkpt>
   <trkpt lat="45.744372" lon="3.033378"><ele>819</ele></trkpt>
   <trkpt lat="45.74439" lon="3.03356"><ele>819.25</ele></trkpt>
   <trkpt lat="45.744467" lon="3.034132"><ele>819</ele></trkpt>
   <trkpt lat="45.744481" lon="3.034312"><ele>818.75</ele></trkpt>
   <trkpt lat="45.74448" lon="3.034742"><ele>817.25</ele></trkpt>
   <trkpt lat="45.744457" lon="3.035426"><ele>813.75</ele></trkpt>
   <trkpt lat="45.744455" lon="3.037113"><ele>804</ele></trkpt>
   <trkpt lat="45.744459" lon="3.037363"><ele>803</ele></trkpt>
   <trkpt lat="45.744474" lon="3.037635"><ele>801.5</ele></trkpt>
   <trkpt lat="45.744622" lon="3.039319"><ele>791.75</ele></trkpt>
   <trkpt lat="45.744653" lon="3.039591"><ele>789.5</ele></trkpt>
   <trkpt lat="45.744693" lon="3.039874"><ele>787</ele></trkpt>
   <trkpt lat="45.745133" lon="3.042524"><ele>773.25</ele></trkpt>
   <trkpt lat="45.745195" lon="3.042751"><ele>771.25</ele></trkpt>
   <trkpt lat="45.74527" lon="3.042965"><ele>770</ele></trkpt>
   <trkpt lat="45.745442" lon="3.043398"><ele>766.5</ele></trkpt>
   <trkpt lat="45.745487" lon="3.043546"><ele>765</ele></trkpt>
   <trkpt lat="45.745615" lon="3.044065"><ele>763.5</ele></trkpt>
   <trkpt lat="45.745662" lon="3.04423"><ele>762.75</ele></trkpt>
   <trkpt lat="45.745877" lon="3.04472"><ele>758.25</ele></trkpt>
   <trkpt lat="45.74584" lon="3.044749"><ele>757</ele></trkpt>
   <trkpt lat="45.745799" lon="3.044788"><ele>756.5</ele></trkpt>
   <trkpt lat="45.745709" lon="3.04486"><ele>756.25</ele></trkpt>
   <trkpt lat="45.745618" lon="3.044915"><ele>755.75</ele></trkpt>
   <trkpt lat="45.74558" lon="3.044795"><ele>756.25</ele></trkpt>
   <trkpt lat="45.745403" lon="3.044427"><ele>757.25</ele></trkpt>
   <trkpt lat="45.74528" lon="3.044078"><ele>754.25</ele></trkpt>
   <trkpt lat="45.745208" lon="3.043798"><ele>752.75</ele></trkpt>
   <trkpt lat="45.745115" lon="3.043579"><ele>751.75</ele></trkpt>
   <trkpt lat="45.745043" lon="3.043474"><ele>752.25</ele></trkpt>
   <trkpt lat="45.744709" lon="3.043035"><ele>750.75</ele></trkpt>
   <trkpt lat="45.743629" lon="3.041731"><ele>743.5</ele></trkpt>
   <trkpt lat="45.743297" lon="3.04136"><ele>740.75</ele></trkpt>
   <trkpt lat="45.743176" lon="3.041304"><ele>739.25</ele></trkpt>
   <trkpt lat="45.743131" lon="3.041305"><ele>738.75</ele></trkpt>
   <trkpt lat="45.743089" lon="3.041318"><ele>738</ele></trkpt>
   <trkpt lat="45.743039" lon="3.041349"><ele>737</ele></trkpt>
   <trkpt lat="45.742972" lon="3.041434"><ele>736.5</ele></trkpt>
   <trkpt lat="45.742933" lon="3.041504"><ele>736.25</ele></trkpt>
   <trkpt lat="45.742913" lon="3.041589"><ele>736</ele></trkpt>
   <trkpt lat="45.742901" lon="3.041694"><ele>735.5</ele></trkpt>
   <trkpt lat="45.742901" lon="3.041756"><ele>734.5</ele></trkpt>
   <trkpt lat="45.742916" lon="3.041834"><ele>733.25</ele></trkpt>
   <trkpt lat="45.742945" lon="3.041907"><ele>732</ele></trkpt>
   <trkpt lat="45.742979" lon="3.041969"><ele>730.75</ele></trkpt>
   <trkpt lat="45.743022" lon="3.042019"><ele>729.25</ele></trkpt>
   <trkpt lat="45.743455" lon="3.042225"><ele>729.25</ele></trkpt>
   <trkpt lat="45.743574" lon="3.042333"><ele>727.5</ele></trkpt>
   <trkpt lat="45.743876" lon="3.042737"><ele>724.5</ele></trkpt>
   <trkpt lat="45.744132" lon="3.043135"><ele>721.25</ele></trkpt>
   <trkpt lat="45.74429" lon="3.043494"><ele>719.75</ele></trkpt>
   <trkpt lat="45.744387" lon="3.043864"><ele>715.75</ele></trkpt>
   <trkpt lat="45.744425" lon="3.044239"><ele>714.5</ele></trkpt>
   <trkpt lat="45.744503" lon="3.044766"><ele>712.25</ele></trkpt>
   <trkpt lat="45.744506" lon="3.04493"><ele>709.75</ele></trkpt>
   <trkpt lat="45.744524" lon="3.04505"><ele>708.5</ele></trkpt>
   <trkpt lat="45.744604" lon="3.045387"><ele>706.5</ele></trkpt>
   <trkpt lat="45.744666" lon="3.045591"><ele>706.25</ele></trkpt>
   <trkpt lat="45.74471" lon="3.045697"><ele>705.5</ele></trkpt>
   <trkpt lat="45.744804" lon="3.045824"><ele>704.5</ele></trkpt>
   <trkpt lat="45.745025" lon="3.045978"><ele>704.5</ele></trkpt>
   <trkpt lat="45.74532" lon="3.046215"><ele>703.25</ele></trkpt>
   <trkpt lat="45.745452" lon="3.046351"><ele>701.75</ele></trkpt>
   <trkpt lat="45.745521" lon="3.046449"><ele>700.75</ele></trkpt>
   <trkpt lat="45.745555" lon="3.046584"><ele>699.25</ele></trkpt>
   <trkpt lat="45.745599" lon="3.046695"><ele>698.5</ele></trkpt>
   <trkpt lat="45.745643" lon="3.046757"><ele>697.5</ele></trkpt>
   <trkpt lat="45.74571" lon="3.046831"><ele>696.5</ele></trkpt>
   <trkpt lat="45.745793" lon="3.046884"><ele>696</ele></trkpt>
   <trkpt lat="45.746034" lon="3.046938"><ele>694.25</ele></trkpt>
   <trkpt lat="45.74618" lon="3.046985"><ele>692.5</ele></trkpt>
   <trkpt lat="45.746303" lon="3.047034"><ele>691.5</ele></trkpt>
   <trkpt lat="45.746377" lon="3.04708"><ele>691.25</ele></trkpt>
   <trkpt lat="45.746459" lon="3.047148"><ele>691.5</ele></trkpt>
   <trkpt lat="45.746618" lon="3.04732"><ele>686.75</ele></trkpt>
   <trkpt lat="45.746777" lon="3.047458"><ele>686</ele></trkpt>
   <trkpt lat="45.747083" lon="3.047662"><ele>684.75</ele></trkpt>
   <trkpt lat="45.747179" lon="3.047744"><ele>684</ele></trkpt>
   <trkpt lat="45.747311" lon="3.047889"><ele>684.5</ele></trkpt>
   <trkpt lat="45.747534" lon="3.048195"><ele>681.25</ele></trkpt>
   <trkpt lat="45.747626" lon="3.048363"><ele>680</ele></trkpt>
   <trkpt lat="45.747803" lon="3.048652"><ele>678</ele></trkpt>
   <trkpt lat="45.747949" lon="3.04891"><ele>676.5</ele></trkpt>
   <trkpt lat="45.748021" lon="3.049052"><ele>675.5</ele></trkpt>
   <trkpt lat="45.748096" lon="3.049239"><ele>674.5</ele></trkpt>
   <trkpt lat="45.748425" lon="3.050279"><ele>669.75</ele></trkpt>
   <trkpt lat="45.748469" lon="3.050505"><ele>667.75</ele></trkpt>
   <trkpt lat="45.748479" lon="3.050605"><ele>666.5</ele></trkpt>
   <trkpt lat="45.748513" lon="3.050886"><ele>664.5</ele></trkpt>
   <trkpt lat="45.748653" lon="3.051501"><ele>662.5</ele></trkpt>
   <trkpt lat="45.74869" lon="3.051706"><ele>661.75</ele></trkpt>
   <trkpt lat="45.748719" lon="3.052024"><ele>658.5</ele></trkpt>
   <trkpt lat="45.749112" lon="3.054044"><ele>646.75</ele></trkpt>
   <trkpt lat="45.749186" lon="3.054542"><ele>645.5</ele></trkpt>
   <trkpt lat="45.749214" lon="3.054646"><ele>645</ele></trkpt>
   <trkpt lat="45.749258" lon="3.05475"><ele>644.25</ele></trkpt>
   <trkpt lat="45.749381" lon="3.054899"><ele>642.25</ele></trkpt>
   <trkpt lat="45.749756" lon="3.055193"><ele>638.25</ele></trkpt>
   <trkpt lat="45.750007" lon="3.05532"><ele>636.25</ele></trkpt>
   <trkpt lat="45.75015" lon="3.055352"><ele>634</ele></trkpt>
   <trkpt lat="45.750284" lon="3.055355"><ele>633</ele></trkpt>
   <trkpt lat="45.750724" lon="3.055229"><ele>632.25</ele></trkpt>
   <trkpt lat="45.750932" lon="3.055228"><ele>630.25</ele></trkpt>
   <trkpt lat="45.751082" lon="3.055255"><ele>628.75</ele></trkpt>
   <trkpt lat="45.751205" lon="3.055305"><ele>628.5</ele></trkpt>
   <trkpt lat="45.751271" lon="3.055359"><ele>628.5</ele></trkpt>
   <trkpt lat="45.751311" lon="3.055444"><ele>627.75</ele></trkpt>
   <trkpt lat="45.751334" lon="3.055542"><ele>626.75</ele></trkpt>
   <trkpt lat="45.75133" lon="3.055645"><ele>624.75</ele></trkpt>
   <trkpt lat="45.751302" lon="3.055745"><ele>622.75</ele></trkpt>
   <trkpt lat="45.751246" lon="3.055808"><ele>621.75</ele></trkpt>
   <trkpt lat="45.751189" lon="3.055845"><ele>621.25</ele></trkpt>
   <trkpt lat="45.751108" lon="3.055861"><ele>621</ele></trkpt>
   <trkpt lat="45.751047" lon="3.055852"><ele>620.25</ele></trkpt>
   <trkpt lat="45.75078" lon="3.055699"><ele>620</ele></trkpt>
   <trkpt lat="45.750694" lon="3.055672"><ele>620.5</ele></trkpt>
   <trkpt lat="45.750559" lon="3.055672"><ele>620</ele></trkpt>
   <trkpt lat="45.75034" lon="3.055718"><ele>620.25</ele></trkpt>
   <trkpt lat="45.750194" lon="3.055763"><ele>619.5</ele></trkpt>
   <trkpt lat="45.749746" lon="3.055901"><ele>616.5</ele></trkpt>
   <trkpt lat="45.749663" lon="3.055908"><ele>615.75</ele></trkpt>
   <trkpt lat="45.749602" lon="3.055911"><ele>615</ele></trkpt>
   <trkpt lat="45.749525" lon="3.055888"><ele>614.25</ele></trkpt>
   <trkpt lat="45.749313" lon="3.055792"><ele>613.75</ele></trkpt>
   <trkpt lat="45.749171" lon="3.055768"><ele>612.75</ele></trkpt>
   <trkpt lat="45.748882" lon="3.05578"><ele>611</ele></trkpt>
   <trkpt lat="45.748772" lon="3.055756"><ele>610.5</ele></trkpt>
   <trkpt lat="45.748705" lon="3.055733"><ele>610.25</ele></trkpt>
   <trkpt lat="45.748613" lon="3.055707"><ele>609.75</ele></trkpt>
   <trkpt lat="45.748588" lon="3.055699"><ele>609.5</ele></trkpt>
   <trkpt lat="45.748305" lon="3.055613"><ele>606.25</ele></trkpt>
   <trkpt lat="45.748146" lon="3.055611"><ele>605.5</ele></trkpt>
   <trkpt lat="45.747996" lon="3.055646"><ele>604.75</ele></trkpt>
   <trkpt lat="45.747837" lon="3.055744"><ele>604</ele></trkpt>
   <trkpt lat="45.747732" lon="3.055842"><ele>603.25</ele></trkpt>
   <trkpt lat="45.74763" lon="3.055975"><ele>602.5</ele></trkpt>
   <trkpt lat="45.747548" lon="3.056123"><ele>601.25</ele></trkpt>
   <trkpt lat="45.74736" lon="3.056593"><ele>597</ele></trkpt>
   <trkpt lat="45.747153" lon="3.057141"><ele>594.5</ele></trkpt>
   <trkpt lat="45.747096" lon="3.057271"><ele>593.5</ele></trkpt>
   <trkpt lat="45.74697" lon="3.057582"><ele>591.5</ele></trkpt>
   <trkpt lat="45.746795" lon="3.058048"><ele>589</ele></trkpt>
   <trkpt lat="45.746772" lon="3.05814"><ele>588.25</ele></trkpt>
   <trkpt lat="45.746724" lon="3.058329"><ele>586.25</ele></trkpt>
   <trkpt lat="45.746667" lon="3.058729"><ele>584.5</ele></trkpt>
   <trkpt lat="45.746563" lon="3.059006"><ele>583</ele></trkpt>
   <trkpt lat="45.746496" lon="3.059067"><ele>582.25</ele></trkpt>
   <trkpt lat="45.746488" lon="3.059126"><ele>582.25</ele></trkpt>
   <trkpt lat="45.746468" lon="3.059274"><ele>581.75</ele></trkpt>
   <trkpt lat="45.746233" lon="3.059715"><ele>577</ele></trkpt>
   <trkpt lat="45.746074" lon="3.060029"><ele>574</ele></trkpt>
   <trkpt lat="45.745921" lon="3.059617"><ele>570.25</ele></trkpt>
   <trkpt lat="45.745774" lon="3.059431"><ele>569.25</ele></trkpt>
   <trkpt lat="45.74567" lon="3.059329"><ele>568.5</ele></trkpt>
   <trkpt lat="45.745462" lon="3.059164"><ele>567.5</ele></trkpt>
   <trkpt lat="45.745456" lon="3.059203"><ele>567</ele></trkpt>
   <trkpt lat="45.745385" lon="3.059398"><ele>564.5</ele></trkpt>
   <trkpt lat="45.745291" lon="3.059545"><ele>562</ele></trkpt>
   <trkpt lat="45.745209" lon="3.059609"><ele>560.75</ele></trkpt>
   <trkpt lat="45.745169" lon="3.059641"><ele>560.25</ele></trkpt>
   <trkpt lat="45.744977" lon="3.059921"><ele>557.25</ele></trkpt>
   <trkpt lat="45.744936" lon="3.060079"><ele>556</ele></trkpt>
   <trkpt lat="45.744977" lon="3.060324"><ele>554.75</ele></trkpt>
   <trkpt lat="45.745059" lon="3.060324"><ele>555.25</ele></trkpt>
   <trkpt lat="45.745059" lon="3.060324"><ele>555.25</ele></trkpt>
   <trkpt lat="45.744977" lon="3.060324"><ele>554.75</ele></trkpt>
   <trkpt lat="45.744996" lon="3.060438"><ele>554.25</ele></trkpt>
   <trkpt lat="45.745094" lon="3.060893"><ele>552.25</ele></trkpt>
   <trkpt lat="45.745118" lon="3.060952"><ele>552.25</ele></trkpt>
   <trkpt lat="45.745157" lon="3.061044"><ele>552.25</ele></trkpt>
   <trkpt lat="45.745256" lon="3.061283"><ele>552</ele></trkpt>
   <trkpt lat="45.745298" lon="3.061555"><ele>551</ele></trkpt>
   <trkpt lat="45.745336" lon="3.061844"><ele>549.5</ele></trkpt>
   <trkpt lat="45.745337" lon="3.061991"><ele>548.75</ele></trkpt>
   <trkpt lat="45.745306" lon="3.062382"><ele>545.5</ele></trkpt>
   <trkpt lat="45.745291" lon="3.062441"><ele>544.75</ele></trkpt>
   <trkpt lat="45.745271" lon="3.062473"><ele>544</ele></trkpt>
   <trkpt lat="45.745276" lon="3.062564"><ele>543.5</ele></trkpt>
   <trkpt lat="45.745267" lon="3.062876"><ele>541</ele></trkpt>
   <trkpt lat="45.745274" lon="3.062934"><ele>540.75</ele></trkpt>
   <trkpt lat="45.745297" lon="3.063009"><ele>540.75</ele></trkpt>
   <trkpt lat="45.745386" lon="3.063204"><ele>540.75</ele></trkpt>
   <trkpt lat="45.745601" lon="3.063616"><ele>539.75</ele></trkpt>
   <trkpt lat="45.745724" lon="3.063855"><ele>536.5</ele></trkpt>
   <trkpt lat="45.745878" lon="3.064163"><ele>532.75</ele></trkpt>
   <trkpt lat="45.746161" lon="3.06469"><ele>528.5</ele></trkpt>
   <trkpt lat="45.746269" lon="3.064908"><ele>528</ele></trkpt>
   <trkpt lat="45.746359" lon="3.065123"><ele>526.5</ele></trkpt>
   <trkpt lat="45.746457" lon="3.06555"><ele>525</ele></trkpt>
   <trkpt lat="45.746555" lon="3.066024"><ele>521.75</ele></trkpt>
   <trkpt lat="45.746541" lon="3.066358"><ele>518.5</ele></trkpt>
   <trkpt lat="45.746691" lon="3.066478"><ele>518</ele></trkpt>
   <trkpt lat="45.747227" lon="3.0669"><ele>514</ele></trkpt>
   <trkpt lat="45.747432" lon="3.067061"><ele>514.75</ele></trkpt>
   <trkpt lat="45.747621" lon="3.067239"><ele>513</ele></trkpt>
   <trkpt lat="45.747736" lon="3.067386"><ele>512.25</ele></trkpt>
   <trkpt lat="45.747849" lon="3.067615"><ele>510</ele></trkpt>
   <trkpt lat="45.74788" lon="3.06771"><ele>508.75</ele></trkpt>
   <trkpt lat="45.747925" lon="3.067876"><ele>507.25</ele></trkpt>
   <trkpt lat="45.747962" lon="3.068081"><ele>505.75</ele></trkpt>
   <trkpt lat="45.747984" lon="3.068322"><ele>504.75</ele></trkpt>
   <trkpt lat="45.747972" lon="3.068487"><ele>504.25</ele></trkpt>
   <trkpt lat="45.74789" lon="3.068931"><ele>502.25</ele></trkpt>
   <trkpt lat="45.747851" lon="3.06911"><ele>501</ele></trkpt>
   <trkpt lat="45.747668" lon="3.069945"><ele>494.75</ele></trkpt>
   <trkpt lat="45.747639" lon="3.070084"><ele>493.5</ele></trkpt>
   <trkpt lat="45.747517" lon="3.070477"><ele>491</ele></trkpt>
   <trkpt lat="45.7475" lon="3.070516"><ele>490.75</ele></trkpt>
   <trkpt lat="45.747437" lon="3.070599"><ele>490.25</ele></trkpt>
   <trkpt lat="45.747383" lon="3.070671"><ele>489.25</ele></trkpt>
   <trkpt lat="45.747326" lon="3.070726"><ele>488.25</ele></trkpt>
   <trkpt lat="45.74736" lon="3.070821"><ele>487.5</ele></trkpt>
   <trkpt lat="45.747395" lon="3.071061"><ele>487</ele></trkpt>
   <trkpt lat="45.7474" lon="3.071207"><ele>487</ele></trkpt>
   <trkpt lat="45.747397" lon="3.071381"><ele>487.25</ele></trkpt>
   <trkpt lat="45.747395" lon="3.071456"><ele>487</ele></trkpt>
   <trkpt lat="45.747407" lon="3.071959"><ele>485.25</ele></trkpt>
   <trkpt lat="45.747425" lon="3.072209"><ele>485.5</ele></trkpt>
   <trkpt lat="45.747451" lon="3.07243"><ele>484.25</ele></trkpt>
   <trkpt lat="45.747638" lon="3.073527"><ele>481.5</ele></trkpt>
   <trkpt lat="45.747892" lon="3.075029"><ele>475.75</ele></trkpt>
   <trkpt lat="45.747993" lon="3.07562"><ele>472.75</ele></trkpt>
   <trkpt lat="45.748035" lon="3.075829"><ele>472.5</ele></trkpt>
   <trkpt lat="45.748192" lon="3.076785"><ele>471.25</ele></trkpt>
   <trkpt lat="45.748204" lon="3.07686"><ele>471</ele></trkpt>
   <trkpt lat="45.7484" lon="3.078004"><ele>467</ele></trkpt>
   <trkpt lat="45.748438" lon="3.078177"><ele>466.25</ele></trkpt>
   <trkpt lat="45.748479" lon="3.078268"><ele>465.5</ele></trkpt>
   <trkpt lat="45.74852" lon="3.078341"><ele>465</ele></trkpt>
   <trkpt lat="45.748632" lon="3.078488"><ele>465.5</ele></trkpt>
   <trkpt lat="45.748742" lon="3.0786"><ele>464.5</ele></trkpt>
   <trkpt lat="45.748793" lon="3.078639"><ele>464</ele></trkpt>
   <trkpt lat="45.749216" lon="3.078872"><ele>461.5</ele></trkpt>
   <trkpt lat="45.749473" lon="3.079009"><ele>459.25</ele></trkpt>
   <trkpt lat="45.749503" lon="3.079025"><ele>459</ele></trkpt>
   <trkpt lat="45.749524" lon="3.079037"><ele>459</ele></trkpt>
   <trkpt lat="45.749628" lon="3.079095"><ele>458.5</ele></trkpt>
   <trkpt lat="45.749811" lon="3.079191"><ele>458</ele></trkpt>
   <trkpt lat="45.749861" lon="3.079213"><ele>457.75</ele></trkpt>
   <trkpt lat="45.749865" lon="3.079335"><ele>457</ele></trkpt>
   <trkpt lat="45.749884" lon="3.079474"><ele>456</ele></trkpt>
   <trkpt lat="45.750107" lon="3.080784"><ele>449.75</ele></trkpt>
   <trkpt lat="45.750136" lon="3.080964"><ele>449.25</ele></trkpt>
   <trkpt lat="45.750196" lon="3.081333"><ele>448</ele></trkpt>
   <trkpt lat="45.750235" lon="3.081694"><ele>446.5</ele></trkpt>
   <trkpt lat="45.750257" lon="3.081864"><ele>446.25</ele></trkpt>
   <trkpt lat="45.750254" lon="3.081981"><ele>446</ele></trkpt>
   <trkpt lat="45.75026" lon="3.082191"><ele>445.25</ele></trkpt>
   <trkpt lat="45.750288" lon="3.082444"><ele>444.75</ele></trkpt>
   <trkpt lat="45.750336" lon="3.082844"><ele>443.75</ele></trkpt>
   <trkpt lat="45.750843" lon="3.08274"><ele>442.75</ele></trkpt>
   <trkpt lat="45.750905" lon="3.082742"><ele>442.5</ele></trkpt>
   <trkpt lat="45.750956" lon="3.082744"><ele>442.5</ele></trkpt>
   <trkpt lat="45.751439" lon="3.082875"><ele>442</ele></trkpt>
   <trkpt lat="45.75165" lon="3.082929"><ele>442</ele></trkpt>
   <trkpt lat="45.751439" lon="3.082875"><ele>442</ele></trkpt>
   <trkpt lat="45.751541" lon="3.083616"><ele>440.75</ele></trkpt>
   <trkpt lat="45.751547" lon="3.083658"><ele>440.75</ele></trkpt>
   <trkpt lat="45.751558" lon="3.083712"><ele>440.5</ele></trkpt>
   <trkpt lat="45.751601" lon="3.084065"><ele>439.25</ele></trkpt>
   <trkpt lat="45.751671" lon="3.084722"><ele>439</ele></trkpt>
   <trkpt lat="45.751723" lon="3.08511"><ele>437.75</ele></trkpt>
   <trkpt lat="45.75179" lon="3.085624"><ele>437</ele></trkpt>
   <trkpt lat="45.75182" lon="3.08588"><ele>436.75</ele></trkpt>
   <trkpt lat="45.751826" lon="3.085946"><ele>436.5</ele></trkpt>
   <trkpt lat="45.751858" lon="3.086266"><ele>436</ele></trkpt>
   <trkpt lat="45.751927" lon="3.086948"><ele>434.75</ele></trkpt>
   <trkpt lat="45.751926" lon="3.086989"><ele>434.75</ele></trkpt>
   <trkpt lat="45.751996" lon="3.087014"><ele>434.75</ele></trkpt>
   <trkpt lat="45.752369" lon="3.087259"><ele>435</ele></trkpt>
   <trkpt lat="45.752433" lon="3.087318"><ele>435</ele></trkpt>
   <trkpt lat="45.752645" lon="3.08746"><ele>435</ele></trkpt>
   <trkpt lat="45.752922" lon="3.087657"><ele>434.5</ele></trkpt>
   <trkpt lat="45.752961" lon="3.087824"><ele>434.5</ele></trkpt>
   <trkpt lat="45.752973" lon="3.087916"><ele>434.25</ele></trkpt>
   <trkpt lat="45.752985" lon="3.088009"><ele>434</ele></trkpt>
   <trkpt lat="45.753034" lon="3.08808"><ele>433.75</ele></trkpt>
   <trkpt lat="45.753064" lon="3.088107"><ele>434</ele></trkpt>
   <trkpt lat="45.753089" lon="3.088142"><ele>434</ele></trkpt>
   <trkpt lat="45.753136" lon="3.088284"><ele>434</ele></trkpt>
   <trkpt lat="45.753099" lon="3.088552"><ele>433.25</ele></trkpt>
   <trkpt lat="45.753084" lon="3.088792"><ele>433</ele></trkpt>
   <trkpt lat="45.753074" lon="3.088919"><ele>433</ele></trkpt>
   <trkpt lat="45.75309" lon="3.08913"><ele>433</ele></trkpt>
   <trkpt lat="45.753099" lon="3.089215"><ele>433</ele></trkpt>
   <trkpt lat="45.753114" lon="3.089326"><ele>433</ele></trkpt>
   <trkpt lat="45.753126" lon="3.08948"><ele>433.25</ele></trkpt>
   <trkpt lat="45.753156" lon="3.089731"><ele>433.25</ele></trkpt>
   <trkpt lat="45.753138" lon="3.089809"><ele>433</ele></trkpt>
   <trkpt lat="45.753142" lon="3.089844"><ele>433</ele></trkpt>
   <trkpt lat="45.753196" lon="3.090024"><ele>432.75</ele></trkpt>
   <trkpt lat="45.753259" lon="3.090205"><ele>432.75</ele></trkpt>
   <trkpt lat="45.75357" lon="3.091004"><ele>432.75</ele></trkpt>
   <trkpt lat="45.753625" lon="3.091008"><ele>433</ele></trkpt>
   <trkpt lat="45.753691" lon="3.091011"><ele>433</ele></trkpt>
   <trkpt lat="45.753756" lon="3.091028"><ele>433</ele></trkpt>
   <trkpt lat="45.753857" lon="3.09128"><ele>433</ele></trkpt>
   <trkpt lat="45.754196" lon="3.092205"><ele>432</ele></trkpt>
   <trkpt lat="45.754305" lon="3.092567"><ele>430.75</ele></trkpt>
   <trkpt lat="45.754323" lon="3.092629"><ele>430.5</ele></trkpt>
   <trkpt lat="45.754356" lon="3.092621"><ele>430.5</ele></trkpt>
   <trkpt lat="45.75442" lon="3.092609"><ele>430.5</ele></trkpt>
   <trkpt lat="45.754465" lon="3.092806"><ele>430</ele></trkpt>
   <trkpt lat="45.754497" lon="3.092937"><ele>429.75</ele></trkpt>
   <trkpt lat="45.754586" lon="3.093036"><ele>429.5</ele></trkpt>
   <trkpt lat="45.754665" lon="3.093091"><ele>429</ele></trkpt>
   <trkpt lat="45.754753" lon="3.093088"><ele>428.5</ele></trkpt>
   <trkpt lat="45.754844" lon="3.093019"><ele>428.25</ele></trkpt>
   <trkpt lat="45.754897" lon="3.092927"><ele>428.25</ele></trkpt>
   <trkpt lat="45.754933" lon="3.092803"><ele>428.5</ele></trkpt>
   <trkpt lat="45.755012" lon="3.092687"><ele>428</ele></trkpt>
   <trkpt lat="45.755093" lon="3.092604"><ele>427.5</ele></trkpt>
   <trkpt lat="45.755203" lon="3.092543"><ele>426.75</ele></trkpt>
   <trkpt lat="45.755311" lon="3.092529"><ele>425.75</ele></trkpt>
   <trkpt lat="45.755473" lon="3.092536"><ele>425</ele></trkpt>
   <trkpt lat="45.7556" lon="3.09257"><ele>424</ele></trkpt>
   <trkpt lat="45.755669" lon="3.092598"><ele>423</ele></trkpt>
   <trkpt lat="45.755873" lon="3.092721"><ele>420.75</ele></trkpt>
   <trkpt lat="45.755953" lon="3.092753"><ele>420</ele></trkpt>
   <trkpt lat="45.7561" lon="3.092782"><ele>419</ele></trkpt>
   <trkpt lat="45.756269" lon="3.092792"><ele>417</ele></trkpt>
   <trkpt lat="45.756371" lon="3.092842"><ele>415.75</ele></trkpt>
   <trkpt lat="45.756392" lon="3.092863"><ele>415.5</ele></trkpt>
   <trkpt lat="45.756472" lon="3.093023"><ele>414.75</ele></trkpt>
   <trkpt lat="45.756769" lon="3.09347"><ele>411.75</ele></trkpt>
   <trkpt lat="45.756794" lon="3.093512"><ele>411.5</ele></trkpt>
   <trkpt lat="45.756857" lon="3.093621"><ele>410.75</ele></trkpt>
   <trkpt lat="45.756894" lon="3.093753"><ele>410.25</ele></trkpt>
   <trkpt lat="45.756902" lon="3.093939"><ele>409.75</ele></trkpt>
   <trkpt lat="45.756909" lon="3.094095"><ele>409</ele></trkpt>
   <trkpt lat="45.75695" lon="3.094462"><ele>408</ele></trkpt>
   <trkpt lat="45.756961" lon="3.094594"><ele>408</ele></trkpt>
   <trkpt lat="45.7574" lon="3.094485"><ele>410.5</ele></trkpt>
   <trkpt lat="45.757484" lon="3.094469"><ele>411</ele></trkpt>
   <trkpt lat="45.75764" lon="3.094427"><ele>411.5</ele></trkpt>
   <trkpt lat="45.757681" lon="3.094529"><ele>411.75</ele></trkpt>
   <trkpt lat="45.758028" lon="3.09539"><ele>411</ele></trkpt>
   <trkpt lat="45.75805" lon="3.095444"><ele>411</ele></trkpt>
   <trkpt lat="45.758073" lon="3.095498"><ele>411</ele></trkpt>
   <trkpt lat="45.758394" lon="3.096259"><ele>411</ele></trkpt>
   <trkpt lat="45.758472" lon="3.096443"><ele>410.5</ele></trkpt>
   <trkpt lat="45.758484" lon="3.096478"><ele>410.5</ele></trkpt>
   <trkpt lat="45.7585" lon="3.096523"><ele>410.25</ele></trkpt>
   <trkpt lat="45.758513" lon="3.09656"><ele>410</ele></trkpt>
   <trkpt lat="45.758528" lon="3.096597"><ele>410</ele></trkpt>
   <trkpt lat="45.758786" lon="3.097226"><ele>409.5</ele></trkpt>
   <trkpt lat="45.758814" lon="3.097293"><ele>409.25</ele></trkpt>
   <trkpt lat="45.758836" lon="3.097346"><ele>409.25</ele></trkpt>
   <trkpt lat="45.759094" lon="3.097963"><ele>407.75</ele></trkpt>
   <trkpt lat="45.759106" lon="3.097996"><ele>407.75</ele></trkpt>
   <trkpt lat="45.75913" lon="3.098062"><ele>407.75</ele></trkpt>
   <trkpt lat="45.759154" lon="3.098046"><ele>407.75</ele></trkpt>
   <trkpt lat="45.759194" lon="3.098021"><ele>407.75</ele></trkpt>
   <trkpt lat="45.760231" lon="3.097511"><ele>407.75</ele></trkpt>
   <trkpt lat="45.760277" lon="3.097488"><ele>408</ele></trkpt>
   <trkpt lat="45.760339" lon="3.097453"><ele>407.75</ele></trkpt>
   <trkpt lat="45.760742" lon="3.09723"><ele>407.25</ele></trkpt>
   <trkpt lat="45.760788" lon="3.097205"><ele>407</ele></trkpt>
   <trkpt lat="45.761067" lon="3.097059"><ele>405.75</ele></trkpt>
   <trkpt lat="45.761106" lon="3.097038"><ele>405.5</ele></trkpt>
   <trkpt lat="45.761444" lon="3.096853"><ele>404.5</ele></trkpt>
   <trkpt lat="45.761823" lon="3.096634"><ele>403.5</ele></trkpt>
   <trkpt lat="45.761883" lon="3.0966"><ele>403.5</ele></trkpt>
   <trkpt lat="45.761944" lon="3.096566"><ele>403.5</ele></trkpt>
   <trkpt lat="45.762009" lon="3.096528"><ele>403.75</ele></trkpt>
   <trkpt lat="45.762039" lon="3.09651"><ele>403.75</ele></trkpt>
   <trkpt lat="45.76211" lon="3.09647"><ele>403.75</ele></trkpt>
   <trkpt lat="45.762167" lon="3.096436"><ele>403.75</ele></trkpt>
   <trkpt lat="45.762209" lon="3.096412"><ele>403.75</ele></trkpt>
   <trkpt lat="45.762791" lon="3.096111"><ele>403</ele></trkpt>
   <trkpt lat="45.762814" lon="3.096099"><ele>403</ele></trkpt>
   <trkpt lat="45.762843" lon="3.096083"><ele>403</ele></trkpt>
   <trkpt lat="45.762874" lon="3.096066"><ele>403</ele></trkpt>
   <trkpt lat="45.762896" lon="3.096054"><ele>403</ele></trkpt>
   <trkpt lat="45.763647" lon="3.09564"><ele>405.5</ele></trkpt>
   <trkpt lat="45.763707" lon="3.095607"><ele>405.75</ele></trkpt>
   <trkpt lat="45.763769" lon="3.095573"><ele>405.75</ele></trkpt>
   <trkpt lat="45.764665" lon="3.095088"><ele>407</ele></trkpt>
   <trkpt lat="45.764694" lon="3.095072"><ele>407</ele></trkpt>
   <trkpt lat="45.764724" lon="3.095056"><ele>406.75</ele></trkpt>
   <trkpt lat="45.764753" lon="3.095118"><ele>406.75</ele></trkpt>
   <trkpt lat="45.765146" lon="3.095975"><ele>403.75</ele></trkpt>
   <trkpt lat="45.765464" lon="3.096641"><ele>400.25</ele></trkpt>
   <trkpt lat="45.765482" lon="3.096677"><ele>400.25</ele></trkpt>
   <trkpt lat="45.765512" lon="3.096715"><ele>400</ele></trkpt>
   <trkpt lat="45.765572" lon="3.096648"><ele>400</ele></trkpt>
   <trkpt lat="45.765724" lon="3.096508"><ele>401</ele></trkpt>
   <trkpt lat="45.766015" lon="3.096306"><ele>401.75</ele></trkpt>
   <trkpt lat="45.766189" lon="3.0962"><ele>402</ele></trkpt>
   <trkpt lat="45.766291" lon="3.096162"><ele>402</ele></trkpt>
   <trkpt lat="45.766434" lon="3.096133"><ele>401.75</ele></trkpt>
   <trkpt lat="45.766622" lon="3.096091"><ele>401</ele></trkpt>
   <trkpt lat="45.766737" lon="3.096062"><ele>401</ele></trkpt>
   <trkpt lat="45.766829" lon="3.096037"><ele>401.25</ele></trkpt>
   <trkpt lat="45.767266" lon="3.095923"><ele>399.5</ele></trkpt>
   <trkpt lat="45.767512" lon="3.095811"><ele>398</ele></trkpt>
   <trkpt lat="45.767709" lon="3.095701"><ele>397.75</ele></trkpt>
   <trkpt lat="45.767875" lon="3.095593"><ele>397</ele></trkpt>
   <trkpt lat="45.768073" lon="3.095437"><ele>396.5</ele></trkpt>
   <trkpt lat="45.768142" lon="3.095373"><ele>396</ele></trkpt>
   <trkpt lat="45.768278" lon="3.095254"><ele>395</ele></trkpt>
   <trkpt lat="45.76838" lon="3.095157"><ele>393.75</ele></trkpt>
   <trkpt lat="45.768643" lon="3.09494"><ele>391.5</ele></trkpt>
   <trkpt lat="45.768811" lon="3.094814"><ele>390.5</ele></trkpt>
   <trkpt lat="45.768878" lon="3.094787"><ele>390.25</ele></trkpt>
   <trkpt lat="45.768965" lon="3.094769"><ele>389.5</ele></trkpt>
   <trkpt lat="45.769073" lon="3.094775"><ele>388.75</ele></trkpt>
   <trkpt lat="45.76913" lon="3.094739"><ele>387.5</ele></trkpt>
   <trkpt lat="45.769433" lon="3.09488"><ele>385.75</ele></trkpt>
   <trkpt lat="45.769524" lon="3.094911"><ele>385.25</ele></trkpt>
   <trkpt lat="45.769633" lon="3.09493"><ele>384.75</ele></trkpt>
   <trkpt lat="45.769718" lon="3.094927"><ele>384</ele></trkpt>
   <trkpt lat="45.769798" lon="3.094973"><ele>384.25</ele></trkpt>
   <trkpt lat="45.769935" lon="3.094926"><ele>383.5</ele></trkpt>
   <trkpt lat="45.770737" lon="3.094566"><ele>379</ele></trkpt>
   <trkpt lat="45.770868" lon="3.094507"><ele>378.25</ele></trkpt>
   <trkpt lat="45.770971" lon="3.094461"><ele>377</ele></trkpt>
   <trkpt lat="45.77106" lon="3.094421"><ele>376</ele></trkpt>
   <trkpt lat="45.77114" lon="3.094385"><ele>375</ele></trkpt>
   <trkpt lat="45.771237" lon="3.094341"><ele>374.25</ele></trkpt>
   <trkpt lat="45.771275" lon="3.094263"><ele>374</ele></trkpt>
   <trkpt lat="45.77147" lon="3.094157"><ele>373</ele></trkpt>
   <trkpt lat="45.77153" lon="3.094184"><ele>372.75</ele></trkpt>
   <trkpt lat="45.771762" lon="3.093968"><ele>372.75</ele></trkpt>
   <trkpt lat="45.771774" lon="3.093956"><ele>372.75</ele></trkpt>
   <trkpt lat="45.771853" lon="3.093874"><ele>372.25</ele></trkpt>
   <trkpt lat="45.771899" lon="3.093825"><ele>372</ele></trkpt>
   <trkpt lat="45.771938" lon="3.093785"><ele>372</ele></trkpt>
   <trkpt lat="45.772017" lon="3.093861"><ele>371.75</ele></trkpt>
   <trkpt lat="45.772172" lon="3.094039"><ele>371.5</ele></trkpt>
   <trkpt lat="45.773002" lon="3.09499"><ele>369.5</ele></trkpt>
   <trkpt lat="45.773062" lon="3.095039"><ele>369.25</ele></trkpt>
   <trkpt lat="45.773094" lon="3.095046"><ele>369.25</ele></trkpt>
   <trkpt lat="45.773147" lon="3.095041"><ele>369.5</ele></trkpt>
   <trkpt lat="45.773202" lon="3.09507"><ele>369.5</ele></trkpt>
   <trkpt lat="45.773244" lon="3.095114"><ele>369.25</ele></trkpt>
   <trkpt lat="45.773273" lon="3.095146"><ele>369.5</ele></trkpt>
   <trkpt lat="45.773575" lon="3.09525"><ele>369</ele></trkpt>
   <trkpt lat="45.773807" lon="3.095329"><ele>368.75</ele></trkpt>
   <trkpt lat="45.773878" lon="3.095351"><ele>368.75</ele></trkpt>
   <trkpt lat="45.774029" lon="3.095399"><ele>368.75</ele></trkpt>
   <trkpt lat="45.774876" lon="3.095671"><ele>366.25</ele></trkpt>
   <trkpt lat="45.774888" lon="3.095675"><ele>366.25</ele></trkpt>
   <trkpt lat="45.775029" lon="3.095727"><ele>365.75</ele></trkpt>
   <trkpt lat="45.775144" lon="3.095686"><ele>365.75</ele></trkpt>
   <trkpt lat="45.775196" lon="3.095646"><ele>365.75</ele></trkpt>
   <trkpt lat="45.775216" lon="3.095624"><ele>365.75</ele></trkpt>
   <trkpt lat="45.775281" lon="3.095711"><ele>365.25</ele></trkpt>
   <trkpt lat="45.77538" lon="3.095807"><ele>365</ele></trkpt>
   <trkpt lat="45.775492" lon="3.09588"><ele>365</ele></trkpt>
   <trkpt lat="45.775582" lon="3.095898"><ele>365</ele></trkpt>
   <trkpt lat="45.775588" lon="3.095899"><ele>365</ele></trkpt>
   <trkpt lat="45.775696" lon="3.095918"><ele>365</ele></trkpt>
   <trkpt lat="45.776002" lon="3.095947"><ele>364.75</ele></trkpt>
   <trkpt lat="45.776052" lon="3.095943"><ele>364.5</ele></trkpt>
   <trkpt lat="45.776123" lon="3.095907"><ele>364.75</ele></trkpt>
   <trkpt lat="45.776227" lon="3.095914"><ele>365</ele></trkpt>
   <trkpt lat="45.776289" lon="3.095916"><ele>365.25</ele></trkpt>
   <trkpt lat="45.776343" lon="3.095995"><ele>365.25</ele></trkpt>
   <trkpt lat="45.777033" lon="3.096108"><ele>364.25</ele></trkpt>
   <trkpt lat="45.777073" lon="3.096109"><ele>364.25</ele></trkpt>
   <trkpt lat="45.777179" lon="3.096088"><ele>364.75</ele></trkpt>
   <trkpt lat="45.777217" lon="3.09608"><ele>364.75</ele></trkpt>
   <trkpt lat="45.777307" lon="3.096087"><ele>365</ele></trkpt>
   <trkpt lat="45.777394" lon="3.096096"><ele>365</ele></trkpt>
   <trkpt lat="45.777393" lon="3.096211"><ele>364.75</ele></trkpt>
   <trkpt lat="45.777388" lon="3.096438"><ele>364.25</ele></trkpt>
   <trkpt lat="45.777414" lon="3.096578"><ele>364</ele></trkpt>
   <trkpt lat="45.777454" lon="3.096696"><ele>363.75</ele></trkpt>
   <trkpt lat="45.777508" lon="3.096827"><ele>363.25</ele></trkpt>
   <trkpt lat="45.777682" lon="3.09719"><ele>363</ele></trkpt>
   <trkpt lat="45.777761" lon="3.097349"><ele>362.5</ele></trkpt>
   <trkpt lat="45.778235" lon="3.098273"><ele>360.25</ele></trkpt>
   <trkpt lat="45.778586" lon="3.098951"><ele>358.75</ele></trkpt>
   <trkpt lat="45.778672" lon="3.099115"><ele>359</ele></trkpt>
   <trkpt lat="45.778716" lon="3.0992"><ele>358.75</ele></trkpt>
   <trkpt lat="45.778742" lon="3.099255"><ele>358.75</ele></trkpt>
   <trkpt lat="45.778942" lon="3.09968"><ele>358</ele></trkpt>
   <trkpt lat="45.778955" lon="3.099709"><ele>358</ele></trkpt>
   <trkpt lat="45.778966" lon="3.099789"><ele>358</ele></trkpt>
   <trkpt lat="45.778982" lon="3.099831"><ele>358</ele></trkpt>
   <trkpt lat="45.779061" lon="3.099985"><ele>358</ele></trkpt>
   <trkpt lat="45.779131" lon="3.100059"><ele>358</ele></trkpt>
   <trkpt lat="45.779222" lon="3.100228"><ele>358</ele></trkpt>
   <trkpt lat="45.779195" lon="3.100254"><ele>358</ele></trkpt>
   <trkpt lat="45.779128" lon="3.100321"><ele>358</ele></trkpt>
   <trkpt lat="45.779048" lon="3.100404"><ele>358</ele></trkpt>
   <trkpt lat="45.779016" lon="3.100436"><ele>358</ele></trkpt>
   <trkpt lat="45.778947" lon="3.100503"><ele>358</ele></trkpt>
   <trkpt lat="45.778913" lon="3.100531"><ele>358</ele></trkpt>
   <trkpt lat="45.77881" lon="3.100642"><ele>358</ele></trkpt>
   <trkpt lat="45.778821" lon="3.100663"><ele>358</ele></trkpt>
   <trkpt lat="45.77883" lon="3.100681"><ele>358</ele></trkpt>
   <trkpt lat="45.778842" lon="3.100704"><ele>358</ele></trkpt>
   <trkpt lat="45.778816" lon="3.100732"><ele>358</ele></trkpt>
   <trkpt lat="45.778791" lon="3.10076"><ele>358</ele></trkpt>
   <trkpt lat="45.779096" lon="3.10134"><ele>358</ele></trkpt>
   <trkpt lat="45.779763" lon="3.102671"><ele>357.25</ele></trkpt>
  </trkseg>
 </trk>
</gpx>